rob_assessment_id,result_id,rob_tool,domain,signalling_responses,result_type,action_required
killackey2019_ips_t6m_paidcomp_rob2_1_randomisation,killackey2019_ips_t6m_paidcomp,rob2,rob2_1_randomisation,Was the allocation sequence random? Was it concealed until participants were enrolled and assigned? Do baseline differences suggest a problem with the randomisation process?,paid_competitive; period_prevalence; arm=ips,Confirm comparative intervention-effect link and instrument version
killackey2019_ips_t6m_paidcomp_rob2_2_deviations,killackey2019_ips_t6m_paidcomp,rob2,rob2_2_deviations,Were participants and carers aware of assignment? Were there deviations arising from the trial context? Was an appropriate analysis used to estimate the effect of assignment?,paid_competitive; period_prevalence; arm=ips,Confirm comparative intervention-effect link and instrument version
killackey2019_ips_t6m_paidcomp_rob2_3_missing_outcome_data,killackey2019_ips_t6m_paidcomp,rob2,rob2_3_missing_outcome_data,"Were data available for all, or nearly all, participants? Is there evidence that the result was not biased by missing outcome data? Could missingness depend on the true value?",paid_competitive; period_prevalence; arm=ips,Confirm comparative intervention-effect link and instrument version
killackey2019_ips_t6m_paidcomp_rob2_4_outcome_measurement,killackey2019_ips_t6m_paidcomp,rob2,rob2_4_outcome_measurement,"Was the method of measuring the outcome appropriate? Could measurement have differed between groups? Were outcome assessors aware of the intervention received, and could that have influenced the measurement?",paid_competitive; period_prevalence; arm=ips,Confirm comparative intervention-effect link and instrument version
killackey2019_ips_t6m_paidcomp_rob2_5_selective_reporting,killackey2019_ips_t6m_paidcomp,rob2,rob2_5_selective_reporting,Were the data analysed in accordance with a pre-specified plan finalised before unblinded outcome data were available? Is the numerical result likely to have been selected from multiple analyses or subgroups?,paid_competitive; period_prevalence; arm=ips,Confirm comparative intervention-effect link and instrument version
killackey2019_ips_t6m_paidcomp_rob2_overall,killackey2019_ips_t6m_paidcomp,rob2,rob2_overall,Overall risk of bias for the effect of assignment to intervention,paid_competitive; period_prevalence; arm=ips,Confirm comparative intervention-effect link and instrument version
killackey2019_tau_t6m_paidcomp_rob2_1_randomisation,killackey2019_tau_t6m_paidcomp,rob2,rob2_1_randomisation,Was the allocation sequence random? Was it concealed until participants were enrolled and assigned? Do baseline differences suggest a problem with the randomisation process?,paid_competitive; period_prevalence; arm=tau,Confirm comparative intervention-effect link and instrument version
killackey2019_tau_t6m_paidcomp_rob2_2_deviations,killackey2019_tau_t6m_paidcomp,rob2,rob2_2_deviations,Were participants and carers aware of assignment? Were there deviations arising from the trial context? Was an appropriate analysis used to estimate the effect of assignment?,paid_competitive; period_prevalence; arm=tau,Confirm comparative intervention-effect link and instrument version
killackey2019_tau_t6m_paidcomp_rob2_3_missing_outcome_data,killackey2019_tau_t6m_paidcomp,rob2,rob2_3_missing_outcome_data,"Were data available for all, or nearly all, participants? Is there evidence that the result was not biased by missing outcome data? Could missingness depend on the true value?",paid_competitive; period_prevalence; arm=tau,Confirm comparative intervention-effect link and instrument version
killackey2019_tau_t6m_paidcomp_rob2_4_outcome_measurement,killackey2019_tau_t6m_paidcomp,rob2,rob2_4_outcome_measurement,"Was the method of measuring the outcome appropriate? Could measurement have differed between groups? Were outcome assessors aware of the intervention received, and could that have influenced the measurement?",paid_competitive; period_prevalence; arm=tau,Confirm comparative intervention-effect link and instrument version
killackey2019_tau_t6m_paidcomp_rob2_5_selective_reporting,killackey2019_tau_t6m_paidcomp,rob2,rob2_5_selective_reporting,Were the data analysed in accordance with a pre-specified plan finalised before unblinded outcome data were available? Is the numerical result likely to have been selected from multiple analyses or subgroups?,paid_competitive; period_prevalence; arm=tau,Confirm comparative intervention-effect link and instrument version
killackey2019_tau_t6m_paidcomp_rob2_overall,killackey2019_tau_t6m_paidcomp,rob2,rob2_overall,Overall risk of bias for the effect of assignment to intervention,paid_competitive; period_prevalence; arm=tau,Confirm comparative intervention-effect link and instrument version
harrow2017_sz_ap20y_t240m_vocact_robinsi_1_confounding,harrow2017_sz_ap20y_t240m_vocact,robins_i,robinsi_1_confounding,Is there potential for confounding of the effect of intervention in this study? Did the authors use an appropriate analysis method that controlled for all the important confounding domains?,vocational_activity; period_prevalence; arm=sz_ap20y,Confirm comparative intervention-effect link and instrument version
harrow2017_sz_ap20y_t240m_vocact_robinsi_2_selection,harrow2017_sz_ap20y_t240m_vocact,robins_i,robinsi_2_selection,Was selection of participants into the study (or into the analysis) based on participant characteristics observed after the start of intervention?,vocational_activity; period_prevalence; arm=sz_ap20y,Confirm comparative intervention-effect link and instrument version
harrow2017_sz_ap20y_t240m_vocact_robinsi_3_classification,harrow2017_sz_ap20y_t240m_vocact,robins_i,robinsi_3_classification,Were intervention groups clearly defined? Was the information used to define intervention groups recorded at the start of the intervention? Could classification have been affected by knowledge of the outcome?,vocational_activity; period_prevalence; arm=sz_ap20y,Confirm comparative intervention-effect link and instrument version
harrow2017_sz_ap20y_t240m_vocact_robinsi_4_deviations,harrow2017_sz_ap20y_t240m_vocact,robins_i,robinsi_4_deviations,Were there deviations from the intended intervention beyond what would be expected in usual practice? Were these unbalanced between groups and likely to have affected the outcome?,vocational_activity; period_prevalence; arm=sz_ap20y,Confirm comparative intervention-effect link and instrument version
harrow2017_sz_ap20y_t240m_vocact_robinsi_5_missing_data,harrow2017_sz_ap20y_t240m_vocact,robins_i,robinsi_5_missing_data,"Were outcome data available for all, or nearly all, participants? Were participants excluded due to missing data on intervention status or other variables?",vocational_activity; period_prevalence; arm=sz_ap20y,Confirm comparative intervention-effect link and instrument version
harrow2017_sz_ap20y_t240m_vocact_robinsi_6_outcome_measurement,harrow2017_sz_ap20y_t240m_vocact,robins_i,robinsi_6_outcome_measurement,Could the outcome measure have been influenced by knowledge of the intervention received? Were outcome assessors aware of the intervention received? Were the methods of outcome assessment comparable across intervention groups?,vocational_activity; period_prevalence; arm=sz_ap20y,Confirm comparative intervention-effect link and instrument version
harrow2017_sz_ap20y_t240m_vocact_robinsi_7_selective_reporting,harrow2017_sz_ap20y_t240m_vocact,robins_i,robinsi_7_selective_reporting,"Is the reported effect estimate likely to be selected, on the basis of the results, from multiple outcome measurements, analyses or subgroups?",vocational_activity; period_prevalence; arm=sz_ap20y,Confirm comparative intervention-effect link and instrument version
harrow2017_sz_ap20y_t240m_vocact_robinsi_overall,harrow2017_sz_ap20y_t240m_vocact,robins_i,robinsi_overall,Overall risk of bias,vocational_activity; period_prevalence; arm=sz_ap20y,Confirm comparative intervention-effect link and instrument version
harrow2017_sz_noap20y_t240m_vocact_robinsi_1_confounding,harrow2017_sz_noap20y_t240m_vocact,robins_i,robinsi_1_confounding,Is there potential for confounding of the effect of intervention in this study? Did the authors use an appropriate analysis method that controlled for all the important confounding domains?,vocational_activity; period_prevalence; arm=sz_noap20y,Confirm comparative intervention-effect link and instrument version
harrow2017_sz_noap20y_t240m_vocact_robinsi_2_selection,harrow2017_sz_noap20y_t240m_vocact,robins_i,robinsi_2_selection,Was selection of participants into the study (or into the analysis) based on participant characteristics observed after the start of intervention?,vocational_activity; period_prevalence; arm=sz_noap20y,Confirm comparative intervention-effect link and instrument version
harrow2017_sz_noap20y_t240m_vocact_robinsi_3_classification,harrow2017_sz_noap20y_t240m_vocact,robins_i,robinsi_3_classification,Were intervention groups clearly defined? Was the information used to define intervention groups recorded at the start of the intervention? Could classification have been affected by knowledge of the outcome?,vocational_activity; period_prevalence; arm=sz_noap20y,Confirm comparative intervention-effect link and instrument version
harrow2017_sz_noap20y_t240m_vocact_robinsi_4_deviations,harrow2017_sz_noap20y_t240m_vocact,robins_i,robinsi_4_deviations,Were there deviations from the intended intervention beyond what would be expected in usual practice? Were these unbalanced between groups and likely to have affected the outcome?,vocational_activity; period_prevalence; arm=sz_noap20y,Confirm comparative intervention-effect link and instrument version
harrow2017_sz_noap20y_t240m_vocact_robinsi_5_missing_data,harrow2017_sz_noap20y_t240m_vocact,robins_i,robinsi_5_missing_data,"Were outcome data available for all, or nearly all, participants? Were participants excluded due to missing data on intervention status or other variables?",vocational_activity; period_prevalence; arm=sz_noap20y,Confirm comparative intervention-effect link and instrument version
harrow2017_sz_noap20y_t240m_vocact_robinsi_6_outcome_measurement,harrow2017_sz_noap20y_t240m_vocact,robins_i,robinsi_6_outcome_measurement,Could the outcome measure have been influenced by knowledge of the intervention received? Were outcome assessors aware of the intervention received? Were the methods of outcome assessment comparable across intervention groups?,vocational_activity; period_prevalence; arm=sz_noap20y,Confirm comparative intervention-effect link and instrument version
harrow2017_sz_noap20y_t240m_vocact_robinsi_7_selective_reporting,harrow2017_sz_noap20y_t240m_vocact,robins_i,robinsi_7_selective_reporting,"Is the reported effect estimate likely to be selected, on the basis of the results, from multiple outcome measurements, analyses or subgroups?",vocational_activity; period_prevalence; arm=sz_noap20y,Confirm comparative intervention-effect link and instrument version
harrow2017_sz_noap20y_t240m_vocact_robinsi_overall,harrow2017_sz_noap20y_t240m_vocact,robins_i,robinsi_overall,Overall risk of bias,vocational_activity; period_prevalence; arm=sz_noap20y,Confirm comparative intervention-effect link and instrument version
F06_bell2018_cg_t12m_paidcomp_rob2_1_randomisation,bell2018_cg_t12m_paidcomp,rob2,rob2_1_randomisation,,paid_competitive; point_prevalence; arm=cg,Identify comparative intervention-effect result and instrument version; complete signalling-question record
F06_bell2018_cg_t12m_paidcomp_rob2_2_deviations,bell2018_cg_t12m_paidcomp,rob2,rob2_2_deviations,,paid_competitive; point_prevalence; arm=cg,Identify comparative intervention-effect result and instrument version; complete signalling-question record
F06_bell2018_cg_t12m_paidcomp_rob2_3_missing_outcome_data,bell2018_cg_t12m_paidcomp,rob2,rob2_3_missing_outcome_data,,paid_competitive; point_prevalence; arm=cg,Identify comparative intervention-effect result and instrument version; complete signalling-question record
F06_bell2018_cg_t12m_paidcomp_rob2_4_outcome_measurement,bell2018_cg_t12m_paidcomp,rob2,rob2_4_outcome_measurement,,paid_competitive; point_prevalence; arm=cg,Identify comparative intervention-effect result and instrument version; complete signalling-question record
F06_bell2018_cg_t12m_paidcomp_rob2_5_selective_reporting,bell2018_cg_t12m_paidcomp,rob2,rob2_5_selective_reporting,,paid_competitive; point_prevalence; arm=cg,Identify comparative intervention-effect result and instrument version; complete signalling-question record
F06_bell2018_cg_t12m_paidcomp_rob2_overall,bell2018_cg_t12m_paidcomp,rob2,rob2_overall,,paid_competitive; point_prevalence; arm=cg,Identify comparative intervention-effect result and instrument version; complete signalling-question record
F06_bell2018_cr_t12m_paidcomp_rob2_1_randomisation,bell2018_cr_t12m_paidcomp,rob2,rob2_1_randomisation,,paid_competitive; point_prevalence; arm=cr,Identify comparative intervention-effect result and instrument version; complete signalling-question record
F06_bell2018_cr_t12m_paidcomp_rob2_2_deviations,bell2018_cr_t12m_paidcomp,rob2,rob2_2_deviations,,paid_competitive; point_prevalence; arm=cr,Identify comparative intervention-effect result and instrument version; complete signalling-question record
F06_bell2018_cr_t12m_paidcomp_rob2_3_missing_outcome_data,bell2018_cr_t12m_paidcomp,rob2,rob2_3_missing_outcome_data,,paid_competitive; point_prevalence; arm=cr,Identify comparative intervention-effect result and instrument version; complete signalling-question record
F06_bell2018_cr_t12m_paidcomp_rob2_4_outcome_measurement,bell2018_cr_t12m_paidcomp,rob2,rob2_4_outcome_measurement,,paid_competitive; point_prevalence; arm=cr,Identify comparative intervention-effect result and instrument version; complete signalling-question record
F06_bell2018_cr_t12m_paidcomp_rob2_5_selective_reporting,bell2018_cr_t12m_paidcomp,rob2,rob2_5_selective_reporting,,paid_competitive; point_prevalence; arm=cr,Identify comparative intervention-effect result and instrument version; complete signalling-question record
F06_bell2018_cr_t12m_paidcomp_rob2_overall,bell2018_cr_t12m_paidcomp,rob2,rob2_overall,,paid_competitive; point_prevalence; arm=cr,Identify comparative intervention-effect result and instrument version; complete signalling-question record
F06_bell2018_cg_t12m_everemployed_rob2_1_randomisation,bell2018_cg_t12m_everemployed,rob2,rob2_1_randomisation,,unclear; any_time_during_followup; arm=cg,Identify comparative intervention-effect result and instrument version; complete signalling-question record
F06_bell2018_cg_t12m_everemployed_rob2_2_deviations,bell2018_cg_t12m_everemployed,rob2,rob2_2_deviations,,unclear; any_time_during_followup; arm=cg,Identify comparative intervention-effect result and instrument version; complete signalling-question record
F06_bell2018_cg_t12m_everemployed_rob2_3_missing_outcome_data,bell2018_cg_t12m_everemployed,rob2,rob2_3_missing_outcome_data,,unclear; any_time_during_followup; arm=cg,Identify comparative intervention-effect result and instrument version; complete signalling-question record
F06_bell2018_cg_t12m_everemployed_rob2_4_outcome_measurement,bell2018_cg_t12m_everemployed,rob2,rob2_4_outcome_measurement,,unclear; any_time_during_followup; arm=cg,Identify comparative intervention-effect result and instrument version; complete signalling-question record
F06_bell2018_cg_t12m_everemployed_rob2_5_selective_reporting,bell2018_cg_t12m_everemployed,rob2,rob2_5_selective_reporting,,unclear; any_time_during_followup; arm=cg,Identify comparative intervention-effect result and instrument version; complete signalling-question record
F06_bell2018_cg_t12m_everemployed_rob2_overall,bell2018_cg_t12m_everemployed,rob2,rob2_overall,,unclear; any_time_during_followup; arm=cg,Identify comparative intervention-effect result and instrument version; complete signalling-question record
F06_bell2018_cr_t12m_everemployed_rob2_1_randomisation,bell2018_cr_t12m_everemployed,rob2,rob2_1_randomisation,,unclear; any_time_during_followup; arm=cr,Identify comparative intervention-effect result and instrument version; complete signalling-question record
F06_bell2018_cr_t12m_everemployed_rob2_2_deviations,bell2018_cr_t12m_everemployed,rob2,rob2_2_deviations,,unclear; any_time_during_followup; arm=cr,Identify comparative intervention-effect result and instrument version; complete signalling-question record
F06_bell2018_cr_t12m_everemployed_rob2_3_missing_outcome_data,bell2018_cr_t12m_everemployed,rob2,rob2_3_missing_outcome_data,,unclear; any_time_during_followup; arm=cr,Identify comparative intervention-effect result and instrument version; complete signalling-question record
F06_bell2018_cr_t12m_everemployed_rob2_4_outcome_measurement,bell2018_cr_t12m_everemployed,rob2,rob2_4_outcome_measurement,,unclear; any_time_during_followup; arm=cr,Identify comparative intervention-effect result and instrument version; complete signalling-question record
F06_bell2018_cr_t12m_everemployed_rob2_5_selective_reporting,bell2018_cr_t12m_everemployed,rob2,rob2_5_selective_reporting,,unclear; any_time_during_followup; arm=cr,Identify comparative intervention-effect result and instrument version; complete signalling-question record
F06_bell2018_cr_t12m_everemployed_rob2_overall,bell2018_cr_t12m_everemployed,rob2,rob2_overall,,unclear; any_time_during_followup; arm=cr,Identify comparative intervention-effect result and instrument version; complete signalling-question record
cook2016_se_cal2000_2012_paidany__rob2_1_randomisation,cook2016_se_cal2000_2012_paidany,rob2,rob2_1_randomisation,,paid_any; any_time_during_followup; arm=se,Identify comparative intervention-effect result and instrument version; complete signalling-question record
cook2016_se_cal2000_2012_paidany__rob2_2_deviations,cook2016_se_cal2000_2012_paidany,rob2,rob2_2_deviations,,paid_any; any_time_during_followup; arm=se,Identify comparative intervention-effect result and instrument version; complete signalling-question record
cook2016_se_cal2000_2012_paidany__rob2_3_missing_outcome_data,cook2016_se_cal2000_2012_paidany,rob2,rob2_3_missing_outcome_data,,paid_any; any_time_during_followup; arm=se,Identify comparative intervention-effect result and instrument version; complete signalling-question record
cook2016_se_cal2000_2012_paidany__rob2_4_outcome_measurement,cook2016_se_cal2000_2012_paidany,rob2,rob2_4_outcome_measurement,,paid_any; any_time_during_followup; arm=se,Identify comparative intervention-effect result and instrument version; complete signalling-question record
cook2016_se_cal2000_2012_paidany__rob2_5_selective_reporting,cook2016_se_cal2000_2012_paidany,rob2,rob2_5_selective_reporting,,paid_any; any_time_during_followup; arm=se,Identify comparative intervention-effect result and instrument version; complete signalling-question record
cook2016_se_cal2000_2012_paidany__rob2_overall,cook2016_se_cal2000_2012_paidany,rob2,rob2_overall,,paid_any; any_time_during_followup; arm=se,Identify comparative intervention-effect result and instrument version; complete signalling-question record
cook2016_control_cal2000_2012_paidany__rob2_1_randomisation,cook2016_control_cal2000_2012_paidany,rob2,rob2_1_randomisation,,paid_any; any_time_during_followup; arm=control,Identify comparative intervention-effect result and instrument version; complete signalling-question record
cook2016_control_cal2000_2012_paidany__rob2_2_deviations,cook2016_control_cal2000_2012_paidany,rob2,rob2_2_deviations,,paid_any; any_time_during_followup; arm=control,Identify comparative intervention-effect result and instrument version; complete signalling-question record
cook2016_control_cal2000_2012_paidany__rob2_3_missing_outcome_data,cook2016_control_cal2000_2012_paidany,rob2,rob2_3_missing_outcome_data,,paid_any; any_time_during_followup; arm=control,Identify comparative intervention-effect result and instrument version; complete signalling-question record
cook2016_control_cal2000_2012_paidany__rob2_4_outcome_measurement,cook2016_control_cal2000_2012_paidany,rob2,rob2_4_outcome_measurement,,paid_any; any_time_during_followup; arm=control,Identify comparative intervention-effect result and instrument version; complete signalling-question record
cook2016_control_cal2000_2012_paidany__rob2_5_selective_reporting,cook2016_control_cal2000_2012_paidany,rob2,rob2_5_selective_reporting,,paid_any; any_time_during_followup; arm=control,Identify comparative intervention-effect result and instrument version; complete signalling-question record
cook2016_control_cal2000_2012_paidany__rob2_overall,cook2016_control_cal2000_2012_paidany,rob2,rob2_overall,,paid_any; any_time_during_followup; arm=control,Identify comparative intervention-effect result and instrument version; complete signalling-question record
cook2016_se_t24m_paidany__rob2_1_randomisation,cook2016_se_t24m_paidany,rob2,rob2_1_randomisation,,paid_any; any_time_during_followup; arm=se,Identify comparative intervention-effect result and instrument version; complete signalling-question record
cook2016_se_t24m_paidany__rob2_2_deviations,cook2016_se_t24m_paidany,rob2,rob2_2_deviations,,paid_any; any_time_during_followup; arm=se,Identify comparative intervention-effect result and instrument version; complete signalling-question record
cook2016_se_t24m_paidany__rob2_3_missing_outcome_data,cook2016_se_t24m_paidany,rob2,rob2_3_missing_outcome_data,,paid_any; any_time_during_followup; arm=se,Identify comparative intervention-effect result and instrument version; complete signalling-question record
cook2016_se_t24m_paidany__rob2_4_outcome_measurement,cook2016_se_t24m_paidany,rob2,rob2_4_outcome_measurement,,paid_any; any_time_during_followup; arm=se,Identify comparative intervention-effect result and instrument version; complete signalling-question record
cook2016_se_t24m_paidany__rob2_5_selective_reporting,cook2016_se_t24m_paidany,rob2,rob2_5_selective_reporting,,paid_any; any_time_during_followup; arm=se,Identify comparative intervention-effect result and instrument version; complete signalling-question record
cook2016_se_t24m_paidany__rob2_overall,cook2016_se_t24m_paidany,rob2,rob2_overall,,paid_any; any_time_during_followup; arm=se,Identify comparative intervention-effect result and instrument version; complete signalling-question record
cook2016_control_t24m_paidany__rob2_1_randomisation,cook2016_control_t24m_paidany,rob2,rob2_1_randomisation,,paid_any; any_time_during_followup; arm=control,Identify comparative intervention-effect result and instrument version; complete signalling-question record
cook2016_control_t24m_paidany__rob2_2_deviations,cook2016_control_t24m_paidany,rob2,rob2_2_deviations,,paid_any; any_time_during_followup; arm=control,Identify comparative intervention-effect result and instrument version; complete signalling-question record
cook2016_control_t24m_paidany__rob2_3_missing_outcome_data,cook2016_control_t24m_paidany,rob2,rob2_3_missing_outcome_data,,paid_any; any_time_during_followup; arm=control,Identify comparative intervention-effect result and instrument version; complete signalling-question record
cook2016_control_t24m_paidany__rob2_4_outcome_measurement,cook2016_control_t24m_paidany,rob2,rob2_4_outcome_measurement,,paid_any; any_time_during_followup; arm=control,Identify comparative intervention-effect result and instrument version; complete signalling-question record
cook2016_control_t24m_paidany__rob2_5_selective_reporting,cook2016_control_t24m_paidany,rob2,rob2_5_selective_reporting,,paid_any; any_time_during_followup; arm=control,Identify comparative intervention-effect result and instrument version; complete signalling-question record
cook2016_control_t24m_paidany__rob2_overall,cook2016_control_t24m_paidany,rob2,rob2_overall,,paid_any; any_time_during_followup; arm=control,Identify comparative intervention-effect result and instrument version; complete signalling-question record
cook2016_se_t24m_paidcomp__rob2_1_randomisation,cook2016_se_t24m_paidcomp,rob2,rob2_1_randomisation,,paid_competitive; any_time_during_followup; arm=se,Identify comparative intervention-effect result and instrument version; complete signalling-question record
cook2016_se_t24m_paidcomp__rob2_2_deviations,cook2016_se_t24m_paidcomp,rob2,rob2_2_deviations,,paid_competitive; any_time_during_followup; arm=se,Identify comparative intervention-effect result and instrument version; complete signalling-question record
cook2016_se_t24m_paidcomp__rob2_3_missing_outcome_data,cook2016_se_t24m_paidcomp,rob2,rob2_3_missing_outcome_data,,paid_competitive; any_time_during_followup; arm=se,Identify comparative intervention-effect result and instrument version; complete signalling-question record
cook2016_se_t24m_paidcomp__rob2_4_outcome_measurement,cook2016_se_t24m_paidcomp,rob2,rob2_4_outcome_measurement,,paid_competitive; any_time_during_followup; arm=se,Identify comparative intervention-effect result and instrument version; complete signalling-question record
cook2016_se_t24m_paidcomp__rob2_5_selective_reporting,cook2016_se_t24m_paidcomp,rob2,rob2_5_selective_reporting,,paid_competitive; any_time_during_followup; arm=se,Identify comparative intervention-effect result and instrument version; complete signalling-question record
cook2016_se_t24m_paidcomp__rob2_overall,cook2016_se_t24m_paidcomp,rob2,rob2_overall,,paid_competitive; any_time_during_followup; arm=se,Identify comparative intervention-effect result and instrument version; complete signalling-question record
cook2016_control_t24m_paidcomp__rob2_1_randomisation,cook2016_control_t24m_paidcomp,rob2,rob2_1_randomisation,,paid_competitive; any_time_during_followup; arm=control,Identify comparative intervention-effect result and instrument version; complete signalling-question record
cook2016_control_t24m_paidcomp__rob2_2_deviations,cook2016_control_t24m_paidcomp,rob2,rob2_2_deviations,,paid_competitive; any_time_during_followup; arm=control,Identify comparative intervention-effect result and instrument version; complete signalling-question record
cook2016_control_t24m_paidcomp__rob2_3_missing_outcome_data,cook2016_control_t24m_paidcomp,rob2,rob2_3_missing_outcome_data,,paid_competitive; any_time_during_followup; arm=control,Identify comparative intervention-effect result and instrument version; complete signalling-question record
cook2016_control_t24m_paidcomp__rob2_4_outcome_measurement,cook2016_control_t24m_paidcomp,rob2,rob2_4_outcome_measurement,,paid_competitive; any_time_during_followup; arm=control,Identify comparative intervention-effect result and instrument version; complete signalling-question record
cook2016_control_t24m_paidcomp__rob2_5_selective_reporting,cook2016_control_t24m_paidcomp,rob2,rob2_5_selective_reporting,,paid_competitive; any_time_during_followup; arm=control,Identify comparative intervention-effect result and instrument version; complete signalling-question record
cook2016_control_t24m_paidcomp__rob2_overall,cook2016_control_t24m_paidcomp,rob2,rob2_overall,,paid_competitive; any_time_during_followup; arm=control,Identify comparative intervention-effect result and instrument version; complete signalling-question record
F08_greenwood2025_eye2_t12m_vocact_rob2_1_randomisation,greenwood2025_eye2_t12m_vocact,rob2,rob2_1_randomisation,,vocational_activity; period_prevalence; arm=eye2,Identify comparative intervention-effect result and instrument version; complete signalling-question record
F08_greenwood2025_eye2_t12m_vocact_rob2_2_deviations,greenwood2025_eye2_t12m_vocact,rob2,rob2_2_deviations,,vocational_activity; period_prevalence; arm=eye2,Identify comparative intervention-effect result and instrument version; complete signalling-question record
F08_greenwood2025_eye2_t12m_vocact_rob2_3_missing_outcome_data,greenwood2025_eye2_t12m_vocact,rob2,rob2_3_missing_outcome_data,,vocational_activity; period_prevalence; arm=eye2,Identify comparative intervention-effect result and instrument version; complete signalling-question record
F08_greenwood2025_eye2_t12m_vocact_rob2_4_outcome_measurement,greenwood2025_eye2_t12m_vocact,rob2,rob2_4_outcome_measurement,,vocational_activity; period_prevalence; arm=eye2,Identify comparative intervention-effect result and instrument version; complete signalling-question record
F08_greenwood2025_eye2_t12m_vocact_rob2_5_selective_reporting,greenwood2025_eye2_t12m_vocact,rob2,rob2_5_selective_reporting,,vocational_activity; period_prevalence; arm=eye2,Identify comparative intervention-effect result and instrument version; complete signalling-question record
F08_greenwood2025_eye2_t12m_vocact_rob2_overall,greenwood2025_eye2_t12m_vocact,rob2,rob2_overall,,vocational_activity; period_prevalence; arm=eye2,Identify comparative intervention-effect result and instrument version; complete signalling-question record
F08_greenwood2025_eye2_t12m_edutrain_rob2_1_randomisation,greenwood2025_eye2_t12m_edutrain,rob2,rob2_1_randomisation,,education_or_training; period_prevalence; arm=eye2,Identify comparative intervention-effect result and instrument version; complete signalling-question record
F08_greenwood2025_eye2_t12m_edutrain_rob2_2_deviations,greenwood2025_eye2_t12m_edutrain,rob2,rob2_2_deviations,,education_or_training; period_prevalence; arm=eye2,Identify comparative intervention-effect result and instrument version; complete signalling-question record
F08_greenwood2025_eye2_t12m_edutrain_rob2_3_missing_outcome_data,greenwood2025_eye2_t12m_edutrain,rob2,rob2_3_missing_outcome_data,,education_or_training; period_prevalence; arm=eye2,Identify comparative intervention-effect result and instrument version; complete signalling-question record
F08_greenwood2025_eye2_t12m_edutrain_rob2_4_outcome_measurement,greenwood2025_eye2_t12m_edutrain,rob2,rob2_4_outcome_measurement,,education_or_training; period_prevalence; arm=eye2,Identify comparative intervention-effect result and instrument version; complete signalling-question record
F08_greenwood2025_eye2_t12m_edutrain_rob2_5_selective_reporting,greenwood2025_eye2_t12m_edutrain,rob2,rob2_5_selective_reporting,,education_or_training; period_prevalence; arm=eye2,Identify comparative intervention-effect result and instrument version; complete signalling-question record
F08_greenwood2025_eye2_t12m_edutrain_rob2_overall,greenwood2025_eye2_t12m_edutrain,rob2,rob2_overall,,education_or_training; period_prevalence; arm=eye2,Identify comparative intervention-effect result and instrument version; complete signalling-question record
F08_jackel2025_ips_t12m_eet15h_rob2_1_randomisation,jackel2025_ips_t12m_eet15h,rob2,rob2_1_randomisation,,paid_or_education_or_training; any_time_during_followup; arm=ips,Identify comparative intervention-effect result and instrument version; complete signalling-question record
F08_jackel2025_ips_t12m_eet15h_rob2_2_deviations,jackel2025_ips_t12m_eet15h,rob2,rob2_2_deviations,,paid_or_education_or_training; any_time_during_followup; arm=ips,Identify comparative intervention-effect result and instrument version; complete signalling-question record
F08_jackel2025_ips_t12m_eet15h_rob2_3_missing_outcome_data,jackel2025_ips_t12m_eet15h,rob2,rob2_3_missing_outcome_data,,paid_or_education_or_training; any_time_during_followup; arm=ips,Identify comparative intervention-effect result and instrument version; complete signalling-question record
F08_jackel2025_ips_t12m_eet15h_rob2_4_outcome_measurement,jackel2025_ips_t12m_eet15h,rob2,rob2_4_outcome_measurement,,paid_or_education_or_training; any_time_during_followup; arm=ips,Identify comparative intervention-effect result and instrument version; complete signalling-question record
F08_jackel2025_ips_t12m_eet15h_rob2_5_selective_reporting,jackel2025_ips_t12m_eet15h,rob2,rob2_5_selective_reporting,,paid_or_education_or_training; any_time_during_followup; arm=ips,Identify comparative intervention-effect result and instrument version; complete signalling-question record
F08_jackel2025_ips_t12m_eet15h_rob2_overall,jackel2025_ips_t12m_eet15h,rob2,rob2_overall,,paid_or_education_or_training; any_time_during_followup; arm=ips,Identify comparative intervention-effect result and instrument version; complete signalling-question record
F08_jackel2025_tau_t12m_eet15h_rob2_1_randomisation,jackel2025_tau_t12m_eet15h,rob2,rob2_1_randomisation,,paid_or_education_or_training; any_time_during_followup; arm=tau,Identify comparative intervention-effect result and instrument version; complete signalling-question record
F08_jackel2025_tau_t12m_eet15h_rob2_2_deviations,jackel2025_tau_t12m_eet15h,rob2,rob2_2_deviations,,paid_or_education_or_training; any_time_during_followup; arm=tau,Identify comparative intervention-effect result and instrument version; complete signalling-question record
F08_jackel2025_tau_t12m_eet15h_rob2_3_missing_outcome_data,jackel2025_tau_t12m_eet15h,rob2,rob2_3_missing_outcome_data,,paid_or_education_or_training; any_time_during_followup; arm=tau,Identify comparative intervention-effect result and instrument version; complete signalling-question record
F08_jackel2025_tau_t12m_eet15h_rob2_4_outcome_measurement,jackel2025_tau_t12m_eet15h,rob2,rob2_4_outcome_measurement,,paid_or_education_or_training; any_time_during_followup; arm=tau,Identify comparative intervention-effect result and instrument version; complete signalling-question record
F08_jackel2025_tau_t12m_eet15h_rob2_5_selective_reporting,jackel2025_tau_t12m_eet15h,rob2,rob2_5_selective_reporting,,paid_or_education_or_training; any_time_during_followup; arm=tau,Identify comparative intervention-effect result and instrument version; complete signalling-question record
F08_jackel2025_tau_t12m_eet15h_rob2_overall,jackel2025_tau_t12m_eet15h,rob2,rob2_overall,,paid_or_education_or_training; any_time_during_followup; arm=tau,Identify comparative intervention-effect result and instrument version; complete signalling-question record
F08_jackel2025_ips_t12m_eetany_rob2_1_randomisation,jackel2025_ips_t12m_eetany,rob2,rob2_1_randomisation,,paid_or_education_or_training; any_time_during_followup; arm=ips,Identify comparative intervention-effect result and instrument version; complete signalling-question record
F08_jackel2025_ips_t12m_eetany_rob2_2_deviations,jackel2025_ips_t12m_eetany,rob2,rob2_2_deviations,,paid_or_education_or_training; any_time_during_followup; arm=ips,Identify comparative intervention-effect result and instrument version; complete signalling-question record
F08_jackel2025_ips_t12m_eetany_rob2_3_missing_outcome_data,jackel2025_ips_t12m_eetany,rob2,rob2_3_missing_outcome_data,,paid_or_education_or_training; any_time_during_followup; arm=ips,Identify comparative intervention-effect result and instrument version; complete signalling-question record
F08_jackel2025_ips_t12m_eetany_rob2_4_outcome_measurement,jackel2025_ips_t12m_eetany,rob2,rob2_4_outcome_measurement,,paid_or_education_or_training; any_time_during_followup; arm=ips,Identify comparative intervention-effect result and instrument version; complete signalling-question record
F08_jackel2025_ips_t12m_eetany_rob2_5_selective_reporting,jackel2025_ips_t12m_eetany,rob2,rob2_5_selective_reporting,,paid_or_education_or_training; any_time_during_followup; arm=ips,Identify comparative intervention-effect result and instrument version; complete signalling-question record
F08_jackel2025_ips_t12m_eetany_rob2_overall,jackel2025_ips_t12m_eetany,rob2,rob2_overall,,paid_or_education_or_training; any_time_during_followup; arm=ips,Identify comparative intervention-effect result and instrument version; complete signalling-question record
F08_jackel2025_tau_t12m_eetany_rob2_1_randomisation,jackel2025_tau_t12m_eetany,rob2,rob2_1_randomisation,,paid_or_education_or_training; any_time_during_followup; arm=tau,Identify comparative intervention-effect result and instrument version; complete signalling-question record
F08_jackel2025_tau_t12m_eetany_rob2_2_deviations,jackel2025_tau_t12m_eetany,rob2,rob2_2_deviations,,paid_or_education_or_training; any_time_during_followup; arm=tau,Identify comparative intervention-effect result and instrument version; complete signalling-question record
F08_jackel2025_tau_t12m_eetany_rob2_3_missing_outcome_data,jackel2025_tau_t12m_eetany,rob2,rob2_3_missing_outcome_data,,paid_or_education_or_training; any_time_during_followup; arm=tau,Identify comparative intervention-effect result and instrument version; complete signalling-question record
F08_jackel2025_tau_t12m_eetany_rob2_4_outcome_measurement,jackel2025_tau_t12m_eetany,rob2,rob2_4_outcome_measurement,,paid_or_education_or_training; any_time_during_followup; arm=tau,Identify comparative intervention-effect result and instrument version; complete signalling-question record
F08_jackel2025_tau_t12m_eetany_rob2_5_selective_reporting,jackel2025_tau_t12m_eetany,rob2,rob2_5_selective_reporting,,paid_or_education_or_training; any_time_during_followup; arm=tau,Identify comparative intervention-effect result and instrument version; complete signalling-question record
F08_jackel2025_tau_t12m_eetany_rob2_overall,jackel2025_tau_t12m_eetany,rob2,rob2_overall,,paid_or_education_or_training; any_time_during_followup; arm=tau,Identify comparative intervention-effect result and instrument version; complete signalling-question record
F08_jackel2025_ipsedu_t12m_edutrain_rob2_1_randomisation,jackel2025_ipsedu_t12m_edutrain,rob2,rob2_1_randomisation,,education_or_training; any_time_during_followup; arm=ips_edu,Identify comparative intervention-effect result and instrument version; complete signalling-question record
F08_jackel2025_ipsedu_t12m_edutrain_rob2_2_deviations,jackel2025_ipsedu_t12m_edutrain,rob2,rob2_2_deviations,,education_or_training; any_time_during_followup; arm=ips_edu,Identify comparative intervention-effect result and instrument version; complete signalling-question record
F08_jackel2025_ipsedu_t12m_edutrain_rob2_3_missing_outcome_data,jackel2025_ipsedu_t12m_edutrain,rob2,rob2_3_missing_outcome_data,,education_or_training; any_time_during_followup; arm=ips_edu,Identify comparative intervention-effect result and instrument version; complete signalling-question record
F08_jackel2025_ipsedu_t12m_edutrain_rob2_4_outcome_measurement,jackel2025_ipsedu_t12m_edutrain,rob2,rob2_4_outcome_measurement,,education_or_training; any_time_during_followup; arm=ips_edu,Identify comparative intervention-effect result and instrument version; complete signalling-question record
F08_jackel2025_ipsedu_t12m_edutrain_rob2_5_selective_reporting,jackel2025_ipsedu_t12m_edutrain,rob2,rob2_5_selective_reporting,,education_or_training; any_time_during_followup; arm=ips_edu,Identify comparative intervention-effect result and instrument version; complete signalling-question record
F08_jackel2025_ipsedu_t12m_edutrain_rob2_overall,jackel2025_ipsedu_t12m_edutrain,rob2,rob2_overall,,education_or_training; any_time_during_followup; arm=ips_edu,Identify comparative intervention-effect result and instrument version; complete signalling-question record
F08_jackel2025_tauedu_t12m_edutrain_rob2_1_randomisation,jackel2025_tauedu_t12m_edutrain,rob2,rob2_1_randomisation,,education_or_training; any_time_during_followup; arm=tau_edu,Identify comparative intervention-effect result and instrument version; complete signalling-question record
F08_jackel2025_tauedu_t12m_edutrain_rob2_2_deviations,jackel2025_tauedu_t12m_edutrain,rob2,rob2_2_deviations,,education_or_training; any_time_during_followup; arm=tau_edu,Identify comparative intervention-effect result and instrument version; complete signalling-question record
F08_jackel2025_tauedu_t12m_edutrain_rob2_3_missing_outcome_data,jackel2025_tauedu_t12m_edutrain,rob2,rob2_3_missing_outcome_data,,education_or_training; any_time_during_followup; arm=tau_edu,Identify comparative intervention-effect result and instrument version; complete signalling-question record
F08_jackel2025_tauedu_t12m_edutrain_rob2_4_outcome_measurement,jackel2025_tauedu_t12m_edutrain,rob2,rob2_4_outcome_measurement,,education_or_training; any_time_during_followup; arm=tau_edu,Identify comparative intervention-effect result and instrument version; complete signalling-question record
F08_jackel2025_tauedu_t12m_edutrain_rob2_5_selective_reporting,jackel2025_tauedu_t12m_edutrain,rob2,rob2_5_selective_reporting,,education_or_training; any_time_during_followup; arm=tau_edu,Identify comparative intervention-effect result and instrument version; complete signalling-question record
F08_jackel2025_tauedu_t12m_edutrain_rob2_overall,jackel2025_tauedu_t12m_edutrain,rob2,rob2_overall,,education_or_training; any_time_during_followup; arm=tau_edu,Identify comparative intervention-effect result and instrument version; complete signalling-question record
F08_jirapramukpitak2022_earlynonlicm_t12m_paidany_robinsi_1_confounding,jirapramukpitak2022_earlynonlicm_t12m_paidany,robins_i,robinsi_1_confounding,,paid_any; period_prevalence; arm=early_nonlicm,Identify comparative intervention-effect result and instrument version; complete signalling-question record
F08_jirapramukpitak2022_earlynonlicm_t12m_paidany_robinsi_2_selection,jirapramukpitak2022_earlynonlicm_t12m_paidany,robins_i,robinsi_2_selection,,paid_any; period_prevalence; arm=early_nonlicm,Identify comparative intervention-effect result and instrument version; complete signalling-question record
F08_jirapramukpitak2022_earlynonlicm_t12m_paidany_robinsi_3_classification,jirapramukpitak2022_earlynonlicm_t12m_paidany,robins_i,robinsi_3_classification,,paid_any; period_prevalence; arm=early_nonlicm,Identify comparative intervention-effect result and instrument version; complete signalling-question record
F08_jirapramukpitak2022_earlynonlicm_t12m_paidany_robinsi_4_deviations,jirapramukpitak2022_earlynonlicm_t12m_paidany,robins_i,robinsi_4_deviations,,paid_any; period_prevalence; arm=early_nonlicm,Identify comparative intervention-effect result and instrument version; complete signalling-question record
F08_jirapramukpitak2022_earlynonlicm_t12m_paidany_robinsi_5_missing_data,jirapramukpitak2022_earlynonlicm_t12m_paidany,robins_i,robinsi_5_missing_data,,paid_any; period_prevalence; arm=early_nonlicm,Identify comparative intervention-effect result and instrument version; complete signalling-question record
F08_jirapramukpitak2022_earlynonlicm_t12m_paidany_robinsi_6_outcome_measurement,jirapramukpitak2022_earlynonlicm_t12m_paidany,robins_i,robinsi_6_outcome_measurement,,paid_any; period_prevalence; arm=early_nonlicm,Identify comparative intervention-effect result and instrument version; complete signalling-question record
F08_jirapramukpitak2022_earlynonlicm_t12m_paidany_robinsi_7_selective_reporting,jirapramukpitak2022_earlynonlicm_t12m_paidany,robins_i,robinsi_7_selective_reporting,,paid_any; period_prevalence; arm=early_nonlicm,Identify comparative intervention-effect result and instrument version; complete signalling-question record
F08_jirapramukpitak2022_earlynonlicm_t12m_paidany_robinsi_overall,jirapramukpitak2022_earlynonlicm_t12m_paidany,robins_i,robinsi_overall,,paid_any; period_prevalence; arm=early_nonlicm,Identify comparative intervention-effect result and instrument version; complete signalling-question record
F08_jirapramukpitak2022_earlylicm_t12m_paidany_robinsi_1_confounding,jirapramukpitak2022_earlylicm_t12m_paidany,robins_i,robinsi_1_confounding,,paid_any; period_prevalence; arm=early_licm,Identify comparative intervention-effect result and instrument version; complete signalling-question record
F08_jirapramukpitak2022_earlylicm_t12m_paidany_robinsi_2_selection,jirapramukpitak2022_earlylicm_t12m_paidany,robins_i,robinsi_2_selection,,paid_any; period_prevalence; arm=early_licm,Identify comparative intervention-effect result and instrument version; complete signalling-question record
F08_jirapramukpitak2022_earlylicm_t12m_paidany_robinsi_3_classification,jirapramukpitak2022_earlylicm_t12m_paidany,robins_i,robinsi_3_classification,,paid_any; period_prevalence; arm=early_licm,Identify comparative intervention-effect result and instrument version; complete signalling-question record
F08_jirapramukpitak2022_earlylicm_t12m_paidany_robinsi_4_deviations,jirapramukpitak2022_earlylicm_t12m_paidany,robins_i,robinsi_4_deviations,,paid_any; period_prevalence; arm=early_licm,Identify comparative intervention-effect result and instrument version; complete signalling-question record
F08_jirapramukpitak2022_earlylicm_t12m_paidany_robinsi_5_missing_data,jirapramukpitak2022_earlylicm_t12m_paidany,robins_i,robinsi_5_missing_data,,paid_any; period_prevalence; arm=early_licm,Identify comparative intervention-effect result and instrument version; complete signalling-question record
F08_jirapramukpitak2022_earlylicm_t12m_paidany_robinsi_6_outcome_measurement,jirapramukpitak2022_earlylicm_t12m_paidany,robins_i,robinsi_6_outcome_measurement,,paid_any; period_prevalence; arm=early_licm,Identify comparative intervention-effect result and instrument version; complete signalling-question record
F08_jirapramukpitak2022_earlylicm_t12m_paidany_robinsi_7_selective_reporting,jirapramukpitak2022_earlylicm_t12m_paidany,robins_i,robinsi_7_selective_reporting,,paid_any; period_prevalence; arm=early_licm,Identify comparative intervention-effect result and instrument version; complete signalling-question record
F08_jirapramukpitak2022_earlylicm_t12m_paidany_robinsi_overall,jirapramukpitak2022_earlylicm_t12m_paidany,robins_i,robinsi_overall,,paid_any; period_prevalence; arm=early_licm,Identify comparative intervention-effect result and instrument version; complete signalling-question record
F08_jirapramukpitak2022_laternonlicm_t12m_paidany_robinsi_1_confounding,jirapramukpitak2022_laternonlicm_t12m_paidany,robins_i,robinsi_1_confounding,,paid_any; period_prevalence; arm=later_nonlicm,Identify comparative intervention-effect result and instrument version; complete signalling-question record
F08_jirapramukpitak2022_laternonlicm_t12m_paidany_robinsi_2_selection,jirapramukpitak2022_laternonlicm_t12m_paidany,robins_i,robinsi_2_selection,,paid_any; period_prevalence; arm=later_nonlicm,Identify comparative intervention-effect result and instrument version; complete signalling-question record
F08_jirapramukpitak2022_laternonlicm_t12m_paidany_robinsi_3_classification,jirapramukpitak2022_laternonlicm_t12m_paidany,robins_i,robinsi_3_classification,,paid_any; period_prevalence; arm=later_nonlicm,Identify comparative intervention-effect result and instrument version; complete signalling-question record
F08_jirapramukpitak2022_laternonlicm_t12m_paidany_robinsi_4_deviations,jirapramukpitak2022_laternonlicm_t12m_paidany,robins_i,robinsi_4_deviations,,paid_any; period_prevalence; arm=later_nonlicm,Identify comparative intervention-effect result and instrument version; complete signalling-question record
F08_jirapramukpitak2022_laternonlicm_t12m_paidany_robinsi_5_missing_data,jirapramukpitak2022_laternonlicm_t12m_paidany,robins_i,robinsi_5_missing_data,,paid_any; period_prevalence; arm=later_nonlicm,Identify comparative intervention-effect result and instrument version; complete signalling-question record
F08_jirapramukpitak2022_laternonlicm_t12m_paidany_robinsi_6_outcome_measurement,jirapramukpitak2022_laternonlicm_t12m_paidany,robins_i,robinsi_6_outcome_measurement,,paid_any; period_prevalence; arm=later_nonlicm,Identify comparative intervention-effect result and instrument version; complete signalling-question record
F08_jirapramukpitak2022_laternonlicm_t12m_paidany_robinsi_7_selective_reporting,jirapramukpitak2022_laternonlicm_t12m_paidany,robins_i,robinsi_7_selective_reporting,,paid_any; period_prevalence; arm=later_nonlicm,Identify comparative intervention-effect result and instrument version; complete signalling-question record
F08_jirapramukpitak2022_laternonlicm_t12m_paidany_robinsi_overall,jirapramukpitak2022_laternonlicm_t12m_paidany,robins_i,robinsi_overall,,paid_any; period_prevalence; arm=later_nonlicm,Identify comparative intervention-effect result and instrument version; complete signalling-question record
F08_jirapramukpitak2022_laterlicm_t12m_paidany_robinsi_1_confounding,jirapramukpitak2022_laterlicm_t12m_paidany,robins_i,robinsi_1_confounding,,paid_any; period_prevalence; arm=later_licm,Identify comparative intervention-effect result and instrument version; complete signalling-question record
F08_jirapramukpitak2022_laterlicm_t12m_paidany_robinsi_2_selection,jirapramukpitak2022_laterlicm_t12m_paidany,robins_i,robinsi_2_selection,,paid_any; period_prevalence; arm=later_licm,Identify comparative intervention-effect result and instrument version; complete signalling-question record
F08_jirapramukpitak2022_laterlicm_t12m_paidany_robinsi_3_classification,jirapramukpitak2022_laterlicm_t12m_paidany,robins_i,robinsi_3_classification,,paid_any; period_prevalence; arm=later_licm,Identify comparative intervention-effect result and instrument version; complete signalling-question record
F08_jirapramukpitak2022_laterlicm_t12m_paidany_robinsi_4_deviations,jirapramukpitak2022_laterlicm_t12m_paidany,robins_i,robinsi_4_deviations,,paid_any; period_prevalence; arm=later_licm,Identify comparative intervention-effect result and instrument version; complete signalling-question record
F08_jirapramukpitak2022_laterlicm_t12m_paidany_robinsi_5_missing_data,jirapramukpitak2022_laterlicm_t12m_paidany,robins_i,robinsi_5_missing_data,,paid_any; period_prevalence; arm=later_licm,Identify comparative intervention-effect result and instrument version; complete signalling-question record
F08_jirapramukpitak2022_laterlicm_t12m_paidany_robinsi_6_outcome_measurement,jirapramukpitak2022_laterlicm_t12m_paidany,robins_i,robinsi_6_outcome_measurement,,paid_any; period_prevalence; arm=later_licm,Identify comparative intervention-effect result and instrument version; complete signalling-question record
F08_jirapramukpitak2022_laterlicm_t12m_paidany_robinsi_7_selective_reporting,jirapramukpitak2022_laterlicm_t12m_paidany,robins_i,robinsi_7_selective_reporting,,paid_any; period_prevalence; arm=later_licm,Identify comparative intervention-effect result and instrument version; complete signalling-question record
F08_jirapramukpitak2022_laterlicm_t12m_paidany_robinsi_overall,jirapramukpitak2022_laterlicm_t12m_paidany,robins_i,robinsi_overall,,paid_any; period_prevalence; arm=later_licm,Identify comparative intervention-effect result and instrument version; complete signalling-question record
luo2019_act_t12m_paidany__rob2_1_randomisation,luo2019_act_t12m_paidany,rob2,rob2_1_randomisation,,paid_any; any_time_during_followup; arm=act,Identify comparative intervention-effect result and instrument version; complete signalling-question record
luo2019_act_t12m_paidany__rob2_2_deviations,luo2019_act_t12m_paidany,rob2,rob2_2_deviations,,paid_any; any_time_during_followup; arm=act,Identify comparative intervention-effect result and instrument version; complete signalling-question record
luo2019_act_t12m_paidany__rob2_3_missing_outcome_data,luo2019_act_t12m_paidany,rob2,rob2_3_missing_outcome_data,,paid_any; any_time_during_followup; arm=act,Identify comparative intervention-effect result and instrument version; complete signalling-question record
luo2019_act_t12m_paidany__rob2_4_outcome_measurement,luo2019_act_t12m_paidany,rob2,rob2_4_outcome_measurement,,paid_any; any_time_during_followup; arm=act,Identify comparative intervention-effect result and instrument version; complete signalling-question record
luo2019_act_t12m_paidany__rob2_5_selective_reporting,luo2019_act_t12m_paidany,rob2,rob2_5_selective_reporting,,paid_any; any_time_during_followup; arm=act,Identify comparative intervention-effect result and instrument version; complete signalling-question record
luo2019_act_t12m_paidany__rob2_overall,luo2019_act_t12m_paidany,rob2,rob2_overall,,paid_any; any_time_during_followup; arm=act,Identify comparative intervention-effect result and instrument version; complete signalling-question record
luo2019_tau_t12m_paidany__rob2_1_randomisation,luo2019_tau_t12m_paidany,rob2,rob2_1_randomisation,,paid_any; any_time_during_followup; arm=tau,Identify comparative intervention-effect result and instrument version; complete signalling-question record
luo2019_tau_t12m_paidany__rob2_2_deviations,luo2019_tau_t12m_paidany,rob2,rob2_2_deviations,,paid_any; any_time_during_followup; arm=tau,Identify comparative intervention-effect result and instrument version; complete signalling-question record
luo2019_tau_t12m_paidany__rob2_3_missing_outcome_data,luo2019_tau_t12m_paidany,rob2,rob2_3_missing_outcome_data,,paid_any; any_time_during_followup; arm=tau,Identify comparative intervention-effect result and instrument version; complete signalling-question record
luo2019_tau_t12m_paidany__rob2_4_outcome_measurement,luo2019_tau_t12m_paidany,rob2,rob2_4_outcome_measurement,,paid_any; any_time_during_followup; arm=tau,Identify comparative intervention-effect result and instrument version; complete signalling-question record
luo2019_tau_t12m_paidany__rob2_5_selective_reporting,luo2019_tau_t12m_paidany,rob2,rob2_5_selective_reporting,,paid_any; any_time_during_followup; arm=tau,Identify comparative intervention-effect result and instrument version; complete signalling-question record
luo2019_tau_t12m_paidany__rob2_overall,luo2019_tau_t12m_paidany,rob2,rob2_overall,,paid_any; any_time_during_followup; arm=tau,Identify comparative intervention-effect result and instrument version; complete signalling-question record
luo2019_act_t12m_paidcomp__rob2_1_randomisation,luo2019_act_t12m_paidcomp,rob2,rob2_1_randomisation,,paid_competitive; any_time_during_followup; arm=act,Identify comparative intervention-effect result and instrument version; complete signalling-question record
luo2019_act_t12m_paidcomp__rob2_2_deviations,luo2019_act_t12m_paidcomp,rob2,rob2_2_deviations,,paid_competitive; any_time_during_followup; arm=act,Identify comparative intervention-effect result and instrument version; complete signalling-question record
luo2019_act_t12m_paidcomp__rob2_3_missing_outcome_data,luo2019_act_t12m_paidcomp,rob2,rob2_3_missing_outcome_data,,paid_competitive; any_time_during_followup; arm=act,Identify comparative intervention-effect result and instrument version; complete signalling-question record
luo2019_act_t12m_paidcomp__rob2_4_outcome_measurement,luo2019_act_t12m_paidcomp,rob2,rob2_4_outcome_measurement,,paid_competitive; any_time_during_followup; arm=act,Identify comparative intervention-effect result and instrument version; complete signalling-question record
luo2019_act_t12m_paidcomp__rob2_5_selective_reporting,luo2019_act_t12m_paidcomp,rob2,rob2_5_selective_reporting,,paid_competitive; any_time_during_followup; arm=act,Identify comparative intervention-effect result and instrument version; complete signalling-question record
luo2019_act_t12m_paidcomp__rob2_overall,luo2019_act_t12m_paidcomp,rob2,rob2_overall,,paid_competitive; any_time_during_followup; arm=act,Identify comparative intervention-effect result and instrument version; complete signalling-question record
luo2019_act_t12m_transitional__rob2_1_randomisation,luo2019_act_t12m_transitional,rob2,rob2_1_randomisation,,unclear; any_time_during_followup; arm=act,Identify comparative intervention-effect result and instrument version; complete signalling-question record
luo2019_act_t12m_transitional__rob2_2_deviations,luo2019_act_t12m_transitional,rob2,rob2_2_deviations,,unclear; any_time_during_followup; arm=act,Identify comparative intervention-effect result and instrument version; complete signalling-question record
luo2019_act_t12m_transitional__rob2_3_missing_outcome_data,luo2019_act_t12m_transitional,rob2,rob2_3_missing_outcome_data,,unclear; any_time_during_followup; arm=act,Identify comparative intervention-effect result and instrument version; complete signalling-question record
luo2019_act_t12m_transitional__rob2_4_outcome_measurement,luo2019_act_t12m_transitional,rob2,rob2_4_outcome_measurement,,unclear; any_time_during_followup; arm=act,Identify comparative intervention-effect result and instrument version; complete signalling-question record
luo2019_act_t12m_transitional__rob2_5_selective_reporting,luo2019_act_t12m_transitional,rob2,rob2_5_selective_reporting,,unclear; any_time_during_followup; arm=act,Identify comparative intervention-effect result and instrument version; complete signalling-question record
luo2019_act_t12m_transitional__rob2_overall,luo2019_act_t12m_transitional,rob2,rob2_overall,,unclear; any_time_during_followup; arm=act,Identify comparative intervention-effect result and instrument version; complete signalling-question record
mcgurk2016_evr_t36m_paidcomp__rob2_1_randomisation,mcgurk2016_evr_t36m_paidcomp,rob2,rob2_1_randomisation,,paid_competitive; any_time_during_followup; arm=evr,Identify comparative intervention-effect result and instrument version; complete signalling-question record
mcgurk2016_evr_t36m_paidcomp__rob2_2_deviations,mcgurk2016_evr_t36m_paidcomp,rob2,rob2_2_deviations,,paid_competitive; any_time_during_followup; arm=evr,Identify comparative intervention-effect result and instrument version; complete signalling-question record
mcgurk2016_evr_t36m_paidcomp__rob2_3_missing_outcome_data,mcgurk2016_evr_t36m_paidcomp,rob2,rob2_3_missing_outcome_data,,paid_competitive; any_time_during_followup; arm=evr,Identify comparative intervention-effect result and instrument version; complete signalling-question record
mcgurk2016_evr_t36m_paidcomp__rob2_4_outcome_measurement,mcgurk2016_evr_t36m_paidcomp,rob2,rob2_4_outcome_measurement,,paid_competitive; any_time_during_followup; arm=evr,Identify comparative intervention-effect result and instrument version; complete signalling-question record
mcgurk2016_evr_t36m_paidcomp__rob2_5_selective_reporting,mcgurk2016_evr_t36m_paidcomp,rob2,rob2_5_selective_reporting,,paid_competitive; any_time_during_followup; arm=evr,Identify comparative intervention-effect result and instrument version; complete signalling-question record
mcgurk2016_evr_t36m_paidcomp__rob2_overall,mcgurk2016_evr_t36m_paidcomp,rob2,rob2_overall,,paid_competitive; any_time_during_followup; arm=evr,Identify comparative intervention-effect result and instrument version; complete signalling-question record
mcgurk2016_evr_t36m_paidany__rob2_1_randomisation,mcgurk2016_evr_t36m_paidany,rob2,rob2_1_randomisation,,paid_any; any_time_during_followup; arm=evr,Identify comparative intervention-effect result and instrument version; complete signalling-question record
mcgurk2016_evr_t36m_paidany__rob2_2_deviations,mcgurk2016_evr_t36m_paidany,rob2,rob2_2_deviations,,paid_any; any_time_during_followup; arm=evr,Identify comparative intervention-effect result and instrument version; complete signalling-question record
mcgurk2016_evr_t36m_paidany__rob2_3_missing_outcome_data,mcgurk2016_evr_t36m_paidany,rob2,rob2_3_missing_outcome_data,,paid_any; any_time_during_followup; arm=evr,Identify comparative intervention-effect result and instrument version; complete signalling-question record
mcgurk2016_evr_t36m_paidany__rob2_4_outcome_measurement,mcgurk2016_evr_t36m_paidany,rob2,rob2_4_outcome_measurement,,paid_any; any_time_during_followup; arm=evr,Identify comparative intervention-effect result and instrument version; complete signalling-question record
mcgurk2016_evr_t36m_paidany__rob2_5_selective_reporting,mcgurk2016_evr_t36m_paidany,rob2,rob2_5_selective_reporting,,paid_any; any_time_during_followup; arm=evr,Identify comparative intervention-effect result and instrument version; complete signalling-question record
mcgurk2016_evr_t36m_paidany__rob2_overall,mcgurk2016_evr_t36m_paidany,rob2,rob2_overall,,paid_any; any_time_during_followup; arm=evr,Identify comparative intervention-effect result and instrument version; complete signalling-question record
mcgurk2016_evr_t36m_vocact__rob2_1_randomisation,mcgurk2016_evr_t36m_vocact,rob2,rob2_1_randomisation,,vocational_activity; any_time_during_followup; arm=evr,Identify comparative intervention-effect result and instrument version; complete signalling-question record
mcgurk2016_evr_t36m_vocact__rob2_2_deviations,mcgurk2016_evr_t36m_vocact,rob2,rob2_2_deviations,,vocational_activity; any_time_during_followup; arm=evr,Identify comparative intervention-effect result and instrument version; complete signalling-question record
mcgurk2016_evr_t36m_vocact__rob2_3_missing_outcome_data,mcgurk2016_evr_t36m_vocact,rob2,rob2_3_missing_outcome_data,,vocational_activity; any_time_during_followup; arm=evr,Identify comparative intervention-effect result and instrument version; complete signalling-question record
mcgurk2016_evr_t36m_vocact__rob2_4_outcome_measurement,mcgurk2016_evr_t36m_vocact,rob2,rob2_4_outcome_measurement,,vocational_activity; any_time_during_followup; arm=evr,Identify comparative intervention-effect result and instrument version; complete signalling-question record
mcgurk2016_evr_t36m_vocact__rob2_5_selective_reporting,mcgurk2016_evr_t36m_vocact,rob2,rob2_5_selective_reporting,,vocational_activity; any_time_during_followup; arm=evr,Identify comparative intervention-effect result and instrument version; complete signalling-question record
mcgurk2016_evr_t36m_vocact__rob2_overall,mcgurk2016_evr_t36m_vocact,rob2,rob2_overall,,vocational_activity; any_time_during_followup; arm=evr,Identify comparative intervention-effect result and instrument version; complete signalling-question record
mcgurk2016_tsw_t36m_paidcomp__rob2_1_randomisation,mcgurk2016_tsw_t36m_paidcomp,rob2,rob2_1_randomisation,,paid_competitive; any_time_during_followup; arm=tsw,Identify comparative intervention-effect result and instrument version; complete signalling-question record
mcgurk2016_tsw_t36m_paidcomp__rob2_2_deviations,mcgurk2016_tsw_t36m_paidcomp,rob2,rob2_2_deviations,,paid_competitive; any_time_during_followup; arm=tsw,Identify comparative intervention-effect result and instrument version; complete signalling-question record
mcgurk2016_tsw_t36m_paidcomp__rob2_3_missing_outcome_data,mcgurk2016_tsw_t36m_paidcomp,rob2,rob2_3_missing_outcome_data,,paid_competitive; any_time_during_followup; arm=tsw,Identify comparative intervention-effect result and instrument version; complete signalling-question record
mcgurk2016_tsw_t36m_paidcomp__rob2_4_outcome_measurement,mcgurk2016_tsw_t36m_paidcomp,rob2,rob2_4_outcome_measurement,,paid_competitive; any_time_during_followup; arm=tsw,Identify comparative intervention-effect result and instrument version; complete signalling-question record
mcgurk2016_tsw_t36m_paidcomp__rob2_5_selective_reporting,mcgurk2016_tsw_t36m_paidcomp,rob2,rob2_5_selective_reporting,,paid_competitive; any_time_during_followup; arm=tsw,Identify comparative intervention-effect result and instrument version; complete signalling-question record
mcgurk2016_tsw_t36m_paidcomp__rob2_overall,mcgurk2016_tsw_t36m_paidcomp,rob2,rob2_overall,,paid_competitive; any_time_during_followup; arm=tsw,Identify comparative intervention-effect result and instrument version; complete signalling-question record
mcgurk2016_tsw_t36m_paidany__rob2_1_randomisation,mcgurk2016_tsw_t36m_paidany,rob2,rob2_1_randomisation,,paid_any; any_time_during_followup; arm=tsw,Identify comparative intervention-effect result and instrument version; complete signalling-question record
mcgurk2016_tsw_t36m_paidany__rob2_2_deviations,mcgurk2016_tsw_t36m_paidany,rob2,rob2_2_deviations,,paid_any; any_time_during_followup; arm=tsw,Identify comparative intervention-effect result and instrument version; complete signalling-question record
mcgurk2016_tsw_t36m_paidany__rob2_3_missing_outcome_data,mcgurk2016_tsw_t36m_paidany,rob2,rob2_3_missing_outcome_data,,paid_any; any_time_during_followup; arm=tsw,Identify comparative intervention-effect result and instrument version; complete signalling-question record
mcgurk2016_tsw_t36m_paidany__rob2_4_outcome_measurement,mcgurk2016_tsw_t36m_paidany,rob2,rob2_4_outcome_measurement,,paid_any; any_time_during_followup; arm=tsw,Identify comparative intervention-effect result and instrument version; complete signalling-question record
mcgurk2016_tsw_t36m_paidany__rob2_5_selective_reporting,mcgurk2016_tsw_t36m_paidany,rob2,rob2_5_selective_reporting,,paid_any; any_time_during_followup; arm=tsw,Identify comparative intervention-effect result and instrument version; complete signalling-question record
mcgurk2016_tsw_t36m_paidany__rob2_overall,mcgurk2016_tsw_t36m_paidany,rob2,rob2_overall,,paid_any; any_time_during_followup; arm=tsw,Identify comparative intervention-effect result and instrument version; complete signalling-question record
mcgurk2016_tsw_t36m_vocact__rob2_1_randomisation,mcgurk2016_tsw_t36m_vocact,rob2,rob2_1_randomisation,,vocational_activity; any_time_during_followup; arm=tsw,Identify comparative intervention-effect result and instrument version; complete signalling-question record
mcgurk2016_tsw_t36m_vocact__rob2_2_deviations,mcgurk2016_tsw_t36m_vocact,rob2,rob2_2_deviations,,vocational_activity; any_time_during_followup; arm=tsw,Identify comparative intervention-effect result and instrument version; complete signalling-question record
mcgurk2016_tsw_t36m_vocact__rob2_3_missing_outcome_data,mcgurk2016_tsw_t36m_vocact,rob2,rob2_3_missing_outcome_data,,vocational_activity; any_time_during_followup; arm=tsw,Identify comparative intervention-effect result and instrument version; complete signalling-question record
mcgurk2016_tsw_t36m_vocact__rob2_4_outcome_measurement,mcgurk2016_tsw_t36m_vocact,rob2,rob2_4_outcome_measurement,,vocational_activity; any_time_during_followup; arm=tsw,Identify comparative intervention-effect result and instrument version; complete signalling-question record
mcgurk2016_tsw_t36m_vocact__rob2_5_selective_reporting,mcgurk2016_tsw_t36m_vocact,rob2,rob2_5_selective_reporting,,vocational_activity; any_time_during_followup; arm=tsw,Identify comparative intervention-effect result and instrument version; complete signalling-question record
mcgurk2016_tsw_t36m_vocact__rob2_overall,mcgurk2016_tsw_t36m_vocact,rob2,rob2_overall,,vocational_activity; any_time_during_followup; arm=tsw,Identify comparative intervention-effect result and instrument version; complete signalling-question record
mervis2017_ivip_t12m_unclear__rob2_1_randomisation,mervis2017_ivip_t12m_unclear,rob2,rob2_1_randomisation,,unclear; point_prevalence; arm=ivip,Identify comparative intervention-effect result and instrument version; complete signalling-question record
mervis2017_ivip_t12m_unclear__rob2_2_deviations,mervis2017_ivip_t12m_unclear,rob2,rob2_2_deviations,,unclear; point_prevalence; arm=ivip,Identify comparative intervention-effect result and instrument version; complete signalling-question record
mervis2017_ivip_t12m_unclear__rob2_3_missing_outcome_data,mervis2017_ivip_t12m_unclear,rob2,rob2_3_missing_outcome_data,,unclear; point_prevalence; arm=ivip,Identify comparative intervention-effect result and instrument version; complete signalling-question record
mervis2017_ivip_t12m_unclear__rob2_4_outcome_measurement,mervis2017_ivip_t12m_unclear,rob2,rob2_4_outcome_measurement,,unclear; point_prevalence; arm=ivip,Identify comparative intervention-effect result and instrument version; complete signalling-question record
mervis2017_ivip_t12m_unclear__rob2_5_selective_reporting,mervis2017_ivip_t12m_unclear,rob2,rob2_5_selective_reporting,,unclear; point_prevalence; arm=ivip,Identify comparative intervention-effect result and instrument version; complete signalling-question record
mervis2017_ivip_t12m_unclear__rob2_overall,mervis2017_ivip_t12m_unclear,rob2,rob2_overall,,unclear; point_prevalence; arm=ivip,Identify comparative intervention-effect result and instrument version; complete signalling-question record
mervis2017_sg_t12m_unclear__rob2_1_randomisation,mervis2017_sg_t12m_unclear,rob2,rob2_1_randomisation,,unclear; point_prevalence; arm=sg,Identify comparative intervention-effect result and instrument version; complete signalling-question record
mervis2017_sg_t12m_unclear__rob2_2_deviations,mervis2017_sg_t12m_unclear,rob2,rob2_2_deviations,,unclear; point_prevalence; arm=sg,Identify comparative intervention-effect result and instrument version; complete signalling-question record
mervis2017_sg_t12m_unclear__rob2_3_missing_outcome_data,mervis2017_sg_t12m_unclear,rob2,rob2_3_missing_outcome_data,,unclear; point_prevalence; arm=sg,Identify comparative intervention-effect result and instrument version; complete signalling-question record
mervis2017_sg_t12m_unclear__rob2_4_outcome_measurement,mervis2017_sg_t12m_unclear,rob2,rob2_4_outcome_measurement,,unclear; point_prevalence; arm=sg,Identify comparative intervention-effect result and instrument version; complete signalling-question record
mervis2017_sg_t12m_unclear__rob2_5_selective_reporting,mervis2017_sg_t12m_unclear,rob2,rob2_5_selective_reporting,,unclear; point_prevalence; arm=sg,Identify comparative intervention-effect result and instrument version; complete signalling-question record
mervis2017_sg_t12m_unclear__rob2_overall,mervis2017_sg_t12m_unclear,rob2,rob2_overall,,unclear; point_prevalence; arm=sg,Identify comparative intervention-effect result and instrument version; complete signalling-question record
F11_rob_0037,pedersen2025_morpheus_t24m_paid_any_point,robins_i,robinsi_1_confounding,,paid_any; point_prevalence; arm=morpheus,Identify comparative intervention-effect result and instrument version; complete signalling-question record
F11_rob_0038,pedersen2025_morpheus_t24m_paid_any_point,robins_i,robinsi_2_selection,,paid_any; point_prevalence; arm=morpheus,Identify comparative intervention-effect result and instrument version; complete signalling-question record
F11_rob_0039,pedersen2025_morpheus_t24m_paid_any_point,robins_i,robinsi_3_classification,,paid_any; point_prevalence; arm=morpheus,Identify comparative intervention-effect result and instrument version; complete signalling-question record
F11_rob_0040,pedersen2025_morpheus_t24m_paid_any_point,robins_i,robinsi_4_deviations,,paid_any; point_prevalence; arm=morpheus,Identify comparative intervention-effect result and instrument version; complete signalling-question record
F11_rob_0041,pedersen2025_morpheus_t24m_paid_any_point,robins_i,robinsi_5_missing_data,,paid_any; point_prevalence; arm=morpheus,Identify comparative intervention-effect result and instrument version; complete signalling-question record
F11_rob_0042,pedersen2025_morpheus_t24m_paid_any_point,robins_i,robinsi_6_outcome_measurement,,paid_any; point_prevalence; arm=morpheus,Identify comparative intervention-effect result and instrument version; complete signalling-question record
F11_rob_0043,pedersen2025_morpheus_t24m_paid_any_point,robins_i,robinsi_7_selective_reporting,,paid_any; point_prevalence; arm=morpheus,Identify comparative intervention-effect result and instrument version; complete signalling-question record
F11_rob_0044,pedersen2025_morpheus_t24m_paid_any_point,robins_i,robinsi_overall,,paid_any; point_prevalence; arm=morpheus,Identify comparative intervention-effect result and instrument version; complete signalling-question record
F11_rob_0045,pedersen2025_standard_t24m_paid_any_point,robins_i,robinsi_1_confounding,,paid_any; point_prevalence; arm=standard,Identify comparative intervention-effect result and instrument version; complete signalling-question record
F11_rob_0046,pedersen2025_standard_t24m_paid_any_point,robins_i,robinsi_2_selection,,paid_any; point_prevalence; arm=standard,Identify comparative intervention-effect result and instrument version; complete signalling-question record
F11_rob_0047,pedersen2025_standard_t24m_paid_any_point,robins_i,robinsi_3_classification,,paid_any; point_prevalence; arm=standard,Identify comparative intervention-effect result and instrument version; complete signalling-question record
F11_rob_0048,pedersen2025_standard_t24m_paid_any_point,robins_i,robinsi_4_deviations,,paid_any; point_prevalence; arm=standard,Identify comparative intervention-effect result and instrument version; complete signalling-question record
F11_rob_0049,pedersen2025_standard_t24m_paid_any_point,robins_i,robinsi_5_missing_data,,paid_any; point_prevalence; arm=standard,Identify comparative intervention-effect result and instrument version; complete signalling-question record
F11_rob_0050,pedersen2025_standard_t24m_paid_any_point,robins_i,robinsi_6_outcome_measurement,,paid_any; point_prevalence; arm=standard,Identify comparative intervention-effect result and instrument version; complete signalling-question record
F11_rob_0051,pedersen2025_standard_t24m_paid_any_point,robins_i,robinsi_7_selective_reporting,,paid_any; point_prevalence; arm=standard,Identify comparative intervention-effect result and instrument version; complete signalling-question record
F11_rob_0052,pedersen2025_standard_t24m_paid_any_point,robins_i,robinsi_overall,,paid_any; point_prevalence; arm=standard,Identify comparative intervention-effect result and instrument version; complete signalling-question record
F11_rob_0053,pedersen2025_morpheus_t48m_paid_any_point,robins_i,robinsi_1_confounding,,paid_any; point_prevalence; arm=morpheus,Identify comparative intervention-effect result and instrument version; complete signalling-question record
F11_rob_0054,pedersen2025_morpheus_t48m_paid_any_point,robins_i,robinsi_2_selection,,paid_any; point_prevalence; arm=morpheus,Identify comparative intervention-effect result and instrument version; complete signalling-question record
F11_rob_0055,pedersen2025_morpheus_t48m_paid_any_point,robins_i,robinsi_3_classification,,paid_any; point_prevalence; arm=morpheus,Identify comparative intervention-effect result and instrument version; complete signalling-question record
F11_rob_0056,pedersen2025_morpheus_t48m_paid_any_point,robins_i,robinsi_4_deviations,,paid_any; point_prevalence; arm=morpheus,Identify comparative intervention-effect result and instrument version; complete signalling-question record
F11_rob_0057,pedersen2025_morpheus_t48m_paid_any_point,robins_i,robinsi_5_missing_data,,paid_any; point_prevalence; arm=morpheus,Identify comparative intervention-effect result and instrument version; complete signalling-question record
F11_rob_0058,pedersen2025_morpheus_t48m_paid_any_point,robins_i,robinsi_6_outcome_measurement,,paid_any; point_prevalence; arm=morpheus,Identify comparative intervention-effect result and instrument version; complete signalling-question record
F11_rob_0059,pedersen2025_morpheus_t48m_paid_any_point,robins_i,robinsi_7_selective_reporting,,paid_any; point_prevalence; arm=morpheus,Identify comparative intervention-effect result and instrument version; complete signalling-question record
F11_rob_0060,pedersen2025_morpheus_t48m_paid_any_point,robins_i,robinsi_overall,,paid_any; point_prevalence; arm=morpheus,Identify comparative intervention-effect result and instrument version; complete signalling-question record
F11_rob_0061,pedersen2025_standard_t48m_paid_any_point,robins_i,robinsi_1_confounding,,paid_any; point_prevalence; arm=standard,Identify comparative intervention-effect result and instrument version; complete signalling-question record
F11_rob_0062,pedersen2025_standard_t48m_paid_any_point,robins_i,robinsi_2_selection,,paid_any; point_prevalence; arm=standard,Identify comparative intervention-effect result and instrument version; complete signalling-question record
F11_rob_0063,pedersen2025_standard_t48m_paid_any_point,robins_i,robinsi_3_classification,,paid_any; point_prevalence; arm=standard,Identify comparative intervention-effect result and instrument version; complete signalling-question record
F11_rob_0064,pedersen2025_standard_t48m_paid_any_point,robins_i,robinsi_4_deviations,,paid_any; point_prevalence; arm=standard,Identify comparative intervention-effect result and instrument version; complete signalling-question record
F11_rob_0065,pedersen2025_standard_t48m_paid_any_point,robins_i,robinsi_5_missing_data,,paid_any; point_prevalence; arm=standard,Identify comparative intervention-effect result and instrument version; complete signalling-question record
F11_rob_0066,pedersen2025_standard_t48m_paid_any_point,robins_i,robinsi_6_outcome_measurement,,paid_any; point_prevalence; arm=standard,Identify comparative intervention-effect result and instrument version; complete signalling-question record
F11_rob_0067,pedersen2025_standard_t48m_paid_any_point,robins_i,robinsi_7_selective_reporting,,paid_any; point_prevalence; arm=standard,Identify comparative intervention-effect result and instrument version; complete signalling-question record
F11_rob_0068,pedersen2025_standard_t48m_paid_any_point,robins_i,robinsi_overall,,paid_any; point_prevalence; arm=standard,Identify comparative intervention-effect result and instrument version; complete signalling-question record
F11_rob_0069,pedersen2025_morpheus_t24m_paid_any_any,robins_i,robinsi_1_confounding,,paid_any; any_time_during_followup; arm=morpheus,Identify comparative intervention-effect result and instrument version; complete signalling-question record
F11_rob_0070,pedersen2025_morpheus_t24m_paid_any_any,robins_i,robinsi_2_selection,,paid_any; any_time_during_followup; arm=morpheus,Identify comparative intervention-effect result and instrument version; complete signalling-question record
F11_rob_0071,pedersen2025_morpheus_t24m_paid_any_any,robins_i,robinsi_3_classification,,paid_any; any_time_during_followup; arm=morpheus,Identify comparative intervention-effect result and instrument version; complete signalling-question record
F11_rob_0072,pedersen2025_morpheus_t24m_paid_any_any,robins_i,robinsi_4_deviations,,paid_any; any_time_during_followup; arm=morpheus,Identify comparative intervention-effect result and instrument version; complete signalling-question record
F11_rob_0073,pedersen2025_morpheus_t24m_paid_any_any,robins_i,robinsi_5_missing_data,,paid_any; any_time_during_followup; arm=morpheus,Identify comparative intervention-effect result and instrument version; complete signalling-question record
F11_rob_0074,pedersen2025_morpheus_t24m_paid_any_any,robins_i,robinsi_6_outcome_measurement,,paid_any; any_time_during_followup; arm=morpheus,Identify comparative intervention-effect result and instrument version; complete signalling-question record
F11_rob_0075,pedersen2025_morpheus_t24m_paid_any_any,robins_i,robinsi_7_selective_reporting,,paid_any; any_time_during_followup; arm=morpheus,Identify comparative intervention-effect result and instrument version; complete signalling-question record
F11_rob_0076,pedersen2025_morpheus_t24m_paid_any_any,robins_i,robinsi_overall,,paid_any; any_time_during_followup; arm=morpheus,Identify comparative intervention-effect result and instrument version; complete signalling-question record
F11_rob_0077,pedersen2025_standard_t24m_paid_any_any,robins_i,robinsi_1_confounding,,paid_any; any_time_during_followup; arm=standard,Identify comparative intervention-effect result and instrument version; complete signalling-question record
F11_rob_0078,pedersen2025_standard_t24m_paid_any_any,robins_i,robinsi_2_selection,,paid_any; any_time_during_followup; arm=standard,Identify comparative intervention-effect result and instrument version; complete signalling-question record
F11_rob_0079,pedersen2025_standard_t24m_paid_any_any,robins_i,robinsi_3_classification,,paid_any; any_time_during_followup; arm=standard,Identify comparative intervention-effect result and instrument version; complete signalling-question record
F11_rob_0080,pedersen2025_standard_t24m_paid_any_any,robins_i,robinsi_4_deviations,,paid_any; any_time_during_followup; arm=standard,Identify comparative intervention-effect result and instrument version; complete signalling-question record
F11_rob_0081,pedersen2025_standard_t24m_paid_any_any,robins_i,robinsi_5_missing_data,,paid_any; any_time_during_followup; arm=standard,Identify comparative intervention-effect result and instrument version; complete signalling-question record
F11_rob_0082,pedersen2025_standard_t24m_paid_any_any,robins_i,robinsi_6_outcome_measurement,,paid_any; any_time_during_followup; arm=standard,Identify comparative intervention-effect result and instrument version; complete signalling-question record
F11_rob_0083,pedersen2025_standard_t24m_paid_any_any,robins_i,robinsi_7_selective_reporting,,paid_any; any_time_during_followup; arm=standard,Identify comparative intervention-effect result and instrument version; complete signalling-question record
F11_rob_0084,pedersen2025_standard_t24m_paid_any_any,robins_i,robinsi_overall,,paid_any; any_time_during_followup; arm=standard,Identify comparative intervention-effect result and instrument version; complete signalling-question record
F11_rob_0085,pedersen2025_morpheus_t48m_paid_any_any,robins_i,robinsi_1_confounding,,paid_any; any_time_during_followup; arm=morpheus,Identify comparative intervention-effect result and instrument version; complete signalling-question record
F11_rob_0086,pedersen2025_morpheus_t48m_paid_any_any,robins_i,robinsi_2_selection,,paid_any; any_time_during_followup; arm=morpheus,Identify comparative intervention-effect result and instrument version; complete signalling-question record
F11_rob_0087,pedersen2025_morpheus_t48m_paid_any_any,robins_i,robinsi_3_classification,,paid_any; any_time_during_followup; arm=morpheus,Identify comparative intervention-effect result and instrument version; complete signalling-question record
F11_rob_0088,pedersen2025_morpheus_t48m_paid_any_any,robins_i,robinsi_4_deviations,,paid_any; any_time_during_followup; arm=morpheus,Identify comparative intervention-effect result and instrument version; complete signalling-question record
F11_rob_0089,pedersen2025_morpheus_t48m_paid_any_any,robins_i,robinsi_5_missing_data,,paid_any; any_time_during_followup; arm=morpheus,Identify comparative intervention-effect result and instrument version; complete signalling-question record
F11_rob_0090,pedersen2025_morpheus_t48m_paid_any_any,robins_i,robinsi_6_outcome_measurement,,paid_any; any_time_during_followup; arm=morpheus,Identify comparative intervention-effect result and instrument version; complete signalling-question record
F11_rob_0091,pedersen2025_morpheus_t48m_paid_any_any,robins_i,robinsi_7_selective_reporting,,paid_any; any_time_during_followup; arm=morpheus,Identify comparative intervention-effect result and instrument version; complete signalling-question record
F11_rob_0092,pedersen2025_morpheus_t48m_paid_any_any,robins_i,robinsi_overall,,paid_any; any_time_during_followup; arm=morpheus,Identify comparative intervention-effect result and instrument version; complete signalling-question record
F11_rob_0093,pedersen2025_standard_t48m_paid_any_any,robins_i,robinsi_1_confounding,,paid_any; any_time_during_followup; arm=standard,Identify comparative intervention-effect result and instrument version; complete signalling-question record
F11_rob_0094,pedersen2025_standard_t48m_paid_any_any,robins_i,robinsi_2_selection,,paid_any; any_time_during_followup; arm=standard,Identify comparative intervention-effect result and instrument version; complete signalling-question record
F11_rob_0095,pedersen2025_standard_t48m_paid_any_any,robins_i,robinsi_3_classification,,paid_any; any_time_during_followup; arm=standard,Identify comparative intervention-effect result and instrument version; complete signalling-question record
F11_rob_0096,pedersen2025_standard_t48m_paid_any_any,robins_i,robinsi_4_deviations,,paid_any; any_time_during_followup; arm=standard,Identify comparative intervention-effect result and instrument version; complete signalling-question record
F11_rob_0097,pedersen2025_standard_t48m_paid_any_any,robins_i,robinsi_5_missing_data,,paid_any; any_time_during_followup; arm=standard,Identify comparative intervention-effect result and instrument version; complete signalling-question record
F11_rob_0098,pedersen2025_standard_t48m_paid_any_any,robins_i,robinsi_6_outcome_measurement,,paid_any; any_time_during_followup; arm=standard,Identify comparative intervention-effect result and instrument version; complete signalling-question record
F11_rob_0099,pedersen2025_standard_t48m_paid_any_any,robins_i,robinsi_7_selective_reporting,,paid_any; any_time_during_followup; arm=standard,Identify comparative intervention-effect result and instrument version; complete signalling-question record
F11_rob_0100,pedersen2025_standard_t48m_paid_any_any,robins_i,robinsi_overall,,paid_any; any_time_during_followup; arm=standard,Identify comparative intervention-effect result and instrument version; complete signalling-question record
F11_rob_0101,pedersen2025_morpheus_t24m_edu_point,robins_i,robinsi_1_confounding,,education_only; point_prevalence; arm=morpheus,Identify comparative intervention-effect result and instrument version; complete signalling-question record
F11_rob_0102,pedersen2025_morpheus_t24m_edu_point,robins_i,robinsi_2_selection,,education_only; point_prevalence; arm=morpheus,Identify comparative intervention-effect result and instrument version; complete signalling-question record
F11_rob_0103,pedersen2025_morpheus_t24m_edu_point,robins_i,robinsi_3_classification,,education_only; point_prevalence; arm=morpheus,Identify comparative intervention-effect result and instrument version; complete signalling-question record
F11_rob_0104,pedersen2025_morpheus_t24m_edu_point,robins_i,robinsi_4_deviations,,education_only; point_prevalence; arm=morpheus,Identify comparative intervention-effect result and instrument version; complete signalling-question record
F11_rob_0105,pedersen2025_morpheus_t24m_edu_point,robins_i,robinsi_5_missing_data,,education_only; point_prevalence; arm=morpheus,Identify comparative intervention-effect result and instrument version; complete signalling-question record
F11_rob_0106,pedersen2025_morpheus_t24m_edu_point,robins_i,robinsi_6_outcome_measurement,,education_only; point_prevalence; arm=morpheus,Identify comparative intervention-effect result and instrument version; complete signalling-question record
F11_rob_0107,pedersen2025_morpheus_t24m_edu_point,robins_i,robinsi_7_selective_reporting,,education_only; point_prevalence; arm=morpheus,Identify comparative intervention-effect result and instrument version; complete signalling-question record
F11_rob_0108,pedersen2025_morpheus_t24m_edu_point,robins_i,robinsi_overall,,education_only; point_prevalence; arm=morpheus,Identify comparative intervention-effect result and instrument version; complete signalling-question record
F11_rob_0109,pedersen2025_standard_t24m_edu_point,robins_i,robinsi_1_confounding,,education_only; point_prevalence; arm=standard,Identify comparative intervention-effect result and instrument version; complete signalling-question record
F11_rob_0110,pedersen2025_standard_t24m_edu_point,robins_i,robinsi_2_selection,,education_only; point_prevalence; arm=standard,Identify comparative intervention-effect result and instrument version; complete signalling-question record
F11_rob_0111,pedersen2025_standard_t24m_edu_point,robins_i,robinsi_3_classification,,education_only; point_prevalence; arm=standard,Identify comparative intervention-effect result and instrument version; complete signalling-question record
F11_rob_0112,pedersen2025_standard_t24m_edu_point,robins_i,robinsi_4_deviations,,education_only; point_prevalence; arm=standard,Identify comparative intervention-effect result and instrument version; complete signalling-question record
F11_rob_0113,pedersen2025_standard_t24m_edu_point,robins_i,robinsi_5_missing_data,,education_only; point_prevalence; arm=standard,Identify comparative intervention-effect result and instrument version; complete signalling-question record
F11_rob_0114,pedersen2025_standard_t24m_edu_point,robins_i,robinsi_6_outcome_measurement,,education_only; point_prevalence; arm=standard,Identify comparative intervention-effect result and instrument version; complete signalling-question record
F11_rob_0115,pedersen2025_standard_t24m_edu_point,robins_i,robinsi_7_selective_reporting,,education_only; point_prevalence; arm=standard,Identify comparative intervention-effect result and instrument version; complete signalling-question record
F11_rob_0116,pedersen2025_standard_t24m_edu_point,robins_i,robinsi_overall,,education_only; point_prevalence; arm=standard,Identify comparative intervention-effect result and instrument version; complete signalling-question record
F11_rob_0117,pedersen2025_morpheus_t48m_edu_point,robins_i,robinsi_1_confounding,,education_only; point_prevalence; arm=morpheus,Identify comparative intervention-effect result and instrument version; complete signalling-question record
F11_rob_0118,pedersen2025_morpheus_t48m_edu_point,robins_i,robinsi_2_selection,,education_only; point_prevalence; arm=morpheus,Identify comparative intervention-effect result and instrument version; complete signalling-question record
F11_rob_0119,pedersen2025_morpheus_t48m_edu_point,robins_i,robinsi_3_classification,,education_only; point_prevalence; arm=morpheus,Identify comparative intervention-effect result and instrument version; complete signalling-question record
F11_rob_0120,pedersen2025_morpheus_t48m_edu_point,robins_i,robinsi_4_deviations,,education_only; point_prevalence; arm=morpheus,Identify comparative intervention-effect result and instrument version; complete signalling-question record
F11_rob_0121,pedersen2025_morpheus_t48m_edu_point,robins_i,robinsi_5_missing_data,,education_only; point_prevalence; arm=morpheus,Identify comparative intervention-effect result and instrument version; complete signalling-question record
F11_rob_0122,pedersen2025_morpheus_t48m_edu_point,robins_i,robinsi_6_outcome_measurement,,education_only; point_prevalence; arm=morpheus,Identify comparative intervention-effect result and instrument version; complete signalling-question record
F11_rob_0123,pedersen2025_morpheus_t48m_edu_point,robins_i,robinsi_7_selective_reporting,,education_only; point_prevalence; arm=morpheus,Identify comparative intervention-effect result and instrument version; complete signalling-question record
F11_rob_0124,pedersen2025_morpheus_t48m_edu_point,robins_i,robinsi_overall,,education_only; point_prevalence; arm=morpheus,Identify comparative intervention-effect result and instrument version; complete signalling-question record
F11_rob_0125,pedersen2025_standard_t48m_edu_point,robins_i,robinsi_1_confounding,,education_only; point_prevalence; arm=standard,Identify comparative intervention-effect result and instrument version; complete signalling-question record
F11_rob_0126,pedersen2025_standard_t48m_edu_point,robins_i,robinsi_2_selection,,education_only; point_prevalence; arm=standard,Identify comparative intervention-effect result and instrument version; complete signalling-question record
F11_rob_0127,pedersen2025_standard_t48m_edu_point,robins_i,robinsi_3_classification,,education_only; point_prevalence; arm=standard,Identify comparative intervention-effect result and instrument version; complete signalling-question record
F11_rob_0128,pedersen2025_standard_t48m_edu_point,robins_i,robinsi_4_deviations,,education_only; point_prevalence; arm=standard,Identify comparative intervention-effect result and instrument version; complete signalling-question record
F11_rob_0129,pedersen2025_standard_t48m_edu_point,robins_i,robinsi_5_missing_data,,education_only; point_prevalence; arm=standard,Identify comparative intervention-effect result and instrument version; complete signalling-question record
F11_rob_0130,pedersen2025_standard_t48m_edu_point,robins_i,robinsi_6_outcome_measurement,,education_only; point_prevalence; arm=standard,Identify comparative intervention-effect result and instrument version; complete signalling-question record
F11_rob_0131,pedersen2025_standard_t48m_edu_point,robins_i,robinsi_7_selective_reporting,,education_only; point_prevalence; arm=standard,Identify comparative intervention-effect result and instrument version; complete signalling-question record
F11_rob_0132,pedersen2025_standard_t48m_edu_point,robins_i,robinsi_overall,,education_only; point_prevalence; arm=standard,Identify comparative intervention-effect result and instrument version; complete signalling-question record
F11_rob_0133,pedersen2025_morpheus_t24m_noncomp_point,robins_i,robinsi_1_confounding,,vocational_activity; point_prevalence; arm=morpheus,Identify comparative intervention-effect result and instrument version; complete signalling-question record
F11_rob_0134,pedersen2025_morpheus_t24m_noncomp_point,robins_i,robinsi_2_selection,,vocational_activity; point_prevalence; arm=morpheus,Identify comparative intervention-effect result and instrument version; complete signalling-question record
F11_rob_0135,pedersen2025_morpheus_t24m_noncomp_point,robins_i,robinsi_3_classification,,vocational_activity; point_prevalence; arm=morpheus,Identify comparative intervention-effect result and instrument version; complete signalling-question record
F11_rob_0136,pedersen2025_morpheus_t24m_noncomp_point,robins_i,robinsi_4_deviations,,vocational_activity; point_prevalence; arm=morpheus,Identify comparative intervention-effect result and instrument version; complete signalling-question record
F11_rob_0137,pedersen2025_morpheus_t24m_noncomp_point,robins_i,robinsi_5_missing_data,,vocational_activity; point_prevalence; arm=morpheus,Identify comparative intervention-effect result and instrument version; complete signalling-question record
F11_rob_0138,pedersen2025_morpheus_t24m_noncomp_point,robins_i,robinsi_6_outcome_measurement,,vocational_activity; point_prevalence; arm=morpheus,Identify comparative intervention-effect result and instrument version; complete signalling-question record
F11_rob_0139,pedersen2025_morpheus_t24m_noncomp_point,robins_i,robinsi_7_selective_reporting,,vocational_activity; point_prevalence; arm=morpheus,Identify comparative intervention-effect result and instrument version; complete signalling-question record
F11_rob_0140,pedersen2025_morpheus_t24m_noncomp_point,robins_i,robinsi_overall,,vocational_activity; point_prevalence; arm=morpheus,Identify comparative intervention-effect result and instrument version; complete signalling-question record
F11_rob_0141,pedersen2025_standard_t24m_noncomp_point,robins_i,robinsi_1_confounding,,vocational_activity; point_prevalence; arm=standard,Identify comparative intervention-effect result and instrument version; complete signalling-question record
F11_rob_0142,pedersen2025_standard_t24m_noncomp_point,robins_i,robinsi_2_selection,,vocational_activity; point_prevalence; arm=standard,Identify comparative intervention-effect result and instrument version; complete signalling-question record
F11_rob_0143,pedersen2025_standard_t24m_noncomp_point,robins_i,robinsi_3_classification,,vocational_activity; point_prevalence; arm=standard,Identify comparative intervention-effect result and instrument version; complete signalling-question record
F11_rob_0144,pedersen2025_standard_t24m_noncomp_point,robins_i,robinsi_4_deviations,,vocational_activity; point_prevalence; arm=standard,Identify comparative intervention-effect result and instrument version; complete signalling-question record
F11_rob_0145,pedersen2025_standard_t24m_noncomp_point,robins_i,robinsi_5_missing_data,,vocational_activity; point_prevalence; arm=standard,Identify comparative intervention-effect result and instrument version; complete signalling-question record
F11_rob_0146,pedersen2025_standard_t24m_noncomp_point,robins_i,robinsi_6_outcome_measurement,,vocational_activity; point_prevalence; arm=standard,Identify comparative intervention-effect result and instrument version; complete signalling-question record
F11_rob_0147,pedersen2025_standard_t24m_noncomp_point,robins_i,robinsi_7_selective_reporting,,vocational_activity; point_prevalence; arm=standard,Identify comparative intervention-effect result and instrument version; complete signalling-question record
F11_rob_0148,pedersen2025_standard_t24m_noncomp_point,robins_i,robinsi_overall,,vocational_activity; point_prevalence; arm=standard,Identify comparative intervention-effect result and instrument version; complete signalling-question record
F11_rob_0149,pedersen2025_morpheus_t48m_noncomp_point,robins_i,robinsi_1_confounding,,vocational_activity; point_prevalence; arm=morpheus,Identify comparative intervention-effect result and instrument version; complete signalling-question record
F11_rob_0150,pedersen2025_morpheus_t48m_noncomp_point,robins_i,robinsi_2_selection,,vocational_activity; point_prevalence; arm=morpheus,Identify comparative intervention-effect result and instrument version; complete signalling-question record
F11_rob_0151,pedersen2025_morpheus_t48m_noncomp_point,robins_i,robinsi_3_classification,,vocational_activity; point_prevalence; arm=morpheus,Identify comparative intervention-effect result and instrument version; complete signalling-question record
F11_rob_0152,pedersen2025_morpheus_t48m_noncomp_point,robins_i,robinsi_4_deviations,,vocational_activity; point_prevalence; arm=morpheus,Identify comparative intervention-effect result and instrument version; complete signalling-question record
F11_rob_0153,pedersen2025_morpheus_t48m_noncomp_point,robins_i,robinsi_5_missing_data,,vocational_activity; point_prevalence; arm=morpheus,Identify comparative intervention-effect result and instrument version; complete signalling-question record
F11_rob_0154,pedersen2025_morpheus_t48m_noncomp_point,robins_i,robinsi_6_outcome_measurement,,vocational_activity; point_prevalence; arm=morpheus,Identify comparative intervention-effect result and instrument version; complete signalling-question record
F11_rob_0155,pedersen2025_morpheus_t48m_noncomp_point,robins_i,robinsi_7_selective_reporting,,vocational_activity; point_prevalence; arm=morpheus,Identify comparative intervention-effect result and instrument version; complete signalling-question record
F11_rob_0156,pedersen2025_morpheus_t48m_noncomp_point,robins_i,robinsi_overall,,vocational_activity; point_prevalence; arm=morpheus,Identify comparative intervention-effect result and instrument version; complete signalling-question record
F11_rob_0157,pedersen2025_standard_t48m_noncomp_point,robins_i,robinsi_1_confounding,,vocational_activity; point_prevalence; arm=standard,Identify comparative intervention-effect result and instrument version; complete signalling-question record
F11_rob_0158,pedersen2025_standard_t48m_noncomp_point,robins_i,robinsi_2_selection,,vocational_activity; point_prevalence; arm=standard,Identify comparative intervention-effect result and instrument version; complete signalling-question record
F11_rob_0159,pedersen2025_standard_t48m_noncomp_point,robins_i,robinsi_3_classification,,vocational_activity; point_prevalence; arm=standard,Identify comparative intervention-effect result and instrument version; complete signalling-question record
F11_rob_0160,pedersen2025_standard_t48m_noncomp_point,robins_i,robinsi_4_deviations,,vocational_activity; point_prevalence; arm=standard,Identify comparative intervention-effect result and instrument version; complete signalling-question record
F11_rob_0161,pedersen2025_standard_t48m_noncomp_point,robins_i,robinsi_5_missing_data,,vocational_activity; point_prevalence; arm=standard,Identify comparative intervention-effect result and instrument version; complete signalling-question record
F11_rob_0162,pedersen2025_standard_t48m_noncomp_point,robins_i,robinsi_6_outcome_measurement,,vocational_activity; point_prevalence; arm=standard,Identify comparative intervention-effect result and instrument version; complete signalling-question record
F11_rob_0163,pedersen2025_standard_t48m_noncomp_point,robins_i,robinsi_7_selective_reporting,,vocational_activity; point_prevalence; arm=standard,Identify comparative intervention-effect result and instrument version; complete signalling-question record
F11_rob_0164,pedersen2025_standard_t48m_noncomp_point,robins_i,robinsi_overall,,vocational_activity; point_prevalence; arm=standard,Identify comparative intervention-effect result and instrument version; complete signalling-question record
rodriguezpulido2021_crips_t8m_paidcomp__rob2_1_randomisation,rodriguezpulido2021_crips_t8m_paidcomp,rob2,rob2_1_randomisation,,paid_competitive; any_time_during_followup; arm=cr_ips,Identify comparative intervention-effect result and instrument version; complete signalling-question record
rodriguezpulido2021_crips_t8m_paidcomp__rob2_2_deviations,rodriguezpulido2021_crips_t8m_paidcomp,rob2,rob2_2_deviations,,paid_competitive; any_time_during_followup; arm=cr_ips,Identify comparative intervention-effect result and instrument version; complete signalling-question record
rodriguezpulido2021_crips_t8m_paidcomp__rob2_3_missing_outcome_data,rodriguezpulido2021_crips_t8m_paidcomp,rob2,rob2_3_missing_outcome_data,,paid_competitive; any_time_during_followup; arm=cr_ips,Identify comparative intervention-effect result and instrument version; complete signalling-question record
rodriguezpulido2021_crips_t8m_paidcomp__rob2_4_outcome_measurement,rodriguezpulido2021_crips_t8m_paidcomp,rob2,rob2_4_outcome_measurement,,paid_competitive; any_time_during_followup; arm=cr_ips,Identify comparative intervention-effect result and instrument version; complete signalling-question record
rodriguezpulido2021_crips_t8m_paidcomp__rob2_5_selective_reporting,rodriguezpulido2021_crips_t8m_paidcomp,rob2,rob2_5_selective_reporting,,paid_competitive; any_time_during_followup; arm=cr_ips,Identify comparative intervention-effect result and instrument version; complete signalling-question record
rodriguezpulido2021_crips_t8m_paidcomp__rob2_overall,rodriguezpulido2021_crips_t8m_paidcomp,rob2,rob2_overall,,paid_competitive; any_time_during_followup; arm=cr_ips,Identify comparative intervention-effect result and instrument version; complete signalling-question record
rodriguezpulido2021_crips_t12m_paidcomp__rob2_1_randomisation,rodriguezpulido2021_crips_t12m_paidcomp,rob2,rob2_1_randomisation,,paid_competitive; any_time_during_followup; arm=cr_ips,Identify comparative intervention-effect result and instrument version; complete signalling-question record
rodriguezpulido2021_crips_t12m_paidcomp__rob2_2_deviations,rodriguezpulido2021_crips_t12m_paidcomp,rob2,rob2_2_deviations,,paid_competitive; any_time_during_followup; arm=cr_ips,Identify comparative intervention-effect result and instrument version; complete signalling-question record
rodriguezpulido2021_crips_t12m_paidcomp__rob2_3_missing_outcome_data,rodriguezpulido2021_crips_t12m_paidcomp,rob2,rob2_3_missing_outcome_data,,paid_competitive; any_time_during_followup; arm=cr_ips,Identify comparative intervention-effect result and instrument version; complete signalling-question record
rodriguezpulido2021_crips_t12m_paidcomp__rob2_4_outcome_measurement,rodriguezpulido2021_crips_t12m_paidcomp,rob2,rob2_4_outcome_measurement,,paid_competitive; any_time_during_followup; arm=cr_ips,Identify comparative intervention-effect result and instrument version; complete signalling-question record
rodriguezpulido2021_crips_t12m_paidcomp__rob2_5_selective_reporting,rodriguezpulido2021_crips_t12m_paidcomp,rob2,rob2_5_selective_reporting,,paid_competitive; any_time_during_followup; arm=cr_ips,Identify comparative intervention-effect result and instrument version; complete signalling-question record
rodriguezpulido2021_crips_t12m_paidcomp__rob2_overall,rodriguezpulido2021_crips_t12m_paidcomp,rob2,rob2_overall,,paid_competitive; any_time_during_followup; arm=cr_ips,Identify comparative intervention-effect result and instrument version; complete signalling-question record
rodriguezpulido2021_ipsonly_t8m_paidcomp__rob2_1_randomisation,rodriguezpulido2021_ipsonly_t8m_paidcomp,rob2,rob2_1_randomisation,,paid_competitive; any_time_during_followup; arm=ips_only,Identify comparative intervention-effect result and instrument version; complete signalling-question record
rodriguezpulido2021_ipsonly_t8m_paidcomp__rob2_2_deviations,rodriguezpulido2021_ipsonly_t8m_paidcomp,rob2,rob2_2_deviations,,paid_competitive; any_time_during_followup; arm=ips_only,Identify comparative intervention-effect result and instrument version; complete signalling-question record
rodriguezpulido2021_ipsonly_t8m_paidcomp__rob2_3_missing_outcome_data,rodriguezpulido2021_ipsonly_t8m_paidcomp,rob2,rob2_3_missing_outcome_data,,paid_competitive; any_time_during_followup; arm=ips_only,Identify comparative intervention-effect result and instrument version; complete signalling-question record
rodriguezpulido2021_ipsonly_t8m_paidcomp__rob2_4_outcome_measurement,rodriguezpulido2021_ipsonly_t8m_paidcomp,rob2,rob2_4_outcome_measurement,,paid_competitive; any_time_during_followup; arm=ips_only,Identify comparative intervention-effect result and instrument version; complete signalling-question record
rodriguezpulido2021_ipsonly_t8m_paidcomp__rob2_5_selective_reporting,rodriguezpulido2021_ipsonly_t8m_paidcomp,rob2,rob2_5_selective_reporting,,paid_competitive; any_time_during_followup; arm=ips_only,Identify comparative intervention-effect result and instrument version; complete signalling-question record
rodriguezpulido2021_ipsonly_t8m_paidcomp__rob2_overall,rodriguezpulido2021_ipsonly_t8m_paidcomp,rob2,rob2_overall,,paid_competitive; any_time_during_followup; arm=ips_only,Identify comparative intervention-effect result and instrument version; complete signalling-question record
rodriguezpulido2021_ipsonly_t12m_paidcomp__rob2_1_randomisation,rodriguezpulido2021_ipsonly_t12m_paidcomp,rob2,rob2_1_randomisation,,paid_competitive; any_time_during_followup; arm=ips_only,Identify comparative intervention-effect result and instrument version; complete signalling-question record
rodriguezpulido2021_ipsonly_t12m_paidcomp__rob2_2_deviations,rodriguezpulido2021_ipsonly_t12m_paidcomp,rob2,rob2_2_deviations,,paid_competitive; any_time_during_followup; arm=ips_only,Identify comparative intervention-effect result and instrument version; complete signalling-question record
rodriguezpulido2021_ipsonly_t12m_paidcomp__rob2_3_missing_outcome_data,rodriguezpulido2021_ipsonly_t12m_paidcomp,rob2,rob2_3_missing_outcome_data,,paid_competitive; any_time_during_followup; arm=ips_only,Identify comparative intervention-effect result and instrument version; complete signalling-question record
rodriguezpulido2021_ipsonly_t12m_paidcomp__rob2_4_outcome_measurement,rodriguezpulido2021_ipsonly_t12m_paidcomp,rob2,rob2_4_outcome_measurement,,paid_competitive; any_time_during_followup; arm=ips_only,Identify comparative intervention-effect result and instrument version; complete signalling-question record
rodriguezpulido2021_ipsonly_t12m_paidcomp__rob2_5_selective_reporting,rodriguezpulido2021_ipsonly_t12m_paidcomp,rob2,rob2_5_selective_reporting,,paid_competitive; any_time_during_followup; arm=ips_only,Identify comparative intervention-effect result and instrument version; complete signalling-question record
rodriguezpulido2021_ipsonly_t12m_paidcomp__rob2_overall,rodriguezpulido2021_ipsonly_t12m_paidcomp,rob2,rob2_overall,,paid_competitive; any_time_during_followup; arm=ips_only,Identify comparative intervention-effect result and instrument version; complete signalling-question record
shimada2022_gotiot_t60m_vocact__rob2_1_randomisation,shimada2022_gotiot_t60m_vocact,rob2,rob2_1_randomisation,,vocational_activity; unclear; arm=got_iot,Identify comparative intervention-effect result and instrument version; complete signalling-question record
shimada2022_gotiot_t60m_vocact__rob2_2_deviations,shimada2022_gotiot_t60m_vocact,rob2,rob2_2_deviations,,vocational_activity; unclear; arm=got_iot,Identify comparative intervention-effect result and instrument version; complete signalling-question record
shimada2022_gotiot_t60m_vocact__rob2_3_missing_outcome_data,shimada2022_gotiot_t60m_vocact,rob2,rob2_3_missing_outcome_data,,vocational_activity; unclear; arm=got_iot,Identify comparative intervention-effect result and instrument version; complete signalling-question record
shimada2022_gotiot_t60m_vocact__rob2_4_outcome_measurement,shimada2022_gotiot_t60m_vocact,rob2,rob2_4_outcome_measurement,,vocational_activity; unclear; arm=got_iot,Identify comparative intervention-effect result and instrument version; complete signalling-question record
shimada2022_gotiot_t60m_vocact__rob2_5_selective_reporting,shimada2022_gotiot_t60m_vocact,rob2,rob2_5_selective_reporting,,vocational_activity; unclear; arm=got_iot,Identify comparative intervention-effect result and instrument version; complete signalling-question record
shimada2022_gotiot_t60m_vocact__rob2_overall,shimada2022_gotiot_t60m_vocact,rob2,rob2_overall,,vocational_activity; unclear; arm=got_iot,Identify comparative intervention-effect result and instrument version; complete signalling-question record
shimada2022_gotalone_t60m_vocact__rob2_1_randomisation,shimada2022_gotalone_t60m_vocact,rob2,rob2_1_randomisation,,vocational_activity; unclear; arm=got_alone,Identify comparative intervention-effect result and instrument version; complete signalling-question record
shimada2022_gotalone_t60m_vocact__rob2_2_deviations,shimada2022_gotalone_t60m_vocact,rob2,rob2_2_deviations,,vocational_activity; unclear; arm=got_alone,Identify comparative intervention-effect result and instrument version; complete signalling-question record
shimada2022_gotalone_t60m_vocact__rob2_3_missing_outcome_data,shimada2022_gotalone_t60m_vocact,rob2,rob2_3_missing_outcome_data,,vocational_activity; unclear; arm=got_alone,Identify comparative intervention-effect result and instrument version; complete signalling-question record
shimada2022_gotalone_t60m_vocact__rob2_4_outcome_measurement,shimada2022_gotalone_t60m_vocact,rob2,rob2_4_outcome_measurement,,vocational_activity; unclear; arm=got_alone,Identify comparative intervention-effect result and instrument version; complete signalling-question record
shimada2022_gotalone_t60m_vocact__rob2_5_selective_reporting,shimada2022_gotalone_t60m_vocact,rob2,rob2_5_selective_reporting,,vocational_activity; unclear; arm=got_alone,Identify comparative intervention-effect result and instrument version; complete signalling-question record
shimada2022_gotalone_t60m_vocact__rob2_overall,shimada2022_gotalone_t60m_vocact,rob2,rob2_overall,,vocational_activity; unclear; arm=got_alone,Identify comparative intervention-effect result and instrument version; complete signalling-question record
F13_tsiachristas2016_eip_t36m_unclearemp_robinsi_1_confounding,tsiachristas2016_eip_t36m_unclearemp,robins_i,robinsi_1_confounding,,unclear; any_time_during_followup; arm=eip,Identify comparative intervention-effect result and instrument version; complete signalling-question record
F13_tsiachristas2016_eip_t36m_unclearemp_robinsi_2_selection,tsiachristas2016_eip_t36m_unclearemp,robins_i,robinsi_2_selection,,unclear; any_time_during_followup; arm=eip,Identify comparative intervention-effect result and instrument version; complete signalling-question record
F13_tsiachristas2016_eip_t36m_unclearemp_robinsi_3_classification,tsiachristas2016_eip_t36m_unclearemp,robins_i,robinsi_3_classification,,unclear; any_time_during_followup; arm=eip,Identify comparative intervention-effect result and instrument version; complete signalling-question record
F13_tsiachristas2016_eip_t36m_unclearemp_robinsi_4_deviations,tsiachristas2016_eip_t36m_unclearemp,robins_i,robinsi_4_deviations,,unclear; any_time_during_followup; arm=eip,Identify comparative intervention-effect result and instrument version; complete signalling-question record
F13_tsiachristas2016_eip_t36m_unclearemp_robinsi_5_missing_data,tsiachristas2016_eip_t36m_unclearemp,robins_i,robinsi_5_missing_data,,unclear; any_time_during_followup; arm=eip,Identify comparative intervention-effect result and instrument version; complete signalling-question record
F13_tsiachristas2016_eip_t36m_unclearemp_robinsi_6_outcome_measurement,tsiachristas2016_eip_t36m_unclearemp,robins_i,robinsi_6_outcome_measurement,,unclear; any_time_during_followup; arm=eip,Identify comparative intervention-effect result and instrument version; complete signalling-question record
F13_tsiachristas2016_eip_t36m_unclearemp_robinsi_7_selective_reporting,tsiachristas2016_eip_t36m_unclearemp,robins_i,robinsi_7_selective_reporting,,unclear; any_time_during_followup; arm=eip,Identify comparative intervention-effect result and instrument version; complete signalling-question record
F13_tsiachristas2016_eip_t36m_unclearemp_robinsi_overall,tsiachristas2016_eip_t36m_unclearemp,robins_i,robinsi_overall,,unclear; any_time_during_followup; arm=eip,Identify comparative intervention-effect result and instrument version; complete signalling-question record
F13_tsiachristas2016_eip_t36m_eduonly_robinsi_1_confounding,tsiachristas2016_eip_t36m_eduonly,robins_i,robinsi_1_confounding,,education_only; any_time_during_followup; arm=eip,Identify comparative intervention-effect result and instrument version; complete signalling-question record
F13_tsiachristas2016_eip_t36m_eduonly_robinsi_2_selection,tsiachristas2016_eip_t36m_eduonly,robins_i,robinsi_2_selection,,education_only; any_time_during_followup; arm=eip,Identify comparative intervention-effect result and instrument version; complete signalling-question record
F13_tsiachristas2016_eip_t36m_eduonly_robinsi_3_classification,tsiachristas2016_eip_t36m_eduonly,robins_i,robinsi_3_classification,,education_only; any_time_during_followup; arm=eip,Identify comparative intervention-effect result and instrument version; complete signalling-question record
F13_tsiachristas2016_eip_t36m_eduonly_robinsi_4_deviations,tsiachristas2016_eip_t36m_eduonly,robins_i,robinsi_4_deviations,,education_only; any_time_during_followup; arm=eip,Identify comparative intervention-effect result and instrument version; complete signalling-question record
F13_tsiachristas2016_eip_t36m_eduonly_robinsi_5_missing_data,tsiachristas2016_eip_t36m_eduonly,robins_i,robinsi_5_missing_data,,education_only; any_time_during_followup; arm=eip,Identify comparative intervention-effect result and instrument version; complete signalling-question record
F13_tsiachristas2016_eip_t36m_eduonly_robinsi_6_outcome_measurement,tsiachristas2016_eip_t36m_eduonly,robins_i,robinsi_6_outcome_measurement,,education_only; any_time_during_followup; arm=eip,Identify comparative intervention-effect result and instrument version; complete signalling-question record
F13_tsiachristas2016_eip_t36m_eduonly_robinsi_7_selective_reporting,tsiachristas2016_eip_t36m_eduonly,robins_i,robinsi_7_selective_reporting,,education_only; any_time_during_followup; arm=eip,Identify comparative intervention-effect result and instrument version; complete signalling-question record
F13_tsiachristas2016_eip_t36m_eduonly_robinsi_overall,tsiachristas2016_eip_t36m_eduonly,robins_i,robinsi_overall,,education_only; any_time_during_followup; arm=eip,Identify comparative intervention-effect result and instrument version; complete signalling-question record
F13_zhang2017_ise_t15m_paidthresh_rob2_1_randomisation,zhang2017_ise_t15m_paidthresh,rob2,rob2_1_randomisation,,paid_intensity_threshold; any_time_during_followup; arm=ise,Identify comparative intervention-effect result and instrument version; complete signalling-question record
F13_zhang2017_ise_t15m_paidthresh_rob2_2_deviations,zhang2017_ise_t15m_paidthresh,rob2,rob2_2_deviations,,paid_intensity_threshold; any_time_during_followup; arm=ise,Identify comparative intervention-effect result and instrument version; complete signalling-question record
F13_zhang2017_ise_t15m_paidthresh_rob2_3_missing_outcome_data,zhang2017_ise_t15m_paidthresh,rob2,rob2_3_missing_outcome_data,,paid_intensity_threshold; any_time_during_followup; arm=ise,Identify comparative intervention-effect result and instrument version; complete signalling-question record
F13_zhang2017_ise_t15m_paidthresh_rob2_4_outcome_measurement,zhang2017_ise_t15m_paidthresh,rob2,rob2_4_outcome_measurement,,paid_intensity_threshold; any_time_during_followup; arm=ise,Identify comparative intervention-effect result and instrument version; complete signalling-question record
F13_zhang2017_ise_t15m_paidthresh_rob2_5_selective_reporting,zhang2017_ise_t15m_paidthresh,rob2,rob2_5_selective_reporting,,paid_intensity_threshold; any_time_during_followup; arm=ise,Identify comparative intervention-effect result and instrument version; complete signalling-question record
F13_zhang2017_ise_t15m_paidthresh_rob2_overall,zhang2017_ise_t15m_paidthresh,rob2,rob2_overall,,paid_intensity_threshold; any_time_during_followup; arm=ise,Identify comparative intervention-effect result and instrument version; complete signalling-question record
F13_zhang2017_ips_t15m_paidthresh_rob2_1_randomisation,zhang2017_ips_t15m_paidthresh,rob2,rob2_1_randomisation,,paid_intensity_threshold; any_time_during_followup; arm=ips,Identify comparative intervention-effect result and instrument version; complete signalling-question record
F13_zhang2017_ips_t15m_paidthresh_rob2_2_deviations,zhang2017_ips_t15m_paidthresh,rob2,rob2_2_deviations,,paid_intensity_threshold; any_time_during_followup; arm=ips,Identify comparative intervention-effect result and instrument version; complete signalling-question record
F13_zhang2017_ips_t15m_paidthresh_rob2_3_missing_outcome_data,zhang2017_ips_t15m_paidthresh,rob2,rob2_3_missing_outcome_data,,paid_intensity_threshold; any_time_during_followup; arm=ips,Identify comparative intervention-effect result and instrument version; complete signalling-question record
F13_zhang2017_ips_t15m_paidthresh_rob2_4_outcome_measurement,zhang2017_ips_t15m_paidthresh,rob2,rob2_4_outcome_measurement,,paid_intensity_threshold; any_time_during_followup; arm=ips,Identify comparative intervention-effect result and instrument version; complete signalling-question record
F13_zhang2017_ips_t15m_paidthresh_rob2_5_selective_reporting,zhang2017_ips_t15m_paidthresh,rob2,rob2_5_selective_reporting,,paid_intensity_threshold; any_time_during_followup; arm=ips,Identify comparative intervention-effect result and instrument version; complete signalling-question record
F13_zhang2017_ips_t15m_paidthresh_rob2_overall,zhang2017_ips_t15m_paidthresh,rob2,rob2_overall,,paid_intensity_threshold; any_time_during_followup; arm=ips,Identify comparative intervention-effect result and instrument version; complete signalling-question record
F13_zhang2017_tvr_t15m_paidthresh_rob2_1_randomisation,zhang2017_tvr_t15m_paidthresh,rob2,rob2_1_randomisation,,paid_intensity_threshold; any_time_during_followup; arm=tvr,Identify comparative intervention-effect result and instrument version; complete signalling-question record
F13_zhang2017_tvr_t15m_paidthresh_rob2_2_deviations,zhang2017_tvr_t15m_paidthresh,rob2,rob2_2_deviations,,paid_intensity_threshold; any_time_during_followup; arm=tvr,Identify comparative intervention-effect result and instrument version; complete signalling-question record
F13_zhang2017_tvr_t15m_paidthresh_rob2_3_missing_outcome_data,zhang2017_tvr_t15m_paidthresh,rob2,rob2_3_missing_outcome_data,,paid_intensity_threshold; any_time_during_followup; arm=tvr,Identify comparative intervention-effect result and instrument version; complete signalling-question record
F13_zhang2017_tvr_t15m_paidthresh_rob2_4_outcome_measurement,zhang2017_tvr_t15m_paidthresh,rob2,rob2_4_outcome_measurement,,paid_intensity_threshold; any_time_during_followup; arm=tvr,Identify comparative intervention-effect result and instrument version; complete signalling-question record
F13_zhang2017_tvr_t15m_paidthresh_rob2_5_selective_reporting,zhang2017_tvr_t15m_paidthresh,rob2,rob2_5_selective_reporting,,paid_intensity_threshold; any_time_during_followup; arm=tvr,Identify comparative intervention-effect result and instrument version; complete signalling-question record
F13_zhang2017_tvr_t15m_paidthresh_rob2_overall,zhang2017_tvr_t15m_paidthresh,rob2,rob2_overall,,paid_intensity_threshold; any_time_during_followup; arm=tvr,Identify comparative intervention-effect result and instrument version; complete signalling-question record
