rob_assessment_id,result_id,domain,original_judgement,verified_judgement,agreement,source_locator,verifier,verified_date,adjudication,notes
basaraba2023_training_t3m_eet__jbi1_sample_frame,basaraba2023_training_t3m_eet,jbi1_sample_frame,yes,yes,agree,"dissertation_shared_folder/Data Extraction Papers/jamapsychiatry_basaraba_2022_oi_220073_1671567531.00611.pdf; Design Setting and Participants, p. 49; Methods, Sample and Setting, p. 51",Codex AI independent verification agent 3,2026-10-01,Judgement retained after independent source review; replacement rationale records the outcome-specific basis.,"All 1,298 eligible OnTrackNY clients across 20 early-psychosis sites formed the source frame; the analysed training split comprised 1,038 clients across 19 sites. Service-entry population rather than all community psychosis is the relevant frame. Reviewed result: basaraba2023_training_t3m_eet; construct paid_or_education_or_training. Recorded follow-up 3 months, basis since_baseline. Recorded numerator 530. Recorded observed denominator 874."
basaraba2023_training_t3m_eet__jbi2_participant_sampling,basaraba2023_training_t3m_eet,jbi2_participant_sampling,yes,yes,agree,"dissertation_shared_folder/Data Extraction Papers/jamapsychiatry_basaraba_2022_oi_220073_1671567531.00611.pdf; Methods, Sample and Setting, p. 51",Codex AI independent verification agent 3,2026-10-01,Judgement retained after independent source review; replacement rationale records the outcome-specific basis.,"The programme census was divided for model training and holdout validation. The holdout split was methodological rather than selected on employment, and there was no additional employment-based recruitment step. Reviewed result: basaraba2023_training_t3m_eet; construct paid_or_education_or_training. Recorded follow-up 3 months, basis since_baseline. Recorded numerator 530. Recorded observed denominator 874."
basaraba2023_training_t3m_eet__jbi3_sample_size,basaraba2023_training_t3m_eet,jbi3_sample_size,yes,yes,agree,"dissertation_shared_folder/Data Extraction Papers/jamapsychiatry_basaraba_2022_oi_220073_1671567531.00611.pdf; Methods, Statistical Analysis, p. 51; Table, p. 52",Codex AI independent verification agent 3,2026-10-01,Judgement retained after independent source review; replacement rationale records the outcome-specific basis.,"The training population numbered 1,038; quarterly observed denominators remained 265 or more. Descriptive prevalence precision is adequate, although administrative censoring and attrition affect coverage independently of size. Reviewed result: basaraba2023_training_t3m_eet; construct paid_or_education_or_training. Recorded follow-up 3 months, basis since_baseline. Recorded numerator 530. Recorded observed denominator 874."
basaraba2023_training_t3m_eet__jbi4_subjects_setting_described,basaraba2023_training_t3m_eet,jbi4_subjects_setting_described,unclear,unclear,agree,"dissertation_shared_folder/Data Extraction Papers/jamapsychiatry_basaraba_2022_oi_220073_1671567531.00611.pdf; Results, p. 51; Methods, Statistical Analysis, p. 51",Codex AI independent verification agent 3,2026-10-01,Judgement retained after independent source review; replacement rationale records the outcome-specific basis.,"Table 1 describes the full 1,298 clients, while comparable demographics and baseline occupational distributions for the 1,038 training clients are not fully presented. The site setting is described but subgroup description is incomplete. Reviewed result: basaraba2023_training_t3m_eet; construct paid_or_education_or_training. Recorded follow-up 3 months, basis since_baseline. Recorded numerator 530. Recorded observed denominator 874."
basaraba2023_training_t3m_eet__jbi5_coverage_of_sample,basaraba2023_training_t3m_eet,jbi5_coverage_of_sample,unclear,unclear,agree,"dissertation_shared_folder/Data Extraction Papers/jamapsychiatry_basaraba_2022_oi_220073_1671567531.00611.pdf; Methods, Statistical Analysis, p. 51; Results, p. 51; Table, p. 52",Codex AI independent verification agent 3,2026-10-01,Judgement retained after independent source review; replacement rationale records the outcome-specific basis.,"Quarterly coverage falls from 874 observed at 3 months to 265 at 24 months out of 1,038. Administrative censoring and discharge are both reported, but their contributions are not separated by employment wave; later substantial incomplete coverage remains uncorrected. Reviewed result: basaraba2023_training_t3m_eet; construct paid_or_education_or_training. Recorded follow-up 3 months, basis since_baseline. Recorded numerator 530. Recorded observed denominator 874."
basaraba2023_training_t3m_eet__jbi6_condition_identification,basaraba2023_training_t3m_eet,jbi6_condition_identification,yes,yes,agree,"dissertation_shared_folder/Data Extraction Papers/jamapsychiatry_basaraba_2022_oi_220073_1671567531.00611.pdf; Methods, Measures, Outcomes, p. 51",Codex AI independent verification agent 3,2026-10-01,Judgement retained after independent source review; replacement rationale records the outcome-specific basis.,"The outcome is explicitly defined as any paid employment or enrolment in full-time or part-time education, including vocational training. This is a valid operational identification of the extracted work/education/training composite; it does not identify paid employment separately. Reviewed result: basaraba2023_training_t3m_eet; construct paid_or_education_or_training. Recorded follow-up 3 months, basis since_baseline. Recorded numerator 530. Recorded observed denominator 874."
basaraba2023_training_t3m_eet__jbi7_condition_measurement,basaraba2023_training_t3m_eet,jbi7_condition_measurement,unclear,unclear,agree,"dissertation_shared_folder/Data Extraction Papers/jamapsychiatry_basaraba_2022_oi_220073_1671567531.00611.pdf; Methods, Sample and Setting, p. 51",Codex AI independent verification agent 3,2026-10-01,Judgement retained after independent source review; replacement rationale records the outcome-specific basis.,"Licensed clinicians recorded occupational status quarterly using client, family and team information. A common definition is described, but reliability of the occupational assessment across clinicians/sites is not established. Reviewed result: basaraba2023_training_t3m_eet; construct paid_or_education_or_training. Recorded follow-up 3 months, basis since_baseline. Recorded numerator 530. Recorded observed denominator 874."
basaraba2023_training_t3m_eet__jbi8_statistical_analysis,basaraba2023_training_t3m_eet,jbi8_statistical_analysis,yes,yes,agree,"dissertation_shared_folder/Data Extraction Papers/jamapsychiatry_basaraba_2022_oi_220073_1671567531.00611.pdf; Table, p. 52; Methods, Statistical Analysis, p. 51",Codex AI independent verification agent 3,2026-10-01,Judgement retained after independent source review; replacement rationale records the outcome-specific basis.,"The quarterly table prints positive and total observations and their matching percentages. These support descriptive observed-sample proportions, with incomplete coverage assessed separately. Reviewed result: basaraba2023_training_t3m_eet; construct paid_or_education_or_training. Recorded follow-up 3 months, basis since_baseline. Recorded numerator 530. Recorded observed denominator 874."
basaraba2023_training_t3m_eet__jbi9_response_rate,basaraba2023_training_t3m_eet,jbi9_response_rate,unclear,unclear,agree,"dissertation_shared_folder/Data Extraction Papers/jamapsychiatry_basaraba_2022_oi_220073_1671567531.00611.pdf; Results, p. 51; Table, p. 52",Codex AI independent verification agent 3,2026-10-01,Judgement retained after independent source review; replacement rationale records the outcome-specific basis.,"Discharge before two years affected 49.8% and administrative censoring 24.7% of clients. Wave-specific employment missingness is not disentangled or adjusted, making early-wave response uncertain and later-wave response inadequate. Reviewed result: basaraba2023_training_t3m_eet; construct paid_or_education_or_training. Recorded follow-up 3 months, basis since_baseline. Recorded numerator 530. Recorded observed denominator 874."
basaraba2023_training_t6m_eet__jbi1_sample_frame,basaraba2023_training_t6m_eet,jbi1_sample_frame,yes,yes,agree,"dissertation_shared_folder/Data Extraction Papers/jamapsychiatry_basaraba_2022_oi_220073_1671567531.00611.pdf; Design Setting and Participants, p. 49; Methods, Sample and Setting, p. 51",Codex AI independent verification agent 3,2026-10-01,Judgement retained after independent source review; replacement rationale records the outcome-specific basis.,"All 1,298 eligible OnTrackNY clients across 20 early-psychosis sites formed the source frame; the analysed training split comprised 1,038 clients across 19 sites. Service-entry population rather than all community psychosis is the relevant frame. Reviewed result: basaraba2023_training_t6m_eet; construct paid_or_education_or_training. Recorded follow-up 6 months, basis since_baseline. Recorded numerator 518. Recorded observed denominator 739."
basaraba2023_training_t6m_eet__jbi2_participant_sampling,basaraba2023_training_t6m_eet,jbi2_participant_sampling,yes,yes,agree,"dissertation_shared_folder/Data Extraction Papers/jamapsychiatry_basaraba_2022_oi_220073_1671567531.00611.pdf; Methods, Sample and Setting, p. 51",Codex AI independent verification agent 3,2026-10-01,Judgement retained after independent source review; replacement rationale records the outcome-specific basis.,"The programme census was divided for model training and holdout validation. The holdout split was methodological rather than selected on employment, and there was no additional employment-based recruitment step. Reviewed result: basaraba2023_training_t6m_eet; construct paid_or_education_or_training. Recorded follow-up 6 months, basis since_baseline. Recorded numerator 518. Recorded observed denominator 739."
basaraba2023_training_t6m_eet__jbi3_sample_size,basaraba2023_training_t6m_eet,jbi3_sample_size,yes,yes,agree,"dissertation_shared_folder/Data Extraction Papers/jamapsychiatry_basaraba_2022_oi_220073_1671567531.00611.pdf; Methods, Statistical Analysis, p. 51; Table, p. 52",Codex AI independent verification agent 3,2026-10-01,Judgement retained after independent source review; replacement rationale records the outcome-specific basis.,"The training population numbered 1,038; quarterly observed denominators remained 265 or more. Descriptive prevalence precision is adequate, although administrative censoring and attrition affect coverage independently of size. Reviewed result: basaraba2023_training_t6m_eet; construct paid_or_education_or_training. Recorded follow-up 6 months, basis since_baseline. Recorded numerator 518. Recorded observed denominator 739."
basaraba2023_training_t6m_eet__jbi4_subjects_setting_described,basaraba2023_training_t6m_eet,jbi4_subjects_setting_described,unclear,unclear,agree,"dissertation_shared_folder/Data Extraction Papers/jamapsychiatry_basaraba_2022_oi_220073_1671567531.00611.pdf; Results, p. 51; Methods, Statistical Analysis, p. 51",Codex AI independent verification agent 3,2026-10-01,Judgement retained after independent source review; replacement rationale records the outcome-specific basis.,"Table 1 describes the full 1,298 clients, while comparable demographics and baseline occupational distributions for the 1,038 training clients are not fully presented. The site setting is described but subgroup description is incomplete. Reviewed result: basaraba2023_training_t6m_eet; construct paid_or_education_or_training. Recorded follow-up 6 months, basis since_baseline. Recorded numerator 518. Recorded observed denominator 739."
basaraba2023_training_t6m_eet__jbi5_coverage_of_sample,basaraba2023_training_t6m_eet,jbi5_coverage_of_sample,unclear,unclear,agree,"dissertation_shared_folder/Data Extraction Papers/jamapsychiatry_basaraba_2022_oi_220073_1671567531.00611.pdf; Methods, Statistical Analysis, p. 51; Results, p. 51; Table, p. 52",Codex AI independent verification agent 3,2026-10-01,Judgement retained after independent source review; replacement rationale records the outcome-specific basis.,"Quarterly coverage falls from 874 observed at 3 months to 265 at 24 months out of 1,038. Administrative censoring and discharge are both reported, but their contributions are not separated by employment wave; later substantial incomplete coverage remains uncorrected. Reviewed result: basaraba2023_training_t6m_eet; construct paid_or_education_or_training. Recorded follow-up 6 months, basis since_baseline. Recorded numerator 518. Recorded observed denominator 739."
basaraba2023_training_t6m_eet__jbi6_condition_identification,basaraba2023_training_t6m_eet,jbi6_condition_identification,yes,yes,agree,"dissertation_shared_folder/Data Extraction Papers/jamapsychiatry_basaraba_2022_oi_220073_1671567531.00611.pdf; Methods, Measures, Outcomes, p. 51",Codex AI independent verification agent 3,2026-10-01,Judgement retained after independent source review; replacement rationale records the outcome-specific basis.,"The outcome is explicitly defined as any paid employment or enrolment in full-time or part-time education, including vocational training. This is a valid operational identification of the extracted work/education/training composite; it does not identify paid employment separately. Reviewed result: basaraba2023_training_t6m_eet; construct paid_or_education_or_training. Recorded follow-up 6 months, basis since_baseline. Recorded numerator 518. Recorded observed denominator 739."
basaraba2023_training_t6m_eet__jbi7_condition_measurement,basaraba2023_training_t6m_eet,jbi7_condition_measurement,unclear,unclear,agree,"dissertation_shared_folder/Data Extraction Papers/jamapsychiatry_basaraba_2022_oi_220073_1671567531.00611.pdf; Methods, Sample and Setting, p. 51",Codex AI independent verification agent 3,2026-10-01,Judgement retained after independent source review; replacement rationale records the outcome-specific basis.,"Licensed clinicians recorded occupational status quarterly using client, family and team information. A common definition is described, but reliability of the occupational assessment across clinicians/sites is not established. Reviewed result: basaraba2023_training_t6m_eet; construct paid_or_education_or_training. Recorded follow-up 6 months, basis since_baseline. Recorded numerator 518. Recorded observed denominator 739."
basaraba2023_training_t6m_eet__jbi8_statistical_analysis,basaraba2023_training_t6m_eet,jbi8_statistical_analysis,yes,yes,agree,"dissertation_shared_folder/Data Extraction Papers/jamapsychiatry_basaraba_2022_oi_220073_1671567531.00611.pdf; Table, p. 52; Methods, Statistical Analysis, p. 51",Codex AI independent verification agent 3,2026-10-01,Judgement retained after independent source review; replacement rationale records the outcome-specific basis.,"The quarterly table prints positive and total observations and their matching percentages. These support descriptive observed-sample proportions, with incomplete coverage assessed separately. Reviewed result: basaraba2023_training_t6m_eet; construct paid_or_education_or_training. Recorded follow-up 6 months, basis since_baseline. Recorded numerator 518. Recorded observed denominator 739."
basaraba2023_training_t6m_eet__jbi9_response_rate,basaraba2023_training_t6m_eet,jbi9_response_rate,unclear,unclear,agree,"dissertation_shared_folder/Data Extraction Papers/jamapsychiatry_basaraba_2022_oi_220073_1671567531.00611.pdf; Results, p. 51; Table, p. 52",Codex AI independent verification agent 3,2026-10-01,Judgement retained after independent source review; replacement rationale records the outcome-specific basis.,"Discharge before two years affected 49.8% and administrative censoring 24.7% of clients. Wave-specific employment missingness is not disentangled or adjusted, making early-wave response uncertain and later-wave response inadequate. Reviewed result: basaraba2023_training_t6m_eet; construct paid_or_education_or_training. Recorded follow-up 6 months, basis since_baseline. Recorded numerator 518. Recorded observed denominator 739."
basaraba2023_training_t9m_eet__jbi1_sample_frame,basaraba2023_training_t9m_eet,jbi1_sample_frame,yes,yes,agree,"dissertation_shared_folder/Data Extraction Papers/jamapsychiatry_basaraba_2022_oi_220073_1671567531.00611.pdf; Design Setting and Participants, p. 49; Methods, Sample and Setting, p. 51",Codex AI independent verification agent 3,2026-10-01,Judgement retained after independent source review; replacement rationale records the outcome-specific basis.,"All 1,298 eligible OnTrackNY clients across 20 early-psychosis sites formed the source frame; the analysed training split comprised 1,038 clients across 19 sites. Service-entry population rather than all community psychosis is the relevant frame. Reviewed result: basaraba2023_training_t9m_eet; construct paid_or_education_or_training. Recorded follow-up 9 months, basis since_baseline. Recorded numerator 465. Recorded observed denominator 646."
basaraba2023_training_t9m_eet__jbi2_participant_sampling,basaraba2023_training_t9m_eet,jbi2_participant_sampling,yes,yes,agree,"dissertation_shared_folder/Data Extraction Papers/jamapsychiatry_basaraba_2022_oi_220073_1671567531.00611.pdf; Methods, Sample and Setting, p. 51",Codex AI independent verification agent 3,2026-10-01,Judgement retained after independent source review; replacement rationale records the outcome-specific basis.,"The programme census was divided for model training and holdout validation. The holdout split was methodological rather than selected on employment, and there was no additional employment-based recruitment step. Reviewed result: basaraba2023_training_t9m_eet; construct paid_or_education_or_training. Recorded follow-up 9 months, basis since_baseline. Recorded numerator 465. Recorded observed denominator 646."
basaraba2023_training_t9m_eet__jbi3_sample_size,basaraba2023_training_t9m_eet,jbi3_sample_size,yes,yes,agree,"dissertation_shared_folder/Data Extraction Papers/jamapsychiatry_basaraba_2022_oi_220073_1671567531.00611.pdf; Methods, Statistical Analysis, p. 51; Table, p. 52",Codex AI independent verification agent 3,2026-10-01,Judgement retained after independent source review; replacement rationale records the outcome-specific basis.,"The training population numbered 1,038; quarterly observed denominators remained 265 or more. Descriptive prevalence precision is adequate, although administrative censoring and attrition affect coverage independently of size. Reviewed result: basaraba2023_training_t9m_eet; construct paid_or_education_or_training. Recorded follow-up 9 months, basis since_baseline. Recorded numerator 465. Recorded observed denominator 646."
basaraba2023_training_t9m_eet__jbi4_subjects_setting_described,basaraba2023_training_t9m_eet,jbi4_subjects_setting_described,unclear,unclear,agree,"dissertation_shared_folder/Data Extraction Papers/jamapsychiatry_basaraba_2022_oi_220073_1671567531.00611.pdf; Results, p. 51; Methods, Statistical Analysis, p. 51",Codex AI independent verification agent 3,2026-10-01,Judgement retained after independent source review; replacement rationale records the outcome-specific basis.,"Table 1 describes the full 1,298 clients, while comparable demographics and baseline occupational distributions for the 1,038 training clients are not fully presented. The site setting is described but subgroup description is incomplete. Reviewed result: basaraba2023_training_t9m_eet; construct paid_or_education_or_training. Recorded follow-up 9 months, basis since_baseline. Recorded numerator 465. Recorded observed denominator 646."
basaraba2023_training_t9m_eet__jbi5_coverage_of_sample,basaraba2023_training_t9m_eet,jbi5_coverage_of_sample,unclear,unclear,agree,"dissertation_shared_folder/Data Extraction Papers/jamapsychiatry_basaraba_2022_oi_220073_1671567531.00611.pdf; Methods, Statistical Analysis, p. 51; Results, p. 51; Table, p. 52",Codex AI independent verification agent 3,2026-10-01,Judgement retained after independent source review; replacement rationale records the outcome-specific basis.,"Quarterly coverage falls from 874 observed at 3 months to 265 at 24 months out of 1,038. Administrative censoring and discharge are both reported, but their contributions are not separated by employment wave; later substantial incomplete coverage remains uncorrected. Reviewed result: basaraba2023_training_t9m_eet; construct paid_or_education_or_training. Recorded follow-up 9 months, basis since_baseline. Recorded numerator 465. Recorded observed denominator 646."
basaraba2023_training_t9m_eet__jbi6_condition_identification,basaraba2023_training_t9m_eet,jbi6_condition_identification,yes,yes,agree,"dissertation_shared_folder/Data Extraction Papers/jamapsychiatry_basaraba_2022_oi_220073_1671567531.00611.pdf; Methods, Measures, Outcomes, p. 51",Codex AI independent verification agent 3,2026-10-01,Judgement retained after independent source review; replacement rationale records the outcome-specific basis.,"The outcome is explicitly defined as any paid employment or enrolment in full-time or part-time education, including vocational training. This is a valid operational identification of the extracted work/education/training composite; it does not identify paid employment separately. Reviewed result: basaraba2023_training_t9m_eet; construct paid_or_education_or_training. Recorded follow-up 9 months, basis since_baseline. Recorded numerator 465. Recorded observed denominator 646."
basaraba2023_training_t9m_eet__jbi7_condition_measurement,basaraba2023_training_t9m_eet,jbi7_condition_measurement,unclear,unclear,agree,"dissertation_shared_folder/Data Extraction Papers/jamapsychiatry_basaraba_2022_oi_220073_1671567531.00611.pdf; Methods, Sample and Setting, p. 51",Codex AI independent verification agent 3,2026-10-01,Judgement retained after independent source review; replacement rationale records the outcome-specific basis.,"Licensed clinicians recorded occupational status quarterly using client, family and team information. A common definition is described, but reliability of the occupational assessment across clinicians/sites is not established. Reviewed result: basaraba2023_training_t9m_eet; construct paid_or_education_or_training. Recorded follow-up 9 months, basis since_baseline. Recorded numerator 465. Recorded observed denominator 646."
basaraba2023_training_t9m_eet__jbi8_statistical_analysis,basaraba2023_training_t9m_eet,jbi8_statistical_analysis,yes,yes,agree,"dissertation_shared_folder/Data Extraction Papers/jamapsychiatry_basaraba_2022_oi_220073_1671567531.00611.pdf; Table, p. 52; Methods, Statistical Analysis, p. 51",Codex AI independent verification agent 3,2026-10-01,Judgement retained after independent source review; replacement rationale records the outcome-specific basis.,"The quarterly table prints positive and total observations and their matching percentages. These support descriptive observed-sample proportions, with incomplete coverage assessed separately. Reviewed result: basaraba2023_training_t9m_eet; construct paid_or_education_or_training. Recorded follow-up 9 months, basis since_baseline. Recorded numerator 465. Recorded observed denominator 646."
basaraba2023_training_t9m_eet__jbi9_response_rate,basaraba2023_training_t9m_eet,jbi9_response_rate,unclear,unclear,agree,"dissertation_shared_folder/Data Extraction Papers/jamapsychiatry_basaraba_2022_oi_220073_1671567531.00611.pdf; Results, p. 51; Table, p. 52",Codex AI independent verification agent 3,2026-10-01,Judgement retained after independent source review; replacement rationale records the outcome-specific basis.,"Discharge before two years affected 49.8% and administrative censoring 24.7% of clients. Wave-specific employment missingness is not disentangled or adjusted, making early-wave response uncertain and later-wave response inadequate. Reviewed result: basaraba2023_training_t9m_eet; construct paid_or_education_or_training. Recorded follow-up 9 months, basis since_baseline. Recorded numerator 465. Recorded observed denominator 646."
basaraba2023_training_t12m_eet__jbi1_sample_frame,basaraba2023_training_t12m_eet,jbi1_sample_frame,yes,yes,agree,"dissertation_shared_folder/Data Extraction Papers/jamapsychiatry_basaraba_2022_oi_220073_1671567531.00611.pdf; Design Setting and Participants, p. 49; Methods, Sample and Setting, p. 51",Codex AI independent verification agent 3,2026-10-01,Judgement retained after independent source review; replacement rationale records the outcome-specific basis.,"All 1,298 eligible OnTrackNY clients across 20 early-psychosis sites formed the source frame; the analysed training split comprised 1,038 clients across 19 sites. Service-entry population rather than all community psychosis is the relevant frame. Reviewed result: basaraba2023_training_t12m_eet; construct paid_or_education_or_training. Recorded follow-up 12 months, basis since_baseline. Recorded numerator 397. Recorded observed denominator 555."
basaraba2023_training_t12m_eet__jbi2_participant_sampling,basaraba2023_training_t12m_eet,jbi2_participant_sampling,yes,yes,agree,"dissertation_shared_folder/Data Extraction Papers/jamapsychiatry_basaraba_2022_oi_220073_1671567531.00611.pdf; Methods, Sample and Setting, p. 51",Codex AI independent verification agent 3,2026-10-01,Judgement retained after independent source review; replacement rationale records the outcome-specific basis.,"The programme census was divided for model training and holdout validation. The holdout split was methodological rather than selected on employment, and there was no additional employment-based recruitment step. Reviewed result: basaraba2023_training_t12m_eet; construct paid_or_education_or_training. Recorded follow-up 12 months, basis since_baseline. Recorded numerator 397. Recorded observed denominator 555."
basaraba2023_training_t12m_eet__jbi3_sample_size,basaraba2023_training_t12m_eet,jbi3_sample_size,yes,yes,agree,"dissertation_shared_folder/Data Extraction Papers/jamapsychiatry_basaraba_2022_oi_220073_1671567531.00611.pdf; Methods, Statistical Analysis, p. 51; Table, p. 52",Codex AI independent verification agent 3,2026-10-01,Judgement retained after independent source review; replacement rationale records the outcome-specific basis.,"The training population numbered 1,038; quarterly observed denominators remained 265 or more. Descriptive prevalence precision is adequate, although administrative censoring and attrition affect coverage independently of size. Reviewed result: basaraba2023_training_t12m_eet; construct paid_or_education_or_training. Recorded follow-up 12 months, basis since_baseline. Recorded numerator 397. Recorded observed denominator 555."
basaraba2023_training_t12m_eet__jbi4_subjects_setting_described,basaraba2023_training_t12m_eet,jbi4_subjects_setting_described,unclear,unclear,agree,"dissertation_shared_folder/Data Extraction Papers/jamapsychiatry_basaraba_2022_oi_220073_1671567531.00611.pdf; Results, p. 51; Methods, Statistical Analysis, p. 51",Codex AI independent verification agent 3,2026-10-01,Judgement retained after independent source review; replacement rationale records the outcome-specific basis.,"Table 1 describes the full 1,298 clients, while comparable demographics and baseline occupational distributions for the 1,038 training clients are not fully presented. The site setting is described but subgroup description is incomplete. Reviewed result: basaraba2023_training_t12m_eet; construct paid_or_education_or_training. Recorded follow-up 12 months, basis since_baseline. Recorded numerator 397. Recorded observed denominator 555."
basaraba2023_training_t12m_eet__jbi5_coverage_of_sample,basaraba2023_training_t12m_eet,jbi5_coverage_of_sample,no,no,agree,"dissertation_shared_folder/Data Extraction Papers/jamapsychiatry_basaraba_2022_oi_220073_1671567531.00611.pdf; Methods, Statistical Analysis, p. 51; Results, p. 51; Table, p. 52",Codex AI independent verification agent 3,2026-10-01,Judgement retained after independent source review; replacement rationale records the outcome-specific basis.,"Quarterly coverage falls from 874 observed at 3 months to 265 at 24 months out of 1,038. Administrative censoring and discharge are both reported, but their contributions are not separated by employment wave; later substantial incomplete coverage remains uncorrected. Reviewed result: basaraba2023_training_t12m_eet; construct paid_or_education_or_training. Recorded follow-up 12 months, basis since_baseline. Recorded numerator 397. Recorded observed denominator 555."
basaraba2023_training_t12m_eet__jbi6_condition_identification,basaraba2023_training_t12m_eet,jbi6_condition_identification,yes,yes,agree,"dissertation_shared_folder/Data Extraction Papers/jamapsychiatry_basaraba_2022_oi_220073_1671567531.00611.pdf; Methods, Measures, Outcomes, p. 51",Codex AI independent verification agent 3,2026-10-01,Judgement retained after independent source review; replacement rationale records the outcome-specific basis.,"The outcome is explicitly defined as any paid employment or enrolment in full-time or part-time education, including vocational training. This is a valid operational identification of the extracted work/education/training composite; it does not identify paid employment separately. Reviewed result: basaraba2023_training_t12m_eet; construct paid_or_education_or_training. Recorded follow-up 12 months, basis since_baseline. Recorded numerator 397. Recorded observed denominator 555."
basaraba2023_training_t12m_eet__jbi7_condition_measurement,basaraba2023_training_t12m_eet,jbi7_condition_measurement,unclear,unclear,agree,"dissertation_shared_folder/Data Extraction Papers/jamapsychiatry_basaraba_2022_oi_220073_1671567531.00611.pdf; Methods, Sample and Setting, p. 51",Codex AI independent verification agent 3,2026-10-01,Judgement retained after independent source review; replacement rationale records the outcome-specific basis.,"Licensed clinicians recorded occupational status quarterly using client, family and team information. A common definition is described, but reliability of the occupational assessment across clinicians/sites is not established. Reviewed result: basaraba2023_training_t12m_eet; construct paid_or_education_or_training. Recorded follow-up 12 months, basis since_baseline. Recorded numerator 397. Recorded observed denominator 555."
basaraba2023_training_t12m_eet__jbi8_statistical_analysis,basaraba2023_training_t12m_eet,jbi8_statistical_analysis,yes,yes,agree,"dissertation_shared_folder/Data Extraction Papers/jamapsychiatry_basaraba_2022_oi_220073_1671567531.00611.pdf; Table, p. 52; Methods, Statistical Analysis, p. 51",Codex AI independent verification agent 3,2026-10-01,Judgement retained after independent source review; replacement rationale records the outcome-specific basis.,"The quarterly table prints positive and total observations and their matching percentages. These support descriptive observed-sample proportions, with incomplete coverage assessed separately. Reviewed result: basaraba2023_training_t12m_eet; construct paid_or_education_or_training. Recorded follow-up 12 months, basis since_baseline. Recorded numerator 397. Recorded observed denominator 555."
basaraba2023_training_t12m_eet__jbi9_response_rate,basaraba2023_training_t12m_eet,jbi9_response_rate,no,no,agree,"dissertation_shared_folder/Data Extraction Papers/jamapsychiatry_basaraba_2022_oi_220073_1671567531.00611.pdf; Results, p. 51; Table, p. 52",Codex AI independent verification agent 3,2026-10-01,Judgement retained after independent source review; replacement rationale records the outcome-specific basis.,"Discharge before two years affected 49.8% and administrative censoring 24.7% of clients. Wave-specific employment missingness is not disentangled or adjusted, making early-wave response uncertain and later-wave response inadequate. Reviewed result: basaraba2023_training_t12m_eet; construct paid_or_education_or_training. Recorded follow-up 12 months, basis since_baseline. Recorded numerator 397. Recorded observed denominator 555."
basaraba2023_training_t15m_eet__jbi1_sample_frame,basaraba2023_training_t15m_eet,jbi1_sample_frame,yes,yes,agree,"dissertation_shared_folder/Data Extraction Papers/jamapsychiatry_basaraba_2022_oi_220073_1671567531.00611.pdf; Design Setting and Participants, p. 49; Methods, Sample and Setting, p. 51",Codex AI independent verification agent 3,2026-10-01,Judgement retained after independent source review; replacement rationale records the outcome-specific basis.,"All 1,298 eligible OnTrackNY clients across 20 early-psychosis sites formed the source frame; the analysed training split comprised 1,038 clients across 19 sites. Service-entry population rather than all community psychosis is the relevant frame. Reviewed result: basaraba2023_training_t15m_eet; construct paid_or_education_or_training. Recorded follow-up 15 months, basis since_baseline. Recorded numerator 340. Recorded observed denominator 480."
basaraba2023_training_t15m_eet__jbi2_participant_sampling,basaraba2023_training_t15m_eet,jbi2_participant_sampling,yes,yes,agree,"dissertation_shared_folder/Data Extraction Papers/jamapsychiatry_basaraba_2022_oi_220073_1671567531.00611.pdf; Methods, Sample and Setting, p. 51",Codex AI independent verification agent 3,2026-10-01,Judgement retained after independent source review; replacement rationale records the outcome-specific basis.,"The programme census was divided for model training and holdout validation. The holdout split was methodological rather than selected on employment, and there was no additional employment-based recruitment step. Reviewed result: basaraba2023_training_t15m_eet; construct paid_or_education_or_training. Recorded follow-up 15 months, basis since_baseline. Recorded numerator 340. Recorded observed denominator 480."
basaraba2023_training_t15m_eet__jbi3_sample_size,basaraba2023_training_t15m_eet,jbi3_sample_size,yes,yes,agree,"dissertation_shared_folder/Data Extraction Papers/jamapsychiatry_basaraba_2022_oi_220073_1671567531.00611.pdf; Methods, Statistical Analysis, p. 51; Table, p. 52",Codex AI independent verification agent 3,2026-10-01,Judgement retained after independent source review; replacement rationale records the outcome-specific basis.,"The training population numbered 1,038; quarterly observed denominators remained 265 or more. Descriptive prevalence precision is adequate, although administrative censoring and attrition affect coverage independently of size. Reviewed result: basaraba2023_training_t15m_eet; construct paid_or_education_or_training. Recorded follow-up 15 months, basis since_baseline. Recorded numerator 340. Recorded observed denominator 480."
basaraba2023_training_t15m_eet__jbi4_subjects_setting_described,basaraba2023_training_t15m_eet,jbi4_subjects_setting_described,unclear,unclear,agree,"dissertation_shared_folder/Data Extraction Papers/jamapsychiatry_basaraba_2022_oi_220073_1671567531.00611.pdf; Results, p. 51; Methods, Statistical Analysis, p. 51",Codex AI independent verification agent 3,2026-10-01,Judgement retained after independent source review; replacement rationale records the outcome-specific basis.,"Table 1 describes the full 1,298 clients, while comparable demographics and baseline occupational distributions for the 1,038 training clients are not fully presented. The site setting is described but subgroup description is incomplete. Reviewed result: basaraba2023_training_t15m_eet; construct paid_or_education_or_training. Recorded follow-up 15 months, basis since_baseline. Recorded numerator 340. Recorded observed denominator 480."
basaraba2023_training_t15m_eet__jbi5_coverage_of_sample,basaraba2023_training_t15m_eet,jbi5_coverage_of_sample,no,no,agree,"dissertation_shared_folder/Data Extraction Papers/jamapsychiatry_basaraba_2022_oi_220073_1671567531.00611.pdf; Methods, Statistical Analysis, p. 51; Results, p. 51; Table, p. 52",Codex AI independent verification agent 3,2026-10-01,Judgement retained after independent source review; replacement rationale records the outcome-specific basis.,"Quarterly coverage falls from 874 observed at 3 months to 265 at 24 months out of 1,038. Administrative censoring and discharge are both reported, but their contributions are not separated by employment wave; later substantial incomplete coverage remains uncorrected. Reviewed result: basaraba2023_training_t15m_eet; construct paid_or_education_or_training. Recorded follow-up 15 months, basis since_baseline. Recorded numerator 340. Recorded observed denominator 480."
basaraba2023_training_t15m_eet__jbi6_condition_identification,basaraba2023_training_t15m_eet,jbi6_condition_identification,yes,yes,agree,"dissertation_shared_folder/Data Extraction Papers/jamapsychiatry_basaraba_2022_oi_220073_1671567531.00611.pdf; Methods, Measures, Outcomes, p. 51",Codex AI independent verification agent 3,2026-10-01,Judgement retained after independent source review; replacement rationale records the outcome-specific basis.,"The outcome is explicitly defined as any paid employment or enrolment in full-time or part-time education, including vocational training. This is a valid operational identification of the extracted work/education/training composite; it does not identify paid employment separately. Reviewed result: basaraba2023_training_t15m_eet; construct paid_or_education_or_training. Recorded follow-up 15 months, basis since_baseline. Recorded numerator 340. Recorded observed denominator 480."
basaraba2023_training_t15m_eet__jbi7_condition_measurement,basaraba2023_training_t15m_eet,jbi7_condition_measurement,unclear,unclear,agree,"dissertation_shared_folder/Data Extraction Papers/jamapsychiatry_basaraba_2022_oi_220073_1671567531.00611.pdf; Methods, Sample and Setting, p. 51",Codex AI independent verification agent 3,2026-10-01,Judgement retained after independent source review; replacement rationale records the outcome-specific basis.,"Licensed clinicians recorded occupational status quarterly using client, family and team information. A common definition is described, but reliability of the occupational assessment across clinicians/sites is not established. Reviewed result: basaraba2023_training_t15m_eet; construct paid_or_education_or_training. Recorded follow-up 15 months, basis since_baseline. Recorded numerator 340. Recorded observed denominator 480."
basaraba2023_training_t15m_eet__jbi8_statistical_analysis,basaraba2023_training_t15m_eet,jbi8_statistical_analysis,yes,yes,agree,"dissertation_shared_folder/Data Extraction Papers/jamapsychiatry_basaraba_2022_oi_220073_1671567531.00611.pdf; Table, p. 52; Methods, Statistical Analysis, p. 51",Codex AI independent verification agent 3,2026-10-01,Judgement retained after independent source review; replacement rationale records the outcome-specific basis.,"The quarterly table prints positive and total observations and their matching percentages. These support descriptive observed-sample proportions, with incomplete coverage assessed separately. Reviewed result: basaraba2023_training_t15m_eet; construct paid_or_education_or_training. Recorded follow-up 15 months, basis since_baseline. Recorded numerator 340. Recorded observed denominator 480."
basaraba2023_training_t15m_eet__jbi9_response_rate,basaraba2023_training_t15m_eet,jbi9_response_rate,no,no,agree,"dissertation_shared_folder/Data Extraction Papers/jamapsychiatry_basaraba_2022_oi_220073_1671567531.00611.pdf; Results, p. 51; Table, p. 52",Codex AI independent verification agent 3,2026-10-01,Judgement retained after independent source review; replacement rationale records the outcome-specific basis.,"Discharge before two years affected 49.8% and administrative censoring 24.7% of clients. Wave-specific employment missingness is not disentangled or adjusted, making early-wave response uncertain and later-wave response inadequate. Reviewed result: basaraba2023_training_t15m_eet; construct paid_or_education_or_training. Recorded follow-up 15 months, basis since_baseline. Recorded numerator 340. Recorded observed denominator 480."
basaraba2023_training_t18m_eet__jbi1_sample_frame,basaraba2023_training_t18m_eet,jbi1_sample_frame,yes,yes,agree,"dissertation_shared_folder/Data Extraction Papers/jamapsychiatry_basaraba_2022_oi_220073_1671567531.00611.pdf; Design Setting and Participants, p. 49; Methods, Sample and Setting, p. 51",Codex AI independent verification agent 3,2026-10-01,Judgement retained after independent source review; replacement rationale records the outcome-specific basis.,"All 1,298 eligible OnTrackNY clients across 20 early-psychosis sites formed the source frame; the analysed training split comprised 1,038 clients across 19 sites. Service-entry population rather than all community psychosis is the relevant frame. Reviewed result: basaraba2023_training_t18m_eet; construct paid_or_education_or_training. Recorded follow-up 18 months, basis since_baseline. Recorded numerator 287. Recorded observed denominator 409."
basaraba2023_training_t18m_eet__jbi2_participant_sampling,basaraba2023_training_t18m_eet,jbi2_participant_sampling,yes,yes,agree,"dissertation_shared_folder/Data Extraction Papers/jamapsychiatry_basaraba_2022_oi_220073_1671567531.00611.pdf; Methods, Sample and Setting, p. 51",Codex AI independent verification agent 3,2026-10-01,Judgement retained after independent source review; replacement rationale records the outcome-specific basis.,"The programme census was divided for model training and holdout validation. The holdout split was methodological rather than selected on employment, and there was no additional employment-based recruitment step. Reviewed result: basaraba2023_training_t18m_eet; construct paid_or_education_or_training. Recorded follow-up 18 months, basis since_baseline. Recorded numerator 287. Recorded observed denominator 409."
basaraba2023_training_t18m_eet__jbi3_sample_size,basaraba2023_training_t18m_eet,jbi3_sample_size,yes,yes,agree,"dissertation_shared_folder/Data Extraction Papers/jamapsychiatry_basaraba_2022_oi_220073_1671567531.00611.pdf; Methods, Statistical Analysis, p. 51; Table, p. 52",Codex AI independent verification agent 3,2026-10-01,Judgement retained after independent source review; replacement rationale records the outcome-specific basis.,"The training population numbered 1,038; quarterly observed denominators remained 265 or more. Descriptive prevalence precision is adequate, although administrative censoring and attrition affect coverage independently of size. Reviewed result: basaraba2023_training_t18m_eet; construct paid_or_education_or_training. Recorded follow-up 18 months, basis since_baseline. Recorded numerator 287. Recorded observed denominator 409."
basaraba2023_training_t18m_eet__jbi4_subjects_setting_described,basaraba2023_training_t18m_eet,jbi4_subjects_setting_described,unclear,unclear,agree,"dissertation_shared_folder/Data Extraction Papers/jamapsychiatry_basaraba_2022_oi_220073_1671567531.00611.pdf; Results, p. 51; Methods, Statistical Analysis, p. 51",Codex AI independent verification agent 3,2026-10-01,Judgement retained after independent source review; replacement rationale records the outcome-specific basis.,"Table 1 describes the full 1,298 clients, while comparable demographics and baseline occupational distributions for the 1,038 training clients are not fully presented. The site setting is described but subgroup description is incomplete. Reviewed result: basaraba2023_training_t18m_eet; construct paid_or_education_or_training. Recorded follow-up 18 months, basis since_baseline. Recorded numerator 287. Recorded observed denominator 409."
basaraba2023_training_t18m_eet__jbi5_coverage_of_sample,basaraba2023_training_t18m_eet,jbi5_coverage_of_sample,no,no,agree,"dissertation_shared_folder/Data Extraction Papers/jamapsychiatry_basaraba_2022_oi_220073_1671567531.00611.pdf; Methods, Statistical Analysis, p. 51; Results, p. 51; Table, p. 52",Codex AI independent verification agent 3,2026-10-01,Judgement retained after independent source review; replacement rationale records the outcome-specific basis.,"Quarterly coverage falls from 874 observed at 3 months to 265 at 24 months out of 1,038. Administrative censoring and discharge are both reported, but their contributions are not separated by employment wave; later substantial incomplete coverage remains uncorrected. Reviewed result: basaraba2023_training_t18m_eet; construct paid_or_education_or_training. Recorded follow-up 18 months, basis since_baseline. Recorded numerator 287. Recorded observed denominator 409."
basaraba2023_training_t18m_eet__jbi6_condition_identification,basaraba2023_training_t18m_eet,jbi6_condition_identification,yes,yes,agree,"dissertation_shared_folder/Data Extraction Papers/jamapsychiatry_basaraba_2022_oi_220073_1671567531.00611.pdf; Methods, Measures, Outcomes, p. 51",Codex AI independent verification agent 3,2026-10-01,Judgement retained after independent source review; replacement rationale records the outcome-specific basis.,"The outcome is explicitly defined as any paid employment or enrolment in full-time or part-time education, including vocational training. This is a valid operational identification of the extracted work/education/training composite; it does not identify paid employment separately. Reviewed result: basaraba2023_training_t18m_eet; construct paid_or_education_or_training. Recorded follow-up 18 months, basis since_baseline. Recorded numerator 287. Recorded observed denominator 409."
basaraba2023_training_t18m_eet__jbi7_condition_measurement,basaraba2023_training_t18m_eet,jbi7_condition_measurement,unclear,unclear,agree,"dissertation_shared_folder/Data Extraction Papers/jamapsychiatry_basaraba_2022_oi_220073_1671567531.00611.pdf; Methods, Sample and Setting, p. 51",Codex AI independent verification agent 3,2026-10-01,Judgement retained after independent source review; replacement rationale records the outcome-specific basis.,"Licensed clinicians recorded occupational status quarterly using client, family and team information. A common definition is described, but reliability of the occupational assessment across clinicians/sites is not established. Reviewed result: basaraba2023_training_t18m_eet; construct paid_or_education_or_training. Recorded follow-up 18 months, basis since_baseline. Recorded numerator 287. Recorded observed denominator 409."
basaraba2023_training_t18m_eet__jbi8_statistical_analysis,basaraba2023_training_t18m_eet,jbi8_statistical_analysis,yes,yes,agree,"dissertation_shared_folder/Data Extraction Papers/jamapsychiatry_basaraba_2022_oi_220073_1671567531.00611.pdf; Table, p. 52; Methods, Statistical Analysis, p. 51",Codex AI independent verification agent 3,2026-10-01,Judgement retained after independent source review; replacement rationale records the outcome-specific basis.,"The quarterly table prints positive and total observations and their matching percentages. These support descriptive observed-sample proportions, with incomplete coverage assessed separately. Reviewed result: basaraba2023_training_t18m_eet; construct paid_or_education_or_training. Recorded follow-up 18 months, basis since_baseline. Recorded numerator 287. Recorded observed denominator 409."
basaraba2023_training_t18m_eet__jbi9_response_rate,basaraba2023_training_t18m_eet,jbi9_response_rate,no,no,agree,"dissertation_shared_folder/Data Extraction Papers/jamapsychiatry_basaraba_2022_oi_220073_1671567531.00611.pdf; Results, p. 51; Table, p. 52",Codex AI independent verification agent 3,2026-10-01,Judgement retained after independent source review; replacement rationale records the outcome-specific basis.,"Discharge before two years affected 49.8% and administrative censoring 24.7% of clients. Wave-specific employment missingness is not disentangled or adjusted, making early-wave response uncertain and later-wave response inadequate. Reviewed result: basaraba2023_training_t18m_eet; construct paid_or_education_or_training. Recorded follow-up 18 months, basis since_baseline. Recorded numerator 287. Recorded observed denominator 409."
basaraba2023_training_t21m_eet__jbi1_sample_frame,basaraba2023_training_t21m_eet,jbi1_sample_frame,yes,yes,agree,"dissertation_shared_folder/Data Extraction Papers/jamapsychiatry_basaraba_2022_oi_220073_1671567531.00611.pdf; Design Setting and Participants, p. 49; Methods, Sample and Setting, p. 51",Codex AI independent verification agent 3,2026-10-01,Judgement retained after independent source review; replacement rationale records the outcome-specific basis.,"All 1,298 eligible OnTrackNY clients across 20 early-psychosis sites formed the source frame; the analysed training split comprised 1,038 clients across 19 sites. Service-entry population rather than all community psychosis is the relevant frame. Reviewed result: basaraba2023_training_t21m_eet; construct paid_or_education_or_training. Recorded follow-up 21 months, basis since_baseline. Recorded numerator 236. Recorded observed denominator 334."
basaraba2023_training_t21m_eet__jbi2_participant_sampling,basaraba2023_training_t21m_eet,jbi2_participant_sampling,yes,yes,agree,"dissertation_shared_folder/Data Extraction Papers/jamapsychiatry_basaraba_2022_oi_220073_1671567531.00611.pdf; Methods, Sample and Setting, p. 51",Codex AI independent verification agent 3,2026-10-01,Judgement retained after independent source review; replacement rationale records the outcome-specific basis.,"The programme census was divided for model training and holdout validation. The holdout split was methodological rather than selected on employment, and there was no additional employment-based recruitment step. Reviewed result: basaraba2023_training_t21m_eet; construct paid_or_education_or_training. Recorded follow-up 21 months, basis since_baseline. Recorded numerator 236. Recorded observed denominator 334."
basaraba2023_training_t21m_eet__jbi3_sample_size,basaraba2023_training_t21m_eet,jbi3_sample_size,yes,yes,agree,"dissertation_shared_folder/Data Extraction Papers/jamapsychiatry_basaraba_2022_oi_220073_1671567531.00611.pdf; Methods, Statistical Analysis, p. 51; Table, p. 52",Codex AI independent verification agent 3,2026-10-01,Judgement retained after independent source review; replacement rationale records the outcome-specific basis.,"The training population numbered 1,038; quarterly observed denominators remained 265 or more. Descriptive prevalence precision is adequate, although administrative censoring and attrition affect coverage independently of size. Reviewed result: basaraba2023_training_t21m_eet; construct paid_or_education_or_training. Recorded follow-up 21 months, basis since_baseline. Recorded numerator 236. Recorded observed denominator 334."
basaraba2023_training_t21m_eet__jbi4_subjects_setting_described,basaraba2023_training_t21m_eet,jbi4_subjects_setting_described,unclear,unclear,agree,"dissertation_shared_folder/Data Extraction Papers/jamapsychiatry_basaraba_2022_oi_220073_1671567531.00611.pdf; Results, p. 51; Methods, Statistical Analysis, p. 51",Codex AI independent verification agent 3,2026-10-01,Judgement retained after independent source review; replacement rationale records the outcome-specific basis.,"Table 1 describes the full 1,298 clients, while comparable demographics and baseline occupational distributions for the 1,038 training clients are not fully presented. The site setting is described but subgroup description is incomplete. Reviewed result: basaraba2023_training_t21m_eet; construct paid_or_education_or_training. Recorded follow-up 21 months, basis since_baseline. Recorded numerator 236. Recorded observed denominator 334."
basaraba2023_training_t21m_eet__jbi5_coverage_of_sample,basaraba2023_training_t21m_eet,jbi5_coverage_of_sample,no,no,agree,"dissertation_shared_folder/Data Extraction Papers/jamapsychiatry_basaraba_2022_oi_220073_1671567531.00611.pdf; Methods, Statistical Analysis, p. 51; Results, p. 51; Table, p. 52",Codex AI independent verification agent 3,2026-10-01,Judgement retained after independent source review; replacement rationale records the outcome-specific basis.,"Quarterly coverage falls from 874 observed at 3 months to 265 at 24 months out of 1,038. Administrative censoring and discharge are both reported, but their contributions are not separated by employment wave; later substantial incomplete coverage remains uncorrected. Reviewed result: basaraba2023_training_t21m_eet; construct paid_or_education_or_training. Recorded follow-up 21 months, basis since_baseline. Recorded numerator 236. Recorded observed denominator 334."
basaraba2023_training_t21m_eet__jbi6_condition_identification,basaraba2023_training_t21m_eet,jbi6_condition_identification,yes,yes,agree,"dissertation_shared_folder/Data Extraction Papers/jamapsychiatry_basaraba_2022_oi_220073_1671567531.00611.pdf; Methods, Measures, Outcomes, p. 51",Codex AI independent verification agent 3,2026-10-01,Judgement retained after independent source review; replacement rationale records the outcome-specific basis.,"The outcome is explicitly defined as any paid employment or enrolment in full-time or part-time education, including vocational training. This is a valid operational identification of the extracted work/education/training composite; it does not identify paid employment separately. Reviewed result: basaraba2023_training_t21m_eet; construct paid_or_education_or_training. Recorded follow-up 21 months, basis since_baseline. Recorded numerator 236. Recorded observed denominator 334."
basaraba2023_training_t21m_eet__jbi7_condition_measurement,basaraba2023_training_t21m_eet,jbi7_condition_measurement,unclear,unclear,agree,"dissertation_shared_folder/Data Extraction Papers/jamapsychiatry_basaraba_2022_oi_220073_1671567531.00611.pdf; Methods, Sample and Setting, p. 51",Codex AI independent verification agent 3,2026-10-01,Judgement retained after independent source review; replacement rationale records the outcome-specific basis.,"Licensed clinicians recorded occupational status quarterly using client, family and team information. A common definition is described, but reliability of the occupational assessment across clinicians/sites is not established. Reviewed result: basaraba2023_training_t21m_eet; construct paid_or_education_or_training. Recorded follow-up 21 months, basis since_baseline. Recorded numerator 236. Recorded observed denominator 334."
basaraba2023_training_t21m_eet__jbi8_statistical_analysis,basaraba2023_training_t21m_eet,jbi8_statistical_analysis,yes,yes,agree,"dissertation_shared_folder/Data Extraction Papers/jamapsychiatry_basaraba_2022_oi_220073_1671567531.00611.pdf; Table, p. 52; Methods, Statistical Analysis, p. 51",Codex AI independent verification agent 3,2026-10-01,Judgement retained after independent source review; replacement rationale records the outcome-specific basis.,"The quarterly table prints positive and total observations and their matching percentages. These support descriptive observed-sample proportions, with incomplete coverage assessed separately. Reviewed result: basaraba2023_training_t21m_eet; construct paid_or_education_or_training. Recorded follow-up 21 months, basis since_baseline. Recorded numerator 236. Recorded observed denominator 334."
basaraba2023_training_t21m_eet__jbi9_response_rate,basaraba2023_training_t21m_eet,jbi9_response_rate,no,no,agree,"dissertation_shared_folder/Data Extraction Papers/jamapsychiatry_basaraba_2022_oi_220073_1671567531.00611.pdf; Results, p. 51; Table, p. 52",Codex AI independent verification agent 3,2026-10-01,Judgement retained after independent source review; replacement rationale records the outcome-specific basis.,"Discharge before two years affected 49.8% and administrative censoring 24.7% of clients. Wave-specific employment missingness is not disentangled or adjusted, making early-wave response uncertain and later-wave response inadequate. Reviewed result: basaraba2023_training_t21m_eet; construct paid_or_education_or_training. Recorded follow-up 21 months, basis since_baseline. Recorded numerator 236. Recorded observed denominator 334."
basaraba2023_training_t24m_eet__jbi1_sample_frame,basaraba2023_training_t24m_eet,jbi1_sample_frame,yes,yes,agree,"dissertation_shared_folder/Data Extraction Papers/jamapsychiatry_basaraba_2022_oi_220073_1671567531.00611.pdf; Design Setting and Participants, p. 49; Methods, Sample and Setting, p. 51",Codex AI independent verification agent 3,2026-10-01,Judgement retained after independent source review; replacement rationale records the outcome-specific basis.,"All 1,298 eligible OnTrackNY clients across 20 early-psychosis sites formed the source frame; the analysed training split comprised 1,038 clients across 19 sites. Service-entry population rather than all community psychosis is the relevant frame. Reviewed result: basaraba2023_training_t24m_eet; construct paid_or_education_or_training. Recorded follow-up 24 months, basis since_baseline. Recorded numerator 186. Recorded observed denominator 265."
basaraba2023_training_t24m_eet__jbi2_participant_sampling,basaraba2023_training_t24m_eet,jbi2_participant_sampling,yes,yes,agree,"dissertation_shared_folder/Data Extraction Papers/jamapsychiatry_basaraba_2022_oi_220073_1671567531.00611.pdf; Methods, Sample and Setting, p. 51",Codex AI independent verification agent 3,2026-10-01,Judgement retained after independent source review; replacement rationale records the outcome-specific basis.,"The programme census was divided for model training and holdout validation. The holdout split was methodological rather than selected on employment, and there was no additional employment-based recruitment step. Reviewed result: basaraba2023_training_t24m_eet; construct paid_or_education_or_training. Recorded follow-up 24 months, basis since_baseline. Recorded numerator 186. Recorded observed denominator 265."
basaraba2023_training_t24m_eet__jbi3_sample_size,basaraba2023_training_t24m_eet,jbi3_sample_size,yes,yes,agree,"dissertation_shared_folder/Data Extraction Papers/jamapsychiatry_basaraba_2022_oi_220073_1671567531.00611.pdf; Methods, Statistical Analysis, p. 51; Table, p. 52",Codex AI independent verification agent 3,2026-10-01,Judgement retained after independent source review; replacement rationale records the outcome-specific basis.,"The training population numbered 1,038; quarterly observed denominators remained 265 or more. Descriptive prevalence precision is adequate, although administrative censoring and attrition affect coverage independently of size. Reviewed result: basaraba2023_training_t24m_eet; construct paid_or_education_or_training. Recorded follow-up 24 months, basis since_baseline. Recorded numerator 186. Recorded observed denominator 265."
basaraba2023_training_t24m_eet__jbi4_subjects_setting_described,basaraba2023_training_t24m_eet,jbi4_subjects_setting_described,unclear,unclear,agree,"dissertation_shared_folder/Data Extraction Papers/jamapsychiatry_basaraba_2022_oi_220073_1671567531.00611.pdf; Results, p. 51; Methods, Statistical Analysis, p. 51",Codex AI independent verification agent 3,2026-10-01,Judgement retained after independent source review; replacement rationale records the outcome-specific basis.,"Table 1 describes the full 1,298 clients, while comparable demographics and baseline occupational distributions for the 1,038 training clients are not fully presented. The site setting is described but subgroup description is incomplete. Reviewed result: basaraba2023_training_t24m_eet; construct paid_or_education_or_training. Recorded follow-up 24 months, basis since_baseline. Recorded numerator 186. Recorded observed denominator 265."
basaraba2023_training_t24m_eet__jbi5_coverage_of_sample,basaraba2023_training_t24m_eet,jbi5_coverage_of_sample,no,no,agree,"dissertation_shared_folder/Data Extraction Papers/jamapsychiatry_basaraba_2022_oi_220073_1671567531.00611.pdf; Methods, Statistical Analysis, p. 51; Results, p. 51; Table, p. 52",Codex AI independent verification agent 3,2026-10-01,Judgement retained after independent source review; replacement rationale records the outcome-specific basis.,"Quarterly coverage falls from 874 observed at 3 months to 265 at 24 months out of 1,038. Administrative censoring and discharge are both reported, but their contributions are not separated by employment wave; later substantial incomplete coverage remains uncorrected. Reviewed result: basaraba2023_training_t24m_eet; construct paid_or_education_or_training. Recorded follow-up 24 months, basis since_baseline. Recorded numerator 186. Recorded observed denominator 265."
basaraba2023_training_t24m_eet__jbi6_condition_identification,basaraba2023_training_t24m_eet,jbi6_condition_identification,yes,yes,agree,"dissertation_shared_folder/Data Extraction Papers/jamapsychiatry_basaraba_2022_oi_220073_1671567531.00611.pdf; Methods, Measures, Outcomes, p. 51",Codex AI independent verification agent 3,2026-10-01,Judgement retained after independent source review; replacement rationale records the outcome-specific basis.,"The outcome is explicitly defined as any paid employment or enrolment in full-time or part-time education, including vocational training. This is a valid operational identification of the extracted work/education/training composite; it does not identify paid employment separately. Reviewed result: basaraba2023_training_t24m_eet; construct paid_or_education_or_training. Recorded follow-up 24 months, basis since_baseline. Recorded numerator 186. Recorded observed denominator 265."
basaraba2023_training_t24m_eet__jbi7_condition_measurement,basaraba2023_training_t24m_eet,jbi7_condition_measurement,unclear,unclear,agree,"dissertation_shared_folder/Data Extraction Papers/jamapsychiatry_basaraba_2022_oi_220073_1671567531.00611.pdf; Methods, Sample and Setting, p. 51",Codex AI independent verification agent 3,2026-10-01,Judgement retained after independent source review; replacement rationale records the outcome-specific basis.,"Licensed clinicians recorded occupational status quarterly using client, family and team information. A common definition is described, but reliability of the occupational assessment across clinicians/sites is not established. Reviewed result: basaraba2023_training_t24m_eet; construct paid_or_education_or_training. Recorded follow-up 24 months, basis since_baseline. Recorded numerator 186. Recorded observed denominator 265."
basaraba2023_training_t24m_eet__jbi8_statistical_analysis,basaraba2023_training_t24m_eet,jbi8_statistical_analysis,yes,yes,agree,"dissertation_shared_folder/Data Extraction Papers/jamapsychiatry_basaraba_2022_oi_220073_1671567531.00611.pdf; Table, p. 52; Methods, Statistical Analysis, p. 51",Codex AI independent verification agent 3,2026-10-01,Judgement retained after independent source review; replacement rationale records the outcome-specific basis.,"The quarterly table prints positive and total observations and their matching percentages. These support descriptive observed-sample proportions, with incomplete coverage assessed separately. Reviewed result: basaraba2023_training_t24m_eet; construct paid_or_education_or_training. Recorded follow-up 24 months, basis since_baseline. Recorded numerator 186. Recorded observed denominator 265."
basaraba2023_training_t24m_eet__jbi9_response_rate,basaraba2023_training_t24m_eet,jbi9_response_rate,no,no,agree,"dissertation_shared_folder/Data Extraction Papers/jamapsychiatry_basaraba_2022_oi_220073_1671567531.00611.pdf; Results, p. 51; Table, p. 52",Codex AI independent verification agent 3,2026-10-01,Judgement retained after independent source review; replacement rationale records the outcome-specific basis.,"Discharge before two years affected 49.8% and administrative censoring 24.7% of clients. Wave-specific employment missingness is not disentangled or adjusted, making early-wave response uncertain and later-wave response inadequate. Reviewed result: basaraba2023_training_t24m_eet; construct paid_or_education_or_training. Recorded follow-up 24 months, basis since_baseline. Recorded numerator 186. Recorded observed denominator 265."
F06_bell2018_cg_t12m_paidcomp_rob2_1_randomisation,bell2018_cg_t12m_paidcomp,rob2_1_randomisation,some_concerns,some_concerns,agree,"dissertation_shared_folder/Data Extraction Papers/s41598-018-20094-w.pdf; Procedures, p. 6; Table 1, p. 3; Results, Sample Characteristics, p. 2",Codex AI independent verification agent 3,2026-10-01,Judgement retained after independent source review; replacement rationale records the outcome-specific basis.,"An independent statistician used block randomisation with block size six. Allocation concealment is not described, and the groups differ in diagnostic composition at baseline; some uncertainty about the randomisation process remains. Reviewed result: bell2018_cg_t12m_paidcomp; construct paid_competitive. Recorded follow-up 12 months, basis since_baseline. Recorded numerator 9. Source verification does not close the separate tool-routing and signalling audit."
F06_bell2018_cg_t12m_paidcomp_rob2_2_deviations,bell2018_cg_t12m_paidcomp,rob2_2_deviations,some_concerns,some_concerns,agree,"dissertation_shared_folder/Data Extraction Papers/s41598-018-20094-w.pdf; Procedures, p. 6; Results and Discussion, pp. 5-6",Codex AI independent verification agent 3,2026-10-01,Judgement retained after independent source review; replacement rationale records the outcome-specific basis.,"Treatment participants and vocational providers were unblinded, and vocational-service participation was not controlled. No definite outcome-relevant deviation caused by the trial context is demonstrated, but the analysis does not resolve this uncertainty. Reviewed result: bell2018_cg_t12m_paidcomp; construct paid_competitive. Recorded follow-up 12 months, basis since_baseline. Recorded numerator 9. Source verification does not close the separate tool-routing and signalling audit."
F06_bell2018_cg_t12m_paidcomp_rob2_3_missing_outcome_data,bell2018_cg_t12m_paidcomp,rob2_3_missing_outcome_data,high,high,agree,"dissertation_shared_folder/Data Extraction Papers/s41598-018-20094-w.pdf; Results, Retention and Adherence and Employment Outcome, pp. 2-4; Tables 2 and 3, pp. 3-4",Codex AI independent verification agent 3,2026-10-01,Judgement retained after independent source review; replacement rationale records the outcome-specific basis.,"Vocational-record availability differs by arm and from interview retention. Cognitive games have contradictory work counts/denominators across text and Tables 2/3, whereas cognitive remediation has vocational records for 36/39; this is outcome-specific rather than interchangeable interview attrition. For this arm: cognitive-games text gives 9/38 competitive workers, Table 3 gives 10/30 ever-employed and Table 2 N=30, against 27/38 retained interviews; the employment base is unresolved. Reviewed result: bell2018_cg_t12m_paidcomp; construct paid_competitive. Recorded follow-up 12 months, basis since_baseline. Recorded numerator 9. Source verification does not close the separate tool-routing and signalling audit."
F06_bell2018_cg_t12m_paidcomp_rob2_4_outcome_measurement,bell2018_cg_t12m_paidcomp,rob2_4_outcome_measurement,low,low,agree,"dissertation_shared_folder/Data Extraction Papers/s41598-018-20094-w.pdf; Measures, Clinical, Quality of Life and Vocational Assessments, pp. 6-7; Table 3, p. 4",Codex AI independent verification agent 3,2026-10-01,Judgement retained after independent source review; replacement rationale records the outcome-specific basis.,"Competitive-work programme records provide objective, reasonably consistent ascertainment; only a few independent workers supplied earnings themselves. Interview staff were blinded, although vocational providers were not. Low risk for measurement of this explicitly competitive-work result is retained. Reviewed result: bell2018_cg_t12m_paidcomp; construct paid_competitive. Recorded follow-up 12 months, basis since_baseline. Recorded numerator 9. Source verification does not close the separate tool-routing and signalling audit."
F06_bell2018_cg_t12m_paidcomp_rob2_5_selective_reporting,bell2018_cg_t12m_paidcomp,rob2_5_selective_reporting,some_concerns,some_concerns,agree,"dissertation_shared_folder/Data Extraction Papers/s41598-018-20094-w.pdf; Acknowledgements (trial registration), p. 8; Results, pp. 2-5",Codex AI independent verification agent 3,2026-10-01,Judgement retained after independent source review; replacement rationale records the outcome-specific basis.,"The paper identifies a trial registration, but the registered protocol and prospective analysis plan were not independently supplied for this review. Multiple vocational outcomes and inconsistent cognitive-games counts prevent high confidence in prespecification. Reviewed result: bell2018_cg_t12m_paidcomp; construct paid_competitive. Recorded follow-up 12 months, basis since_baseline. Recorded numerator 9. Source verification does not close the separate tool-routing and signalling audit."
F06_bell2018_cg_t12m_paidcomp_rob2_overall,bell2018_cg_t12m_paidcomp,rob2_overall,high,high,agree,dissertation_shared_folder/Data Extraction Papers/s41598-018-20094-w.pdf; All domains above,Codex AI independent verification agent 3,2026-10-01,Judgement retained after independent source review; replacement rationale records the outcome-specific basis.,"High overall risk is retained for cognitive games because work counts and denominator availability are contradictory and missingness is unresolved. This is a conditional treatment-comparison rating, not an arm-prevalence JBI appraisal. Reviewed result: bell2018_cg_t12m_paidcomp; construct paid_competitive. Recorded follow-up 12 months, basis since_baseline. Recorded numerator 9. Source verification does not close the separate tool-routing and signalling audit."
F06_bell2018_cr_t12m_paidcomp_rob2_1_randomisation,bell2018_cr_t12m_paidcomp,rob2_1_randomisation,some_concerns,some_concerns,agree,"dissertation_shared_folder/Data Extraction Papers/s41598-018-20094-w.pdf; Procedures, p. 6; Table 1, p. 3; Results, Sample Characteristics, p. 2",Codex AI independent verification agent 3,2026-10-01,Judgement retained after independent source review; replacement rationale records the outcome-specific basis.,"An independent statistician used block randomisation with block size six. Allocation concealment is not described, and the groups differ in diagnostic composition at baseline; some uncertainty about the randomisation process remains. Reviewed result: bell2018_cr_t12m_paidcomp; construct paid_competitive. Recorded follow-up 12 months, basis since_baseline. Recorded numerator 9. Recorded observed denominator 36. Source verification does not close the separate tool-routing and signalling audit."
F06_bell2018_cr_t12m_paidcomp_rob2_2_deviations,bell2018_cr_t12m_paidcomp,rob2_2_deviations,some_concerns,some_concerns,agree,"dissertation_shared_folder/Data Extraction Papers/s41598-018-20094-w.pdf; Procedures, p. 6; Results and Discussion, pp. 5-6",Codex AI independent verification agent 3,2026-10-01,Judgement retained after independent source review; replacement rationale records the outcome-specific basis.,"Treatment participants and vocational providers were unblinded, and vocational-service participation was not controlled. No definite outcome-relevant deviation caused by the trial context is demonstrated, but the analysis does not resolve this uncertainty. Reviewed result: bell2018_cr_t12m_paidcomp; construct paid_competitive. Recorded follow-up 12 months, basis since_baseline. Recorded numerator 9. Recorded observed denominator 36. Source verification does not close the separate tool-routing and signalling audit."
F06_bell2018_cr_t12m_paidcomp_rob2_3_missing_outcome_data,bell2018_cr_t12m_paidcomp,rob2_3_missing_outcome_data,some_concerns,some_concerns,agree,"dissertation_shared_folder/Data Extraction Papers/s41598-018-20094-w.pdf; Results, Retention and Adherence and Employment Outcome, pp. 2-4; Tables 2 and 3, pp. 3-4",Codex AI independent verification agent 3,2026-10-01,Judgement retained after independent source review; replacement rationale records the outcome-specific basis.,"Vocational-record availability differs by arm and from interview retention. Cognitive games have contradictory work counts/denominators across text and Tables 2/3, whereas cognitive remediation has vocational records for 36/39; this is outcome-specific rather than interchangeable interview attrition. For this arm: cognitive-remediation work records are available for 36/39, despite interview retention of 29/39; outcome record coverage rather than interview coverage governs this judgement. Reviewed result: bell2018_cr_t12m_paidcomp; construct paid_competitive. Recorded follow-up 12 months, basis since_baseline. Recorded numerator 9. Recorded observed denominator 36. Source verification does not close the separate tool-routing and signalling audit."
F06_bell2018_cr_t12m_paidcomp_rob2_4_outcome_measurement,bell2018_cr_t12m_paidcomp,rob2_4_outcome_measurement,low,low,agree,"dissertation_shared_folder/Data Extraction Papers/s41598-018-20094-w.pdf; Measures, Clinical, Quality of Life and Vocational Assessments, pp. 6-7; Table 3, p. 4",Codex AI independent verification agent 3,2026-10-01,Judgement retained after independent source review; replacement rationale records the outcome-specific basis.,"Competitive-work programme records provide objective, reasonably consistent ascertainment; only a few independent workers supplied earnings themselves. Interview staff were blinded, although vocational providers were not. Low risk for measurement of this explicitly competitive-work result is retained. Reviewed result: bell2018_cr_t12m_paidcomp; construct paid_competitive. Recorded follow-up 12 months, basis since_baseline. Recorded numerator 9. Recorded observed denominator 36. Source verification does not close the separate tool-routing and signalling audit."
F06_bell2018_cr_t12m_paidcomp_rob2_5_selective_reporting,bell2018_cr_t12m_paidcomp,rob2_5_selective_reporting,some_concerns,some_concerns,agree,"dissertation_shared_folder/Data Extraction Papers/s41598-018-20094-w.pdf; Acknowledgements (trial registration), p. 8; Results, pp. 2-5",Codex AI independent verification agent 3,2026-10-01,Judgement retained after independent source review; replacement rationale records the outcome-specific basis.,"The paper identifies a trial registration, but the registered protocol and prospective analysis plan were not independently supplied for this review. Multiple vocational outcomes and inconsistent cognitive-games counts prevent high confidence in prespecification. Reviewed result: bell2018_cr_t12m_paidcomp; construct paid_competitive. Recorded follow-up 12 months, basis since_baseline. Recorded numerator 9. Recorded observed denominator 36. Source verification does not close the separate tool-routing and signalling audit."
F06_bell2018_cr_t12m_paidcomp_rob2_overall,bell2018_cr_t12m_paidcomp,rob2_overall,some_concerns,some_concerns,agree,dissertation_shared_folder/Data Extraction Papers/s41598-018-20094-w.pdf; All domains above,Codex AI independent verification agent 3,2026-10-01,Judgement retained after independent source review; replacement rationale records the outcome-specific basis.,"Some concerns are retained for cognitive remediation given uncertain randomisation details, trial-context implementation and reporting, while vocational records cover 36/39. This is a conditional treatment-comparison rating, not an arm-prevalence JBI appraisal. Reviewed result: bell2018_cr_t12m_paidcomp; construct paid_competitive. Recorded follow-up 12 months, basis since_baseline. Recorded numerator 9. Recorded observed denominator 36. Source verification does not close the separate tool-routing and signalling audit."
F06_bell2018_cg_t12m_everemployed_rob2_1_randomisation,bell2018_cg_t12m_everemployed,rob2_1_randomisation,some_concerns,some_concerns,agree,"dissertation_shared_folder/Data Extraction Papers/s41598-018-20094-w.pdf; Procedures, p. 6; Table 1, p. 3; Results, Sample Characteristics, p. 2",Codex AI independent verification agent 3,2026-10-01,Judgement retained after independent source review; replacement rationale records the outcome-specific basis.,"An independent statistician used block randomisation with block size six. Allocation concealment is not described, and the groups differ in diagnostic composition at baseline; some uncertainty about the randomisation process remains. Reviewed result: bell2018_cg_t12m_everemployed; construct unclear. Recorded follow-up 12 months, basis since_baseline. Recorded numerator 10. Recorded observed denominator 30. Source verification does not close the separate tool-routing and signalling audit."
F06_bell2018_cg_t12m_everemployed_rob2_2_deviations,bell2018_cg_t12m_everemployed,rob2_2_deviations,some_concerns,some_concerns,agree,"dissertation_shared_folder/Data Extraction Papers/s41598-018-20094-w.pdf; Procedures, p. 6; Results and Discussion, pp. 5-6",Codex AI independent verification agent 3,2026-10-01,Judgement retained after independent source review; replacement rationale records the outcome-specific basis.,"Treatment participants and vocational providers were unblinded, and vocational-service participation was not controlled. No definite outcome-relevant deviation caused by the trial context is demonstrated, but the analysis does not resolve this uncertainty. Reviewed result: bell2018_cg_t12m_everemployed; construct unclear. Recorded follow-up 12 months, basis since_baseline. Recorded numerator 10. Recorded observed denominator 30. Source verification does not close the separate tool-routing and signalling audit."
F06_bell2018_cg_t12m_everemployed_rob2_3_missing_outcome_data,bell2018_cg_t12m_everemployed,rob2_3_missing_outcome_data,high,high,agree,"dissertation_shared_folder/Data Extraction Papers/s41598-018-20094-w.pdf; Results, Retention and Adherence and Employment Outcome, pp. 2-4; Tables 2 and 3, pp. 3-4",Codex AI independent verification agent 3,2026-10-01,Judgement retained after independent source review; replacement rationale records the outcome-specific basis.,"Vocational-record availability differs by arm and from interview retention. Cognitive games have contradictory work counts/denominators across text and Tables 2/3, whereas cognitive remediation has vocational records for 36/39; this is outcome-specific rather than interchangeable interview attrition. For this arm: cognitive-games text gives 9/38 competitive workers, Table 3 gives 10/30 ever-employed and Table 2 N=30, against 27/38 retained interviews; the employment base is unresolved. Reviewed result: bell2018_cg_t12m_everemployed; construct unclear. Recorded follow-up 12 months, basis since_baseline. Recorded numerator 10. Recorded observed denominator 30. Source verification does not close the separate tool-routing and signalling audit."
F06_bell2018_cg_t12m_everemployed_rob2_4_outcome_measurement,bell2018_cg_t12m_everemployed,rob2_4_outcome_measurement,some_concerns,some_concerns,agree,"dissertation_shared_folder/Data Extraction Papers/s41598-018-20094-w.pdf; Measures, Clinical, Quality of Life and Vocational Assessments, pp. 6-7; Table 3, p. 4",Codex AI independent verification agent 3,2026-10-01,Judgement retained after independent source review; replacement rationale records the outcome-specific basis.,"Table 3 reports ever-employed without explaining whether the category requires competitive paid work or also includes other vocational placements. Records exist, but the precise outcome rule is uncertain, supporting some concerns for this broader endpoint. Reviewed result: bell2018_cg_t12m_everemployed; construct unclear. Recorded follow-up 12 months, basis since_baseline. Recorded numerator 10. Recorded observed denominator 30. Source verification does not close the separate tool-routing and signalling audit."
F06_bell2018_cg_t12m_everemployed_rob2_5_selective_reporting,bell2018_cg_t12m_everemployed,rob2_5_selective_reporting,some_concerns,some_concerns,agree,"dissertation_shared_folder/Data Extraction Papers/s41598-018-20094-w.pdf; Acknowledgements (trial registration), p. 8; Results, pp. 2-5",Codex AI independent verification agent 3,2026-10-01,Judgement retained after independent source review; replacement rationale records the outcome-specific basis.,"The paper identifies a trial registration, but the registered protocol and prospective analysis plan were not independently supplied for this review. Multiple vocational outcomes and inconsistent cognitive-games counts prevent high confidence in prespecification. Reviewed result: bell2018_cg_t12m_everemployed; construct unclear. Recorded follow-up 12 months, basis since_baseline. Recorded numerator 10. Recorded observed denominator 30. Source verification does not close the separate tool-routing and signalling audit."
F06_bell2018_cg_t12m_everemployed_rob2_overall,bell2018_cg_t12m_everemployed,rob2_overall,high,high,agree,dissertation_shared_folder/Data Extraction Papers/s41598-018-20094-w.pdf; All domains above,Codex AI independent verification agent 3,2026-10-01,Judgement retained after independent source review; replacement rationale records the outcome-specific basis.,"High overall risk is retained for cognitive games because work counts and denominator availability are contradictory and missingness is unresolved. This is a conditional treatment-comparison rating, not an arm-prevalence JBI appraisal. Reviewed result: bell2018_cg_t12m_everemployed; construct unclear. Recorded follow-up 12 months, basis since_baseline. Recorded numerator 10. Recorded observed denominator 30. Source verification does not close the separate tool-routing and signalling audit."
F06_bell2018_cr_t12m_everemployed_rob2_1_randomisation,bell2018_cr_t12m_everemployed,rob2_1_randomisation,some_concerns,some_concerns,agree,"dissertation_shared_folder/Data Extraction Papers/s41598-018-20094-w.pdf; Procedures, p. 6; Table 1, p. 3; Results, Sample Characteristics, p. 2",Codex AI independent verification agent 3,2026-10-01,Judgement retained after independent source review; replacement rationale records the outcome-specific basis.,"An independent statistician used block randomisation with block size six. Allocation concealment is not described, and the groups differ in diagnostic composition at baseline; some uncertainty about the randomisation process remains. Reviewed result: bell2018_cr_t12m_everemployed; construct unclear. Recorded follow-up 12 months, basis since_baseline. Recorded numerator 11. Recorded observed denominator 36. Source verification does not close the separate tool-routing and signalling audit."
F06_bell2018_cr_t12m_everemployed_rob2_2_deviations,bell2018_cr_t12m_everemployed,rob2_2_deviations,some_concerns,some_concerns,agree,"dissertation_shared_folder/Data Extraction Papers/s41598-018-20094-w.pdf; Procedures, p. 6; Results and Discussion, pp. 5-6",Codex AI independent verification agent 3,2026-10-01,Judgement retained after independent source review; replacement rationale records the outcome-specific basis.,"Treatment participants and vocational providers were unblinded, and vocational-service participation was not controlled. No definite outcome-relevant deviation caused by the trial context is demonstrated, but the analysis does not resolve this uncertainty. Reviewed result: bell2018_cr_t12m_everemployed; construct unclear. Recorded follow-up 12 months, basis since_baseline. Recorded numerator 11. Recorded observed denominator 36. Source verification does not close the separate tool-routing and signalling audit."
F06_bell2018_cr_t12m_everemployed_rob2_3_missing_outcome_data,bell2018_cr_t12m_everemployed,rob2_3_missing_outcome_data,some_concerns,some_concerns,agree,"dissertation_shared_folder/Data Extraction Papers/s41598-018-20094-w.pdf; Results, Retention and Adherence and Employment Outcome, pp. 2-4; Tables 2 and 3, pp. 3-4",Codex AI independent verification agent 3,2026-10-01,Judgement retained after independent source review; replacement rationale records the outcome-specific basis.,"Vocational-record availability differs by arm and from interview retention. Cognitive games have contradictory work counts/denominators across text and Tables 2/3, whereas cognitive remediation has vocational records for 36/39; this is outcome-specific rather than interchangeable interview attrition. For this arm: cognitive-remediation work records are available for 36/39, despite interview retention of 29/39; outcome record coverage rather than interview coverage governs this judgement. Reviewed result: bell2018_cr_t12m_everemployed; construct unclear. Recorded follow-up 12 months, basis since_baseline. Recorded numerator 11. Recorded observed denominator 36. Source verification does not close the separate tool-routing and signalling audit."
F06_bell2018_cr_t12m_everemployed_rob2_4_outcome_measurement,bell2018_cr_t12m_everemployed,rob2_4_outcome_measurement,some_concerns,some_concerns,agree,"dissertation_shared_folder/Data Extraction Papers/s41598-018-20094-w.pdf; Measures, Clinical, Quality of Life and Vocational Assessments, pp. 6-7; Table 3, p. 4",Codex AI independent verification agent 3,2026-10-01,Judgement retained after independent source review; replacement rationale records the outcome-specific basis.,"Table 3 reports ever-employed without explaining whether the category requires competitive paid work or also includes other vocational placements. Records exist, but the precise outcome rule is uncertain, supporting some concerns for this broader endpoint. Reviewed result: bell2018_cr_t12m_everemployed; construct unclear. Recorded follow-up 12 months, basis since_baseline. Recorded numerator 11. Recorded observed denominator 36. Source verification does not close the separate tool-routing and signalling audit."
F06_bell2018_cr_t12m_everemployed_rob2_5_selective_reporting,bell2018_cr_t12m_everemployed,rob2_5_selective_reporting,some_concerns,some_concerns,agree,"dissertation_shared_folder/Data Extraction Papers/s41598-018-20094-w.pdf; Acknowledgements (trial registration), p. 8; Results, pp. 2-5",Codex AI independent verification agent 3,2026-10-01,Judgement retained after independent source review; replacement rationale records the outcome-specific basis.,"The paper identifies a trial registration, but the registered protocol and prospective analysis plan were not independently supplied for this review. Multiple vocational outcomes and inconsistent cognitive-games counts prevent high confidence in prespecification. Reviewed result: bell2018_cr_t12m_everemployed; construct unclear. Recorded follow-up 12 months, basis since_baseline. Recorded numerator 11. Recorded observed denominator 36. Source verification does not close the separate tool-routing and signalling audit."
F06_bell2018_cr_t12m_everemployed_rob2_overall,bell2018_cr_t12m_everemployed,rob2_overall,some_concerns,some_concerns,agree,dissertation_shared_folder/Data Extraction Papers/s41598-018-20094-w.pdf; All domains above,Codex AI independent verification agent 3,2026-10-01,Judgement retained after independent source review; replacement rationale records the outcome-specific basis.,"Some concerns are retained for cognitive remediation given uncertain randomisation details, trial-context implementation and reporting, while vocational records cover 36/39. This is a conditional treatment-comparison rating, not an arm-prevalence JBI appraisal. Reviewed result: bell2018_cr_t12m_everemployed; construct unclear. Recorded follow-up 12 months, basis since_baseline. Recorded numerator 11. Recorded observed denominator 36. Source verification does not close the separate tool-routing and signalling audit."
benson2022_relapse_mostrecent_paidany__jbi1_sample_frame,benson2022_relapse_mostrecent_paidany,jbi1_sample_frame,yes,yes,agree,"dissertation_shared_folder/Data Extraction Papers/benson2022.pdf; Methods, Data Source and Study Design; Figure 1, PDF p. 6; Table 1, PDF p. 3",Codex AI independent verification agent 3,2026-10-01,Judgement retained after independent source review; replacement rationale records the outcome-specific basis.,"The source population is US veterans with at least two recorded schizophrenia diagnoses in the VHA. It is a well-defined healthcare frame, with limited applicability beyond veterans receiving this care. Reviewed result: benson2022_relapse_mostrecent_paidany; construct paid_any. Recorded numerator 929. Recorded observed denominator 16311."
benson2022_relapse_mostrecent_paidany__jbi2_participant_sampling,benson2022_relapse_mostrecent_paidany,jbi2_participant_sampling,no,no,agree,"dissertation_shared_folder/Data Extraction Papers/benson2022.pdf; Methods, Statistical Analysis; Figure 1, PDF p. 6",Codex AI independent verification agent 3,2026-10-01,Judgement retained after independent source review; replacement rationale records the outcome-specific basis.,"Propensity matching selected 16,862 people per relapse stratum using demographic/geographic variables. This is a comparative matched subset rather than an unselected prevalence census. Reviewed result: benson2022_relapse_mostrecent_paidany; construct paid_any. Recorded numerator 929. Recorded observed denominator 16311."
benson2022_relapse_mostrecent_paidany__jbi3_sample_size,benson2022_relapse_mostrecent_paidany,jbi3_sample_size,yes,yes,agree,"dissertation_shared_folder/Data Extraction Papers/benson2022.pdf; Table 3, PDF p. 5",Codex AI independent verification agent 3,2026-10-01,Judgement retained after independent source review; replacement rationale records the outcome-specific basis.,"Both matched groups exceed 16,000 people and provide precise descriptive proportions even after small amounts of missing employment data. Reviewed result: benson2022_relapse_mostrecent_paidany; construct paid_any. Recorded numerator 929. Recorded observed denominator 16311."
benson2022_relapse_mostrecent_paidany__jbi4_subjects_setting_described,benson2022_relapse_mostrecent_paidany,jbi4_subjects_setting_described,yes,yes,agree,"dissertation_shared_folder/Data Extraction Papers/benson2022.pdf; Table 1, PDF p. 3; Methods, Data Source",Codex AI independent verification agent 3,2026-10-01,Judgement retained after independent source review; replacement rationale records the outcome-specific basis.,"Tables 1 and 2 describe the VHA setting, age, sex, race, clinical characteristics and propensity-matching variables for the analysed groups. Reviewed result: benson2022_relapse_mostrecent_paidany; construct paid_any. Recorded numerator 929. Recorded observed denominator 16311."
benson2022_relapse_mostrecent_paidany__jbi5_coverage_of_sample,benson2022_relapse_mostrecent_paidany,jbi5_coverage_of_sample,yes,yes,agree,"dissertation_shared_folder/Data Extraction Papers/benson2022.pdf; Table 3, PDF p. 5; Methods, Study Outcomes",Codex AI independent verification agent 3,2026-10-01,Judgement retained after independent source review; replacement rationale records the outcome-specific basis.,"Employment was observed for 16,311/16,862 relapse patients and 16,361/16,862 non-relapse patients. Missingness is approximately 3.3% and 3.0%, respectively, and coverage is high. Reviewed result: benson2022_relapse_mostrecent_paidany; construct paid_any. Recorded numerator 929. Recorded observed denominator 16311."
benson2022_relapse_mostrecent_paidany__jbi6_condition_identification,benson2022_relapse_mostrecent_paidany,jbi6_condition_identification,unclear,unclear,agree,"dissertation_shared_folder/Data Extraction Papers/benson2022.pdf; Methods, Data Source; Table 3, PDF p. 5",Codex AI independent verification agent 3,2026-10-01,Judgement retained after independent source review; replacement rationale records the outcome-specific basis.,"The employment field distinguishes full-time, part-time and self-employment, but the clinical recording rules and validation of this field are not reported. Diagnostic coding identifies eligibility, not the employment condition being appraised. Reviewed result: benson2022_relapse_mostrecent_paidany; construct paid_any. Recorded numerator 929. Recorded observed denominator 16311."
benson2022_relapse_mostrecent_paidany__jbi7_condition_measurement,benson2022_relapse_mostrecent_paidany,jbi7_condition_measurement,no,no,agree,"dissertation_shared_folder/Data Extraction Papers/benson2022.pdf; Methods, Study Outcomes and Data Source; Discussion, limitations",Codex AI independent verification agent 3,2026-10-01,Judgement retained after independent source review; replacement rationale records the outcome-specific basis.,The latest non-missing employment observation during 2013-2019 was selected from a field updated biannually. Observation timing is non-uniform and not anchored to a common employment measurement date. Reviewed result: benson2022_relapse_mostrecent_paidany; construct paid_any. Recorded numerator 929. Recorded observed denominator 16311.
benson2022_relapse_mostrecent_paidany__jbi8_statistical_analysis,benson2022_relapse_mostrecent_paidany,jbi8_statistical_analysis,no,no,agree,"dissertation_shared_folder/Data Extraction Papers/benson2022.pdf; Table 3 and Table 1, PDF p. 5 and p. 3",Codex AI independent verification agent 3,2026-10-01,Judgement retained after independent source review; replacement rationale records the outcome-specific basis.,"The relapse employment categories 577, 284 and 68 sum to 929, and 551 records are missing, giving 16,311 observed. The printed full-time percentage 5.4% is incompatible with 577/16,862 (3.4%), and the column percentages do not form a coherent partition. This employment-specific reporting inconsistency supports no for the relapse result; an unrelated cancer error is unnecessary to the judgement. Reviewed result: benson2022_relapse_mostrecent_paidany; construct paid_any. Recorded numerator 929. Recorded observed denominator 16311."
benson2022_relapse_mostrecent_paidany__jbi9_response_rate,benson2022_relapse_mostrecent_paidany,jbi9_response_rate,yes,yes,agree,"dissertation_shared_folder/Data Extraction Papers/benson2022.pdf; Table 3, PDF p. 5; Methods, Study Outcomes",Codex AI independent verification agent 3,2026-10-01,Judgement retained after independent source review; replacement rationale records the outcome-specific basis.,"The observed employment denominators show small missing proportions in each arm. Response coverage is adequate for the recorded-status description, while variable observation timing remains a separate limitation. Reviewed result: benson2022_relapse_mostrecent_paidany; construct paid_any. Recorded numerator 929. Recorded observed denominator 16311."
benson2022_nonrelapse_mostrecent_paidany__jbi1_sample_frame,benson2022_nonrelapse_mostrecent_paidany,jbi1_sample_frame,yes,yes,agree,"dissertation_shared_folder/Data Extraction Papers/benson2022.pdf; Methods, Data Source and Study Design; Figure 1, PDF p. 6; Table 1, PDF p. 3",Codex AI independent verification agent 3,2026-10-01,Judgement retained after independent source review; replacement rationale records the outcome-specific basis.,"The source population is US veterans with at least two recorded schizophrenia diagnoses in the VHA. It is a well-defined healthcare frame, with limited applicability beyond veterans receiving this care. Reviewed result: benson2022_nonrelapse_mostrecent_paidany; construct paid_any. Recorded numerator 1429. Recorded observed denominator 16361."
benson2022_nonrelapse_mostrecent_paidany__jbi2_participant_sampling,benson2022_nonrelapse_mostrecent_paidany,jbi2_participant_sampling,no,no,agree,"dissertation_shared_folder/Data Extraction Papers/benson2022.pdf; Methods, Statistical Analysis; Figure 1, PDF p. 6",Codex AI independent verification agent 3,2026-10-01,Judgement retained after independent source review; replacement rationale records the outcome-specific basis.,"Propensity matching selected 16,862 people per relapse stratum using demographic/geographic variables. This is a comparative matched subset rather than an unselected prevalence census. Reviewed result: benson2022_nonrelapse_mostrecent_paidany; construct paid_any. Recorded numerator 1429. Recorded observed denominator 16361."
benson2022_nonrelapse_mostrecent_paidany__jbi3_sample_size,benson2022_nonrelapse_mostrecent_paidany,jbi3_sample_size,yes,yes,agree,"dissertation_shared_folder/Data Extraction Papers/benson2022.pdf; Table 3, PDF p. 5",Codex AI independent verification agent 3,2026-10-01,Judgement retained after independent source review; replacement rationale records the outcome-specific basis.,"Both matched groups exceed 16,000 people and provide precise descriptive proportions even after small amounts of missing employment data. Reviewed result: benson2022_nonrelapse_mostrecent_paidany; construct paid_any. Recorded numerator 1429. Recorded observed denominator 16361."
benson2022_nonrelapse_mostrecent_paidany__jbi4_subjects_setting_described,benson2022_nonrelapse_mostrecent_paidany,jbi4_subjects_setting_described,yes,yes,agree,"dissertation_shared_folder/Data Extraction Papers/benson2022.pdf; Table 1, PDF p. 3; Methods, Data Source",Codex AI independent verification agent 3,2026-10-01,Judgement retained after independent source review; replacement rationale records the outcome-specific basis.,"Tables 1 and 2 describe the VHA setting, age, sex, race, clinical characteristics and propensity-matching variables for the analysed groups. Reviewed result: benson2022_nonrelapse_mostrecent_paidany; construct paid_any. Recorded numerator 1429. Recorded observed denominator 16361."
benson2022_nonrelapse_mostrecent_paidany__jbi5_coverage_of_sample,benson2022_nonrelapse_mostrecent_paidany,jbi5_coverage_of_sample,yes,yes,agree,"dissertation_shared_folder/Data Extraction Papers/benson2022.pdf; Table 3, PDF p. 5; Methods, Study Outcomes",Codex AI independent verification agent 3,2026-10-01,Judgement retained after independent source review; replacement rationale records the outcome-specific basis.,"Employment was observed for 16,311/16,862 relapse patients and 16,361/16,862 non-relapse patients. Missingness is approximately 3.3% and 3.0%, respectively, and coverage is high. Reviewed result: benson2022_nonrelapse_mostrecent_paidany; construct paid_any. Recorded numerator 1429. Recorded observed denominator 16361."
benson2022_nonrelapse_mostrecent_paidany__jbi6_condition_identification,benson2022_nonrelapse_mostrecent_paidany,jbi6_condition_identification,unclear,unclear,agree,"dissertation_shared_folder/Data Extraction Papers/benson2022.pdf; Methods, Data Source; Table 3, PDF p. 5",Codex AI independent verification agent 3,2026-10-01,Judgement retained after independent source review; replacement rationale records the outcome-specific basis.,"The employment field distinguishes full-time, part-time and self-employment, but the clinical recording rules and validation of this field are not reported. Diagnostic coding identifies eligibility, not the employment condition being appraised. Reviewed result: benson2022_nonrelapse_mostrecent_paidany; construct paid_any. Recorded numerator 1429. Recorded observed denominator 16361."
benson2022_nonrelapse_mostrecent_paidany__jbi7_condition_measurement,benson2022_nonrelapse_mostrecent_paidany,jbi7_condition_measurement,no,no,agree,"dissertation_shared_folder/Data Extraction Papers/benson2022.pdf; Methods, Study Outcomes and Data Source; Discussion, limitations",Codex AI independent verification agent 3,2026-10-01,Judgement retained after independent source review; replacement rationale records the outcome-specific basis.,The latest non-missing employment observation during 2013-2019 was selected from a field updated biannually. Observation timing is non-uniform and not anchored to a common employment measurement date. Reviewed result: benson2022_nonrelapse_mostrecent_paidany; construct paid_any. Recorded numerator 1429. Recorded observed denominator 16361.
benson2022_nonrelapse_mostrecent_paidany__jbi8_statistical_analysis,benson2022_nonrelapse_mostrecent_paidany,jbi8_statistical_analysis,no,yes,disagree,"dissertation_shared_folder/Data Extraction Papers/benson2022.pdf; Table 3 and Table 1, PDF p. 5 and p. 3",Codex AI independent verification agent 3,2026-10-01,Source-grounded judgement correction; replacement rationale supplied in notes.,"The non-relapse Table 3 employment categories are 908 full-time, 428 part-time and 93 self-employed, giving 1,429/16,361 observed employment records. Counts and percentages reproduce; the unrelated cancer-table error and relapse-column employment error do not establish failure of statistical analysis for this non-relapse employment result. Missing confidence intervals are a reporting limitation rather than sufficient grounds for a negative judgement on an otherwise transparent descriptive calculation. Reviewed result: benson2022_nonrelapse_mostrecent_paidany; construct paid_any. Recorded numerator 1429. Recorded observed denominator 16361."
benson2022_nonrelapse_mostrecent_paidany__jbi9_response_rate,benson2022_nonrelapse_mostrecent_paidany,jbi9_response_rate,yes,yes,agree,"dissertation_shared_folder/Data Extraction Papers/benson2022.pdf; Table 3, PDF p. 5; Methods, Study Outcomes",Codex AI independent verification agent 3,2026-10-01,Judgement retained after independent source review; replacement rationale records the outcome-specific basis.,"The observed employment denominators show small missing proportions in each arm. Response coverage is adequate for the recorded-status description, while variable observation timing remains a separate limitation. Reviewed result: benson2022_nonrelapse_mostrecent_paidany; construct paid_any. Recorded numerator 1429. Recorded observed denominator 16361."
F06_bhullar2018_cohort_t120m_paidany_jbi1_sample_frame,bhullar2018_cohort_t120m_paidany,jbi1_sample_frame,yes,yes,agree,"dissertation_shared_folder/Data Extraction Papers/s00127-017-1464-z.pdf; Methods, Study participants, p. 172; Limitations, p. 179",Codex AI independent verification agent 3,2026-10-01,Judgement retained after independent source review; replacement rationale records the outcome-specific basis.,"The long-term cohort comprises consenting PEPP clients, with English-language and outpatient eligibility restrictions. The coverage of all otherwise eligible catchment clients is not established. Reviewed result: bhullar2018_cohort_t120m_paidany; construct paid_any. Recorded follow-up 120 months, basis since_baseline. Recorded numerator 35. Recorded observed denominator 65."
F06_bhullar2018_cohort_t120m_paidany_jbi2_participant_sampling,bhullar2018_cohort_t120m_paidany,jbi2_participant_sampling,unclear,unclear,agree,"dissertation_shared_folder/Data Extraction Papers/s00127-017-1464-z.pdf; Methods, Study participants, p. 172; Fig. 1, p. 174",Codex AI independent verification agent 3,2026-10-01,Judgement retained after independent source review; replacement rationale records the outcome-specific basis.,"The study recontacted a consenting long-term service cohort; the original recruitment was not a documented probability or complete catchment sample. Follow-up participation could be selective. Reviewed result: bhullar2018_cohort_t120m_paidany; construct paid_any. Recorded follow-up 120 months, basis since_baseline. Recorded numerator 35. Recorded observed denominator 65."
F06_bhullar2018_cohort_t120m_paidany_jbi3_sample_size,bhullar2018_cohort_t120m_paidany,jbi3_sample_size,no,no,agree,"dissertation_shared_folder/Data Extraction Papers/s00127-017-1464-z.pdf; Limitations, p. 179",Codex AI independent verification agent 3,2026-10-01,Judgement retained after independent source review; replacement rationale records the outcome-specific basis.,"The analysed sample is 65 and provides fairly wide prevalence uncertainty. Adequacy cannot be judged from regression power alone; no prevalence-specific target or precision justification is supplied. Reviewed result: bhullar2018_cohort_t120m_paidany; construct paid_any. Recorded follow-up 120 months, basis since_baseline. Recorded numerator 35. Recorded observed denominator 65."
F06_bhullar2018_cohort_t120m_paidany_jbi4_subjects_setting_described,bhullar2018_cohort_t120m_paidany,jbi4_subjects_setting_described,yes,yes,agree,"dissertation_shared_folder/Data Extraction Papers/s00127-017-1464-z.pdf; Tables 1 and 2, pp. 174-175",Codex AI independent verification agent 3,2026-10-01,Judgement retained after independent source review; replacement rationale records the outcome-specific basis.,"The service and participants are described, including diagnoses, demographic variables and long-term clinical characteristics. Reviewed result: bhullar2018_cohort_t120m_paidany; construct paid_any. Recorded follow-up 120 months, basis since_baseline. Recorded numerator 35. Recorded observed denominator 65."
F06_bhullar2018_cohort_t120m_paidany_jbi5_coverage_of_sample,bhullar2018_cohort_t120m_paidany,jbi5_coverage_of_sample,no,no,agree,"dissertation_shared_folder/Data Extraction Papers/s00127-017-1464-z.pdf; Results, Sample, p. 173; Fig. 1, p. 174; Limitations, p. 179",Codex AI independent verification agent 3,2026-10-01,Judgement retained after independent source review; replacement rationale records the outcome-specific basis.,"Only 65/132 original participants enter the reported long-term analysis. Refusal/nonparticipation accounts for substantial exclusion, and baseline comparisons do not correct the occupational prevalence. Reviewed result: bhullar2018_cohort_t120m_paidany; construct paid_any. Recorded follow-up 120 months, basis since_baseline. Recorded numerator 35. Recorded observed denominator 65."
F06_bhullar2018_cohort_t120m_paidany_jbi6_condition_identification,bhullar2018_cohort_t120m_paidany,jbi6_condition_identification,yes,unclear,disagree,"dissertation_shared_folder/Data Extraction Papers/s00127-017-1464-z.pdf; Methods, Variables and measures/Occupational activity, p. 173; Table 2, p. 175",Codex AI independent verification agent 3,2026-10-01,Source-grounded judgement correction; replacement rationale supplied in notes.,"Table 2 records employed 35/65 versus unemployed 30/65, but it does not define remuneration, minimum hours, reference period or an employment instrument. The schizophrenia diagnostic criteria do not establish validity of the employment condition; unclear is appropriate. Reviewed result: bhullar2018_cohort_t120m_paidany; construct paid_any. Recorded follow-up 120 months, basis since_baseline. Recorded numerator 35. Recorded observed denominator 65."
F06_bhullar2018_cohort_t120m_paidany_jbi7_condition_measurement,bhullar2018_cohort_t120m_paidany,jbi7_condition_measurement,unclear,unclear,agree,"dissertation_shared_folder/Data Extraction Papers/s00127-017-1464-z.pdf; Table 2, Employment status, p. 175; Results, Sample, p. 175",Codex AI independent verification agent 3,2026-10-01,Judgement retained after independent source review; replacement rationale records the outcome-specific basis.,"The employed/unemployed category is reported without an ascertainment instrument or reliability evaluation. Uniformity cannot be verified from the occupational label alone. Reviewed result: bhullar2018_cohort_t120m_paidany; construct paid_any. Recorded follow-up 120 months, basis since_baseline. Recorded numerator 35. Recorded observed denominator 65."
F06_bhullar2018_cohort_t120m_paidany_jbi8_statistical_analysis,bhullar2018_cohort_t120m_paidany,jbi8_statistical_analysis,unclear,unclear,agree,"dissertation_shared_folder/Data Extraction Papers/s00127-017-1464-z.pdf; Methods, Statistical analyses, pp. 173-174; Results, p. 175",Codex AI independent verification agent 3,2026-10-01,Judgement retained after independent source review; replacement rationale records the outcome-specific basis.,"Counts and descriptive percentages are reported, but no prevalence uncertainty or adjustment for substantial follow-up selection is given. Participant-flow figures/text are not fully coherent. Reviewed result: bhullar2018_cohort_t120m_paidany; construct paid_any. Recorded follow-up 120 months, basis since_baseline. Recorded numerator 35. Recorded observed denominator 65."
F06_bhullar2018_cohort_t120m_paidany_jbi9_response_rate,bhullar2018_cohort_t120m_paidany,jbi9_response_rate,unclear,unclear,agree,"dissertation_shared_folder/Data Extraction Papers/s00127-017-1464-z.pdf; Results, Sample, p. 173",Codex AI independent verification agent 3,2026-10-01,Judgement retained after independent source review; replacement rationale records the outcome-specific basis.,"The analysed response is approximately half the original cohort. The authors refer to baseline comparisons without showing all data; neither outcome-specific nonresponse adjustment nor adequate bounds are supplied. Reviewed result: bhullar2018_cohort_t120m_paidany; construct paid_any. Recorded follow-up 120 months, basis since_baseline. Recorded numerator 35. Recorded observed denominator 65."
F06_bhullar2018_cohort_t120m_paidoredu_jbi1_sample_frame,bhullar2018_cohort_t120m_paidoredu,jbi1_sample_frame,yes,yes,agree,"dissertation_shared_folder/Data Extraction Papers/s00127-017-1464-z.pdf; Methods, Study participants, p. 172; Limitations, p. 179",Codex AI independent verification agent 3,2026-10-01,Judgement retained after independent source review; replacement rationale records the outcome-specific basis.,"The long-term cohort comprises consenting PEPP clients, with English-language and outpatient eligibility restrictions. The coverage of all otherwise eligible catchment clients is not established. Reviewed result: bhullar2018_cohort_t120m_paidoredu; construct paid_or_education. Recorded follow-up 120 months, basis since_baseline. Recorded numerator 32. Recorded observed denominator 65."
F06_bhullar2018_cohort_t120m_paidoredu_jbi2_participant_sampling,bhullar2018_cohort_t120m_paidoredu,jbi2_participant_sampling,unclear,unclear,agree,"dissertation_shared_folder/Data Extraction Papers/s00127-017-1464-z.pdf; Methods, Study participants, p. 172; Fig. 1, p. 174",Codex AI independent verification agent 3,2026-10-01,Judgement retained after independent source review; replacement rationale records the outcome-specific basis.,"The study recontacted a consenting long-term service cohort; the original recruitment was not a documented probability or complete catchment sample. Follow-up participation could be selective. Reviewed result: bhullar2018_cohort_t120m_paidoredu; construct paid_or_education. Recorded follow-up 120 months, basis since_baseline. Recorded numerator 32. Recorded observed denominator 65."
F06_bhullar2018_cohort_t120m_paidoredu_jbi3_sample_size,bhullar2018_cohort_t120m_paidoredu,jbi3_sample_size,no,no,agree,"dissertation_shared_folder/Data Extraction Papers/s00127-017-1464-z.pdf; Limitations, p. 179",Codex AI independent verification agent 3,2026-10-01,Judgement retained after independent source review; replacement rationale records the outcome-specific basis.,"The analysed sample is 65 and provides fairly wide prevalence uncertainty. Adequacy cannot be judged from regression power alone; no prevalence-specific target or precision justification is supplied. Reviewed result: bhullar2018_cohort_t120m_paidoredu; construct paid_or_education. Recorded follow-up 120 months, basis since_baseline. Recorded numerator 32. Recorded observed denominator 65."
F06_bhullar2018_cohort_t120m_paidoredu_jbi4_subjects_setting_described,bhullar2018_cohort_t120m_paidoredu,jbi4_subjects_setting_described,yes,yes,agree,"dissertation_shared_folder/Data Extraction Papers/s00127-017-1464-z.pdf; Tables 1 and 2, pp. 174-175",Codex AI independent verification agent 3,2026-10-01,Judgement retained after independent source review; replacement rationale records the outcome-specific basis.,"The service and participants are described, including diagnoses, demographic variables and long-term clinical characteristics. Reviewed result: bhullar2018_cohort_t120m_paidoredu; construct paid_or_education. Recorded follow-up 120 months, basis since_baseline. Recorded numerator 32. Recorded observed denominator 65."
F06_bhullar2018_cohort_t120m_paidoredu_jbi5_coverage_of_sample,bhullar2018_cohort_t120m_paidoredu,jbi5_coverage_of_sample,no,no,agree,"dissertation_shared_folder/Data Extraction Papers/s00127-017-1464-z.pdf; Results, Sample, p. 173; Fig. 1, p. 174; Limitations, p. 179",Codex AI independent verification agent 3,2026-10-01,Judgement retained after independent source review; replacement rationale records the outcome-specific basis.,"Only 65/132 original participants enter the reported long-term analysis. Refusal/nonparticipation accounts for substantial exclusion, and baseline comparisons do not correct the occupational prevalence. Reviewed result: bhullar2018_cohort_t120m_paidoredu; construct paid_or_education. Recorded follow-up 120 months, basis since_baseline. Recorded numerator 32. Recorded observed denominator 65."
F06_bhullar2018_cohort_t120m_paidoredu_jbi6_condition_identification,bhullar2018_cohort_t120m_paidoredu,jbi6_condition_identification,yes,yes,agree,"dissertation_shared_folder/Data Extraction Papers/s00127-017-1464-z.pdf; Methods, Variables and measures/Occupational activity, p. 173; Table 2, p. 175",Codex AI independent verification agent 3,2026-10-01,Judgement retained after independent source review; replacement rationale records the outcome-specific basis.,"The work/education measure is explicitly based on Life Chart Schedule items covering full-time or part-time work/school over the past year, dichotomised at 52 weeks. This validly identifies the extracted sustained work/education composite, rather than paid-only employment. Reviewed result: bhullar2018_cohort_t120m_paidoredu; construct paid_or_education. Recorded follow-up 120 months, basis since_baseline. Recorded numerator 32. Recorded observed denominator 65."
F06_bhullar2018_cohort_t120m_paidoredu_jbi7_condition_measurement,bhullar2018_cohort_t120m_paidoredu,jbi7_condition_measurement,yes,yes,agree,"dissertation_shared_folder/Data Extraction Papers/s00127-017-1464-z.pdf; Methods, Occupational activity (objective recovery), p. 173",Codex AI independent verification agent 3,2026-10-01,Judgement retained after independent source review; replacement rationale records the outcome-specific basis.,"Life Chart Schedule occupational items and a specified 52-week cut-point were applied to the same past-year interval for all 65 participants, supporting standard measurement for this composite. Reviewed result: bhullar2018_cohort_t120m_paidoredu; construct paid_or_education. Recorded follow-up 120 months, basis since_baseline. Recorded numerator 32. Recorded observed denominator 65."
F06_bhullar2018_cohort_t120m_paidoredu_jbi8_statistical_analysis,bhullar2018_cohort_t120m_paidoredu,jbi8_statistical_analysis,unclear,unclear,agree,"dissertation_shared_folder/Data Extraction Papers/s00127-017-1464-z.pdf; Methods, Statistical analyses, pp. 173-174; Results, p. 175",Codex AI independent verification agent 3,2026-10-01,Judgement retained after independent source review; replacement rationale records the outcome-specific basis.,"Counts and descriptive percentages are reported, but no prevalence uncertainty or adjustment for substantial follow-up selection is given. Participant-flow figures/text are not fully coherent. Reviewed result: bhullar2018_cohort_t120m_paidoredu; construct paid_or_education. Recorded follow-up 120 months, basis since_baseline. Recorded numerator 32. Recorded observed denominator 65."
F06_bhullar2018_cohort_t120m_paidoredu_jbi9_response_rate,bhullar2018_cohort_t120m_paidoredu,jbi9_response_rate,unclear,unclear,agree,"dissertation_shared_folder/Data Extraction Papers/s00127-017-1464-z.pdf; Results, Sample, p. 173",Codex AI independent verification agent 3,2026-10-01,Judgement retained after independent source review; replacement rationale records the outcome-specific basis.,"The analysed response is approximately half the original cohort. The authors refer to baseline comparisons without showing all data; neither outcome-specific nonresponse adjustment nor adequate bounds are supplied. Reviewed result: bhullar2018_cohort_t120m_paidoredu; construct paid_or_education. Recorded follow-up 120 months, basis since_baseline. Recorded numerator 32. Recorded observed denominator 65."
F06_conus2017_cohort_t18m_vocact_jbi1_sample_frame,conus2017_cohort_t18m_vocact,jbi1_sample_frame,yes,yes,agree,"dissertation_shared_folder/Data Extraction Papers/s00127-017-1388-7.pdf; Methods, Patients sample, p. 1090; Introduction, p. 1090",Codex AI independent verification agent 3,2026-10-01,Judgement retained after independent source review; replacement rationale records the outcome-specific basis.,"EPPIC was mandated to cover first-episode psychosis in its catchment for ages 15-29, and 786 consecutive admissions formed the initial frame. Transfers and nonpsychotic diagnoses were excluded to produce 661. Reviewed result: conus2017_cohort_t18m_vocact; construct vocational_activity. Recorded follow-up 18 months, basis unclear. Recorded numerator 255. Recorded observed denominator 571."
F06_conus2017_cohort_t18m_vocact_jbi2_participant_sampling,conus2017_cohort_t18m_vocact,jbi2_participant_sampling,yes,yes,agree,"dissertation_shared_folder/Data Extraction Papers/s00127-017-1388-7.pdf; Methods, Patients sample, p. 1090; Introduction, p. 1090",Codex AI independent verification agent 3,2026-10-01,Judgement retained after independent source review; replacement rationale records the outcome-specific basis.,"Consecutive service admissions were screened with stated eligibility criteria; there is no occupational selection at entry. Reviewed result: conus2017_cohort_t18m_vocact; construct vocational_activity. Recorded follow-up 18 months, basis unclear. Recorded numerator 255. Recorded observed denominator 571."
F06_conus2017_cohort_t18m_vocact_jbi3_sample_size,conus2017_cohort_t18m_vocact,jbi3_sample_size,yes,yes,agree,"dissertation_shared_folder/Data Extraction Papers/s00127-017-1388-7.pdf; Methods, Patients sample, p. 1090; Results, p. 1092",Codex AI independent verification agent 3,2026-10-01,Judgement retained after independent source review; replacement rationale records the outcome-specific basis.,"The cohort of 661, with 571 vocational observations, is large enough for reasonably precise descriptive prevalence. Reviewed result: conus2017_cohort_t18m_vocact; construct vocational_activity. Recorded follow-up 18 months, basis unclear. Recorded numerator 255. Recorded observed denominator 571."
F06_conus2017_cohort_t18m_vocact_jbi4_subjects_setting_described,conus2017_cohort_t18m_vocact,jbi4_subjects_setting_described,yes,yes,agree,"dissertation_shared_folder/Data Extraction Papers/s00127-017-1388-7.pdf; Table 1, p. 1093; Methods, pp. 1090-1091",Codex AI independent verification agent 3,2026-10-01,Judgement retained after independent source review; replacement rationale records the outcome-specific basis.,"The catchment, early-intervention setting and participant demographic and clinical profiles are described. Reviewed result: conus2017_cohort_t18m_vocact; construct vocational_activity. Recorded follow-up 18 months, basis unclear. Recorded numerator 255. Recorded observed denominator 571."
F06_conus2017_cohort_t18m_vocact_jbi5_coverage_of_sample,conus2017_cohort_t18m_vocact,jbi5_coverage_of_sample,unclear,unclear,agree,"dissertation_shared_folder/Data Extraction Papers/s00127-017-1388-7.pdf; Methods, Patients sample, p. 1090; Results, p. 1092; Limitations, p. 1097",Codex AI independent verification agent 3,2026-10-01,Judgement retained after independent source review; replacement rationale records the outcome-specific basis.,"Vocational functioning is recorded for 571/661; other endpoints have different denominators. Availability by vocational category and reasons for missing vocational data are insufficiently resolved. Reviewed result: conus2017_cohort_t18m_vocact; construct vocational_activity. Recorded follow-up 18 months, basis unclear. Recorded numerator 255. Recorded observed denominator 571."
F06_conus2017_cohort_t18m_vocact_jbi6_condition_identification,conus2017_cohort_t18m_vocact,jbi6_condition_identification,yes,yes,agree,"dissertation_shared_folder/Data Extraction Papers/s00127-017-1388-7.pdf; Methods, Functional outcomes and Modified Vocational Status Index, pp. 1091-1092",Codex AI independent verification agent 3,2026-10-01,Judgement retained after independent source review; replacement rationale records the outcome-specific basis.,"The Modified Vocational Status Index explicitly includes paid/unpaid employment, study, homemaking and volunteering. This operationalises the extracted vocational-activity composite and cannot be interpreted as paid-job prevalence. Reviewed result: conus2017_cohort_t18m_vocact; construct vocational_activity. Recorded follow-up 18 months, basis unclear. Recorded numerator 255. Recorded observed denominator 571."
F06_conus2017_cohort_t18m_vocact_jbi7_condition_measurement,conus2017_cohort_t18m_vocact,jbi7_condition_measurement,no,no,agree,"dissertation_shared_folder/Data Extraction Papers/s00127-017-1388-7.pdf; Methods, Baseline and outcome characteristics, p. 1091; Limitations, p. 1097; Table 1, p. 1093",Codex AI independent verification agent 3,2026-10-01,Judgement retained after independent source review; replacement rationale records the outcome-specific basis.,"The endpoint is discharge/last clinical entry, with highly variable treatment duration. Reliability checks concern other clinical scales rather than the vocational category, preventing a uniform employment horizon or verified vocational reliability. Reviewed result: conus2017_cohort_t18m_vocact; construct vocational_activity. Recorded follow-up 18 months, basis unclear. Recorded numerator 255. Recorded observed denominator 571."
F06_conus2017_cohort_t18m_vocact_jbi8_statistical_analysis,conus2017_cohort_t18m_vocact,jbi8_statistical_analysis,yes,yes,agree,"dissertation_shared_folder/Data Extraction Papers/s00127-017-1388-7.pdf; Methods, Data analysis, pp. 1091-1092; Results, p. 1092",Codex AI independent verification agent 3,2026-10-01,Judgement retained after independent source review; replacement rationale records the outcome-specific basis.,"The vocational numerator 255 and observed denominator 571 reproduce 44.7%. The descriptive calculation is transparent, although a variable discharge endpoint limits interpretation as a landmark prevalence. Reviewed result: conus2017_cohort_t18m_vocact; construct vocational_activity. Recorded follow-up 18 months, basis unclear. Recorded numerator 255. Recorded observed denominator 571."
F06_conus2017_cohort_t18m_vocact_jbi9_response_rate,conus2017_cohort_t18m_vocact,jbi9_response_rate,unclear,unclear,agree,"dissertation_shared_folder/Data Extraction Papers/s00127-017-1388-7.pdf; Results, p. 1092; Limitations, p. 1097",Codex AI independent verification agent 3,2026-10-01,Judgement retained after independent source review; replacement rationale records the outcome-specific basis.,"Vocational data are unavailable for 90 of 661 and reasons are not separately analysed. Variable discharge, disengagement and death make the effective occupational response uncertain. Reviewed result: conus2017_cohort_t18m_vocact; construct vocational_activity. Recorded follow-up 18 months, basis unclear. Recorded numerator 255. Recorded observed denominator 571."
cook2016_cohort_cal2000_2012_paidany__jbi1_sample_frame,cook2016_cohort_cal2000_2012_paidany,jbi1_sample_frame,no,no,agree,"dissertation_shared_folder/Data Extraction Papers/cook-et-al-2016-long-term-effects-of-evidence-based-supported-employment-on-earnings-and-on-ssi-and-ssdi-participation.pdf; Method, p. 1008; Discussion limitations, p. 1013",Codex AI independent verification agent 3,2026-10-01,Judgement retained after independent source review; replacement rationale records the outcome-specific basis.,"The frame comprises unemployed EIDP trial volunteers who wished to work, subsequently selected from six sites for SSA linkage. It does not represent all people with severe mental illness. Reviewed result: cook2016_cohort_cal2000_2012_paidany; construct paid_any. Recorded numerator 148. Recorded observed denominator 449."
cook2016_cohort_cal2000_2012_paidany__jbi2_participant_sampling,cook2016_cohort_cal2000_2012_paidany,jbi2_participant_sampling,no,no,agree,"dissertation_shared_folder/Data Extraction Papers/cook-et-al-2016-long-term-effects-of-evidence-based-supported-employment-on-earnings-and-on-ssi-and-ssdi-participation.pdf; Method, p. 1008-1009",Codex AI independent verification agent 3,2026-10-01,Judgement retained after independent source review; replacement rationale records the outcome-specific basis.,The register follow-up sample required consent and SSA linkage. This post-trial subset is selected rather than a complete or probability employment-prevalence sample. Reviewed result: cook2016_cohort_cal2000_2012_paidany; construct paid_any. Recorded numerator 148. Recorded observed denominator 449.
cook2016_cohort_cal2000_2012_paidany__jbi3_sample_size,cook2016_cohort_cal2000_2012_paidany,jbi3_sample_size,yes,yes,agree,"dissertation_shared_folder/Data Extraction Papers/cook-et-al-2016-long-term-effects-of-evidence-based-supported-employment-on-earnings-and-on-ssi-and-ssdi-participation.pdf; Method, p. 1008; Table 2, p. 1010",Codex AI independent verification agent 3,2026-10-01,Judgement retained after independent source review; replacement rationale records the outcome-specific basis.,The linked analysed cohort of 449 provides adequate descriptive precision for cumulative reported earnings. Reviewed result: cook2016_cohort_cal2000_2012_paidany; construct paid_any. Recorded numerator 148. Recorded observed denominator 449.
cook2016_cohort_cal2000_2012_paidany__jbi4_subjects_setting_described,cook2016_cohort_cal2000_2012_paidany,jbi4_subjects_setting_described,yes,yes,agree,"dissertation_shared_folder/Data Extraction Papers/cook-et-al-2016-long-term-effects-of-evidence-based-supported-employment-on-earnings-and-on-ssi-and-ssdi-participation.pdf; Table 1, p. 1009; Method, p. 1008",Codex AI independent verification agent 3,2026-10-01,Judgement retained after independent source review; replacement rationale records the outcome-specific basis.,"The six-site trial setting, baseline demographic and clinical characteristics, and supported-employment/control groups are described. Reviewed result: cook2016_cohort_cal2000_2012_paidany; construct paid_any. Recorded numerator 148. Recorded observed denominator 449."
cook2016_cohort_cal2000_2012_paidany__jbi5_coverage_of_sample,cook2016_cohort_cal2000_2012_paidany,jbi5_coverage_of_sample,no,no,agree,"dissertation_shared_folder/Data Extraction Papers/cook-et-al-2016-long-term-effects-of-evidence-based-supported-employment-on-earnings-and-on-ssi-and-ssdi-participation.pdf; Method, p. 1008-1009",Codex AI independent verification agent 3,2026-10-01,Judgement retained after independent source review; replacement rationale records the outcome-specific basis.,"Only 449 of the original 1,648 trial participants enter the final linked analysis after site restriction, consent, matching and administrative exclusions. Baseline employment and other characteristics differed between included/excluded groups. Reviewed result: cook2016_cohort_cal2000_2012_paidany; construct paid_any. Recorded numerator 148. Recorded observed denominator 449."
cook2016_cohort_cal2000_2012_paidany__jbi6_condition_identification,cook2016_cohort_cal2000_2012_paidany,jbi6_condition_identification,unclear,yes,disagree,"dissertation_shared_folder/Data Extraction Papers/cook-et-al-2016-long-term-effects-of-evidence-based-supported-employment-on-earnings-and-on-ssi-and-ssdi-participation.pdf; Measurements, earnings from work and Disability Analysis File, p. 1009",Codex AI independent verification agent 3,2026-10-01,Source-grounded judgement correction; replacement rationale supplied in notes.,"Monthly SSA administrative records identify earnings from formal employment. This is a valid identification method for the recorded paid-earnings condition; incomplete capture of informal work remains a construct/coverage limitation, not invalidation of formal earnings ascertainment. Reviewed result: cook2016_cohort_cal2000_2012_paidany; construct paid_any. Recorded numerator 148. Recorded observed denominator 449."
cook2016_cohort_cal2000_2012_paidany__jbi7_condition_measurement,cook2016_cohort_cal2000_2012_paidany,jbi7_condition_measurement,yes,yes,agree,"dissertation_shared_folder/Data Extraction Papers/cook-et-al-2016-long-term-effects-of-evidence-based-supported-employment-on-earnings-and-on-ssi-and-ssdi-participation.pdf; Method, p. 1008; Measurements, p. 1009",Codex AI independent verification agent 3,2026-10-01,Judgement retained after independent source review; replacement rationale records the outcome-specific basis.,"The same administrative earnings source and recording process were applied to all linked participants, providing uniform objective ascertainment. Reviewed result: cook2016_cohort_cal2000_2012_paidany; construct paid_any. Recorded numerator 148. Recorded observed denominator 449."
cook2016_cohort_cal2000_2012_paidany__jbi8_statistical_analysis,cook2016_cohort_cal2000_2012_paidany,jbi8_statistical_analysis,yes,yes,agree,"dissertation_shared_folder/Data Extraction Papers/cook-et-al-2016-long-term-effects-of-evidence-based-supported-employment-on-earnings-and-on-ssi-and-ssdi-participation.pdf; Table 2, p. 1010",Codex AI independent verification agent 3,2026-10-01,Judgement retained after independent source review; replacement rationale records the outcome-specific basis.,"The cumulative register count is 148/449, with arm counts 83/234 and 65/215. These are transparent cumulative recorded-earnings proportions across the calendar observation period, not a common landmark point prevalence. Reviewed result: cook2016_cohort_cal2000_2012_paidany; construct paid_any. Recorded numerator 148. Recorded observed denominator 449."
cook2016_cohort_cal2000_2012_paidany__jbi9_response_rate,cook2016_cohort_cal2000_2012_paidany,jbi9_response_rate,no,no,agree,"dissertation_shared_folder/Data Extraction Papers/cook-et-al-2016-long-term-effects-of-evidence-based-supported-employment-on-earnings-and-on-ssi-and-ssdi-participation.pdf; Statistical Analysis, p. 1009; Discussion, p. 1012-1013",Codex AI independent verification agent 3,2026-10-01,Judgement retained after independent source review; replacement rationale records the outcome-specific basis.,"Consent/linkage selection, mortality and incomplete recent administrative processing remain relevant. The authors report 24.5% mortality and incomplete 2010-2012 records; response/censoring effects on cumulative employment are not corrected. Reviewed result: cook2016_cohort_cal2000_2012_paidany; construct paid_any. Recorded numerator 148. Recorded observed denominator 449."
cook2016_se_cal2000_2012_paidany__rob2_1_randomisation,cook2016_se_cal2000_2012_paidany,rob2_1_randomisation,some_concerns,some_concerns,agree,"dissertation_shared_folder/Data Extraction Papers/cook-et-al-2016-long-term-effects-of-evidence-based-supported-employment-on-earnings-and-on-ssi-and-ssdi-participation.pdf; Method, p. 1008; Table 1, p. 1009",Codex AI independent verification agent 3,2026-10-01,Judgement retained after independent source review; replacement rationale records the outcome-specific basis.,The follow-up paper relies on parent-trial randomisation without providing sufficient sequence/concealment detail for an independently verified low-risk judgement. Reviewed result: cook2016_se_cal2000_2012_paidany; construct paid_any. Recorded numerator 83. Recorded observed denominator 234. Source verification does not close the separate tool-routing and signalling audit.
cook2016_se_cal2000_2012_paidany__rob2_2_deviations,cook2016_se_cal2000_2012_paidany,rob2_2_deviations,some_concerns,some_concerns,agree,"dissertation_shared_folder/Data Extraction Papers/cook-et-al-2016-long-term-effects-of-evidence-based-supported-employment-on-earnings-and-on-ssi-and-ssdi-participation.pdf; Method, p. 1008; Discussion, p. 1013",Codex AI independent verification agent 3,2026-10-01,Judgement retained after independent source review; replacement rationale records the outcome-specific basis.,Long-term post-trial vocational services and co-interventions are not tracked. The substantial linked-subset restriction also prevents confident estimation of an assignment effect. Reviewed result: cook2016_se_cal2000_2012_paidany; construct paid_any. Recorded numerator 83. Recorded observed denominator 234. Source verification does not close the separate tool-routing and signalling audit.
cook2016_se_cal2000_2012_paidany__rob2_3_missing_outcome_data,cook2016_se_cal2000_2012_paidany,rob2_3_missing_outcome_data,high,high,agree,"dissertation_shared_folder/Data Extraction Papers/cook-et-al-2016-long-term-effects-of-evidence-based-supported-employment-on-earnings-and-on-ssi-and-ssdi-participation.pdf; Method, p. 1008-1009",Codex AI independent verification agent 3,2026-10-01,Judgement retained after independent source review; replacement rationale records the outcome-specific basis.,"The final 449 linked participants are a small, systematically selected fraction of the 1,648 randomised participants, with baseline differences between included/excluded participants. Administrative follow-up is additionally incomplete at the calendar endpoint. Reviewed result: cook2016_se_cal2000_2012_paidany; construct paid_any. Recorded numerator 83. Recorded observed denominator 234. Source verification does not close the separate tool-routing and signalling audit."
cook2016_se_cal2000_2012_paidany__rob2_4_outcome_measurement,cook2016_se_cal2000_2012_paidany,rob2_4_outcome_measurement,low,low,agree,"dissertation_shared_folder/Data Extraction Papers/cook-et-al-2016-long-term-effects-of-evidence-based-supported-employment-on-earnings-and-on-ssi-and-ssdi-participation.pdf; Method, p. 1008; Measurements, p. 1009",Codex AI independent verification agent 3,2026-10-01,Judgement retained after independent source review; replacement rationale records the outcome-specific basis.,Cumulative register earnings are objective SSA records collected independently of trial assignment. The historical 24-month work percentages refer to parent-trial work tracking; this follow-up report gives inadequate detail to verify those measurements as equally low risk. Reviewed result: cook2016_se_cal2000_2012_paidany; construct paid_any. Recorded numerator 83. Recorded observed denominator 234. Source verification does not close the separate tool-routing and signalling audit.
cook2016_se_cal2000_2012_paidany__rob2_5_selective_reporting,cook2016_se_cal2000_2012_paidany,rob2_5_selective_reporting,some_concerns,some_concerns,agree,"dissertation_shared_folder/Data Extraction Papers/cook-et-al-2016-long-term-effects-of-evidence-based-supported-employment-on-earnings-and-on-ssi-and-ssdi-participation.pdf; Results, p. 1009-1011; Table 3, p. 1011",Codex AI independent verification agent 3,2026-10-01,Judgement retained after independent source review; replacement rationale records the outcome-specific basis.,The linked follow-up gives cumulative earnings and contextual 24-month percentages without a prospectively inspectable analysis plan or 24-month integer outcome bases. Prespecification is not fully established. Reviewed result: cook2016_se_cal2000_2012_paidany; construct paid_any. Recorded numerator 83. Recorded observed denominator 234. Source verification does not close the separate tool-routing and signalling audit.
cook2016_se_cal2000_2012_paidany__rob2_overall,cook2016_se_cal2000_2012_paidany,rob2_overall,high,high,agree,"dissertation_shared_folder/Data Extraction Papers/cook-et-al-2016-long-term-effects-of-evidence-based-supported-employment-on-earnings-and-on-ssi-and-ssdi-participation.pdf; Method, p. 1008-1009",Codex AI independent verification agent 3,2026-10-01,Judgement retained after independent source review; replacement rationale records the outcome-specific basis.,Post-randomisation site/consent/linkage selection and missing follow-up produce high risk for a treatment comparison. Arm proportions require a separate prevalence appraisal under the SAP. Reviewed result: cook2016_se_cal2000_2012_paidany; construct paid_any. Recorded numerator 83. Recorded observed denominator 234. Source verification does not close the separate tool-routing and signalling audit.
cook2016_control_cal2000_2012_paidany__rob2_1_randomisation,cook2016_control_cal2000_2012_paidany,rob2_1_randomisation,some_concerns,some_concerns,agree,"dissertation_shared_folder/Data Extraction Papers/cook-et-al-2016-long-term-effects-of-evidence-based-supported-employment-on-earnings-and-on-ssi-and-ssdi-participation.pdf; Method, p. 1008; Table 1, p. 1009",Codex AI independent verification agent 3,2026-10-01,Judgement retained after independent source review; replacement rationale records the outcome-specific basis.,The follow-up paper relies on parent-trial randomisation without providing sufficient sequence/concealment detail for an independently verified low-risk judgement. Reviewed result: cook2016_control_cal2000_2012_paidany; construct paid_any. Recorded numerator 65. Recorded observed denominator 215. Source verification does not close the separate tool-routing and signalling audit.
cook2016_control_cal2000_2012_paidany__rob2_2_deviations,cook2016_control_cal2000_2012_paidany,rob2_2_deviations,some_concerns,some_concerns,agree,"dissertation_shared_folder/Data Extraction Papers/cook-et-al-2016-long-term-effects-of-evidence-based-supported-employment-on-earnings-and-on-ssi-and-ssdi-participation.pdf; Method, p. 1008; Discussion, p. 1013",Codex AI independent verification agent 3,2026-10-01,Judgement retained after independent source review; replacement rationale records the outcome-specific basis.,Long-term post-trial vocational services and co-interventions are not tracked. The substantial linked-subset restriction also prevents confident estimation of an assignment effect. Reviewed result: cook2016_control_cal2000_2012_paidany; construct paid_any. Recorded numerator 65. Recorded observed denominator 215. Source verification does not close the separate tool-routing and signalling audit.
cook2016_control_cal2000_2012_paidany__rob2_3_missing_outcome_data,cook2016_control_cal2000_2012_paidany,rob2_3_missing_outcome_data,high,high,agree,"dissertation_shared_folder/Data Extraction Papers/cook-et-al-2016-long-term-effects-of-evidence-based-supported-employment-on-earnings-and-on-ssi-and-ssdi-participation.pdf; Method, p. 1008-1009",Codex AI independent verification agent 3,2026-10-01,Judgement retained after independent source review; replacement rationale records the outcome-specific basis.,"The final 449 linked participants are a small, systematically selected fraction of the 1,648 randomised participants, with baseline differences between included/excluded participants. Administrative follow-up is additionally incomplete at the calendar endpoint. Reviewed result: cook2016_control_cal2000_2012_paidany; construct paid_any. Recorded numerator 65. Recorded observed denominator 215. Source verification does not close the separate tool-routing and signalling audit."
cook2016_control_cal2000_2012_paidany__rob2_4_outcome_measurement,cook2016_control_cal2000_2012_paidany,rob2_4_outcome_measurement,low,low,agree,"dissertation_shared_folder/Data Extraction Papers/cook-et-al-2016-long-term-effects-of-evidence-based-supported-employment-on-earnings-and-on-ssi-and-ssdi-participation.pdf; Method, p. 1008; Measurements, p. 1009",Codex AI independent verification agent 3,2026-10-01,Judgement retained after independent source review; replacement rationale records the outcome-specific basis.,Cumulative register earnings are objective SSA records collected independently of trial assignment. The historical 24-month work percentages refer to parent-trial work tracking; this follow-up report gives inadequate detail to verify those measurements as equally low risk. Reviewed result: cook2016_control_cal2000_2012_paidany; construct paid_any. Recorded numerator 65. Recorded observed denominator 215. Source verification does not close the separate tool-routing and signalling audit.
cook2016_control_cal2000_2012_paidany__rob2_5_selective_reporting,cook2016_control_cal2000_2012_paidany,rob2_5_selective_reporting,some_concerns,some_concerns,agree,"dissertation_shared_folder/Data Extraction Papers/cook-et-al-2016-long-term-effects-of-evidence-based-supported-employment-on-earnings-and-on-ssi-and-ssdi-participation.pdf; Results, p. 1009-1011; Table 3, p. 1011",Codex AI independent verification agent 3,2026-10-01,Judgement retained after independent source review; replacement rationale records the outcome-specific basis.,The linked follow-up gives cumulative earnings and contextual 24-month percentages without a prospectively inspectable analysis plan or 24-month integer outcome bases. Prespecification is not fully established. Reviewed result: cook2016_control_cal2000_2012_paidany; construct paid_any. Recorded numerator 65. Recorded observed denominator 215. Source verification does not close the separate tool-routing and signalling audit.
cook2016_control_cal2000_2012_paidany__rob2_overall,cook2016_control_cal2000_2012_paidany,rob2_overall,high,high,agree,"dissertation_shared_folder/Data Extraction Papers/cook-et-al-2016-long-term-effects-of-evidence-based-supported-employment-on-earnings-and-on-ssi-and-ssdi-participation.pdf; Method, p. 1008-1009",Codex AI independent verification agent 3,2026-10-01,Judgement retained after independent source review; replacement rationale records the outcome-specific basis.,Post-randomisation site/consent/linkage selection and missing follow-up produce high risk for a treatment comparison. Arm proportions require a separate prevalence appraisal under the SAP. Reviewed result: cook2016_control_cal2000_2012_paidany; construct paid_any. Recorded numerator 65. Recorded observed denominator 215. Source verification does not close the separate tool-routing and signalling audit.
cook2016_se_t24m_paidany__rob2_1_randomisation,cook2016_se_t24m_paidany,rob2_1_randomisation,some_concerns,some_concerns,agree,"dissertation_shared_folder/Data Extraction Papers/cook-et-al-2016-long-term-effects-of-evidence-based-supported-employment-on-earnings-and-on-ssi-and-ssdi-participation.pdf; Method, p. 1008; Table 1, p. 1009",Codex AI independent verification agent 3,2026-10-01,Judgement retained after independent source review; replacement rationale records the outcome-specific basis.,"The follow-up paper relies on parent-trial randomisation without providing sufficient sequence/concealment detail for an independently verified low-risk judgement. Reviewed result: cook2016_se_t24m_paidany; construct paid_any. Recorded follow-up 24 months, basis since_baseline. Source verification does not close the separate tool-routing and signalling audit."
cook2016_se_t24m_paidany__rob2_2_deviations,cook2016_se_t24m_paidany,rob2_2_deviations,some_concerns,some_concerns,agree,"dissertation_shared_folder/Data Extraction Papers/cook-et-al-2016-long-term-effects-of-evidence-based-supported-employment-on-earnings-and-on-ssi-and-ssdi-participation.pdf; Method, p. 1008; Discussion, p. 1013",Codex AI independent verification agent 3,2026-10-01,Judgement retained after independent source review; replacement rationale records the outcome-specific basis.,"Long-term post-trial vocational services and co-interventions are not tracked. The substantial linked-subset restriction also prevents confident estimation of an assignment effect. Reviewed result: cook2016_se_t24m_paidany; construct paid_any. Recorded follow-up 24 months, basis since_baseline. Source verification does not close the separate tool-routing and signalling audit."
cook2016_se_t24m_paidany__rob2_3_missing_outcome_data,cook2016_se_t24m_paidany,rob2_3_missing_outcome_data,high,high,agree,"dissertation_shared_folder/Data Extraction Papers/cook-et-al-2016-long-term-effects-of-evidence-based-supported-employment-on-earnings-and-on-ssi-and-ssdi-participation.pdf; Method, p. 1008-1009",Codex AI independent verification agent 3,2026-10-01,Judgement retained after independent source review; replacement rationale records the outcome-specific basis.,"The final 449 linked participants are a small, systematically selected fraction of the 1,648 randomised participants, with baseline differences between included/excluded participants. Administrative follow-up is additionally incomplete at the calendar endpoint. Reviewed result: cook2016_se_t24m_paidany; construct paid_any. Recorded follow-up 24 months, basis since_baseline. Source verification does not close the separate tool-routing and signalling audit."
cook2016_se_t24m_paidany__rob2_4_outcome_measurement,cook2016_se_t24m_paidany,rob2_4_outcome_measurement,low,some_concerns,disagree,"dissertation_shared_folder/Data Extraction Papers/cook-et-al-2016-long-term-effects-of-evidence-based-supported-employment-on-earnings-and-on-ssi-and-ssdi-participation.pdf; Results, historical EIDP employment percentages, p. 1009; Measurements, separate SSA earnings, p. 1009",Codex AI independent verification agent 3,2026-10-01,Source-grounded judgement correction; replacement rationale supplied in notes.,"The 24-month historical EIDP outcomes are reported in one contextual paragraph as competitive-work and any-work percentages. The objective SSA Disability Analysis File measurement describes the separate 2000-2012 follow-up and cannot be attributed to these earlier trial-period outcomes. The held report does not provide sufficient 24-month outcome-collection/verification detail for a low-risk judgement, so some concerns replaces low. Reviewed result: cook2016_se_t24m_paidany; construct paid_any. Recorded follow-up 24 months, basis since_baseline. Source verification does not close the separate tool-routing and signalling audit."
cook2016_se_t24m_paidany__rob2_5_selective_reporting,cook2016_se_t24m_paidany,rob2_5_selective_reporting,some_concerns,some_concerns,agree,"dissertation_shared_folder/Data Extraction Papers/cook-et-al-2016-long-term-effects-of-evidence-based-supported-employment-on-earnings-and-on-ssi-and-ssdi-participation.pdf; Results, first paragraph, p. 1009",Codex AI independent verification agent 3,2026-10-01,Judgement retained after independent source review; replacement rationale records the outcome-specific basis.,"The linked follow-up gives cumulative earnings and contextual 24-month percentages without a prospectively inspectable analysis plan or 24-month integer outcome bases. Prespecification is not fully established. Reviewed result: cook2016_se_t24m_paidany; construct paid_any. Recorded follow-up 24 months, basis since_baseline. Source verification does not close the separate tool-routing and signalling audit."
cook2016_se_t24m_paidany__rob2_overall,cook2016_se_t24m_paidany,rob2_overall,high,high,agree,"dissertation_shared_folder/Data Extraction Papers/cook-et-al-2016-long-term-effects-of-evidence-based-supported-employment-on-earnings-and-on-ssi-and-ssdi-participation.pdf; Method, p. 1008-1009; Results, p. 1009",Codex AI independent verification agent 3,2026-10-01,Judgement retained after independent source review; replacement rationale records the outcome-specific basis.,"Post-randomisation site/consent/linkage selection and missing follow-up produce high risk for a treatment comparison. Arm proportions require a separate prevalence appraisal under the SAP. Reviewed result: cook2016_se_t24m_paidany; construct paid_any. Recorded follow-up 24 months, basis since_baseline. Source verification does not close the separate tool-routing and signalling audit."
cook2016_control_t24m_paidany__rob2_1_randomisation,cook2016_control_t24m_paidany,rob2_1_randomisation,some_concerns,some_concerns,agree,"dissertation_shared_folder/Data Extraction Papers/cook-et-al-2016-long-term-effects-of-evidence-based-supported-employment-on-earnings-and-on-ssi-and-ssdi-participation.pdf; Method, p. 1008; Table 1, p. 1009",Codex AI independent verification agent 3,2026-10-01,Judgement retained after independent source review; replacement rationale records the outcome-specific basis.,"The follow-up paper relies on parent-trial randomisation without providing sufficient sequence/concealment detail for an independently verified low-risk judgement. Reviewed result: cook2016_control_t24m_paidany; construct paid_any. Recorded follow-up 24 months, basis since_baseline. Source verification does not close the separate tool-routing and signalling audit."
cook2016_control_t24m_paidany__rob2_2_deviations,cook2016_control_t24m_paidany,rob2_2_deviations,some_concerns,some_concerns,agree,"dissertation_shared_folder/Data Extraction Papers/cook-et-al-2016-long-term-effects-of-evidence-based-supported-employment-on-earnings-and-on-ssi-and-ssdi-participation.pdf; Method, p. 1008; Discussion, p. 1013",Codex AI independent verification agent 3,2026-10-01,Judgement retained after independent source review; replacement rationale records the outcome-specific basis.,"Long-term post-trial vocational services and co-interventions are not tracked. The substantial linked-subset restriction also prevents confident estimation of an assignment effect. Reviewed result: cook2016_control_t24m_paidany; construct paid_any. Recorded follow-up 24 months, basis since_baseline. Source verification does not close the separate tool-routing and signalling audit."
cook2016_control_t24m_paidany__rob2_3_missing_outcome_data,cook2016_control_t24m_paidany,rob2_3_missing_outcome_data,high,high,agree,"dissertation_shared_folder/Data Extraction Papers/cook-et-al-2016-long-term-effects-of-evidence-based-supported-employment-on-earnings-and-on-ssi-and-ssdi-participation.pdf; Method, p. 1008-1009",Codex AI independent verification agent 3,2026-10-01,Judgement retained after independent source review; replacement rationale records the outcome-specific basis.,"The final 449 linked participants are a small, systematically selected fraction of the 1,648 randomised participants, with baseline differences between included/excluded participants. Administrative follow-up is additionally incomplete at the calendar endpoint. Reviewed result: cook2016_control_t24m_paidany; construct paid_any. Recorded follow-up 24 months, basis since_baseline. Source verification does not close the separate tool-routing and signalling audit."
cook2016_control_t24m_paidany__rob2_4_outcome_measurement,cook2016_control_t24m_paidany,rob2_4_outcome_measurement,low,some_concerns,disagree,"dissertation_shared_folder/Data Extraction Papers/cook-et-al-2016-long-term-effects-of-evidence-based-supported-employment-on-earnings-and-on-ssi-and-ssdi-participation.pdf; Results, historical EIDP employment percentages, p. 1009; Measurements, separate SSA earnings, p. 1009",Codex AI independent verification agent 3,2026-10-01,Source-grounded judgement correction; replacement rationale supplied in notes.,"The 24-month historical EIDP outcomes are reported in one contextual paragraph as competitive-work and any-work percentages. The objective SSA Disability Analysis File measurement describes the separate 2000-2012 follow-up and cannot be attributed to these earlier trial-period outcomes. The held report does not provide sufficient 24-month outcome-collection/verification detail for a low-risk judgement, so some concerns replaces low. Reviewed result: cook2016_control_t24m_paidany; construct paid_any. Recorded follow-up 24 months, basis since_baseline. Source verification does not close the separate tool-routing and signalling audit."
cook2016_control_t24m_paidany__rob2_5_selective_reporting,cook2016_control_t24m_paidany,rob2_5_selective_reporting,some_concerns,some_concerns,agree,"dissertation_shared_folder/Data Extraction Papers/cook-et-al-2016-long-term-effects-of-evidence-based-supported-employment-on-earnings-and-on-ssi-and-ssdi-participation.pdf; Results, first paragraph, p. 1009",Codex AI independent verification agent 3,2026-10-01,Judgement retained after independent source review; replacement rationale records the outcome-specific basis.,"The linked follow-up gives cumulative earnings and contextual 24-month percentages without a prospectively inspectable analysis plan or 24-month integer outcome bases. Prespecification is not fully established. Reviewed result: cook2016_control_t24m_paidany; construct paid_any. Recorded follow-up 24 months, basis since_baseline. Source verification does not close the separate tool-routing and signalling audit."
cook2016_control_t24m_paidany__rob2_overall,cook2016_control_t24m_paidany,rob2_overall,high,high,agree,"dissertation_shared_folder/Data Extraction Papers/cook-et-al-2016-long-term-effects-of-evidence-based-supported-employment-on-earnings-and-on-ssi-and-ssdi-participation.pdf; Method, p. 1008-1009; Results, p. 1009",Codex AI independent verification agent 3,2026-10-01,Judgement retained after independent source review; replacement rationale records the outcome-specific basis.,"Post-randomisation site/consent/linkage selection and missing follow-up produce high risk for a treatment comparison. Arm proportions require a separate prevalence appraisal under the SAP. Reviewed result: cook2016_control_t24m_paidany; construct paid_any. Recorded follow-up 24 months, basis since_baseline. Source verification does not close the separate tool-routing and signalling audit."
cook2016_se_t24m_paidcomp__rob2_1_randomisation,cook2016_se_t24m_paidcomp,rob2_1_randomisation,some_concerns,some_concerns,agree,"dissertation_shared_folder/Data Extraction Papers/cook-et-al-2016-long-term-effects-of-evidence-based-supported-employment-on-earnings-and-on-ssi-and-ssdi-participation.pdf; Method, p. 1008; Table 1, p. 1009",Codex AI independent verification agent 3,2026-10-01,Judgement retained after independent source review; replacement rationale records the outcome-specific basis.,"The follow-up paper relies on parent-trial randomisation without providing sufficient sequence/concealment detail for an independently verified low-risk judgement. Reviewed result: cook2016_se_t24m_paidcomp; construct paid_competitive. Recorded follow-up 24 months, basis since_baseline. Source verification does not close the separate tool-routing and signalling audit."
cook2016_se_t24m_paidcomp__rob2_2_deviations,cook2016_se_t24m_paidcomp,rob2_2_deviations,some_concerns,some_concerns,agree,"dissertation_shared_folder/Data Extraction Papers/cook-et-al-2016-long-term-effects-of-evidence-based-supported-employment-on-earnings-and-on-ssi-and-ssdi-participation.pdf; Method, p. 1008; Discussion, p. 1013",Codex AI independent verification agent 3,2026-10-01,Judgement retained after independent source review; replacement rationale records the outcome-specific basis.,"Long-term post-trial vocational services and co-interventions are not tracked. The substantial linked-subset restriction also prevents confident estimation of an assignment effect. Reviewed result: cook2016_se_t24m_paidcomp; construct paid_competitive. Recorded follow-up 24 months, basis since_baseline. Source verification does not close the separate tool-routing and signalling audit."
cook2016_se_t24m_paidcomp__rob2_3_missing_outcome_data,cook2016_se_t24m_paidcomp,rob2_3_missing_outcome_data,high,high,agree,"dissertation_shared_folder/Data Extraction Papers/cook-et-al-2016-long-term-effects-of-evidence-based-supported-employment-on-earnings-and-on-ssi-and-ssdi-participation.pdf; Method, p. 1008-1009",Codex AI independent verification agent 3,2026-10-01,Judgement retained after independent source review; replacement rationale records the outcome-specific basis.,"The final 449 linked participants are a small, systematically selected fraction of the 1,648 randomised participants, with baseline differences between included/excluded participants. Administrative follow-up is additionally incomplete at the calendar endpoint. Reviewed result: cook2016_se_t24m_paidcomp; construct paid_competitive. Recorded follow-up 24 months, basis since_baseline. Source verification does not close the separate tool-routing and signalling audit."
cook2016_se_t24m_paidcomp__rob2_4_outcome_measurement,cook2016_se_t24m_paidcomp,rob2_4_outcome_measurement,low,some_concerns,disagree,"dissertation_shared_folder/Data Extraction Papers/cook-et-al-2016-long-term-effects-of-evidence-based-supported-employment-on-earnings-and-on-ssi-and-ssdi-participation.pdf; Results, historical EIDP employment percentages, p. 1009; Measurements, separate SSA earnings, p. 1009",Codex AI independent verification agent 3,2026-10-01,Source-grounded judgement correction; replacement rationale supplied in notes.,"The 24-month historical EIDP outcomes are reported in one contextual paragraph as competitive-work and any-work percentages. The objective SSA Disability Analysis File measurement describes the separate 2000-2012 follow-up and cannot be attributed to these earlier trial-period outcomes. The held report does not provide sufficient 24-month outcome-collection/verification detail for a low-risk judgement, so some concerns replaces low. Reviewed result: cook2016_se_t24m_paidcomp; construct paid_competitive. Recorded follow-up 24 months, basis since_baseline. Source verification does not close the separate tool-routing and signalling audit."
cook2016_se_t24m_paidcomp__rob2_5_selective_reporting,cook2016_se_t24m_paidcomp,rob2_5_selective_reporting,some_concerns,some_concerns,agree,"dissertation_shared_folder/Data Extraction Papers/cook-et-al-2016-long-term-effects-of-evidence-based-supported-employment-on-earnings-and-on-ssi-and-ssdi-participation.pdf; Results, first paragraph, p. 1009",Codex AI independent verification agent 3,2026-10-01,Judgement retained after independent source review; replacement rationale records the outcome-specific basis.,"The linked follow-up gives cumulative earnings and contextual 24-month percentages without a prospectively inspectable analysis plan or 24-month integer outcome bases. Prespecification is not fully established. Reviewed result: cook2016_se_t24m_paidcomp; construct paid_competitive. Recorded follow-up 24 months, basis since_baseline. Source verification does not close the separate tool-routing and signalling audit."
cook2016_se_t24m_paidcomp__rob2_overall,cook2016_se_t24m_paidcomp,rob2_overall,high,high,agree,"dissertation_shared_folder/Data Extraction Papers/cook-et-al-2016-long-term-effects-of-evidence-based-supported-employment-on-earnings-and-on-ssi-and-ssdi-participation.pdf; Method, p. 1008-1009; Results, p. 1009",Codex AI independent verification agent 3,2026-10-01,Judgement retained after independent source review; replacement rationale records the outcome-specific basis.,"Post-randomisation site/consent/linkage selection and missing follow-up produce high risk for a treatment comparison. Arm proportions require a separate prevalence appraisal under the SAP. Reviewed result: cook2016_se_t24m_paidcomp; construct paid_competitive. Recorded follow-up 24 months, basis since_baseline. Source verification does not close the separate tool-routing and signalling audit."
cook2016_control_t24m_paidcomp__rob2_1_randomisation,cook2016_control_t24m_paidcomp,rob2_1_randomisation,some_concerns,some_concerns,agree,"dissertation_shared_folder/Data Extraction Papers/cook-et-al-2016-long-term-effects-of-evidence-based-supported-employment-on-earnings-and-on-ssi-and-ssdi-participation.pdf; Method, p. 1008; Table 1, p. 1009",Codex AI independent verification agent 3,2026-10-01,Judgement retained after independent source review; replacement rationale records the outcome-specific basis.,"The follow-up paper relies on parent-trial randomisation without providing sufficient sequence/concealment detail for an independently verified low-risk judgement. Reviewed result: cook2016_control_t24m_paidcomp; construct paid_competitive. Recorded follow-up 24 months, basis since_baseline. Source verification does not close the separate tool-routing and signalling audit."
cook2016_control_t24m_paidcomp__rob2_2_deviations,cook2016_control_t24m_paidcomp,rob2_2_deviations,some_concerns,some_concerns,agree,"dissertation_shared_folder/Data Extraction Papers/cook-et-al-2016-long-term-effects-of-evidence-based-supported-employment-on-earnings-and-on-ssi-and-ssdi-participation.pdf; Method, p. 1008; Discussion, p. 1013",Codex AI independent verification agent 3,2026-10-01,Judgement retained after independent source review; replacement rationale records the outcome-specific basis.,"Long-term post-trial vocational services and co-interventions are not tracked. The substantial linked-subset restriction also prevents confident estimation of an assignment effect. Reviewed result: cook2016_control_t24m_paidcomp; construct paid_competitive. Recorded follow-up 24 months, basis since_baseline. Source verification does not close the separate tool-routing and signalling audit."
cook2016_control_t24m_paidcomp__rob2_3_missing_outcome_data,cook2016_control_t24m_paidcomp,rob2_3_missing_outcome_data,high,high,agree,"dissertation_shared_folder/Data Extraction Papers/cook-et-al-2016-long-term-effects-of-evidence-based-supported-employment-on-earnings-and-on-ssi-and-ssdi-participation.pdf; Method, p. 1008-1009",Codex AI independent verification agent 3,2026-10-01,Judgement retained after independent source review; replacement rationale records the outcome-specific basis.,"The final 449 linked participants are a small, systematically selected fraction of the 1,648 randomised participants, with baseline differences between included/excluded participants. Administrative follow-up is additionally incomplete at the calendar endpoint. Reviewed result: cook2016_control_t24m_paidcomp; construct paid_competitive. Recorded follow-up 24 months, basis since_baseline. Source verification does not close the separate tool-routing and signalling audit."
cook2016_control_t24m_paidcomp__rob2_4_outcome_measurement,cook2016_control_t24m_paidcomp,rob2_4_outcome_measurement,low,some_concerns,disagree,"dissertation_shared_folder/Data Extraction Papers/cook-et-al-2016-long-term-effects-of-evidence-based-supported-employment-on-earnings-and-on-ssi-and-ssdi-participation.pdf; Results, historical EIDP employment percentages, p. 1009; Measurements, separate SSA earnings, p. 1009",Codex AI independent verification agent 3,2026-10-01,Source-grounded judgement correction; replacement rationale supplied in notes.,"The 24-month historical EIDP outcomes are reported in one contextual paragraph as competitive-work and any-work percentages. The objective SSA Disability Analysis File measurement describes the separate 2000-2012 follow-up and cannot be attributed to these earlier trial-period outcomes. The held report does not provide sufficient 24-month outcome-collection/verification detail for a low-risk judgement, so some concerns replaces low. Reviewed result: cook2016_control_t24m_paidcomp; construct paid_competitive. Recorded follow-up 24 months, basis since_baseline. Source verification does not close the separate tool-routing and signalling audit."
cook2016_control_t24m_paidcomp__rob2_5_selective_reporting,cook2016_control_t24m_paidcomp,rob2_5_selective_reporting,some_concerns,some_concerns,agree,"dissertation_shared_folder/Data Extraction Papers/cook-et-al-2016-long-term-effects-of-evidence-based-supported-employment-on-earnings-and-on-ssi-and-ssdi-participation.pdf; Results, first paragraph, p. 1009",Codex AI independent verification agent 3,2026-10-01,Judgement retained after independent source review; replacement rationale records the outcome-specific basis.,"The linked follow-up gives cumulative earnings and contextual 24-month percentages without a prospectively inspectable analysis plan or 24-month integer outcome bases. Prespecification is not fully established. Reviewed result: cook2016_control_t24m_paidcomp; construct paid_competitive. Recorded follow-up 24 months, basis since_baseline. Source verification does not close the separate tool-routing and signalling audit."
cook2016_control_t24m_paidcomp__rob2_overall,cook2016_control_t24m_paidcomp,rob2_overall,high,high,agree,"dissertation_shared_folder/Data Extraction Papers/cook-et-al-2016-long-term-effects-of-evidence-based-supported-employment-on-earnings-and-on-ssi-and-ssdi-participation.pdf; Method, p. 1008-1009; Results, p. 1009",Codex AI independent verification agent 3,2026-10-01,Judgement retained after independent source review; replacement rationale records the outcome-specific basis.,"Post-randomisation site/consent/linkage selection and missing follow-up produce high risk for a treatment comparison. Arm proportions require a separate prevalence appraisal under the SAP. Reviewed result: cook2016_control_t24m_paidcomp; construct paid_competitive. Recorded follow-up 24 months, basis since_baseline. Source verification does not close the separate tool-routing and signalling audit."
domenicano2025_cohort_t12m_unclear__jbi1_sample_frame,domenicano2025_cohort_t12m_unclear,jbi1_sample_frame,yes,yes,agree,"dissertation_shared_folder/Data Extraction Papers/fnbeh-19-1642460.pdf; Methods 2.1 Setting and 2.2 Participants, p. 2-3",Codex AI independent verification agent 3,2026-10-01,Judgement retained after independent source review; replacement rationale records the outcome-specific basis.,"The Ferrara early-psychosis service is a defined clinical frame with specified age/treatment-duration criteria. Figure 1 begins with 232 screened people, whereas the main text says 219, so initial flow reporting is inconsistent. Reviewed result: domenicano2025_cohort_t12m_unclear; construct unclear. Recorded follow-up 12 months, basis since_baseline. Recorded numerator 49. Recorded observed denominator 139."
domenicano2025_cohort_t12m_unclear__jbi2_participant_sampling,domenicano2025_cohort_t12m_unclear,jbi2_participant_sampling,yes,yes,agree,"dissertation_shared_folder/Data Extraction Papers/fnbeh-19-1642460.pdf; Methods 2.2, p. 3; Figure 1, p. 4",Codex AI independent verification agent 3,2026-10-01,Judgement retained after independent source review; replacement rationale records the outcome-specific basis.,"Consecutive eligible FEP presentations were included rather than selected according to vocational outcome. The figure gives 174 after exclusions. Reviewed result: domenicano2025_cohort_t12m_unclear; construct unclear. Recorded follow-up 12 months, basis since_baseline. Recorded numerator 49. Recorded observed denominator 139."
domenicano2025_cohort_t12m_unclear__jbi3_sample_size,domenicano2025_cohort_t12m_unclear,jbi3_sample_size,unclear,unclear,agree,"dissertation_shared_folder/Data Extraction Papers/fnbeh-19-1642460.pdf; Figure 1, p. 4; Discussion, p. 9",Codex AI independent verification agent 3,2026-10-01,Judgement retained after independent source review; replacement rationale records the outcome-specific basis.,"The analysed follow-up samples are modest and no prevalence-specific size justification is given. Precision and attrition must be considered separately. Reviewed result: domenicano2025_cohort_t12m_unclear; construct unclear. Recorded follow-up 12 months, basis since_baseline. Recorded numerator 49. Recorded observed denominator 139."
domenicano2025_cohort_t12m_unclear__jbi4_subjects_setting_described,domenicano2025_cohort_t12m_unclear,jbi4_subjects_setting_described,yes,yes,agree,"dissertation_shared_folder/Data Extraction Papers/fnbeh-19-1642460.pdf; Table 1, p. 5-6; Methods 2.1, p. 2",Codex AI independent verification agent 3,2026-10-01,Judgement retained after independent source review; replacement rationale records the outcome-specific basis.,"The service, participant demographics, diagnostic distribution and sex-stratified clinical characteristics are described. Reviewed result: domenicano2025_cohort_t12m_unclear; construct unclear. Recorded follow-up 12 months, basis since_baseline. Recorded numerator 49. Recorded observed denominator 139."
domenicano2025_cohort_t12m_unclear__jbi5_coverage_of_sample,domenicano2025_cohort_t12m_unclear,jbi5_coverage_of_sample,no,no,agree,"dissertation_shared_folder/Data Extraction Papers/fnbeh-19-1642460.pdf; Methods 2.3, p. 3; Figure 1, p. 4; Limitations, p. 9",Codex AI independent verification agent 3,2026-10-01,Judgement retained after independent source review; replacement rationale records the outcome-specific basis.,"Employment follow-up is confined to people remaining in care. Discharge and dropout remove substantial numbers, and neither their occupational status nor correction for informative discharge is provided. Reviewed result: domenicano2025_cohort_t12m_unclear; construct unclear. Recorded follow-up 12 months, basis since_baseline. Recorded numerator 49. Recorded observed denominator 139."
domenicano2025_cohort_t12m_unclear__jbi6_condition_identification,domenicano2025_cohort_t12m_unclear,jbi6_condition_identification,yes,unclear,disagree,"dissertation_shared_folder/Data Extraction Papers/fnbeh-19-1642460.pdf; Methods 2.3, p. 3; Table 2, p. 7",Codex AI independent verification agent 3,2026-10-01,Source-grounded judgement correction; replacement rationale supplied in notes.,"Diagnostic criteria identify psychosis eligibility. Employment is recorded as a yes/no category without operational ascertainment criteria, and the NEET acronym does not supply enough details to validate the work/education/training classification. Reviewed result: domenicano2025_cohort_t12m_unclear; construct unclear. Recorded follow-up 12 months, basis since_baseline. Recorded numerator 49. Recorded observed denominator 139."
domenicano2025_cohort_t12m_unclear__jbi7_condition_measurement,domenicano2025_cohort_t12m_unclear,jbi7_condition_measurement,no,unclear,disagree,"dissertation_shared_folder/Data Extraction Papers/fnbeh-19-1642460.pdf; Methods 2.3, p. 3; Tables 1 and 2, p. 5 and 7",Codex AI independent verification agent 3,2026-10-01,Source-grounded judgement correction; replacement rationale supplied in notes.,"Clinical record extraction is described, but vocational operational definitions, rater reliability and a standardised instrument are not specified. Absence of these details establishes uncertainty rather than affirmative invalidity. Reviewed result: domenicano2025_cohort_t12m_unclear; construct unclear. Recorded follow-up 12 months, basis since_baseline. Recorded numerator 49. Recorded observed denominator 139."
domenicano2025_cohort_t12m_unclear__jbi8_statistical_analysis,domenicano2025_cohort_t12m_unclear,jbi8_statistical_analysis,unclear,unclear,agree,"dissertation_shared_folder/Data Extraction Papers/fnbeh-19-1642460.pdf; Table 2, p. 7; Table 1, p. 5",Codex AI independent verification agent 3,2026-10-01,Judgement retained after independent source review; replacement rationale records the outcome-specific basis.,"Table 2 employment gives 49/139 (35.3%), with sex counts 35+14=49. That calculation is coherent, but no operational employment rule or prevalence uncertainty is supplied and other table categories/flow are inconsistent, so the original unclear assessment is retained for this employment row. Reviewed result: domenicano2025_cohort_t12m_unclear; construct unclear. Recorded follow-up 12 months, basis since_baseline. Recorded numerator 49. Recorded observed denominator 139."
domenicano2025_cohort_t12m_unclear__jbi9_response_rate,domenicano2025_cohort_t12m_unclear,jbi9_response_rate,no,no,agree,"dissertation_shared_folder/Data Extraction Papers/fnbeh-19-1642460.pdf; Figure 1, p. 4; Methods 2.3, p. 3",Codex AI independent verification agent 3,2026-10-01,Judgement retained after independent source review; replacement rationale records the outcome-specific basis.,"Follow-up falls from 174 at entry to 139 at 12 months and approximately 101 at 24 months; discharge/dropout are occupationally plausible sources of selection without outcome adjustment. Reviewed result: domenicano2025_cohort_t12m_unclear; construct unclear. Recorded follow-up 12 months, basis since_baseline. Recorded numerator 49. Recorded observed denominator 139."
domenicano2025_cohort_t24m_unclear__jbi1_sample_frame,domenicano2025_cohort_t24m_unclear,jbi1_sample_frame,yes,yes,agree,"dissertation_shared_folder/Data Extraction Papers/fnbeh-19-1642460.pdf; Methods 2.1 Setting and 2.2 Participants, p. 2-3",Codex AI independent verification agent 3,2026-10-01,Judgement retained after independent source review; replacement rationale records the outcome-specific basis.,"The Ferrara early-psychosis service is a defined clinical frame with specified age/treatment-duration criteria. Figure 1 begins with 232 screened people, whereas the main text says 219, so initial flow reporting is inconsistent. Reviewed result: domenicano2025_cohort_t24m_unclear; construct unclear. Recorded follow-up 24 months, basis since_baseline. Recorded numerator 47. Recorded observed denominator 101."
domenicano2025_cohort_t24m_unclear__jbi2_participant_sampling,domenicano2025_cohort_t24m_unclear,jbi2_participant_sampling,yes,yes,agree,"dissertation_shared_folder/Data Extraction Papers/fnbeh-19-1642460.pdf; Methods 2.2, p. 3; Figure 1, p. 4",Codex AI independent verification agent 3,2026-10-01,Judgement retained after independent source review; replacement rationale records the outcome-specific basis.,"Consecutive eligible FEP presentations were included rather than selected according to vocational outcome. The figure gives 174 after exclusions. Reviewed result: domenicano2025_cohort_t24m_unclear; construct unclear. Recorded follow-up 24 months, basis since_baseline. Recorded numerator 47. Recorded observed denominator 101."
domenicano2025_cohort_t24m_unclear__jbi3_sample_size,domenicano2025_cohort_t24m_unclear,jbi3_sample_size,unclear,unclear,agree,"dissertation_shared_folder/Data Extraction Papers/fnbeh-19-1642460.pdf; Figure 1, p. 4; Discussion, p. 9",Codex AI independent verification agent 3,2026-10-01,Judgement retained after independent source review; replacement rationale records the outcome-specific basis.,"The analysed follow-up samples are modest and no prevalence-specific size justification is given. Precision and attrition must be considered separately. Reviewed result: domenicano2025_cohort_t24m_unclear; construct unclear. Recorded follow-up 24 months, basis since_baseline. Recorded numerator 47. Recorded observed denominator 101."
domenicano2025_cohort_t24m_unclear__jbi4_subjects_setting_described,domenicano2025_cohort_t24m_unclear,jbi4_subjects_setting_described,yes,yes,agree,"dissertation_shared_folder/Data Extraction Papers/fnbeh-19-1642460.pdf; Table 1, p. 5-6; Methods 2.1, p. 2",Codex AI independent verification agent 3,2026-10-01,Judgement retained after independent source review; replacement rationale records the outcome-specific basis.,"The service, participant demographics, diagnostic distribution and sex-stratified clinical characteristics are described. Reviewed result: domenicano2025_cohort_t24m_unclear; construct unclear. Recorded follow-up 24 months, basis since_baseline. Recorded numerator 47. Recorded observed denominator 101."
domenicano2025_cohort_t24m_unclear__jbi5_coverage_of_sample,domenicano2025_cohort_t24m_unclear,jbi5_coverage_of_sample,no,no,agree,"dissertation_shared_folder/Data Extraction Papers/fnbeh-19-1642460.pdf; Methods 2.3, p. 3; Figure 1, p. 4; Limitations, p. 9",Codex AI independent verification agent 3,2026-10-01,Judgement retained after independent source review; replacement rationale records the outcome-specific basis.,"Employment follow-up is confined to people remaining in care. Discharge and dropout remove substantial numbers, and neither their occupational status nor correction for informative discharge is provided. Reviewed result: domenicano2025_cohort_t24m_unclear; construct unclear. Recorded follow-up 24 months, basis since_baseline. Recorded numerator 47. Recorded observed denominator 101."
domenicano2025_cohort_t24m_unclear__jbi6_condition_identification,domenicano2025_cohort_t24m_unclear,jbi6_condition_identification,yes,unclear,disagree,"dissertation_shared_folder/Data Extraction Papers/fnbeh-19-1642460.pdf; Methods 2.3, p. 3; Table 2, p. 7",Codex AI independent verification agent 3,2026-10-01,Source-grounded judgement correction; replacement rationale supplied in notes.,"Diagnostic criteria identify psychosis eligibility. Employment is recorded as a yes/no category without operational ascertainment criteria, and the NEET acronym does not supply enough details to validate the work/education/training classification. Reviewed result: domenicano2025_cohort_t24m_unclear; construct unclear. Recorded follow-up 24 months, basis since_baseline. Recorded numerator 47. Recorded observed denominator 101."
domenicano2025_cohort_t24m_unclear__jbi7_condition_measurement,domenicano2025_cohort_t24m_unclear,jbi7_condition_measurement,no,unclear,disagree,"dissertation_shared_folder/Data Extraction Papers/fnbeh-19-1642460.pdf; Methods 2.3, p. 3; Tables 1 and 2, p. 5 and 7",Codex AI independent verification agent 3,2026-10-01,Source-grounded judgement correction; replacement rationale supplied in notes.,"Clinical record extraction is described, but vocational operational definitions, rater reliability and a standardised instrument are not specified. Absence of these details establishes uncertainty rather than affirmative invalidity. Reviewed result: domenicano2025_cohort_t24m_unclear; construct unclear. Recorded follow-up 24 months, basis since_baseline. Recorded numerator 47. Recorded observed denominator 101."
domenicano2025_cohort_t24m_unclear__jbi8_statistical_analysis,domenicano2025_cohort_t24m_unclear,jbi8_statistical_analysis,no,no,agree,"dissertation_shared_folder/Data Extraction Papers/fnbeh-19-1642460.pdf; Results 3.2, p. 4; Figure 1, p. 4; Table 2, p. 7",Codex AI independent verification agent 3,2026-10-01,Judgement retained after independent source review; replacement rationale records the outcome-specific basis.,"The 24-month table uses 101 (76 men, 25 women), whereas text states 104 (78 men) and flow arithmetic yields 102 (76 men, 26 women). The employment/composite denominator cannot be selected unambiguously, supporting no for statistical adequacy at this wave. Reviewed result: domenicano2025_cohort_t24m_unclear; construct unclear. Recorded follow-up 24 months, basis since_baseline. Recorded numerator 47. Recorded observed denominator 101."
domenicano2025_cohort_t24m_unclear__jbi9_response_rate,domenicano2025_cohort_t24m_unclear,jbi9_response_rate,no,no,agree,"dissertation_shared_folder/Data Extraction Papers/fnbeh-19-1642460.pdf; Figure 1, p. 4; Results 3.2, p. 4; Methods 2.3, p. 3",Codex AI independent verification agent 3,2026-10-01,Judgement retained after independent source review; replacement rationale records the outcome-specific basis.,"Follow-up falls from 174 at entry to 139 at 12 months and approximately 101 at 24 months; discharge/dropout are occupationally plausible sources of selection without outcome adjustment. Reviewed result: domenicano2025_cohort_t24m_unclear; construct unclear. Recorded follow-up 24 months, basis since_baseline. Recorded numerator 47. Recorded observed denominator 101."
domenicano2025_cohort_t12m_eet__jbi1_sample_frame,domenicano2025_cohort_t12m_eet,jbi1_sample_frame,yes,yes,agree,"dissertation_shared_folder/Data Extraction Papers/fnbeh-19-1642460.pdf; Methods 2.1 Setting and 2.2 Participants, p. 2-3",Codex AI independent verification agent 3,2026-10-01,Judgement retained after independent source review; replacement rationale records the outcome-specific basis.,"The Ferrara early-psychosis service is a defined clinical frame with specified age/treatment-duration criteria. Figure 1 begins with 232 screened people, whereas the main text says 219, so initial flow reporting is inconsistent. Reviewed result: domenicano2025_cohort_t12m_eet; construct paid_or_education_or_training. Recorded follow-up 12 months, basis since_baseline. Recorded numerator 104. Recorded observed denominator 139."
domenicano2025_cohort_t12m_eet__jbi2_participant_sampling,domenicano2025_cohort_t12m_eet,jbi2_participant_sampling,yes,yes,agree,"dissertation_shared_folder/Data Extraction Papers/fnbeh-19-1642460.pdf; Methods 2.2, p. 3; Figure 1, p. 4",Codex AI independent verification agent 3,2026-10-01,Judgement retained after independent source review; replacement rationale records the outcome-specific basis.,"Consecutive eligible FEP presentations were included rather than selected according to vocational outcome. The figure gives 174 after exclusions. Reviewed result: domenicano2025_cohort_t12m_eet; construct paid_or_education_or_training. Recorded follow-up 12 months, basis since_baseline. Recorded numerator 104. Recorded observed denominator 139."
domenicano2025_cohort_t12m_eet__jbi3_sample_size,domenicano2025_cohort_t12m_eet,jbi3_sample_size,unclear,unclear,agree,"dissertation_shared_folder/Data Extraction Papers/fnbeh-19-1642460.pdf; Figure 1, p. 4; Discussion, p. 9",Codex AI independent verification agent 3,2026-10-01,Judgement retained after independent source review; replacement rationale records the outcome-specific basis.,"The analysed follow-up samples are modest and no prevalence-specific size justification is given. Precision and attrition must be considered separately. Reviewed result: domenicano2025_cohort_t12m_eet; construct paid_or_education_or_training. Recorded follow-up 12 months, basis since_baseline. Recorded numerator 104. Recorded observed denominator 139."
domenicano2025_cohort_t12m_eet__jbi4_subjects_setting_described,domenicano2025_cohort_t12m_eet,jbi4_subjects_setting_described,yes,yes,agree,"dissertation_shared_folder/Data Extraction Papers/fnbeh-19-1642460.pdf; Table 1, p. 5-6; Methods 2.1, p. 2",Codex AI independent verification agent 3,2026-10-01,Judgement retained after independent source review; replacement rationale records the outcome-specific basis.,"The service, participant demographics, diagnostic distribution and sex-stratified clinical characteristics are described. Reviewed result: domenicano2025_cohort_t12m_eet; construct paid_or_education_or_training. Recorded follow-up 12 months, basis since_baseline. Recorded numerator 104. Recorded observed denominator 139."
domenicano2025_cohort_t12m_eet__jbi5_coverage_of_sample,domenicano2025_cohort_t12m_eet,jbi5_coverage_of_sample,no,no,agree,"dissertation_shared_folder/Data Extraction Papers/fnbeh-19-1642460.pdf; Methods 2.3, p. 3; Figure 1, p. 4; Limitations, p. 9",Codex AI independent verification agent 3,2026-10-01,Judgement retained after independent source review; replacement rationale records the outcome-specific basis.,"Employment follow-up is confined to people remaining in care. Discharge and dropout remove substantial numbers, and neither their occupational status nor correction for informative discharge is provided. Reviewed result: domenicano2025_cohort_t12m_eet; construct paid_or_education_or_training. Recorded follow-up 12 months, basis since_baseline. Recorded numerator 104. Recorded observed denominator 139."
domenicano2025_cohort_t12m_eet__jbi6_condition_identification,domenicano2025_cohort_t12m_eet,jbi6_condition_identification,yes,unclear,disagree,"dissertation_shared_folder/Data Extraction Papers/fnbeh-19-1642460.pdf; Methods 2.3, p. 3; Table 2, p. 7",Codex AI independent verification agent 3,2026-10-01,Source-grounded judgement correction; replacement rationale supplied in notes.,"Diagnostic criteria identify psychosis eligibility. Employment is recorded as a yes/no category without operational ascertainment criteria, and the NEET acronym does not supply enough details to validate the work/education/training classification. Reviewed result: domenicano2025_cohort_t12m_eet; construct paid_or_education_or_training. Recorded follow-up 12 months, basis since_baseline. Recorded numerator 104. Recorded observed denominator 139."
domenicano2025_cohort_t12m_eet__jbi7_condition_measurement,domenicano2025_cohort_t12m_eet,jbi7_condition_measurement,unclear,unclear,agree,"dissertation_shared_folder/Data Extraction Papers/fnbeh-19-1642460.pdf; Methods 2.3, p. 3",Codex AI independent verification agent 3,2026-10-01,Judgement retained after independent source review; replacement rationale records the outcome-specific basis.,"Clinical record extraction is described, but vocational operational definitions, rater reliability and a standardised instrument are not specified. Absence of these details establishes uncertainty rather than affirmative invalidity. Reviewed result: domenicano2025_cohort_t12m_eet; construct paid_or_education_or_training. Recorded follow-up 12 months, basis since_baseline. Recorded numerator 104. Recorded observed denominator 139."
domenicano2025_cohort_t12m_eet__jbi8_statistical_analysis,domenicano2025_cohort_t12m_eet,jbi8_statistical_analysis,no,no,agree,"dissertation_shared_folder/Data Extraction Papers/fnbeh-19-1642460.pdf; Table 2, p. 7",Codex AI independent verification agent 3,2026-10-01,Judgement retained after independent source review; replacement rationale records the outcome-specific basis.,"The 12-month NEET total is 35/139, but the printed male NEET count 50 (24.5%) cannot reproduce the percentage for 102 men and conflicts with total 35 and ten women. The likely male count would be 25, but this must not be silently substituted. The derived 104/139 complement consequently depends on an unresolved table transcription error. Reviewed result: domenicano2025_cohort_t12m_eet; construct paid_or_education_or_training. Recorded follow-up 12 months, basis since_baseline. Recorded numerator 104. Recorded observed denominator 139."
domenicano2025_cohort_t12m_eet__jbi9_response_rate,domenicano2025_cohort_t12m_eet,jbi9_response_rate,no,no,agree,"dissertation_shared_folder/Data Extraction Papers/fnbeh-19-1642460.pdf; Figure 1, p. 4; Methods 2.3, p. 3",Codex AI independent verification agent 3,2026-10-01,Judgement retained after independent source review; replacement rationale records the outcome-specific basis.,"Follow-up falls from 174 at entry to 139 at 12 months and approximately 101 at 24 months; discharge/dropout are occupationally plausible sources of selection without outcome adjustment. Reviewed result: domenicano2025_cohort_t12m_eet; construct paid_or_education_or_training. Recorded follow-up 12 months, basis since_baseline. Recorded numerator 104. Recorded observed denominator 139."
domenicano2025_cohort_t24m_eet__jbi1_sample_frame,domenicano2025_cohort_t24m_eet,jbi1_sample_frame,yes,yes,agree,"dissertation_shared_folder/Data Extraction Papers/fnbeh-19-1642460.pdf; Methods 2.1 Setting and 2.2 Participants, p. 2-3",Codex AI independent verification agent 3,2026-10-01,Judgement retained after independent source review; replacement rationale records the outcome-specific basis.,"The Ferrara early-psychosis service is a defined clinical frame with specified age/treatment-duration criteria. Figure 1 begins with 232 screened people, whereas the main text says 219, so initial flow reporting is inconsistent. Reviewed result: domenicano2025_cohort_t24m_eet; construct paid_or_education_or_training. Recorded follow-up 24 months, basis since_baseline. Recorded numerator 79. Recorded observed denominator 101."
domenicano2025_cohort_t24m_eet__jbi2_participant_sampling,domenicano2025_cohort_t24m_eet,jbi2_participant_sampling,yes,yes,agree,"dissertation_shared_folder/Data Extraction Papers/fnbeh-19-1642460.pdf; Methods 2.2, p. 3; Figure 1, p. 4",Codex AI independent verification agent 3,2026-10-01,Judgement retained after independent source review; replacement rationale records the outcome-specific basis.,"Consecutive eligible FEP presentations were included rather than selected according to vocational outcome. The figure gives 174 after exclusions. Reviewed result: domenicano2025_cohort_t24m_eet; construct paid_or_education_or_training. Recorded follow-up 24 months, basis since_baseline. Recorded numerator 79. Recorded observed denominator 101."
domenicano2025_cohort_t24m_eet__jbi3_sample_size,domenicano2025_cohort_t24m_eet,jbi3_sample_size,unclear,unclear,agree,"dissertation_shared_folder/Data Extraction Papers/fnbeh-19-1642460.pdf; Figure 1, p. 4; Discussion, p. 9",Codex AI independent verification agent 3,2026-10-01,Judgement retained after independent source review; replacement rationale records the outcome-specific basis.,"The analysed follow-up samples are modest and no prevalence-specific size justification is given. Precision and attrition must be considered separately. Reviewed result: domenicano2025_cohort_t24m_eet; construct paid_or_education_or_training. Recorded follow-up 24 months, basis since_baseline. Recorded numerator 79. Recorded observed denominator 101."
domenicano2025_cohort_t24m_eet__jbi4_subjects_setting_described,domenicano2025_cohort_t24m_eet,jbi4_subjects_setting_described,yes,yes,agree,"dissertation_shared_folder/Data Extraction Papers/fnbeh-19-1642460.pdf; Table 1, p. 5-6; Methods 2.1, p. 2",Codex AI independent verification agent 3,2026-10-01,Judgement retained after independent source review; replacement rationale records the outcome-specific basis.,"The service, participant demographics, diagnostic distribution and sex-stratified clinical characteristics are described. Reviewed result: domenicano2025_cohort_t24m_eet; construct paid_or_education_or_training. Recorded follow-up 24 months, basis since_baseline. Recorded numerator 79. Recorded observed denominator 101."
domenicano2025_cohort_t24m_eet__jbi5_coverage_of_sample,domenicano2025_cohort_t24m_eet,jbi5_coverage_of_sample,no,no,agree,"dissertation_shared_folder/Data Extraction Papers/fnbeh-19-1642460.pdf; Methods 2.3, p. 3; Figure 1, p. 4; Limitations, p. 9",Codex AI independent verification agent 3,2026-10-01,Judgement retained after independent source review; replacement rationale records the outcome-specific basis.,"Employment follow-up is confined to people remaining in care. Discharge and dropout remove substantial numbers, and neither their occupational status nor correction for informative discharge is provided. Reviewed result: domenicano2025_cohort_t24m_eet; construct paid_or_education_or_training. Recorded follow-up 24 months, basis since_baseline. Recorded numerator 79. Recorded observed denominator 101."
domenicano2025_cohort_t24m_eet__jbi6_condition_identification,domenicano2025_cohort_t24m_eet,jbi6_condition_identification,yes,unclear,disagree,"dissertation_shared_folder/Data Extraction Papers/fnbeh-19-1642460.pdf; Methods 2.3, p. 3; Table 2, p. 7",Codex AI independent verification agent 3,2026-10-01,Source-grounded judgement correction; replacement rationale supplied in notes.,"Diagnostic criteria identify psychosis eligibility. Employment is recorded as a yes/no category without operational ascertainment criteria, and the NEET acronym does not supply enough details to validate the work/education/training classification. Reviewed result: domenicano2025_cohort_t24m_eet; construct paid_or_education_or_training. Recorded follow-up 24 months, basis since_baseline. Recorded numerator 79. Recorded observed denominator 101."
domenicano2025_cohort_t24m_eet__jbi7_condition_measurement,domenicano2025_cohort_t24m_eet,jbi7_condition_measurement,unclear,unclear,agree,"dissertation_shared_folder/Data Extraction Papers/fnbeh-19-1642460.pdf; Methods 2.3, p. 3",Codex AI independent verification agent 3,2026-10-01,Judgement retained after independent source review; replacement rationale records the outcome-specific basis.,"Clinical record extraction is described, but vocational operational definitions, rater reliability and a standardised instrument are not specified. Absence of these details establishes uncertainty rather than affirmative invalidity. Reviewed result: domenicano2025_cohort_t24m_eet; construct paid_or_education_or_training. Recorded follow-up 24 months, basis since_baseline. Recorded numerator 79. Recorded observed denominator 101."
domenicano2025_cohort_t24m_eet__jbi8_statistical_analysis,domenicano2025_cohort_t24m_eet,jbi8_statistical_analysis,no,no,agree,"dissertation_shared_folder/Data Extraction Papers/fnbeh-19-1642460.pdf; Results 3.2, p. 4; Figure 1, p. 4; Table 2, p. 7",Codex AI independent verification agent 3,2026-10-01,Judgement retained after independent source review; replacement rationale records the outcome-specific basis.,"The 24-month table uses 101 (76 men, 25 women), whereas text states 104 (78 men) and flow arithmetic yields 102 (76 men, 26 women). The employment/composite denominator cannot be selected unambiguously, supporting no for statistical adequacy at this wave. Reviewed result: domenicano2025_cohort_t24m_eet; construct paid_or_education_or_training. Recorded follow-up 24 months, basis since_baseline. Recorded numerator 79. Recorded observed denominator 101."
domenicano2025_cohort_t24m_eet__jbi9_response_rate,domenicano2025_cohort_t24m_eet,jbi9_response_rate,no,no,agree,"dissertation_shared_folder/Data Extraction Papers/fnbeh-19-1642460.pdf; Figure 1, p. 4; Results 3.2, p. 4; Methods 2.3, p. 3",Codex AI independent verification agent 3,2026-10-01,Judgement retained after independent source review; replacement rationale records the outcome-specific basis.,"Follow-up falls from 174 at entry to 139 at 12 months and approximately 101 at 24 months; discharge/dropout are occupationally plausible sources of selection without outcome adjustment. Reviewed result: domenicano2025_cohort_t24m_eet; construct paid_or_education_or_training. Recorded follow-up 24 months, basis since_baseline. Recorded numerator 79. Recorded observed denominator 101."
drake2015_szsud_t12m_paidcomp__jbi1_sample_frame,drake2015_szsud_t12m_paidcomp,jbi1_sample_frame,no,no,agree,"dissertation_shared_folder/Data Extraction Papers/sbv110.pdf; Methods, Study Group, p. 203; Discussion, p. 206",Codex AI independent verification agent 3,2026-10-01,Judgement retained after independent source review; replacement rationale records the outcome-specific basis.,"The 150 schizophrenia/substance-use participants were selected from a trial requiring high service needs and instability. This is a restricted clinical group rather than a general schizophrenia employment frame. Reviewed result: drake2015_szsud_t12m_paidcomp; construct paid_competitive. Recorded follow-up 12 months, basis since_baseline. Recorded numerator 23."
drake2015_szsud_t12m_paidcomp__jbi2_participant_sampling,drake2015_szsud_t12m_paidcomp,jbi2_participant_sampling,unclear,unclear,agree,"dissertation_shared_folder/Data Extraction Papers/sbv110.pdf; Methods, Study Group and Procedures, p. 203",Codex AI independent verification agent 3,2026-10-01,Judgement retained after independent source review; replacement rationale records the outcome-specific basis.,"Clinical trial recruitment and later consent for naturalistic extension do not establish complete catchment or probability sampling. The initial enrolment mechanism is insufficiently specified. Reviewed result: drake2015_szsud_t12m_paidcomp; construct paid_competitive. Recorded follow-up 12 months, basis since_baseline. Recorded numerator 23."
drake2015_szsud_t12m_paidcomp__jbi3_sample_size,drake2015_szsud_t12m_paidcomp,jbi3_sample_size,unclear,unclear,agree,"dissertation_shared_folder/Data Extraction Papers/sbv110.pdf; Table 3, p. 207",Codex AI independent verification agent 3,2026-10-01,Judgement retained after independent source review; replacement rationale records the outcome-specific basis.,"Sample size and employment-cell denominators vary by wave and are not explicitly justified for prevalence precision. Later wave samples are particularly small. Reviewed result: drake2015_szsud_t12m_paidcomp; construct paid_competitive. Recorded follow-up 12 months, basis since_baseline. Recorded numerator 23."
drake2015_szsud_t12m_paidcomp__jbi4_subjects_setting_described,drake2015_szsud_t12m_paidcomp,jbi4_subjects_setting_described,yes,yes,agree,"dissertation_shared_folder/Data Extraction Papers/sbv110.pdf; Table 1, p. 205; Methods, Overview, p. 203",Codex AI independent verification agent 3,2026-10-01,Judgement retained after independent source review; replacement rationale records the outcome-specific basis.,"The two Connecticut treatment settings, high-needs eligibility, diagnostic assessment and demographic/clinical profile are described. Reviewed result: drake2015_szsud_t12m_paidcomp; construct paid_competitive. Recorded follow-up 12 months, basis since_baseline. Recorded numerator 23."
drake2015_szsud_t12m_paidcomp__jbi5_coverage_of_sample,drake2015_szsud_t12m_paidcomp,jbi5_coverage_of_sample,no,unclear,disagree,"dissertation_shared_folder/Data Extraction Papers/sbv110.pdf; Methods, Overview and Study Group, p. 203; Results, p. 204",Codex AI independent verification agent 3,2026-10-01,Source-grounded judgement correction; replacement rationale supplied in notes.,"At 12 months, interviews cover 133/150 of the original schizophrenia/substance-use group. Employment-specific denominators are not supplied despite Table 3 noting variable missing data. Early coverage/response is therefore unclear; the much lower later naturalistic-extension coverage should not be applied retrospectively to this wave. Reviewed result: drake2015_szsud_t12m_paidcomp; construct paid_competitive. Recorded follow-up 12 months, basis since_baseline. Recorded numerator 23."
drake2015_szsud_t12m_paidcomp__jbi6_condition_identification,drake2015_szsud_t12m_paidcomp,jbi6_condition_identification,yes,yes,agree,"dissertation_shared_folder/Data Extraction Papers/sbv110.pdf; Functional Outcomes and competitive-employment recovery criterion, pp. 203-204; Table 3, p. 207",Codex AI independent verification agent 3,2026-10-01,Judgement retained after independent source review; replacement rationale records the outcome-specific basis.,"Competitive work is explicitly defined as integrated employment paid at minimum wage or higher, obtained through direct contracting and performed for at least one day. This identifies the competitive-employment condition; SCID establishes diagnosis separately. Reviewed result: drake2015_szsud_t12m_paidcomp; construct paid_competitive. Recorded follow-up 12 months, basis since_baseline. Recorded numerator 23."
drake2015_szsud_t12m_paidcomp__jbi7_condition_measurement,drake2015_szsud_t12m_paidcomp,jbi7_condition_measurement,unclear,unclear,agree,"dissertation_shared_folder/Data Extraction Papers/sbv110.pdf; Measures, Recovery Score, p. 204; Table 3, p. 207",Codex AI independent verification agent 3,2026-10-01,Judgement retained after independent source review; replacement rationale records the outcome-specific basis.,"Methods refer to work in the previous six months, whereas Table 3 labels competitive employment in the past year. The reference period and vocational measurement reliability are unresolved. Reviewed result: drake2015_szsud_t12m_paidcomp; construct paid_competitive. Recorded follow-up 12 months, basis since_baseline. Recorded numerator 23."
drake2015_szsud_t12m_paidcomp__jbi8_statistical_analysis,drake2015_szsud_t12m_paidcomp,jbi8_statistical_analysis,no,no,agree,"dissertation_shared_folder/Data Extraction Papers/sbv110.pdf; Table 3, p. 207; Abstract, p. 202; Discussion, p. 206",Codex AI independent verification agent 3,2026-10-01,Judgement retained after independent source review; replacement rationale records the outcome-specific basis.,"Table 3 notes variable denominators due to missing data and prints counts/percentages that do not reproduce using the interview totals. Employment-specific observed denominators are not stated, so exact prevalence cannot be reconstructed. Reviewed result: drake2015_szsud_t12m_paidcomp; construct paid_competitive. Recorded follow-up 12 months, basis since_baseline. Recorded numerator 23."
drake2015_szsud_t12m_paidcomp__jbi9_response_rate,drake2015_szsud_t12m_paidcomp,jbi9_response_rate,no,unclear,disagree,"dissertation_shared_folder/Data Extraction Papers/sbv110.pdf; Table 3, 1 Year column, p. 207; Results, Baseline Characteristics, p. 204",Codex AI independent verification agent 3,2026-10-01,Source-grounded judgement correction; replacement rationale supplied in notes.,"At 12 months, interviews cover 133/150 of the original schizophrenia/substance-use group. Employment-specific denominators are not supplied despite Table 3 noting variable missing data. Early coverage/response is therefore unclear; the much lower later naturalistic-extension coverage should not be applied retrospectively to this wave. Reviewed result: drake2015_szsud_t12m_paidcomp; construct paid_competitive. Recorded follow-up 12 months, basis since_baseline. Recorded numerator 23."
drake2015_szsud_t24m_paidcomp__jbi1_sample_frame,drake2015_szsud_t24m_paidcomp,jbi1_sample_frame,no,no,agree,"dissertation_shared_folder/Data Extraction Papers/sbv110.pdf; Methods, Study Group, p. 203; Discussion, p. 206",Codex AI independent verification agent 3,2026-10-01,Judgement retained after independent source review; replacement rationale records the outcome-specific basis.,"The 150 schizophrenia/substance-use participants were selected from a trial requiring high service needs and instability. This is a restricted clinical group rather than a general schizophrenia employment frame. Reviewed result: drake2015_szsud_t24m_paidcomp; construct paid_competitive. Recorded follow-up 24 months, basis since_baseline. Recorded numerator 17."
drake2015_szsud_t24m_paidcomp__jbi2_participant_sampling,drake2015_szsud_t24m_paidcomp,jbi2_participant_sampling,unclear,unclear,agree,"dissertation_shared_folder/Data Extraction Papers/sbv110.pdf; Methods, Study Group and Procedures, p. 203",Codex AI independent verification agent 3,2026-10-01,Judgement retained after independent source review; replacement rationale records the outcome-specific basis.,"Clinical trial recruitment and later consent for naturalistic extension do not establish complete catchment or probability sampling. The initial enrolment mechanism is insufficiently specified. Reviewed result: drake2015_szsud_t24m_paidcomp; construct paid_competitive. Recorded follow-up 24 months, basis since_baseline. Recorded numerator 17."
drake2015_szsud_t24m_paidcomp__jbi3_sample_size,drake2015_szsud_t24m_paidcomp,jbi3_sample_size,unclear,unclear,agree,"dissertation_shared_folder/Data Extraction Papers/sbv110.pdf; Table 3, p. 207",Codex AI independent verification agent 3,2026-10-01,Judgement retained after independent source review; replacement rationale records the outcome-specific basis.,"Sample size and employment-cell denominators vary by wave and are not explicitly justified for prevalence precision. Later wave samples are particularly small. Reviewed result: drake2015_szsud_t24m_paidcomp; construct paid_competitive. Recorded follow-up 24 months, basis since_baseline. Recorded numerator 17."
drake2015_szsud_t24m_paidcomp__jbi4_subjects_setting_described,drake2015_szsud_t24m_paidcomp,jbi4_subjects_setting_described,yes,yes,agree,"dissertation_shared_folder/Data Extraction Papers/sbv110.pdf; Table 1, p. 205; Methods, Overview, p. 203",Codex AI independent verification agent 3,2026-10-01,Judgement retained after independent source review; replacement rationale records the outcome-specific basis.,"The two Connecticut treatment settings, high-needs eligibility, diagnostic assessment and demographic/clinical profile are described. Reviewed result: drake2015_szsud_t24m_paidcomp; construct paid_competitive. Recorded follow-up 24 months, basis since_baseline. Recorded numerator 17."
drake2015_szsud_t24m_paidcomp__jbi5_coverage_of_sample,drake2015_szsud_t24m_paidcomp,jbi5_coverage_of_sample,no,unclear,disagree,"dissertation_shared_folder/Data Extraction Papers/sbv110.pdf; Methods, Overview and Study Group, p. 203; Results, p. 204",Codex AI independent verification agent 3,2026-10-01,Source-grounded judgement correction; replacement rationale supplied in notes.,"At 24 months, interviews cover 129/150 of the original schizophrenia/substance-use group. Employment-specific denominators are not supplied despite Table 3 noting variable missing data. Early coverage/response is therefore unclear; the much lower later naturalistic-extension coverage should not be applied retrospectively to this wave. Reviewed result: drake2015_szsud_t24m_paidcomp; construct paid_competitive. Recorded follow-up 24 months, basis since_baseline. Recorded numerator 17."
drake2015_szsud_t24m_paidcomp__jbi6_condition_identification,drake2015_szsud_t24m_paidcomp,jbi6_condition_identification,yes,yes,agree,"dissertation_shared_folder/Data Extraction Papers/sbv110.pdf; Functional Outcomes and competitive-employment recovery criterion, pp. 203-204; Table 3, p. 207",Codex AI independent verification agent 3,2026-10-01,Judgement retained after independent source review; replacement rationale records the outcome-specific basis.,"Competitive work is explicitly defined as integrated employment paid at minimum wage or higher, obtained through direct contracting and performed for at least one day. This identifies the competitive-employment condition; SCID establishes diagnosis separately. Reviewed result: drake2015_szsud_t24m_paidcomp; construct paid_competitive. Recorded follow-up 24 months, basis since_baseline. Recorded numerator 17."
drake2015_szsud_t24m_paidcomp__jbi7_condition_measurement,drake2015_szsud_t24m_paidcomp,jbi7_condition_measurement,unclear,unclear,agree,"dissertation_shared_folder/Data Extraction Papers/sbv110.pdf; Measures, Recovery Score, p. 204; Table 3, p. 207",Codex AI independent verification agent 3,2026-10-01,Judgement retained after independent source review; replacement rationale records the outcome-specific basis.,"Methods refer to work in the previous six months, whereas Table 3 labels competitive employment in the past year. The reference period and vocational measurement reliability are unresolved. Reviewed result: drake2015_szsud_t24m_paidcomp; construct paid_competitive. Recorded follow-up 24 months, basis since_baseline. Recorded numerator 17."
drake2015_szsud_t24m_paidcomp__jbi8_statistical_analysis,drake2015_szsud_t24m_paidcomp,jbi8_statistical_analysis,no,no,agree,"dissertation_shared_folder/Data Extraction Papers/sbv110.pdf; Table 3, p. 207; Abstract, p. 202; Discussion, p. 206",Codex AI independent verification agent 3,2026-10-01,Judgement retained after independent source review; replacement rationale records the outcome-specific basis.,"Table 3 notes variable denominators due to missing data and prints counts/percentages that do not reproduce using the interview totals. Employment-specific observed denominators are not stated, so exact prevalence cannot be reconstructed. Reviewed result: drake2015_szsud_t24m_paidcomp; construct paid_competitive. Recorded follow-up 24 months, basis since_baseline. Recorded numerator 17."
drake2015_szsud_t24m_paidcomp__jbi9_response_rate,drake2015_szsud_t24m_paidcomp,jbi9_response_rate,no,unclear,disagree,"dissertation_shared_folder/Data Extraction Papers/sbv110.pdf; Table 3, 2 Year column, p. 207; Results, Baseline Characteristics, p. 204",Codex AI independent verification agent 3,2026-10-01,Source-grounded judgement correction; replacement rationale supplied in notes.,"At 24 months, interviews cover 129/150 of the original schizophrenia/substance-use group. Employment-specific denominators are not supplied despite Table 3 noting variable missing data. Early coverage/response is therefore unclear; the much lower later naturalistic-extension coverage should not be applied retrospectively to this wave. Reviewed result: drake2015_szsud_t24m_paidcomp; construct paid_competitive. Recorded follow-up 24 months, basis since_baseline. Recorded numerator 17."
drake2015_szsud_t36m_paidcomp__jbi1_sample_frame,drake2015_szsud_t36m_paidcomp,jbi1_sample_frame,no,no,agree,"dissertation_shared_folder/Data Extraction Papers/sbv110.pdf; Methods, Study Group, p. 203; Discussion, p. 206",Codex AI independent verification agent 3,2026-10-01,Judgement retained after independent source review; replacement rationale records the outcome-specific basis.,"The 150 schizophrenia/substance-use participants were selected from a trial requiring high service needs and instability. This is a restricted clinical group rather than a general schizophrenia employment frame. Reviewed result: drake2015_szsud_t36m_paidcomp; construct paid_competitive. Recorded follow-up 36 months, basis since_baseline. Recorded numerator 22."
drake2015_szsud_t36m_paidcomp__jbi2_participant_sampling,drake2015_szsud_t36m_paidcomp,jbi2_participant_sampling,unclear,unclear,agree,"dissertation_shared_folder/Data Extraction Papers/sbv110.pdf; Methods, Study Group and Procedures, p. 203",Codex AI independent verification agent 3,2026-10-01,Judgement retained after independent source review; replacement rationale records the outcome-specific basis.,"Clinical trial recruitment and later consent for naturalistic extension do not establish complete catchment or probability sampling. The initial enrolment mechanism is insufficiently specified. Reviewed result: drake2015_szsud_t36m_paidcomp; construct paid_competitive. Recorded follow-up 36 months, basis since_baseline. Recorded numerator 22."
drake2015_szsud_t36m_paidcomp__jbi3_sample_size,drake2015_szsud_t36m_paidcomp,jbi3_sample_size,unclear,unclear,agree,"dissertation_shared_folder/Data Extraction Papers/sbv110.pdf; Table 3, p. 207",Codex AI independent verification agent 3,2026-10-01,Judgement retained after independent source review; replacement rationale records the outcome-specific basis.,"Sample size and employment-cell denominators vary by wave and are not explicitly justified for prevalence precision. Later wave samples are particularly small. Reviewed result: drake2015_szsud_t36m_paidcomp; construct paid_competitive. Recorded follow-up 36 months, basis since_baseline. Recorded numerator 22."
drake2015_szsud_t36m_paidcomp__jbi4_subjects_setting_described,drake2015_szsud_t36m_paidcomp,jbi4_subjects_setting_described,yes,yes,agree,"dissertation_shared_folder/Data Extraction Papers/sbv110.pdf; Table 1, p. 205; Methods, Overview, p. 203",Codex AI independent verification agent 3,2026-10-01,Judgement retained after independent source review; replacement rationale records the outcome-specific basis.,"The two Connecticut treatment settings, high-needs eligibility, diagnostic assessment and demographic/clinical profile are described. Reviewed result: drake2015_szsud_t36m_paidcomp; construct paid_competitive. Recorded follow-up 36 months, basis since_baseline. Recorded numerator 22."
drake2015_szsud_t36m_paidcomp__jbi5_coverage_of_sample,drake2015_szsud_t36m_paidcomp,jbi5_coverage_of_sample,no,unclear,disagree,"dissertation_shared_folder/Data Extraction Papers/sbv110.pdf; Methods, Overview and Study Group, p. 203; Results, p. 204",Codex AI independent verification agent 3,2026-10-01,Source-grounded judgement correction; replacement rationale supplied in notes.,"At 36 months, interviews cover 131/150 of the original schizophrenia/substance-use group. Employment-specific denominators are not supplied despite Table 3 noting variable missing data. Early coverage/response is therefore unclear; the much lower later naturalistic-extension coverage should not be applied retrospectively to this wave. Reviewed result: drake2015_szsud_t36m_paidcomp; construct paid_competitive. Recorded follow-up 36 months, basis since_baseline. Recorded numerator 22."
drake2015_szsud_t36m_paidcomp__jbi6_condition_identification,drake2015_szsud_t36m_paidcomp,jbi6_condition_identification,yes,yes,agree,"dissertation_shared_folder/Data Extraction Papers/sbv110.pdf; Functional Outcomes and competitive-employment recovery criterion, pp. 203-204; Table 3, p. 207",Codex AI independent verification agent 3,2026-10-01,Judgement retained after independent source review; replacement rationale records the outcome-specific basis.,"Competitive work is explicitly defined as integrated employment paid at minimum wage or higher, obtained through direct contracting and performed for at least one day. This identifies the competitive-employment condition; SCID establishes diagnosis separately. Reviewed result: drake2015_szsud_t36m_paidcomp; construct paid_competitive. Recorded follow-up 36 months, basis since_baseline. Recorded numerator 22."
drake2015_szsud_t36m_paidcomp__jbi7_condition_measurement,drake2015_szsud_t36m_paidcomp,jbi7_condition_measurement,unclear,unclear,agree,"dissertation_shared_folder/Data Extraction Papers/sbv110.pdf; Measures, Recovery Score, p. 204; Table 3, p. 207",Codex AI independent verification agent 3,2026-10-01,Judgement retained after independent source review; replacement rationale records the outcome-specific basis.,"Methods refer to work in the previous six months, whereas Table 3 labels competitive employment in the past year. The reference period and vocational measurement reliability are unresolved. Reviewed result: drake2015_szsud_t36m_paidcomp; construct paid_competitive. Recorded follow-up 36 months, basis since_baseline. Recorded numerator 22."
drake2015_szsud_t36m_paidcomp__jbi8_statistical_analysis,drake2015_szsud_t36m_paidcomp,jbi8_statistical_analysis,no,no,agree,"dissertation_shared_folder/Data Extraction Papers/sbv110.pdf; Table 3, p. 207; Abstract, p. 202; Discussion, p. 206",Codex AI independent verification agent 3,2026-10-01,Judgement retained after independent source review; replacement rationale records the outcome-specific basis.,"Table 3 notes variable denominators due to missing data and prints counts/percentages that do not reproduce using the interview totals. Employment-specific observed denominators are not stated, so exact prevalence cannot be reconstructed. Reviewed result: drake2015_szsud_t36m_paidcomp; construct paid_competitive. Recorded follow-up 36 months, basis since_baseline. Recorded numerator 22."
drake2015_szsud_t36m_paidcomp__jbi9_response_rate,drake2015_szsud_t36m_paidcomp,jbi9_response_rate,no,unclear,disagree,"dissertation_shared_folder/Data Extraction Papers/sbv110.pdf; Table 3, 3 Year column, p. 207; Results, Baseline Characteristics, p. 204",Codex AI independent verification agent 3,2026-10-01,Source-grounded judgement correction; replacement rationale supplied in notes.,"At 36 months, interviews cover 131/150 of the original schizophrenia/substance-use group. Employment-specific denominators are not supplied despite Table 3 noting variable missing data. Early coverage/response is therefore unclear; the much lower later naturalistic-extension coverage should not be applied retrospectively to this wave. Reviewed result: drake2015_szsud_t36m_paidcomp; construct paid_competitive. Recorded follow-up 36 months, basis since_baseline. Recorded numerator 22."
drake2015_szsud_t48m_paidcomp__jbi1_sample_frame,drake2015_szsud_t48m_paidcomp,jbi1_sample_frame,no,no,agree,"dissertation_shared_folder/Data Extraction Papers/sbv110.pdf; Methods, Study Group, p. 203; Discussion, p. 206",Codex AI independent verification agent 3,2026-10-01,Judgement retained after independent source review; replacement rationale records the outcome-specific basis.,"The 150 schizophrenia/substance-use participants were selected from a trial requiring high service needs and instability. This is a restricted clinical group rather than a general schizophrenia employment frame. Reviewed result: drake2015_szsud_t48m_paidcomp; construct paid_competitive. Recorded follow-up 48 months, basis since_baseline. Recorded numerator 15."
drake2015_szsud_t48m_paidcomp__jbi2_participant_sampling,drake2015_szsud_t48m_paidcomp,jbi2_participant_sampling,unclear,unclear,agree,"dissertation_shared_folder/Data Extraction Papers/sbv110.pdf; Methods, Study Group and Procedures, p. 203",Codex AI independent verification agent 3,2026-10-01,Judgement retained after independent source review; replacement rationale records the outcome-specific basis.,"Clinical trial recruitment and later consent for naturalistic extension do not establish complete catchment or probability sampling. The initial enrolment mechanism is insufficiently specified. Reviewed result: drake2015_szsud_t48m_paidcomp; construct paid_competitive. Recorded follow-up 48 months, basis since_baseline. Recorded numerator 15."
drake2015_szsud_t48m_paidcomp__jbi3_sample_size,drake2015_szsud_t48m_paidcomp,jbi3_sample_size,unclear,unclear,agree,"dissertation_shared_folder/Data Extraction Papers/sbv110.pdf; Table 3, p. 207",Codex AI independent verification agent 3,2026-10-01,Judgement retained after independent source review; replacement rationale records the outcome-specific basis.,"Sample size and employment-cell denominators vary by wave and are not explicitly justified for prevalence precision. Later wave samples are particularly small. Reviewed result: drake2015_szsud_t48m_paidcomp; construct paid_competitive. Recorded follow-up 48 months, basis since_baseline. Recorded numerator 15."
drake2015_szsud_t48m_paidcomp__jbi4_subjects_setting_described,drake2015_szsud_t48m_paidcomp,jbi4_subjects_setting_described,yes,yes,agree,"dissertation_shared_folder/Data Extraction Papers/sbv110.pdf; Table 1, p. 205; Methods, Overview, p. 203",Codex AI independent verification agent 3,2026-10-01,Judgement retained after independent source review; replacement rationale records the outcome-specific basis.,"The two Connecticut treatment settings, high-needs eligibility, diagnostic assessment and demographic/clinical profile are described. Reviewed result: drake2015_szsud_t48m_paidcomp; construct paid_competitive. Recorded follow-up 48 months, basis since_baseline. Recorded numerator 15."
drake2015_szsud_t48m_paidcomp__jbi5_coverage_of_sample,drake2015_szsud_t48m_paidcomp,jbi5_coverage_of_sample,no,no,agree,"dissertation_shared_folder/Data Extraction Papers/sbv110.pdf; Methods, Overview and Study Group, p. 203; Results, p. 204",Codex AI independent verification agent 3,2026-10-01,Judgement retained after independent source review; replacement rationale records the outcome-specific basis.,"At 48 months, extension interviews cover only 72/150 of the original group. Later participation requires renewed consent and employment-specific denominators are not supplied. Substantial uncorrected selection supports no for coverage/response. Reviewed result: drake2015_szsud_t48m_paidcomp; construct paid_competitive. Recorded follow-up 48 months, basis since_baseline. Recorded numerator 15."
drake2015_szsud_t48m_paidcomp__jbi6_condition_identification,drake2015_szsud_t48m_paidcomp,jbi6_condition_identification,yes,yes,agree,"dissertation_shared_folder/Data Extraction Papers/sbv110.pdf; Functional Outcomes and competitive-employment recovery criterion, pp. 203-204; Table 3, p. 207",Codex AI independent verification agent 3,2026-10-01,Judgement retained after independent source review; replacement rationale records the outcome-specific basis.,"Competitive work is explicitly defined as integrated employment paid at minimum wage or higher, obtained through direct contracting and performed for at least one day. This identifies the competitive-employment condition; SCID establishes diagnosis separately. Reviewed result: drake2015_szsud_t48m_paidcomp; construct paid_competitive. Recorded follow-up 48 months, basis since_baseline. Recorded numerator 15."
drake2015_szsud_t48m_paidcomp__jbi7_condition_measurement,drake2015_szsud_t48m_paidcomp,jbi7_condition_measurement,unclear,unclear,agree,"dissertation_shared_folder/Data Extraction Papers/sbv110.pdf; Measures, Recovery Score, p. 204; Table 3, p. 207",Codex AI independent verification agent 3,2026-10-01,Judgement retained after independent source review; replacement rationale records the outcome-specific basis.,"Methods refer to work in the previous six months, whereas Table 3 labels competitive employment in the past year. The reference period and vocational measurement reliability are unresolved. Reviewed result: drake2015_szsud_t48m_paidcomp; construct paid_competitive. Recorded follow-up 48 months, basis since_baseline. Recorded numerator 15."
drake2015_szsud_t48m_paidcomp__jbi8_statistical_analysis,drake2015_szsud_t48m_paidcomp,jbi8_statistical_analysis,no,no,agree,"dissertation_shared_folder/Data Extraction Papers/sbv110.pdf; Table 3, p. 207; Abstract, p. 202; Discussion, p. 206",Codex AI independent verification agent 3,2026-10-01,Judgement retained after independent source review; replacement rationale records the outcome-specific basis.,"Table 3 notes variable denominators due to missing data and prints counts/percentages that do not reproduce using the interview totals. Employment-specific observed denominators are not stated, so exact prevalence cannot be reconstructed. Reviewed result: drake2015_szsud_t48m_paidcomp; construct paid_competitive. Recorded follow-up 48 months, basis since_baseline. Recorded numerator 15."
drake2015_szsud_t48m_paidcomp__jbi9_response_rate,drake2015_szsud_t48m_paidcomp,jbi9_response_rate,no,no,agree,"dissertation_shared_folder/Data Extraction Papers/sbv110.pdf; Table 3, 4 Year column, p. 207; Results, Baseline Characteristics, p. 204",Codex AI independent verification agent 3,2026-10-01,Judgement retained after independent source review; replacement rationale records the outcome-specific basis.,"At 48 months, extension interviews cover only 72/150 of the original group. Later participation requires renewed consent and employment-specific denominators are not supplied. Substantial uncorrected selection supports no for coverage/response. Reviewed result: drake2015_szsud_t48m_paidcomp; construct paid_competitive. Recorded follow-up 48 months, basis since_baseline. Recorded numerator 15."
drake2015_szsud_t60m_paidcomp__jbi1_sample_frame,drake2015_szsud_t60m_paidcomp,jbi1_sample_frame,no,no,agree,"dissertation_shared_folder/Data Extraction Papers/sbv110.pdf; Methods, Study Group, p. 203; Discussion, p. 206",Codex AI independent verification agent 3,2026-10-01,Judgement retained after independent source review; replacement rationale records the outcome-specific basis.,"The 150 schizophrenia/substance-use participants were selected from a trial requiring high service needs and instability. This is a restricted clinical group rather than a general schizophrenia employment frame. Reviewed result: drake2015_szsud_t60m_paidcomp; construct paid_competitive. Recorded follow-up 60 months, basis since_baseline. Recorded numerator 20."
drake2015_szsud_t60m_paidcomp__jbi2_participant_sampling,drake2015_szsud_t60m_paidcomp,jbi2_participant_sampling,unclear,unclear,agree,"dissertation_shared_folder/Data Extraction Papers/sbv110.pdf; Methods, Study Group and Procedures, p. 203",Codex AI independent verification agent 3,2026-10-01,Judgement retained after independent source review; replacement rationale records the outcome-specific basis.,"Clinical trial recruitment and later consent for naturalistic extension do not establish complete catchment or probability sampling. The initial enrolment mechanism is insufficiently specified. Reviewed result: drake2015_szsud_t60m_paidcomp; construct paid_competitive. Recorded follow-up 60 months, basis since_baseline. Recorded numerator 20."
drake2015_szsud_t60m_paidcomp__jbi3_sample_size,drake2015_szsud_t60m_paidcomp,jbi3_sample_size,unclear,unclear,agree,"dissertation_shared_folder/Data Extraction Papers/sbv110.pdf; Table 3, p. 207",Codex AI independent verification agent 3,2026-10-01,Judgement retained after independent source review; replacement rationale records the outcome-specific basis.,"Sample size and employment-cell denominators vary by wave and are not explicitly justified for prevalence precision. Later wave samples are particularly small. Reviewed result: drake2015_szsud_t60m_paidcomp; construct paid_competitive. Recorded follow-up 60 months, basis since_baseline. Recorded numerator 20."
drake2015_szsud_t60m_paidcomp__jbi4_subjects_setting_described,drake2015_szsud_t60m_paidcomp,jbi4_subjects_setting_described,yes,yes,agree,"dissertation_shared_folder/Data Extraction Papers/sbv110.pdf; Table 1, p. 205; Methods, Overview, p. 203",Codex AI independent verification agent 3,2026-10-01,Judgement retained after independent source review; replacement rationale records the outcome-specific basis.,"The two Connecticut treatment settings, high-needs eligibility, diagnostic assessment and demographic/clinical profile are described. Reviewed result: drake2015_szsud_t60m_paidcomp; construct paid_competitive. Recorded follow-up 60 months, basis since_baseline. Recorded numerator 20."
drake2015_szsud_t60m_paidcomp__jbi5_coverage_of_sample,drake2015_szsud_t60m_paidcomp,jbi5_coverage_of_sample,no,no,agree,"dissertation_shared_folder/Data Extraction Papers/sbv110.pdf; Methods, Overview and Study Group, p. 203; Results, p. 204",Codex AI independent verification agent 3,2026-10-01,Judgement retained after independent source review; replacement rationale records the outcome-specific basis.,"At 60 months, extension interviews cover only 70/150 of the original group. Later participation requires renewed consent and employment-specific denominators are not supplied. Substantial uncorrected selection supports no for coverage/response. Reviewed result: drake2015_szsud_t60m_paidcomp; construct paid_competitive. Recorded follow-up 60 months, basis since_baseline. Recorded numerator 20."
drake2015_szsud_t60m_paidcomp__jbi6_condition_identification,drake2015_szsud_t60m_paidcomp,jbi6_condition_identification,yes,yes,agree,"dissertation_shared_folder/Data Extraction Papers/sbv110.pdf; Functional Outcomes and competitive-employment recovery criterion, pp. 203-204; Table 3, p. 207",Codex AI independent verification agent 3,2026-10-01,Judgement retained after independent source review; replacement rationale records the outcome-specific basis.,"Competitive work is explicitly defined as integrated employment paid at minimum wage or higher, obtained through direct contracting and performed for at least one day. This identifies the competitive-employment condition; SCID establishes diagnosis separately. Reviewed result: drake2015_szsud_t60m_paidcomp; construct paid_competitive. Recorded follow-up 60 months, basis since_baseline. Recorded numerator 20."
drake2015_szsud_t60m_paidcomp__jbi7_condition_measurement,drake2015_szsud_t60m_paidcomp,jbi7_condition_measurement,unclear,unclear,agree,"dissertation_shared_folder/Data Extraction Papers/sbv110.pdf; Measures, Recovery Score, p. 204; Table 3, p. 207",Codex AI independent verification agent 3,2026-10-01,Judgement retained after independent source review; replacement rationale records the outcome-specific basis.,"Methods refer to work in the previous six months, whereas Table 3 labels competitive employment in the past year. The reference period and vocational measurement reliability are unresolved. Reviewed result: drake2015_szsud_t60m_paidcomp; construct paid_competitive. Recorded follow-up 60 months, basis since_baseline. Recorded numerator 20."
drake2015_szsud_t60m_paidcomp__jbi8_statistical_analysis,drake2015_szsud_t60m_paidcomp,jbi8_statistical_analysis,no,no,agree,"dissertation_shared_folder/Data Extraction Papers/sbv110.pdf; Table 3, p. 207; Abstract, p. 202; Discussion, p. 206",Codex AI independent verification agent 3,2026-10-01,Judgement retained after independent source review; replacement rationale records the outcome-specific basis.,"Table 3 notes variable denominators due to missing data and prints counts/percentages that do not reproduce using the interview totals. Employment-specific observed denominators are not stated, so exact prevalence cannot be reconstructed. Reviewed result: drake2015_szsud_t60m_paidcomp; construct paid_competitive. Recorded follow-up 60 months, basis since_baseline. Recorded numerator 20."
drake2015_szsud_t60m_paidcomp__jbi9_response_rate,drake2015_szsud_t60m_paidcomp,jbi9_response_rate,no,no,agree,"dissertation_shared_folder/Data Extraction Papers/sbv110.pdf; Table 3, 5 Year column, p. 207; Results, Baseline Characteristics, p. 204",Codex AI independent verification agent 3,2026-10-01,Judgement retained after independent source review; replacement rationale records the outcome-specific basis.,"At 60 months, extension interviews cover only 70/150 of the original group. Later participation requires renewed consent and employment-specific denominators are not supplied. Substantial uncorrected selection supports no for coverage/response. Reviewed result: drake2015_szsud_t60m_paidcomp; construct paid_competitive. Recorded follow-up 60 months, basis since_baseline. Recorded numerator 20."
drake2015_szsud_t72m_paidcomp__jbi1_sample_frame,drake2015_szsud_t72m_paidcomp,jbi1_sample_frame,no,no,agree,"dissertation_shared_folder/Data Extraction Papers/sbv110.pdf; Methods, Study Group, p. 203; Discussion, p. 206",Codex AI independent verification agent 3,2026-10-01,Judgement retained after independent source review; replacement rationale records the outcome-specific basis.,"The 150 schizophrenia/substance-use participants were selected from a trial requiring high service needs and instability. This is a restricted clinical group rather than a general schizophrenia employment frame. Reviewed result: drake2015_szsud_t72m_paidcomp; construct paid_competitive. Recorded follow-up 72 months, basis since_baseline. Recorded numerator 20."
drake2015_szsud_t72m_paidcomp__jbi2_participant_sampling,drake2015_szsud_t72m_paidcomp,jbi2_participant_sampling,unclear,unclear,agree,"dissertation_shared_folder/Data Extraction Papers/sbv110.pdf; Methods, Study Group and Procedures, p. 203",Codex AI independent verification agent 3,2026-10-01,Judgement retained after independent source review; replacement rationale records the outcome-specific basis.,"Clinical trial recruitment and later consent for naturalistic extension do not establish complete catchment or probability sampling. The initial enrolment mechanism is insufficiently specified. Reviewed result: drake2015_szsud_t72m_paidcomp; construct paid_competitive. Recorded follow-up 72 months, basis since_baseline. Recorded numerator 20."
drake2015_szsud_t72m_paidcomp__jbi3_sample_size,drake2015_szsud_t72m_paidcomp,jbi3_sample_size,unclear,unclear,agree,"dissertation_shared_folder/Data Extraction Papers/sbv110.pdf; Table 3, p. 207",Codex AI independent verification agent 3,2026-10-01,Judgement retained after independent source review; replacement rationale records the outcome-specific basis.,"Sample size and employment-cell denominators vary by wave and are not explicitly justified for prevalence precision. Later wave samples are particularly small. Reviewed result: drake2015_szsud_t72m_paidcomp; construct paid_competitive. Recorded follow-up 72 months, basis since_baseline. Recorded numerator 20."
drake2015_szsud_t72m_paidcomp__jbi4_subjects_setting_described,drake2015_szsud_t72m_paidcomp,jbi4_subjects_setting_described,yes,yes,agree,"dissertation_shared_folder/Data Extraction Papers/sbv110.pdf; Table 1, p. 205; Methods, Overview, p. 203",Codex AI independent verification agent 3,2026-10-01,Judgement retained after independent source review; replacement rationale records the outcome-specific basis.,"The two Connecticut treatment settings, high-needs eligibility, diagnostic assessment and demographic/clinical profile are described. Reviewed result: drake2015_szsud_t72m_paidcomp; construct paid_competitive. Recorded follow-up 72 months, basis since_baseline. Recorded numerator 20."
drake2015_szsud_t72m_paidcomp__jbi5_coverage_of_sample,drake2015_szsud_t72m_paidcomp,jbi5_coverage_of_sample,no,no,agree,"dissertation_shared_folder/Data Extraction Papers/sbv110.pdf; Methods, Overview and Study Group, p. 203; Results, p. 204",Codex AI independent verification agent 3,2026-10-01,Judgement retained after independent source review; replacement rationale records the outcome-specific basis.,"At 72 months, extension interviews cover only 85/150 of the original group. Later participation requires renewed consent and employment-specific denominators are not supplied. Substantial uncorrected selection supports no for coverage/response. Reviewed result: drake2015_szsud_t72m_paidcomp; construct paid_competitive. Recorded follow-up 72 months, basis since_baseline. Recorded numerator 20."
drake2015_szsud_t72m_paidcomp__jbi6_condition_identification,drake2015_szsud_t72m_paidcomp,jbi6_condition_identification,yes,yes,agree,"dissertation_shared_folder/Data Extraction Papers/sbv110.pdf; Functional Outcomes and competitive-employment recovery criterion, pp. 203-204; Table 3, p. 207",Codex AI independent verification agent 3,2026-10-01,Judgement retained after independent source review; replacement rationale records the outcome-specific basis.,"Competitive work is explicitly defined as integrated employment paid at minimum wage or higher, obtained through direct contracting and performed for at least one day. This identifies the competitive-employment condition; SCID establishes diagnosis separately. Reviewed result: drake2015_szsud_t72m_paidcomp; construct paid_competitive. Recorded follow-up 72 months, basis since_baseline. Recorded numerator 20."
drake2015_szsud_t72m_paidcomp__jbi7_condition_measurement,drake2015_szsud_t72m_paidcomp,jbi7_condition_measurement,unclear,unclear,agree,"dissertation_shared_folder/Data Extraction Papers/sbv110.pdf; Measures, Recovery Score, p. 204; Table 3, p. 207",Codex AI independent verification agent 3,2026-10-01,Judgement retained after independent source review; replacement rationale records the outcome-specific basis.,"Methods refer to work in the previous six months, whereas Table 3 labels competitive employment in the past year. The reference period and vocational measurement reliability are unresolved. Reviewed result: drake2015_szsud_t72m_paidcomp; construct paid_competitive. Recorded follow-up 72 months, basis since_baseline. Recorded numerator 20."
drake2015_szsud_t72m_paidcomp__jbi8_statistical_analysis,drake2015_szsud_t72m_paidcomp,jbi8_statistical_analysis,no,no,agree,"dissertation_shared_folder/Data Extraction Papers/sbv110.pdf; Table 3, p. 207; Abstract, p. 202; Discussion, p. 206",Codex AI independent verification agent 3,2026-10-01,Judgement retained after independent source review; replacement rationale records the outcome-specific basis.,"Table 3 notes variable denominators due to missing data and prints counts/percentages that do not reproduce using the interview totals. Employment-specific observed denominators are not stated, so exact prevalence cannot be reconstructed. Reviewed result: drake2015_szsud_t72m_paidcomp; construct paid_competitive. Recorded follow-up 72 months, basis since_baseline. Recorded numerator 20."
drake2015_szsud_t72m_paidcomp__jbi9_response_rate,drake2015_szsud_t72m_paidcomp,jbi9_response_rate,no,no,agree,"dissertation_shared_folder/Data Extraction Papers/sbv110.pdf; Table 3, 6 Year column, p. 207; Results, Baseline Characteristics, p. 204",Codex AI independent verification agent 3,2026-10-01,Judgement retained after independent source review; replacement rationale records the outcome-specific basis.,"At 72 months, extension interviews cover only 85/150 of the original group. Later participation requires renewed consent and employment-specific denominators are not supplied. Substantial uncorrected selection supports no for coverage/response. Reviewed result: drake2015_szsud_t72m_paidcomp; construct paid_competitive. Recorded follow-up 72 months, basis since_baseline. Recorded numerator 20."
drake2015_szsud_t84m_paidcomp__jbi1_sample_frame,drake2015_szsud_t84m_paidcomp,jbi1_sample_frame,no,no,agree,"dissertation_shared_folder/Data Extraction Papers/sbv110.pdf; Methods, Study Group, p. 203; Discussion, p. 206",Codex AI independent verification agent 3,2026-10-01,Judgement retained after independent source review; replacement rationale records the outcome-specific basis.,"The 150 schizophrenia/substance-use participants were selected from a trial requiring high service needs and instability. This is a restricted clinical group rather than a general schizophrenia employment frame. Reviewed result: drake2015_szsud_t84m_paidcomp; construct paid_competitive. Recorded follow-up 84 months, basis since_baseline. Recorded numerator 27."
drake2015_szsud_t84m_paidcomp__jbi2_participant_sampling,drake2015_szsud_t84m_paidcomp,jbi2_participant_sampling,unclear,unclear,agree,"dissertation_shared_folder/Data Extraction Papers/sbv110.pdf; Methods, Study Group and Procedures, p. 203",Codex AI independent verification agent 3,2026-10-01,Judgement retained after independent source review; replacement rationale records the outcome-specific basis.,"Clinical trial recruitment and later consent for naturalistic extension do not establish complete catchment or probability sampling. The initial enrolment mechanism is insufficiently specified. Reviewed result: drake2015_szsud_t84m_paidcomp; construct paid_competitive. Recorded follow-up 84 months, basis since_baseline. Recorded numerator 27."
drake2015_szsud_t84m_paidcomp__jbi3_sample_size,drake2015_szsud_t84m_paidcomp,jbi3_sample_size,unclear,unclear,agree,"dissertation_shared_folder/Data Extraction Papers/sbv110.pdf; Table 3, p. 207",Codex AI independent verification agent 3,2026-10-01,Judgement retained after independent source review; replacement rationale records the outcome-specific basis.,"Sample size and employment-cell denominators vary by wave and are not explicitly justified for prevalence precision. Later wave samples are particularly small. Reviewed result: drake2015_szsud_t84m_paidcomp; construct paid_competitive. Recorded follow-up 84 months, basis since_baseline. Recorded numerator 27."
drake2015_szsud_t84m_paidcomp__jbi4_subjects_setting_described,drake2015_szsud_t84m_paidcomp,jbi4_subjects_setting_described,yes,yes,agree,"dissertation_shared_folder/Data Extraction Papers/sbv110.pdf; Table 1, p. 205; Methods, Overview, p. 203",Codex AI independent verification agent 3,2026-10-01,Judgement retained after independent source review; replacement rationale records the outcome-specific basis.,"The two Connecticut treatment settings, high-needs eligibility, diagnostic assessment and demographic/clinical profile are described. Reviewed result: drake2015_szsud_t84m_paidcomp; construct paid_competitive. Recorded follow-up 84 months, basis since_baseline. Recorded numerator 27."
drake2015_szsud_t84m_paidcomp__jbi5_coverage_of_sample,drake2015_szsud_t84m_paidcomp,jbi5_coverage_of_sample,no,no,agree,"dissertation_shared_folder/Data Extraction Papers/sbv110.pdf; Methods, Overview and Study Group, p. 203; Results, p. 204",Codex AI independent verification agent 3,2026-10-01,Judgement retained after independent source review; replacement rationale records the outcome-specific basis.,"At 84 months, extension interviews cover only 90/150 of the original group. Later participation requires renewed consent and employment-specific denominators are not supplied. Substantial uncorrected selection supports no for coverage/response. Reviewed result: drake2015_szsud_t84m_paidcomp; construct paid_competitive. Recorded follow-up 84 months, basis since_baseline. Recorded numerator 27."
drake2015_szsud_t84m_paidcomp__jbi6_condition_identification,drake2015_szsud_t84m_paidcomp,jbi6_condition_identification,yes,yes,agree,"dissertation_shared_folder/Data Extraction Papers/sbv110.pdf; Functional Outcomes and competitive-employment recovery criterion, pp. 203-204; Table 3, p. 207",Codex AI independent verification agent 3,2026-10-01,Judgement retained after independent source review; replacement rationale records the outcome-specific basis.,"Competitive work is explicitly defined as integrated employment paid at minimum wage or higher, obtained through direct contracting and performed for at least one day. This identifies the competitive-employment condition; SCID establishes diagnosis separately. Reviewed result: drake2015_szsud_t84m_paidcomp; construct paid_competitive. Recorded follow-up 84 months, basis since_baseline. Recorded numerator 27."
drake2015_szsud_t84m_paidcomp__jbi7_condition_measurement,drake2015_szsud_t84m_paidcomp,jbi7_condition_measurement,unclear,unclear,agree,"dissertation_shared_folder/Data Extraction Papers/sbv110.pdf; Measures, Recovery Score, p. 204; Table 3, p. 207",Codex AI independent verification agent 3,2026-10-01,Judgement retained after independent source review; replacement rationale records the outcome-specific basis.,"Methods refer to work in the previous six months, whereas Table 3 labels competitive employment in the past year. The reference period and vocational measurement reliability are unresolved. Reviewed result: drake2015_szsud_t84m_paidcomp; construct paid_competitive. Recorded follow-up 84 months, basis since_baseline. Recorded numerator 27."
drake2015_szsud_t84m_paidcomp__jbi8_statistical_analysis,drake2015_szsud_t84m_paidcomp,jbi8_statistical_analysis,no,no,agree,"dissertation_shared_folder/Data Extraction Papers/sbv110.pdf; Table 3, p. 207; Abstract, p. 202; Discussion, p. 206",Codex AI independent verification agent 3,2026-10-01,Judgement retained after independent source review; replacement rationale records the outcome-specific basis.,"Table 3 notes variable denominators due to missing data and prints counts/percentages that do not reproduce using the interview totals. Employment-specific observed denominators are not stated, so exact prevalence cannot be reconstructed. Reviewed result: drake2015_szsud_t84m_paidcomp; construct paid_competitive. Recorded follow-up 84 months, basis since_baseline. Recorded numerator 27."
drake2015_szsud_t84m_paidcomp__jbi9_response_rate,drake2015_szsud_t84m_paidcomp,jbi9_response_rate,no,no,agree,"dissertation_shared_folder/Data Extraction Papers/sbv110.pdf; Table 3, 7 Year column, p. 207; Results, Baseline Characteristics, p. 204",Codex AI independent verification agent 3,2026-10-01,Judgement retained after independent source review; replacement rationale records the outcome-specific basis.,"At 84 months, extension interviews cover only 90/150 of the original group. Later participation requires renewed consent and employment-specific denominators are not supplied. Substantial uncorrected selection supports no for coverage/response. Reviewed result: drake2015_szsud_t84m_paidcomp; construct paid_competitive. Recorded follow-up 84 months, basis since_baseline. Recorded numerator 27."
evensen2019_consentreg_t24m_paidcomp_ever__q1_sample_frame,evensen2019_consentreg_t24m_paidcomp_ever,jbi1_sample_frame,no,no,agree,"dissertation_shared_folder/Data Extraction Papers/1234 3.pdf; evensen2019, Participants p. 2 and Results p. 4",Codex AI independent verification agent 3,2026-10-01,Judgement retained after independent source review; replacement rationale records the outcome-specific basis.,"JUMP recruited vocational-intervention volunteers across six Norwegian counties who wished to work. This is a selected employment-service population rather than all schizophrenia patients. Reviewed result: evensen2019_consentreg_t24m_paidcomp_ever; construct paid_competitive. Recorded follow-up 24 months, basis since_baseline. Recorded numerator 21. Recorded observed denominator 69."
evensen2019_consentreg_t24m_paidcomp_ever__q2_sampling_method,evensen2019_consentreg_t24m_paidcomp_ever,jbi2_participant_sampling,no,no,agree,"dissertation_shared_folder/Data Extraction Papers/1234 3.pdf; evensen2019, Participants p. 2",Codex AI independent verification agent 3,2026-10-01,Judgement retained after independent source review; replacement rationale records the outcome-specific basis.,"The registry subgroup required retrospective consent: 69 of 148 intervention participants. Inclusion was not complete or random. Reviewed result: evensen2019_consentreg_t24m_paidcomp_ever; construct paid_competitive. Recorded follow-up 24 months, basis since_baseline. Recorded numerator 21. Recorded observed denominator 69."
evensen2019_consentreg_t24m_paidcomp_ever__q3_sample_size,evensen2019_consentreg_t24m_paidcomp_ever,jbi3_sample_size,unclear,unclear,agree,"dissertation_shared_folder/Data Extraction Papers/1234 3.pdf; evensen2019, Results p. 4 and Fig. 1 p. 3",Codex AI independent verification agent 3,2026-10-01,Judgement retained after independent source review; replacement rationale records the outcome-specific basis.,"The linked subgroup of 69 yields imprecise competitive-employment proportions, and a prevalence-specific size justification is absent. Reviewed result: evensen2019_consentreg_t24m_paidcomp_ever; construct paid_competitive. Recorded follow-up 24 months, basis since_baseline. Recorded numerator 21. Recorded observed denominator 69."
evensen2019_consentreg_t24m_paidcomp_ever__q4_subjects_and_setting,evensen2019_consentreg_t24m_paidcomp_ever,jbi4_subjects_setting_described,yes,yes,agree,"dissertation_shared_folder/Data Extraction Papers/1234 3.pdf; evensen2019, Table 1 p. 4; Table 2 p. 4",Codex AI independent verification agent 3,2026-10-01,Judgement retained after independent source review; replacement rationale records the outcome-specific basis.,"The JUMP service, participant characteristics and registry-consenting/nonconsenting groups are described. Reviewed result: evensen2019_consentreg_t24m_paidcomp_ever; construct paid_competitive. Recorded follow-up 24 months, basis since_baseline. Recorded numerator 21. Recorded observed denominator 69."
evensen2019_consentreg_t24m_paidcomp_ever__q5_coverage_of_identified_sample,evensen2019_consentreg_t24m_paidcomp_ever,jbi5_coverage_of_sample,no,no,agree,"dissertation_shared_folder/Data Extraction Papers/1234 3.pdf; evensen2019, Results / Baseline analysis p. 4; Data sources p. 3",Codex AI independent verification agent 3,2026-10-01,Judgement retained after independent source review; replacement rationale records the outcome-specific basis.,"Registry consenting participants comprise fewer than half of the 148 intervention cohort. Consent selection could relate to occupational functioning and is not corrected in the prevalence. Reviewed result: evensen2019_consentreg_t24m_paidcomp_ever; construct paid_competitive. Recorded follow-up 24 months, basis since_baseline. Recorded numerator 21. Recorded observed denominator 69."
evensen2019_consentreg_t24m_paidcomp_ever__q6_condition_identification_valid,evensen2019_consentreg_t24m_paidcomp_ever,jbi6_condition_identification,yes,yes,agree,"dissertation_shared_folder/Data Extraction Papers/1234 3.pdf; Employment data, pp. 3-4; occupational results/Table 1",Codex AI independent verification agent 3,2026-10-01,Judgement retained after independent source review; replacement rationale records the outcome-specific basis.,"Competitive employment is explicitly defined as paid full-time or part-time work. Vocational specialists and participant information were checked against NAV employment records, identifying the extracted competitive-work condition. Reviewed result: evensen2019_consentreg_t24m_paidcomp_ever; construct paid_competitive. Recorded follow-up 24 months, basis since_baseline. Recorded numerator 21. Recorded observed denominator 69."
evensen2019_consentreg_t24m_paidcomp_ever__q7_condition_measured_reliably,evensen2019_consentreg_t24m_paidcomp_ever,jbi7_condition_measurement,yes,yes,agree,"dissertation_shared_folder/Data Extraction Papers/1234 3.pdf; evensen2019, Employment data pp. 3-4; Quality adjusted life years p. 4",Codex AI independent verification agent 3,2026-10-01,Judgement retained after independent source review; replacement rationale records the outcome-specific basis.,"Weekly specialist tracking and participant information were consistently checked using NAV employment records for the linked subgroup. Reviewed result: evensen2019_consentreg_t24m_paidcomp_ever; construct paid_competitive. Recorded follow-up 24 months, basis since_baseline. Recorded numerator 21. Recorded observed denominator 69."
evensen2019_consentreg_t24m_paidcomp_ever__q8_statistical_analysis,evensen2019_consentreg_t24m_paidcomp_ever,jbi8_statistical_analysis,unclear,unclear,agree,"dissertation_shared_folder/Data Extraction Papers/1234 3.pdf; evensen2019, Analyses p. 4; Employment data p. 4",Codex AI independent verification agent 3,2026-10-01,Judgement retained after independent source review; replacement rationale records the outcome-specific basis.,"The point count 16/69 and cumulative count 21/69 are transparent, but no prevalence uncertainty or adjustment for consent selection is reported. The external comparison rate is not an equivalent cohort denominator. Reviewed result: evensen2019_consentreg_t24m_paidcomp_ever; construct paid_competitive. Recorded follow-up 24 months, basis since_baseline. Recorded numerator 21. Recorded observed denominator 69."
evensen2019_consentreg_t24m_paidcomp_ever__q9_response_rate,evensen2019_consentreg_t24m_paidcomp_ever,jbi9_response_rate,unclear,unclear,agree,"dissertation_shared_folder/Data Extraction Papers/1234 3.pdf; evensen2019, Results / Baseline analysis p. 4 and Table 1 p. 4",Codex AI independent verification agent 3,2026-10-01,Judgement retained after independent source review; replacement rationale records the outcome-specific basis.,"The consent rate is 46.6%. Comparisons include demographic, diagnostic and two-year employment outcomes, rather than baseline variables alone, but are underpowered and do not correct selection. Reviewed result: evensen2019_consentreg_t24m_paidcomp_ever; construct paid_competitive. Recorded follow-up 24 months, basis since_baseline. Recorded numerator 21. Recorded observed denominator 69."
fulford2018_cohort_t6m_paidoredu__jbi1_sample_frame,fulford2018_cohort_t6m_paidoredu,jbi1_sample_frame,yes,yes,agree,"dissertation_shared_folder/Data Extraction Papers/sbx096.pdf; Methods, Participants, p. 370",Codex AI independent verification agent 3,2026-10-01,Judgement retained after independent source review; replacement rationale records the outcome-specific basis.,"RAISE enrolled 404 first-episode psychosis participants at 34 community mental-health centres in 21 states, with stated age/diagnostic criteria. This is a defined broad clinical FEP frame. Reviewed result: fulford2018_cohort_t6m_paidoredu; construct paid_or_education. Recorded follow-up 6 months, basis since_baseline. Recorded observed denominator 404."
fulford2018_cohort_t6m_paidoredu__jbi2_participant_sampling,fulford2018_cohort_t6m_paidoredu,jbi2_participant_sampling,unclear,unclear,agree,"dissertation_shared_folder/Data Extraction Papers/sbx096.pdf; Methods, Participants, p. 370",Codex AI independent verification agent 3,2026-10-01,Judgement retained after independent source review; replacement rationale records the outcome-specific basis.,"The follow-up report relies on the parent RAISE recruitment and does not demonstrate consecutive or probability participant selection. Reviewed result: fulford2018_cohort_t6m_paidoredu; construct paid_or_education. Recorded follow-up 6 months, basis since_baseline. Recorded observed denominator 404."
fulford2018_cohort_t6m_paidoredu__jbi3_sample_size,fulford2018_cohort_t6m_paidoredu,jbi3_sample_size,yes,yes,agree,"dissertation_shared_folder/Data Extraction Papers/sbx096.pdf; Methods, Participants, p. 370; Table 1 footnote, p. 371",Codex AI independent verification agent 3,2026-10-01,Judgement retained after independent source review; replacement rationale records the outcome-specific basis.,"The entry sample of 404 is adequate for descriptive prevalence; effective occupational denominators must still be distinguished from the entry size. Reviewed result: fulford2018_cohort_t6m_paidoredu; construct paid_or_education. Recorded follow-up 6 months, basis since_baseline. Recorded observed denominator 404."
fulford2018_cohort_t6m_paidoredu__jbi4_subjects_setting_described,fulford2018_cohort_t6m_paidoredu,jbi4_subjects_setting_described,unclear,yes,disagree,"dissertation_shared_folder/Data Extraction Papers/sbx096.pdf; Table 1, p. 371; Statistical Analyses, p. 372",Codex AI independent verification agent 3,2026-10-01,Source-grounded judgement correction; replacement rationale supplied in notes.,"Table 1 reports age, sex, ethnicity/race, clinical measures and occupational status, with the 34-centre community setting described. The subjects and setting are sufficiently characterised for this domain. Reviewed result: fulford2018_cohort_t6m_paidoredu; construct paid_or_education. Recorded follow-up 6 months, basis since_baseline. Recorded observed denominator 404."
fulford2018_cohort_t6m_paidoredu__jbi5_coverage_of_sample,fulford2018_cohort_t6m_paidoredu,jbi5_coverage_of_sample,yes,yes,agree,"dissertation_shared_folder/Data Extraction Papers/sbx096.pdf; Results, p. 372; Methods, Participants, p. 370",Codex AI independent verification agent 3,2026-10-01,Judgement retained after independent source review; replacement rationale records the outcome-specific basis.,"SURF data were 0% missing at six months, covering all 404 entrants for the occupational measure. This supports adequate coverage/response for this wave, while six-month aggregation remains a separate estimand issue. Reviewed result: fulford2018_cohort_t6m_paidoredu; construct paid_or_education. Recorded follow-up 6 months, basis since_baseline. Recorded observed denominator 404."
fulford2018_cohort_t6m_paidoredu__jbi6_condition_identification,fulford2018_cohort_t6m_paidoredu,jbi6_condition_identification,yes,yes,agree,"dissertation_shared_folder/Data Extraction Papers/sbx096.pdf; Methods, Occupational Functioning, p. 371",Codex AI independent verification agent 3,2026-10-01,Judgement retained after independent source review; replacement rationale records the outcome-specific basis.,"The SURF explicitly asks about current study, paid work over the previous 30 days and casual paid work. Combining work or study validly identifies the extracted paid-or-education composite, although aggregation across months changes the prevalence estimand. Reviewed result: fulford2018_cohort_t6m_paidoredu; construct paid_or_education. Recorded follow-up 6 months, basis since_baseline. Recorded observed denominator 404."
fulford2018_cohort_t6m_paidoredu__jbi7_condition_measurement,fulford2018_cohort_t6m_paidoredu,jbi7_condition_measurement,no,yes,disagree,"dissertation_shared_folder/Data Extraction Papers/sbx096.pdf; Methods, Occupational Functioning, p. 371; supplement sbx096_suppl_supplementary_tables.doc, eTable 1 and notes",Codex AI independent verification agent 3,2026-10-01,Source-grounded judgement correction; replacement rationale supplied in notes.,"The same standardised SURF occupational questions were administered monthly and aggregated to six-month intervals. This is a uniform measurement method for the work/study composite; temporal aggregation and unavailable numerator bases belong to interpretation/statistical analysis rather than invalidity of the instrument. Reviewed result: fulford2018_cohort_t6m_paidoredu; construct paid_or_education. Recorded follow-up 6 months, basis since_baseline. Recorded observed denominator 404."
fulford2018_cohort_t6m_paidoredu__jbi8_statistical_analysis,fulford2018_cohort_t6m_paidoredu,jbi8_statistical_analysis,no,no,agree,"dissertation_shared_folder/Data Extraction Papers/sbx096.pdf; Table 1 and its footnote, p. 371; supplement sbx096_suppl_supplementary_tables.doc, eTable 1 and notes",Codex AI independent verification agent 3,2026-10-01,Judgement retained after independent source review; replacement rationale records the outcome-specific basis.,"Table 1 reports six-month aggregate percentages without identifiable integer numerators and occupation-specific denominators. The supplement gives correlations/SEM and variable sample-size ranges, not recoverable employment counts. FIML for the models does not establish a binomial prevalence base. Reviewed result: fulford2018_cohort_t6m_paidoredu; construct paid_or_education. Recorded follow-up 6 months, basis since_baseline. Recorded observed denominator 404."
fulford2018_cohort_t6m_paidoredu__jbi9_response_rate,fulford2018_cohort_t6m_paidoredu,jbi9_response_rate,yes,yes,agree,"dissertation_shared_folder/Data Extraction Papers/sbx096.pdf; Results, p. 372",Codex AI independent verification agent 3,2026-10-01,Judgement retained after independent source review; replacement rationale records the outcome-specific basis.,"SURF data were 0% missing at six months, covering all 404 entrants for the occupational measure. This supports adequate coverage/response for this wave, while six-month aggregation remains a separate estimand issue. Reviewed result: fulford2018_cohort_t6m_paidoredu; construct paid_or_education. Recorded follow-up 6 months, basis since_baseline. Recorded observed denominator 404."
fulford2018_cohort_t12m_paidoredu__jbi1_sample_frame,fulford2018_cohort_t12m_paidoredu,jbi1_sample_frame,yes,yes,agree,"dissertation_shared_folder/Data Extraction Papers/sbx096.pdf; Methods, Participants, p. 370",Codex AI independent verification agent 3,2026-10-01,Judgement retained after independent source review; replacement rationale records the outcome-specific basis.,"RAISE enrolled 404 first-episode psychosis participants at 34 community mental-health centres in 21 states, with stated age/diagnostic criteria. This is a defined broad clinical FEP frame. Reviewed result: fulford2018_cohort_t12m_paidoredu; construct paid_or_education. Recorded follow-up 12 months, basis since_baseline."
fulford2018_cohort_t12m_paidoredu__jbi2_participant_sampling,fulford2018_cohort_t12m_paidoredu,jbi2_participant_sampling,unclear,unclear,agree,"dissertation_shared_folder/Data Extraction Papers/sbx096.pdf; Methods, Participants, p. 370",Codex AI independent verification agent 3,2026-10-01,Judgement retained after independent source review; replacement rationale records the outcome-specific basis.,"The follow-up report relies on the parent RAISE recruitment and does not demonstrate consecutive or probability participant selection. Reviewed result: fulford2018_cohort_t12m_paidoredu; construct paid_or_education. Recorded follow-up 12 months, basis since_baseline."
fulford2018_cohort_t12m_paidoredu__jbi3_sample_size,fulford2018_cohort_t12m_paidoredu,jbi3_sample_size,yes,yes,agree,"dissertation_shared_folder/Data Extraction Papers/sbx096.pdf; Methods, Participants, p. 370; Table 1 footnote, p. 371",Codex AI independent verification agent 3,2026-10-01,Judgement retained after independent source review; replacement rationale records the outcome-specific basis.,"The entry sample of 404 is adequate for descriptive prevalence; effective occupational denominators must still be distinguished from the entry size. Reviewed result: fulford2018_cohort_t12m_paidoredu; construct paid_or_education. Recorded follow-up 12 months, basis since_baseline."
fulford2018_cohort_t12m_paidoredu__jbi4_subjects_setting_described,fulford2018_cohort_t12m_paidoredu,jbi4_subjects_setting_described,unclear,yes,disagree,"dissertation_shared_folder/Data Extraction Papers/sbx096.pdf; Table 1, p. 371; Statistical Analyses, p. 372",Codex AI independent verification agent 3,2026-10-01,Source-grounded judgement correction; replacement rationale supplied in notes.,"Table 1 reports age, sex, ethnicity/race, clinical measures and occupational status, with the 34-centre community setting described. The subjects and setting are sufficiently characterised for this domain. Reviewed result: fulford2018_cohort_t12m_paidoredu; construct paid_or_education. Recorded follow-up 12 months, basis since_baseline."
fulford2018_cohort_t12m_paidoredu__jbi5_coverage_of_sample,fulford2018_cohort_t12m_paidoredu,jbi5_coverage_of_sample,unclear,unclear,agree,"dissertation_shared_folder/Data Extraction Papers/sbx096.pdf; Table 1 footnote, p. 371; Results, p. 372",Codex AI independent verification agent 3,2026-10-01,Judgement retained after independent source review; replacement rationale records the outcome-specific basis.,"SURF data were 21% missing at 12 months, and an exact occupational observed denominator is not printed. Baseline comparisons and FIML for structural models do not establish the descriptive percentage's missingness correction; coverage remains unclear and response inadequate. Reviewed result: fulford2018_cohort_t12m_paidoredu; construct paid_or_education. Recorded follow-up 12 months, basis since_baseline."
fulford2018_cohort_t12m_paidoredu__jbi6_condition_identification,fulford2018_cohort_t12m_paidoredu,jbi6_condition_identification,yes,yes,agree,"dissertation_shared_folder/Data Extraction Papers/sbx096.pdf; Methods, Occupational Functioning, p. 371",Codex AI independent verification agent 3,2026-10-01,Judgement retained after independent source review; replacement rationale records the outcome-specific basis.,"The SURF explicitly asks about current study, paid work over the previous 30 days and casual paid work. Combining work or study validly identifies the extracted paid-or-education composite, although aggregation across months changes the prevalence estimand. Reviewed result: fulford2018_cohort_t12m_paidoredu; construct paid_or_education. Recorded follow-up 12 months, basis since_baseline."
fulford2018_cohort_t12m_paidoredu__jbi7_condition_measurement,fulford2018_cohort_t12m_paidoredu,jbi7_condition_measurement,no,yes,disagree,"dissertation_shared_folder/Data Extraction Papers/sbx096.pdf; Methods, Occupational Functioning, p. 371; supplement sbx096_suppl_supplementary_tables.doc, eTable 1 and notes",Codex AI independent verification agent 3,2026-10-01,Source-grounded judgement correction; replacement rationale supplied in notes.,"The same standardised SURF occupational questions were administered monthly and aggregated to six-month intervals. This is a uniform measurement method for the work/study composite; temporal aggregation and unavailable numerator bases belong to interpretation/statistical analysis rather than invalidity of the instrument. Reviewed result: fulford2018_cohort_t12m_paidoredu; construct paid_or_education. Recorded follow-up 12 months, basis since_baseline."
fulford2018_cohort_t12m_paidoredu__jbi8_statistical_analysis,fulford2018_cohort_t12m_paidoredu,jbi8_statistical_analysis,no,no,agree,"dissertation_shared_folder/Data Extraction Papers/sbx096.pdf; Table 1 and its footnote, p. 371; supplement sbx096_suppl_supplementary_tables.doc, eTable 1 and notes",Codex AI independent verification agent 3,2026-10-01,Judgement retained after independent source review; replacement rationale records the outcome-specific basis.,"Table 1 reports six-month aggregate percentages without identifiable integer numerators and occupation-specific denominators. The supplement gives correlations/SEM and variable sample-size ranges, not recoverable employment counts. FIML for the models does not establish a binomial prevalence base. Reviewed result: fulford2018_cohort_t12m_paidoredu; construct paid_or_education. Recorded follow-up 12 months, basis since_baseline."
fulford2018_cohort_t12m_paidoredu__jbi9_response_rate,fulford2018_cohort_t12m_paidoredu,jbi9_response_rate,no,no,agree,"dissertation_shared_folder/Data Extraction Papers/sbx096.pdf; Results, p. 372; Table 1 footnote, p. 371",Codex AI independent verification agent 3,2026-10-01,Judgement retained after independent source review; replacement rationale records the outcome-specific basis.,"SURF data were 21% missing at 12 months, and an exact occupational observed denominator is not printed. Baseline comparisons and FIML for structural models do not establish the descriptive percentage's missingness correction; coverage remains unclear and response inadequate. Reviewed result: fulford2018_cohort_t12m_paidoredu; construct paid_or_education. Recorded follow-up 12 months, basis since_baseline."
khare2021_cohort_t12m_paidany__jbi1_sample_frame,khare2021_cohort_t12m_paidany,jbi1_sample_frame,no,no,agree,"dissertation_shared_folder/Data Extraction Papers/1-s2.0-S0920996421000463-main.pdf; Methods 2 and 2.1, p. 473; Table 1, p. 475",Codex AI independent verification agent 3,2026-10-01,Judgement retained after independent source review; replacement rationale records the outcome-specific basis.,"Private psychiatrists referred interested outpatients at two sites. The resulting convenience frame omits untracked eligible patients not referred or approached and is unsuitable for general clinical employment prevalence. Reviewed result: khare2021_cohort_t12m_paidany; construct paid_any. Recorded follow-up 12 months, basis since_baseline. Recorded numerator 287. Recorded observed denominator 456."
khare2021_cohort_t12m_paidany__jbi2_participant_sampling,khare2021_cohort_t12m_paidany,jbi2_participant_sampling,no,no,agree,"dissertation_shared_folder/Data Extraction Papers/1-s2.0-S0920996421000463-main.pdf; Methods 2.2 Procedures, p. 473",Codex AI independent verification agent 3,2026-10-01,Judgement retained after independent source review; replacement rationale records the outcome-specific basis.,"Psychiatrists selected interested patients rather than using consecutive or random sampling. The report says the total eligible informed population was not tracked. Reviewed result: khare2021_cohort_t12m_paidany; construct paid_any. Recorded follow-up 12 months, basis since_baseline. Recorded numerator 287. Recorded observed denominator 456."
khare2021_cohort_t12m_paidany__jbi3_sample_size,khare2021_cohort_t12m_paidany,jbi3_sample_size,yes,yes,agree,"dissertation_shared_folder/Data Extraction Papers/1-s2.0-S0920996421000463-main.pdf; Methods 2.1, p. 473; Results 3.1, p. 474",Codex AI independent verification agent 3,2026-10-01,Judgement retained after independent source review; replacement rationale records the outcome-specific basis.,"The final occupational sample of 456 is sufficient for reasonable descriptive prevalence precision. Reviewed result: khare2021_cohort_t12m_paidany; construct paid_any. Recorded follow-up 12 months, basis since_baseline. Recorded numerator 287. Recorded observed denominator 456."
khare2021_cohort_t12m_paidany__jbi4_subjects_setting_described,khare2021_cohort_t12m_paidany,jbi4_subjects_setting_described,yes,yes,agree,"dissertation_shared_folder/Data Extraction Papers/1-s2.0-S0920996421000463-main.pdf; Methods 2, p. 473; Methods 2.2, p. 473; Table 1, p. 475",Codex AI independent verification agent 3,2026-10-01,Judgement retained after independent source review; replacement rationale records the outcome-specific basis.,"The private-clinic settings, psychiatric diagnoses, age, education, work characteristics and participant demographics are described. Reviewed result: khare2021_cohort_t12m_paidany; construct paid_any. Recorded follow-up 12 months, basis since_baseline. Recorded numerator 287. Recorded observed denominator 456."
khare2021_cohort_t12m_paidany__jbi5_coverage_of_sample,khare2021_cohort_t12m_paidany,jbi5_coverage_of_sample,yes,unclear,disagree,"dissertation_shared_folder/Data Extraction Papers/1-s2.0-S0920996421000463-main.pdf; Methods 2.2, p. 473; Results 3, p. 474, diagnostic nonresponse and analytic exclusions",Codex AI independent verification agent 3,2026-10-01,Source-grounded judgement correction; replacement rationale supplied in notes.,"Follow-up was achieved in 459/550, but diagnostic groups had significantly different nonresponse rates and three observed nonworking categories were excluded from the 456-person analysis. Baseline comparisons do not correct differential nonresponse; coverage adequacy is uncertain. Reviewed result: khare2021_cohort_t12m_paidany; construct paid_any. Recorded follow-up 12 months, basis since_baseline. Recorded numerator 287. Recorded observed denominator 456."
khare2021_cohort_t12m_paidany__jbi6_condition_identification,khare2021_cohort_t12m_paidany,jbi6_condition_identification,yes,unclear,disagree,"dissertation_shared_folder/Data Extraction Papers/1-s2.0-S0920996421000463-main.pdf; Methods 2.3.2, p. 473-474; Results 3, p. 474",Codex AI independent verification agent 3,2026-10-01,Source-grounded judgement correction; replacement rationale supplied in notes.,"Interviewers collected job duties, hours and income, but family-business work without a separate wage was assigned income by dividing business income among working family members and adjusting for hours. That imputation does not establish actual remuneration for the family worker, so validity for a strict paid-employment condition remains unclear. Reviewed result: khare2021_cohort_t12m_paidany; construct paid_any. Recorded follow-up 12 months, basis since_baseline. Recorded numerator 287. Recorded observed denominator 456."
khare2021_cohort_t12m_paidany__jbi7_condition_measurement,khare2021_cohort_t12m_paidany,jbi7_condition_measurement,yes,yes,agree,"dissertation_shared_folder/Data Extraction Papers/1-s2.0-S0920996421000463-main.pdf; Methods 2.2, p. 473; Methods 2.3, p. 473",Codex AI independent verification agent 3,2026-10-01,Judgement retained after independent source review; replacement rationale records the outcome-specific basis.,"The same semi-structured occupational interview was administered by supervised Marathi-speaking Masters-level researchers. Some interviews were by telephone; formal validation across modes is not established but a common interview process is described. Reviewed result: khare2021_cohort_t12m_paidany; construct paid_any. Recorded follow-up 12 months, basis since_baseline. Recorded numerator 287. Recorded observed denominator 456."
khare2021_cohort_t12m_paidany__jbi8_statistical_analysis,khare2021_cohort_t12m_paidany,jbi8_statistical_analysis,yes,yes,agree,"dissertation_shared_folder/Data Extraction Papers/1-s2.0-S0920996421000463-main.pdf; Results 3.1, p. 474; Table 1, p. 475",Codex AI independent verification agent 3,2026-10-01,Judgement retained after independent source review; replacement rationale records the outcome-specific basis.,"The occupational partition is internally coherent: 257 working at both waves, 30 newly working, 148 never working and 21 stopping total 456. The follow-up work count is 287/456; exclusions and paid-work construct uncertainty remain separate limitations. Reviewed result: khare2021_cohort_t12m_paidany; construct paid_any. Recorded follow-up 12 months, basis since_baseline. Recorded numerator 287. Recorded observed denominator 456."
khare2021_cohort_t12m_paidany__jbi9_response_rate,khare2021_cohort_t12m_paidany,jbi9_response_rate,unclear,unclear,agree,"dissertation_shared_folder/Data Extraction Papers/1-s2.0-S0920996421000463-main.pdf; Methods 2.2 Procedures, p. 473",Codex AI independent verification agent 3,2026-10-01,Judgement retained after independent source review; replacement rationale records the outcome-specific basis.,"Recruitment response cannot be established because the informed eligible population was not tracked. Follow-up response was 83.5%, with diagnostic differences, and no adequate occupational nonresponse correction is reported. Reviewed result: khare2021_cohort_t12m_paidany; construct paid_any. Recorded follow-up 12 months, basis since_baseline. Recorded numerator 287. Recorded observed denominator 456."
khare2022b_cohort_t12m_paidany_jbi1_sample_frame,khare2022b_cohort_t12m_paidany,jbi1_sample_frame,yes,yes,agree,"dissertation_shared_folder/Data Extraction Papers/2022-23727-001.pdf; khare2022b, Method, p. 238 and Discussion, limitations, p. 245",Codex AI independent verification agent 3,2026-10-01,Judgement retained after independent source review; replacement rationale records the outcome-specific basis.,"The Pune urban public outpatient clinic is a relevant healthcare frame for this restricted clinical population. Generalisability to untreated/rural psychosis remains limited. Reviewed result: khare2022b_cohort_t12m_paidany; construct paid_any. Recorded follow-up 12 months, basis since_baseline. Recorded numerator 53. Recorded observed denominator 107."
khare2022b_cohort_t12m_paidany_jbi2_participant_sampling,khare2022b_cohort_t12m_paidany,jbi2_participant_sampling,unclear,unclear,agree,"dissertation_shared_folder/Data Extraction Papers/2022-23727-001.pdf; khare2022b, Figure 1, p. 239; Method, Participants, p. 238",Codex AI independent verification agent 3,2026-10-01,Judgement retained after independent source review; replacement rationale records the outcome-specific basis.,"Of 190 referred people, 150 met the study/consent conditions. The report does not establish whether psychiatrist referrals were consecutive or random. Reviewed result: khare2022b_cohort_t12m_paidany; construct paid_any. Recorded follow-up 12 months, basis since_baseline. Recorded numerator 53. Recorded observed denominator 107."
khare2022b_cohort_t12m_paidany_jbi3_sample_size,khare2022b_cohort_t12m_paidany,jbi3_sample_size,yes,yes,agree,"dissertation_shared_folder/Data Extraction Papers/2022-23727-001.pdf; khare2022b, Results, p. 239",Codex AI independent verification agent 3,2026-10-01,Judgement retained after independent source review; replacement rationale records the outcome-specific basis.,"The analysed occupational sample is 107. Descriptive precision is modest but compatible with broad prevalence estimation; no tight precision target is claimed. Reviewed result: khare2022b_cohort_t12m_paidany; construct paid_any. Recorded follow-up 12 months, basis since_baseline. Recorded numerator 53. Recorded observed denominator 107."
khare2022b_cohort_t12m_paidany_jbi4_subjects_setting_described,khare2022b_cohort_t12m_paidany,jbi4_subjects_setting_described,yes,yes,agree,"dissertation_shared_folder/Data Extraction Papers/2022-23727-001.pdf; khare2022b, Method and Results, pp. 238-240 and Table 1, p. 240; khare2022, Table 2, p. 4",Codex AI independent verification agent 3,2026-10-01,Judgement retained after independent source review; replacement rationale records the outcome-specific basis.,"The public-clinic setting, baseline diagnostic and demographic composition and follow-up work characteristics are described, with the linked baseline report used for participant context. Reviewed result: khare2022b_cohort_t12m_paidany; construct paid_any. Recorded follow-up 12 months, basis since_baseline. Recorded numerator 53. Recorded observed denominator 107."
khare2022b_cohort_t12m_paidany_jbi5_coverage_of_sample,khare2022b_cohort_t12m_paidany,jbi5_coverage_of_sample,no,no,agree,"dissertation_shared_folder/Data Extraction Papers/2022-23727-001.pdf; khare2022b, Results, p. 239 and Figure 1, p. 239; Supplemental Table 1 cited on p. 239 but not present in the PDF",Codex AI independent verification agent 3,2026-10-01,Judgement retained after independent source review; replacement rationale records the outcome-specific basis.,"Only 107/150 participants completed follow-up; losses include inability to contact, hospitalisation, death, refusal and a missed visit. Longer illness/previous hospitalisation predicted completion differences, without correction. Reviewed result: khare2022b_cohort_t12m_paidany; construct paid_any. Recorded follow-up 12 months, basis since_baseline. Recorded numerator 53. Recorded observed denominator 107."
khare2022b_cohort_t12m_paidany_jbi6_condition_identification,khare2022b_cohort_t12m_paidany,jbi6_condition_identification,no,yes,disagree,"dissertation_shared_folder/Data Extraction Papers/2022-23727-001.pdf; khare2022b, Method, Participants, p. 238 and Discussion, limitations, p. 244; khare2022, Method 2.1, p. 2; Methods p. 238 and Discussion p. 245, explicit paid-employment focus",Codex AI independent verification agent 3,2026-10-01,Source-grounded judgement correction; replacement rationale supplied in notes.,"The discussion explicitly states that the study focused on paid employment. The occupational interview collected job, hours and monthly income information and excluded student/volunteer occupations from employment. This supports identification of the stated paid-work condition, rather than rating diagnosis ascertainment. Separate remuneration of the small family-work subgroup is not independently documented and remains a construct-gate limitation. Reviewed result: khare2022b_cohort_t12m_paidany; construct paid_any. Recorded follow-up 12 months, basis since_baseline. Recorded numerator 53. Recorded observed denominator 107."
khare2022b_cohort_t12m_paidany_jbi7_condition_measurement,khare2022b_cohort_t12m_paidany,jbi7_condition_measurement,yes,yes,agree,"dissertation_shared_folder/Data Extraction Papers/2022-23727-001.pdf; khare2022b, Method, Procedure and Measures, p. 238",Codex AI independent verification agent 3,2026-10-01,Judgement retained after independent source review; replacement rationale records the outcome-specific basis.,"Supervised Masters-level researchers applied a common semi-structured occupational interview. Assessment modes are not fully validated, but the described method is standardised across the analysed participants. Reviewed result: khare2022b_cohort_t12m_paidany; construct paid_any. Recorded follow-up 12 months, basis since_baseline. Recorded numerator 53. Recorded observed denominator 107."
khare2022b_cohort_t12m_paidany_jbi8_statistical_analysis,khare2022b_cohort_t12m_paidany,jbi8_statistical_analysis,yes,yes,agree,"dissertation_shared_folder/Data Extraction Papers/2022-23727-001.pdf; khare2022b, Results, p. 239; Statistical Analyses, p. 238",Codex AI independent verification agent 3,2026-10-01,Judgement retained after independent source review; replacement rationale records the outcome-specific basis.,"The partition 45 continuously working, 8 newly working, 52 never working and 2 stopping totals 107. Therefore 53/107 reproduces the reported follow-up working proportion; missingness and the precise paid-family-work boundary remain separate. Reviewed result: khare2022b_cohort_t12m_paidany; construct paid_any. Recorded follow-up 12 months, basis since_baseline. Recorded numerator 53. Recorded observed denominator 107."
khare2022b_cohort_t12m_paidany_jbi9_response_rate,khare2022b_cohort_t12m_paidany,jbi9_response_rate,no,no,agree,"dissertation_shared_folder/Data Extraction Papers/2022-23727-001.pdf; khare2022b, Results, p. 239 and Figure 1, p. 239",Codex AI independent verification agent 3,2026-10-01,Judgement retained after independent source review; replacement rationale records the outcome-specific basis.,"Follow-up completion is 71.3%; reasons and associated baseline clinical differences suggest informative attrition. No employment-specific adjustment or bounds are supplied. Reviewed result: khare2022b_cohort_t12m_paidany; construct paid_any. Recorded follow-up 12 months, basis since_baseline. Recorded numerator 53. Recorded observed denominator 107."
leighton2019b_crisp_t12m_eet__jbi1_sample_frame,leighton2019b_crisp_t12m_eet,jbi1_sample_frame,yes,yes,agree,"dissertation_shared_folder/Data Extraction Papers/file.pdf; Methods, Participants and study design, p. 3",Codex AI independent verification agent 3,2026-10-01,Judgement retained after independent source review; replacement rationale records the outcome-specific basis.,"CRISP represents first clinical presentations to the Glasgow service with stated nonorganic psychosis criteria. The earlier GLED comparator recruitment frame is less fully documented in this report. Reviewed result: leighton2019b_crisp_t12m_eet; construct paid_or_education_or_training. Recorded follow-up 12 months, basis since_baseline. Recorded numerator 32. Recorded observed denominator 75."
leighton2019b_crisp_t12m_eet__jbi2_participant_sampling,leighton2019b_crisp_t12m_eet,jbi2_participant_sampling,unclear,unclear,agree,"dissertation_shared_folder/Data Extraction Papers/file.pdf; Methods, Participants and study design, p. 3",Codex AI independent verification agent 3,2026-10-01,Judgement retained after independent source review; replacement rationale records the outcome-specific basis.,"Neither cohort is documented here as a probability sample; CRISP incident recruitment and the earlier comparator require recruitment information beyond the shared prediction variables. Reviewed result: leighton2019b_crisp_t12m_eet; construct paid_or_education_or_training. Recorded follow-up 12 months, basis since_baseline. Recorded numerator 32. Recorded observed denominator 75."
leighton2019b_crisp_t12m_eet__jbi3_sample_size,leighton2019b_crisp_t12m_eet,jbi3_sample_size,no,no,agree,"dissertation_shared_folder/Data Extraction Papers/file.pdf; Abstract, Methods and findings, p. 1; Discussion, p. 9",Codex AI independent verification agent 3,2026-10-01,Judgement retained after independent source review; replacement rationale records the outcome-specific basis.,"Observed samples of 75 and 67 are small and provide wide descriptive prevalence uncertainty. The study was designed for prediction rather than precise employment prevalence. Reviewed result: leighton2019b_crisp_t12m_eet; construct paid_or_education_or_training. Recorded follow-up 12 months, basis since_baseline. Recorded numerator 32. Recorded observed denominator 75."
leighton2019b_crisp_t12m_eet__jbi4_subjects_setting_described,leighton2019b_crisp_t12m_eet,jbi4_subjects_setting_described,yes,yes,agree,"dissertation_shared_folder/Data Extraction Papers/file.pdf; Table 1, p. 6",Codex AI independent verification agent 3,2026-10-01,Judgement retained after independent source review; replacement rationale records the outcome-specific basis.,"CRISP demographics and service context are described; equivalent detailed baseline characterisation of the earlier GLED comparator is incomplete. Reviewed result: leighton2019b_crisp_t12m_eet; construct paid_or_education_or_training. Recorded follow-up 12 months, basis since_baseline. Recorded numerator 32. Recorded observed denominator 75."
leighton2019b_crisp_t12m_eet__jbi5_coverage_of_sample,leighton2019b_crisp_t12m_eet,jbi5_coverage_of_sample,yes,yes,agree,"dissertation_shared_folder/Data Extraction Papers/file.pdf; Table 1, p. 6; Abstract, p. 1",Codex AI independent verification agent 3,2026-10-01,Judgement retained after independent source review; replacement rationale records the outcome-specific basis.,"CRISP supplies 75/83 occupational outcomes, whereas GLED supplies 67/79. CRISP coverage is high; GLED availability and the selection mechanism are less certain. Reviewed result: leighton2019b_crisp_t12m_eet; construct paid_or_education_or_training. Recorded follow-up 12 months, basis since_baseline. Recorded numerator 32. Recorded observed denominator 75."
leighton2019b_crisp_t12m_eet__jbi6_condition_identification,leighton2019b_crisp_t12m_eet,jbi6_condition_identification,unclear,unclear,agree,"dissertation_shared_folder/Data Extraction Papers/file.pdf; Methods, Predictor and outcome measures, p. 4; Table 1, p. 6",Codex AI independent verification agent 3,2026-10-01,Judgement retained after independent source review; replacement rationale records the outcome-specific basis.,"EET is used as a binary recorded category, but the employment remuneration criteria, education/training boundary, reference period and ascertainment method are not operationally described. Reviewed result: leighton2019b_crisp_t12m_eet; construct paid_or_education_or_training. Recorded follow-up 12 months, basis since_baseline. Recorded numerator 32. Recorded observed denominator 75."
leighton2019b_crisp_t12m_eet__jbi7_condition_measurement,leighton2019b_crisp_t12m_eet,jbi7_condition_measurement,unclear,unclear,agree,"dissertation_shared_folder/Data Extraction Papers/file.pdf; Abstract, p. 1; Methods, Predictor and outcome measures, p. 4; Table 1, p. 6",Codex AI independent verification agent 3,2026-10-01,Judgement retained after independent source review; replacement rationale records the outcome-specific basis.,"Shared predictor/outcome labels suggest compatibility between cohorts, but they do not establish equivalent standardised vocational measurement or reliability. Reviewed result: leighton2019b_crisp_t12m_eet; construct paid_or_education_or_training. Recorded follow-up 12 months, basis since_baseline. Recorded numerator 32. Recorded observed denominator 75."
leighton2019b_crisp_t12m_eet__jbi8_statistical_analysis,leighton2019b_crisp_t12m_eet,jbi8_statistical_analysis,yes,yes,agree,"dissertation_shared_folder/Data Extraction Papers/file.pdf; Table 1, p. 6",Codex AI independent verification agent 3,2026-10-01,Judgement retained after independent source review; replacement rationale records the outcome-specific basis.,"The counts 32/75 in CRISP and 27/67 in GLED reproduce the reported proportions. The denominator calculation is transparent, with interpretation limited by unspecified composite ascertainment. Reviewed result: leighton2019b_crisp_t12m_eet; construct paid_or_education_or_training. Recorded follow-up 12 months, basis since_baseline. Recorded numerator 32. Recorded observed denominator 75."
leighton2019b_crisp_t12m_eet__jbi9_response_rate,leighton2019b_crisp_t12m_eet,jbi9_response_rate,unclear,unclear,agree,"dissertation_shared_folder/Data Extraction Papers/file.pdf; Methods, Participants and study design, p. 3; Table 1, p. 6",Codex AI independent verification agent 3,2026-10-01,Judgement retained after independent source review; replacement rationale records the outcome-specific basis.,"Entry refusal and occupational nonresponse mechanisms are insufficiently reported. High follow-up availability in CRISP does not itself establish an unbiased recruitment response. Reviewed result: leighton2019b_crisp_t12m_eet; construct paid_or_education_or_training. Recorded follow-up 12 months, basis since_baseline. Recorded numerator 32. Recorded observed denominator 75."
leighton2019b_gled_t12m_eet__jbi1_sample_frame,leighton2019b_gled_t12m_eet,jbi1_sample_frame,unclear,unclear,agree,"dissertation_shared_folder/Data Extraction Papers/file.pdf; Methods, Participants and study design, p. 4",Codex AI independent verification agent 3,2026-10-01,Judgement retained after independent source review; replacement rationale records the outcome-specific basis.,"CRISP represents first clinical presentations to the Glasgow service with stated nonorganic psychosis criteria. The earlier GLED comparator recruitment frame is less fully documented in this report. Reviewed result: leighton2019b_gled_t12m_eet; construct paid_or_education_or_training. Recorded follow-up 12 months, basis since_baseline. Recorded numerator 27. Recorded observed denominator 67."
leighton2019b_gled_t12m_eet__jbi2_participant_sampling,leighton2019b_gled_t12m_eet,jbi2_participant_sampling,unclear,unclear,agree,"dissertation_shared_folder/Data Extraction Papers/file.pdf; Methods, Participants and study design, p. 4",Codex AI independent verification agent 3,2026-10-01,Judgement retained after independent source review; replacement rationale records the outcome-specific basis.,"Neither cohort is documented here as a probability sample; CRISP incident recruitment and the earlier comparator require recruitment information beyond the shared prediction variables. Reviewed result: leighton2019b_gled_t12m_eet; construct paid_or_education_or_training. Recorded follow-up 12 months, basis since_baseline. Recorded numerator 27. Recorded observed denominator 67."
leighton2019b_gled_t12m_eet__jbi3_sample_size,leighton2019b_gled_t12m_eet,jbi3_sample_size,no,no,agree,"dissertation_shared_folder/Data Extraction Papers/file.pdf; Methods, p. 4; Table 1, p. 6; Discussion, p. 9",Codex AI independent verification agent 3,2026-10-01,Judgement retained after independent source review; replacement rationale records the outcome-specific basis.,"Observed samples of 75 and 67 are small and provide wide descriptive prevalence uncertainty. The study was designed for prediction rather than precise employment prevalence. Reviewed result: leighton2019b_gled_t12m_eet; construct paid_or_education_or_training. Recorded follow-up 12 months, basis since_baseline. Recorded numerator 27. Recorded observed denominator 67."
leighton2019b_gled_t12m_eet__jbi4_subjects_setting_described,leighton2019b_gled_t12m_eet,jbi4_subjects_setting_described,unclear,unclear,agree,"dissertation_shared_folder/Data Extraction Papers/file.pdf; Table 1, p. 6; Methods, Participants and study design, p. 4",Codex AI independent verification agent 3,2026-10-01,Judgement retained after independent source review; replacement rationale records the outcome-specific basis.,"CRISP demographics and service context are described; equivalent detailed baseline characterisation of the earlier GLED comparator is incomplete. Reviewed result: leighton2019b_gled_t12m_eet; construct paid_or_education_or_training. Recorded follow-up 12 months, basis since_baseline. Recorded numerator 27. Recorded observed denominator 67."
leighton2019b_gled_t12m_eet__jbi5_coverage_of_sample,leighton2019b_gled_t12m_eet,jbi5_coverage_of_sample,unclear,unclear,agree,"dissertation_shared_folder/Data Extraction Papers/file.pdf; Table 1, p. 6",Codex AI independent verification agent 3,2026-10-01,Judgement retained after independent source review; replacement rationale records the outcome-specific basis.,"CRISP supplies 75/83 occupational outcomes, whereas GLED supplies 67/79. CRISP coverage is high; GLED availability and the selection mechanism are less certain. Reviewed result: leighton2019b_gled_t12m_eet; construct paid_or_education_or_training. Recorded follow-up 12 months, basis since_baseline. Recorded numerator 27. Recorded observed denominator 67."
leighton2019b_gled_t12m_eet__jbi6_condition_identification,leighton2019b_gled_t12m_eet,jbi6_condition_identification,unclear,unclear,agree,"dissertation_shared_folder/Data Extraction Papers/file.pdf; Methods, Predictor and outcome measures, p. 4; Table 1, p. 6",Codex AI independent verification agent 3,2026-10-01,Judgement retained after independent source review; replacement rationale records the outcome-specific basis.,"EET is used as a binary recorded category, but the employment remuneration criteria, education/training boundary, reference period and ascertainment method are not operationally described. Reviewed result: leighton2019b_gled_t12m_eet; construct paid_or_education_or_training. Recorded follow-up 12 months, basis since_baseline. Recorded numerator 27. Recorded observed denominator 67."
leighton2019b_gled_t12m_eet__jbi7_condition_measurement,leighton2019b_gled_t12m_eet,jbi7_condition_measurement,unclear,unclear,agree,"dissertation_shared_folder/Data Extraction Papers/file.pdf; Methods, Predictor and outcome measures, p. 4",Codex AI independent verification agent 3,2026-10-01,Judgement retained after independent source review; replacement rationale records the outcome-specific basis.,"Shared predictor/outcome labels suggest compatibility between cohorts, but they do not establish equivalent standardised vocational measurement or reliability. Reviewed result: leighton2019b_gled_t12m_eet; construct paid_or_education_or_training. Recorded follow-up 12 months, basis since_baseline. Recorded numerator 27. Recorded observed denominator 67."
leighton2019b_gled_t12m_eet__jbi8_statistical_analysis,leighton2019b_gled_t12m_eet,jbi8_statistical_analysis,yes,yes,agree,"dissertation_shared_folder/Data Extraction Papers/file.pdf; Table 1, p. 6",Codex AI independent verification agent 3,2026-10-01,Judgement retained after independent source review; replacement rationale records the outcome-specific basis.,"The counts 32/75 in CRISP and 27/67 in GLED reproduce the reported proportions. The denominator calculation is transparent, with interpretation limited by unspecified composite ascertainment. Reviewed result: leighton2019b_gled_t12m_eet; construct paid_or_education_or_training. Recorded follow-up 12 months, basis since_baseline. Recorded numerator 27. Recorded observed denominator 67."
leighton2019b_gled_t12m_eet__jbi9_response_rate,leighton2019b_gled_t12m_eet,jbi9_response_rate,unclear,unclear,agree,"dissertation_shared_folder/Data Extraction Papers/file.pdf; Table 1, p. 6",Codex AI independent verification agent 3,2026-10-01,Judgement retained after independent source review; replacement rationale records the outcome-specific basis.,"Entry refusal and occupational nonresponse mechanisms are insufficiently reported. High follow-up availability in CRISP does not itself establish an unbiased recruitment response. Reviewed result: leighton2019b_gled_t12m_eet; construct paid_or_education_or_training. Recorded follow-up 12 months, basis since_baseline. Recorded numerator 27. Recorded observed denominator 67."
luo2019_act_t12m_paidany__rob2_1_randomisation,luo2019_act_t12m_paidany,rob2_1_randomisation,low,low,agree,"dissertation_shared_folder/Data Extraction Papers/effectiveness-of-an-assertive-community-treatment-program-for-people-with-severe-schizophrenia-in-mainland-china-a-12-month-randomized-controlled-trial.pdf; Methods, Study population and recruitment, p. 970; Table 1, p. 973; Results, p. 972",Codex AI independent verification agent 3,2026-10-01,Judgement retained after independent source review; replacement rationale records the outcome-specific basis.,"An independent off-study researcher generated the sequence using SPSS, and opaque envelopes concealed assignment before baseline. The described randomisation process supports low risk. Reviewed result: luo2019_act_t12m_paidany; construct paid_any. Recorded follow-up 12 months, basis since_baseline. Recorded numerator 10. Recorded observed denominator 30. Source verification does not close the separate tool-routing and signalling audit."
luo2019_act_t12m_paidany__rob2_2_deviations,luo2019_act_t12m_paidany,rob2_2_deviations,some_concerns,some_concerns,agree,"dissertation_shared_folder/Data Extraction Papers/effectiveness-of-an-assertive-community-treatment-program-for-people-with-severe-schizophrenia-in-mainland-china-a-12-month-randomized-controlled-trial.pdf; Methods, Study intervention and follow up, p. 970; Methods, p. 972; Results, p. 975",Codex AI independent verification agent 3,2026-10-01,Judgement retained after independent source review; replacement rationale records the outcome-specific basis.,"ACT and routine care necessarily differed in vocational input and intended contact intensity. Intended ACT support is not itself a deviation, but the modified analysed sample and insufficient trial-context adherence detail leave some uncertainty. Reviewed result: luo2019_act_t12m_paidany; construct paid_any. Recorded follow-up 12 months, basis since_baseline. Recorded numerator 10. Recorded observed denominator 30. Source verification does not close the separate tool-routing and signalling audit."
luo2019_act_t12m_paidany__rob2_3_missing_outcome_data,luo2019_act_t12m_paidany,rob2_3_missing_outcome_data,some_concerns,some_concerns,agree,"dissertation_shared_folder/Data Extraction Papers/effectiveness-of-an-assertive-community-treatment-program-for-people-with-severe-schizophrenia-in-mainland-china-a-12-month-randomized-controlled-trial.pdf; Methods, Study intervention and follow up, p. 972; Results, p. 975",Codex AI independent verification agent 3,2026-10-01,Judgement retained after independent source review; replacement rationale records the outcome-specific basis.,"All 30 ACT participants were retained, while two routine-care participants were excluded after baseline and two later losses remained in the 28-person analysis. Missingness can materially affect the one-event control estimate. Reviewed result: luo2019_act_t12m_paidany; construct paid_any. Recorded follow-up 12 months, basis since_baseline. Recorded numerator 10. Recorded observed denominator 30. Source verification does not close the separate tool-routing and signalling audit."
luo2019_act_t12m_paidany__rob2_4_outcome_measurement,luo2019_act_t12m_paidany,rob2_4_outcome_measurement,some_concerns,some_concerns,agree,"dissertation_shared_folder/Data Extraction Papers/effectiveness-of-an-assertive-community-treatment-program-for-people-with-severe-schizophrenia-in-mainland-china-a-12-month-randomized-controlled-trial.pdf; Methods, Study outcomes and data collection, p. 972; Results, p. 975",Codex AI independent verification agent 3,2026-10-01,Judgement retained after independent source review; replacement rationale records the outcome-specific basis.,"Re-employment was defined as days in any temporary or regular paid work over 12 months. Evaluator independence/blinding is stated for assessments, but employment informants and independent verification are not specified; participant/family reporting for relapse must not be assumed to describe employment ascertainment. Reviewed result: luo2019_act_t12m_paidany; construct paid_any. Recorded follow-up 12 months, basis since_baseline. Recorded numerator 10. Recorded observed denominator 30. Source verification does not close the separate tool-routing and signalling audit."
luo2019_act_t12m_paidany__rob2_5_selective_reporting,luo2019_act_t12m_paidany,rob2_5_selective_reporting,some_concerns,some_concerns,agree,"dissertation_shared_folder/Data Extraction Papers/effectiveness-of-an-assertive-community-treatment-program-for-people-with-severe-schizophrenia-in-mainland-china-a-12-month-randomized-controlled-trial.pdf; Methods, Study design, p. 970; Abstract, p. 969; Results, p. 975",Codex AI independent verification agent 3,2026-10-01,Judgement retained after independent source review; replacement rationale records the outcome-specific basis.,"No prospectively inspectable analysis plan is supplied. Competitive/transitional subdivision is given for ACT alone; this is incomplete comparator reporting but does not demonstrate that a numerical result was selected on its significance or magnitude, supporting some concerns rather than a demonstrated high-risk selection. Reviewed result: luo2019_act_t12m_paidany; construct paid_any. Recorded follow-up 12 months, basis since_baseline. Recorded numerator 10. Recorded observed denominator 30. Source verification does not close the separate tool-routing and signalling audit."
luo2019_act_t12m_paidany__rob2_overall,luo2019_act_t12m_paidany,rob2_overall,high,high,agree,dissertation_shared_folder/Data Extraction Papers/effectiveness-of-an-assertive-community-treatment-program-for-people-with-severe-schizophrenia-in-mainland-china-a-12-month-randomized-controlled-trial.pdf; Overall judgement across domains 1 to 5,Codex AI independent verification agent 3,2026-10-01,Judgement retained after independent source review; replacement rationale records the outcome-specific basis.,"The original high overall concern is retained conditionally for a treatment comparison because multiple concerns affect a very sparse outcome and missing control observations can materially alter the contrast. These arm counts need a separate JBI prevalence appraisal. Reviewed result: luo2019_act_t12m_paidany; construct paid_any. Recorded follow-up 12 months, basis since_baseline. Recorded numerator 10. Recorded observed denominator 30. Source verification does not close the separate tool-routing and signalling audit."
luo2019_tau_t12m_paidany__rob2_1_randomisation,luo2019_tau_t12m_paidany,rob2_1_randomisation,low,low,agree,"dissertation_shared_folder/Data Extraction Papers/effectiveness-of-an-assertive-community-treatment-program-for-people-with-severe-schizophrenia-in-mainland-china-a-12-month-randomized-controlled-trial.pdf; Methods, Study population and recruitment, p. 970; Table 1, p. 973; Results, p. 972",Codex AI independent verification agent 3,2026-10-01,Judgement retained after independent source review; replacement rationale records the outcome-specific basis.,"An independent off-study researcher generated the sequence using SPSS, and opaque envelopes concealed assignment before baseline. The described randomisation process supports low risk. Reviewed result: luo2019_tau_t12m_paidany; construct paid_any. Recorded follow-up 12 months, basis since_baseline. Recorded numerator 1. Recorded observed denominator 28. Source verification does not close the separate tool-routing and signalling audit."
luo2019_tau_t12m_paidany__rob2_2_deviations,luo2019_tau_t12m_paidany,rob2_2_deviations,some_concerns,some_concerns,agree,"dissertation_shared_folder/Data Extraction Papers/effectiveness-of-an-assertive-community-treatment-program-for-people-with-severe-schizophrenia-in-mainland-china-a-12-month-randomized-controlled-trial.pdf; Methods, Study intervention and follow up, p. 970; Methods, p. 972; Results, p. 975",Codex AI independent verification agent 3,2026-10-01,Judgement retained after independent source review; replacement rationale records the outcome-specific basis.,"ACT and routine care necessarily differed in vocational input and intended contact intensity. Intended ACT support is not itself a deviation, but the modified analysed sample and insufficient trial-context adherence detail leave some uncertainty. Reviewed result: luo2019_tau_t12m_paidany; construct paid_any. Recorded follow-up 12 months, basis since_baseline. Recorded numerator 1. Recorded observed denominator 28. Source verification does not close the separate tool-routing and signalling audit."
luo2019_tau_t12m_paidany__rob2_3_missing_outcome_data,luo2019_tau_t12m_paidany,rob2_3_missing_outcome_data,some_concerns,some_concerns,agree,"dissertation_shared_folder/Data Extraction Papers/effectiveness-of-an-assertive-community-treatment-program-for-people-with-severe-schizophrenia-in-mainland-china-a-12-month-randomized-controlled-trial.pdf; Methods, Study intervention and follow up, p. 972; Results, p. 975",Codex AI independent verification agent 3,2026-10-01,Judgement retained after independent source review; replacement rationale records the outcome-specific basis.,"All 30 ACT participants were retained, while two routine-care participants were excluded after baseline and two later losses remained in the 28-person analysis. Missingness can materially affect the one-event control estimate. Reviewed result: luo2019_tau_t12m_paidany; construct paid_any. Recorded follow-up 12 months, basis since_baseline. Recorded numerator 1. Recorded observed denominator 28. Source verification does not close the separate tool-routing and signalling audit."
luo2019_tau_t12m_paidany__rob2_4_outcome_measurement,luo2019_tau_t12m_paidany,rob2_4_outcome_measurement,some_concerns,some_concerns,agree,"dissertation_shared_folder/Data Extraction Papers/effectiveness-of-an-assertive-community-treatment-program-for-people-with-severe-schizophrenia-in-mainland-china-a-12-month-randomized-controlled-trial.pdf; Methods, Study outcomes and data collection, p. 972; Results, p. 975",Codex AI independent verification agent 3,2026-10-01,Judgement retained after independent source review; replacement rationale records the outcome-specific basis.,"Re-employment was defined as days in any temporary or regular paid work over 12 months. Evaluator independence/blinding is stated for assessments, but employment informants and independent verification are not specified; participant/family reporting for relapse must not be assumed to describe employment ascertainment. Reviewed result: luo2019_tau_t12m_paidany; construct paid_any. Recorded follow-up 12 months, basis since_baseline. Recorded numerator 1. Recorded observed denominator 28. Source verification does not close the separate tool-routing and signalling audit."
luo2019_tau_t12m_paidany__rob2_5_selective_reporting,luo2019_tau_t12m_paidany,rob2_5_selective_reporting,some_concerns,some_concerns,agree,"dissertation_shared_folder/Data Extraction Papers/effectiveness-of-an-assertive-community-treatment-program-for-people-with-severe-schizophrenia-in-mainland-china-a-12-month-randomized-controlled-trial.pdf; Methods, Study design, p. 970; Abstract, p. 969; Results, p. 975",Codex AI independent verification agent 3,2026-10-01,Judgement retained after independent source review; replacement rationale records the outcome-specific basis.,"No prospectively inspectable analysis plan is supplied. Competitive/transitional subdivision is given for ACT alone; this is incomplete comparator reporting but does not demonstrate that a numerical result was selected on its significance or magnitude, supporting some concerns rather than a demonstrated high-risk selection. Reviewed result: luo2019_tau_t12m_paidany; construct paid_any. Recorded follow-up 12 months, basis since_baseline. Recorded numerator 1. Recorded observed denominator 28. Source verification does not close the separate tool-routing and signalling audit."
luo2019_tau_t12m_paidany__rob2_overall,luo2019_tau_t12m_paidany,rob2_overall,high,high,agree,dissertation_shared_folder/Data Extraction Papers/effectiveness-of-an-assertive-community-treatment-program-for-people-with-severe-schizophrenia-in-mainland-china-a-12-month-randomized-controlled-trial.pdf; Overall judgement across domains 1 to 5,Codex AI independent verification agent 3,2026-10-01,Judgement retained after independent source review; replacement rationale records the outcome-specific basis.,"The original high overall concern is retained conditionally for a treatment comparison because multiple concerns affect a very sparse outcome and missing control observations can materially alter the contrast. These arm counts need a separate JBI prevalence appraisal. Reviewed result: luo2019_tau_t12m_paidany; construct paid_any. Recorded follow-up 12 months, basis since_baseline. Recorded numerator 1. Recorded observed denominator 28. Source verification does not close the separate tool-routing and signalling audit."
luo2019_act_t12m_paidcomp__rob2_1_randomisation,luo2019_act_t12m_paidcomp,rob2_1_randomisation,low,low,agree,"dissertation_shared_folder/Data Extraction Papers/effectiveness-of-an-assertive-community-treatment-program-for-people-with-severe-schizophrenia-in-mainland-china-a-12-month-randomized-controlled-trial.pdf; Methods, Study population and recruitment, p. 970; Table 1, p. 973; Results, p. 972",Codex AI independent verification agent 3,2026-10-01,Judgement retained after independent source review; replacement rationale records the outcome-specific basis.,"An independent off-study researcher generated the sequence using SPSS, and opaque envelopes concealed assignment before baseline. The described randomisation process supports low risk. Reviewed result: luo2019_act_t12m_paidcomp; construct paid_competitive. Recorded follow-up 12 months, basis since_baseline. Recorded numerator 4. Recorded observed denominator 30. Source verification does not close the separate tool-routing and signalling audit."
luo2019_act_t12m_paidcomp__rob2_2_deviations,luo2019_act_t12m_paidcomp,rob2_2_deviations,some_concerns,some_concerns,agree,"dissertation_shared_folder/Data Extraction Papers/effectiveness-of-an-assertive-community-treatment-program-for-people-with-severe-schizophrenia-in-mainland-china-a-12-month-randomized-controlled-trial.pdf; Methods, Study intervention and follow up, p. 970; Methods, p. 972; Results, p. 975",Codex AI independent verification agent 3,2026-10-01,Judgement retained after independent source review; replacement rationale records the outcome-specific basis.,"ACT and routine care necessarily differed in vocational input and intended contact intensity. Intended ACT support is not itself a deviation, but the modified analysed sample and insufficient trial-context adherence detail leave some uncertainty. Reviewed result: luo2019_act_t12m_paidcomp; construct paid_competitive. Recorded follow-up 12 months, basis since_baseline. Recorded numerator 4. Recorded observed denominator 30. Source verification does not close the separate tool-routing and signalling audit."
luo2019_act_t12m_paidcomp__rob2_3_missing_outcome_data,luo2019_act_t12m_paidcomp,rob2_3_missing_outcome_data,some_concerns,some_concerns,agree,"dissertation_shared_folder/Data Extraction Papers/effectiveness-of-an-assertive-community-treatment-program-for-people-with-severe-schizophrenia-in-mainland-china-a-12-month-randomized-controlled-trial.pdf; Methods, Study intervention and follow up, p. 972; Results, p. 975",Codex AI independent verification agent 3,2026-10-01,Judgement retained after independent source review; replacement rationale records the outcome-specific basis.,"All 30 ACT participants were retained, while two routine-care participants were excluded after baseline and two later losses remained in the 28-person analysis. Missingness can materially affect the one-event control estimate. Reviewed result: luo2019_act_t12m_paidcomp; construct paid_competitive. Recorded follow-up 12 months, basis since_baseline. Recorded numerator 4. Recorded observed denominator 30. Source verification does not close the separate tool-routing and signalling audit."
luo2019_act_t12m_paidcomp__rob2_4_outcome_measurement,luo2019_act_t12m_paidcomp,rob2_4_outcome_measurement,some_concerns,some_concerns,agree,"dissertation_shared_folder/Data Extraction Papers/effectiveness-of-an-assertive-community-treatment-program-for-people-with-severe-schizophrenia-in-mainland-china-a-12-month-randomized-controlled-trial.pdf; Methods, Study outcomes and data collection, p. 972; Results, p. 975",Codex AI independent verification agent 3,2026-10-01,Judgement retained after independent source review; replacement rationale records the outcome-specific basis.,"Re-employment was defined as days in any temporary or regular paid work over 12 months. Evaluator independence/blinding is stated for assessments, but employment informants and independent verification are not specified; participant/family reporting for relapse must not be assumed to describe employment ascertainment. Reviewed result: luo2019_act_t12m_paidcomp; construct paid_competitive. Recorded follow-up 12 months, basis since_baseline. Recorded numerator 4. Recorded observed denominator 30. Source verification does not close the separate tool-routing and signalling audit."
luo2019_act_t12m_paidcomp__rob2_5_selective_reporting,luo2019_act_t12m_paidcomp,rob2_5_selective_reporting,high,some_concerns,disagree,"dissertation_shared_folder/Data Extraction Papers/effectiveness-of-an-assertive-community-treatment-program-for-people-with-severe-schizophrenia-in-mainland-china-a-12-month-randomized-controlled-trial.pdf; Results, p. 975",Codex AI independent verification agent 3,2026-10-01,Source-grounded judgement correction; replacement rationale supplied in notes.,"No prospectively inspectable analysis plan is supplied. Competitive/transitional subdivision is given for ACT alone; this is incomplete comparator reporting but does not demonstrate that a numerical result was selected on its significance or magnitude, supporting some concerns rather than a demonstrated high-risk selection. Reviewed result: luo2019_act_t12m_paidcomp; construct paid_competitive. Recorded follow-up 12 months, basis since_baseline. Recorded numerator 4. Recorded observed denominator 30. Source verification does not close the separate tool-routing and signalling audit."
luo2019_act_t12m_paidcomp__rob2_overall,luo2019_act_t12m_paidcomp,rob2_overall,high,high,agree,dissertation_shared_folder/Data Extraction Papers/effectiveness-of-an-assertive-community-treatment-program-for-people-with-severe-schizophrenia-in-mainland-china-a-12-month-randomized-controlled-trial.pdf; Overall judgement across domains 1 to 5,Codex AI independent verification agent 3,2026-10-01,Judgement retained after independent source review; replacement rationale records the outcome-specific basis.,"The original high overall concern is retained conditionally for a treatment comparison because multiple concerns affect a very sparse outcome and missing control observations can materially alter the contrast. These arm counts need a separate JBI prevalence appraisal. Reviewed result: luo2019_act_t12m_paidcomp; construct paid_competitive. Recorded follow-up 12 months, basis since_baseline. Recorded numerator 4. Recorded observed denominator 30. Source verification does not close the separate tool-routing and signalling audit."
luo2019_act_t12m_transitional__rob2_1_randomisation,luo2019_act_t12m_transitional,rob2_1_randomisation,low,low,agree,"dissertation_shared_folder/Data Extraction Papers/effectiveness-of-an-assertive-community-treatment-program-for-people-with-severe-schizophrenia-in-mainland-china-a-12-month-randomized-controlled-trial.pdf; Methods, Study population and recruitment, p. 970; Table 1, p. 973; Results, p. 972",Codex AI independent verification agent 3,2026-10-01,Judgement retained after independent source review; replacement rationale records the outcome-specific basis.,"An independent off-study researcher generated the sequence using SPSS, and opaque envelopes concealed assignment before baseline. The described randomisation process supports low risk. Reviewed result: luo2019_act_t12m_transitional; construct unclear. Recorded follow-up 12 months, basis since_baseline. Recorded numerator 6. Recorded observed denominator 30. Source verification does not close the separate tool-routing and signalling audit."
luo2019_act_t12m_transitional__rob2_2_deviations,luo2019_act_t12m_transitional,rob2_2_deviations,some_concerns,some_concerns,agree,"dissertation_shared_folder/Data Extraction Papers/effectiveness-of-an-assertive-community-treatment-program-for-people-with-severe-schizophrenia-in-mainland-china-a-12-month-randomized-controlled-trial.pdf; Methods, Study intervention and follow up, p. 970; Methods, p. 972; Results, p. 975",Codex AI independent verification agent 3,2026-10-01,Judgement retained after independent source review; replacement rationale records the outcome-specific basis.,"ACT and routine care necessarily differed in vocational input and intended contact intensity. Intended ACT support is not itself a deviation, but the modified analysed sample and insufficient trial-context adherence detail leave some uncertainty. Reviewed result: luo2019_act_t12m_transitional; construct unclear. Recorded follow-up 12 months, basis since_baseline. Recorded numerator 6. Recorded observed denominator 30. Source verification does not close the separate tool-routing and signalling audit."
luo2019_act_t12m_transitional__rob2_3_missing_outcome_data,luo2019_act_t12m_transitional,rob2_3_missing_outcome_data,some_concerns,some_concerns,agree,"dissertation_shared_folder/Data Extraction Papers/effectiveness-of-an-assertive-community-treatment-program-for-people-with-severe-schizophrenia-in-mainland-china-a-12-month-randomized-controlled-trial.pdf; Methods, Study intervention and follow up, p. 972; Results, p. 975",Codex AI independent verification agent 3,2026-10-01,Judgement retained after independent source review; replacement rationale records the outcome-specific basis.,"All 30 ACT participants were retained, while two routine-care participants were excluded after baseline and two later losses remained in the 28-person analysis. Missingness can materially affect the one-event control estimate. Reviewed result: luo2019_act_t12m_transitional; construct unclear. Recorded follow-up 12 months, basis since_baseline. Recorded numerator 6. Recorded observed denominator 30. Source verification does not close the separate tool-routing and signalling audit."
luo2019_act_t12m_transitional__rob2_4_outcome_measurement,luo2019_act_t12m_transitional,rob2_4_outcome_measurement,some_concerns,some_concerns,agree,"dissertation_shared_folder/Data Extraction Papers/effectiveness-of-an-assertive-community-treatment-program-for-people-with-severe-schizophrenia-in-mainland-china-a-12-month-randomized-controlled-trial.pdf; Methods, Study outcomes and data collection, p. 972; Results, p. 975",Codex AI independent verification agent 3,2026-10-01,Judgement retained after independent source review; replacement rationale records the outcome-specific basis.,"Re-employment was defined as days in any temporary or regular paid work over 12 months. Evaluator independence/blinding is stated for assessments, but employment informants and independent verification are not specified; participant/family reporting for relapse must not be assumed to describe employment ascertainment. Reviewed result: luo2019_act_t12m_transitional; construct unclear. Recorded follow-up 12 months, basis since_baseline. Recorded numerator 6. Recorded observed denominator 30. Source verification does not close the separate tool-routing and signalling audit."
luo2019_act_t12m_transitional__rob2_5_selective_reporting,luo2019_act_t12m_transitional,rob2_5_selective_reporting,high,some_concerns,disagree,"dissertation_shared_folder/Data Extraction Papers/effectiveness-of-an-assertive-community-treatment-program-for-people-with-severe-schizophrenia-in-mainland-china-a-12-month-randomized-controlled-trial.pdf; Results, p. 975",Codex AI independent verification agent 3,2026-10-01,Source-grounded judgement correction; replacement rationale supplied in notes.,"No prospectively inspectable analysis plan is supplied. Competitive/transitional subdivision is given for ACT alone; this is incomplete comparator reporting but does not demonstrate that a numerical result was selected on its significance or magnitude, supporting some concerns rather than a demonstrated high-risk selection. Reviewed result: luo2019_act_t12m_transitional; construct unclear. Recorded follow-up 12 months, basis since_baseline. Recorded numerator 6. Recorded observed denominator 30. Source verification does not close the separate tool-routing and signalling audit."
luo2019_act_t12m_transitional__rob2_overall,luo2019_act_t12m_transitional,rob2_overall,high,high,agree,dissertation_shared_folder/Data Extraction Papers/effectiveness-of-an-assertive-community-treatment-program-for-people-with-severe-schizophrenia-in-mainland-china-a-12-month-randomized-controlled-trial.pdf; Overall judgement across domains 1 to 5,Codex AI independent verification agent 3,2026-10-01,Judgement retained after independent source review; replacement rationale records the outcome-specific basis.,"The original high overall concern is retained conditionally for a treatment comparison because multiple concerns affect a very sparse outcome and missing control observations can materially alter the contrast. These arm counts need a separate JBI prevalence appraisal. Reviewed result: luo2019_act_t12m_transitional; construct unclear. Recorded follow-up 12 months, basis since_baseline. Recorded numerator 6. Recorded observed denominator 30. Source verification does not close the separate tool-routing and signalling audit."
maguire2021_cohort_discharge_paidoreduc__jbi1_sample_frame,maguire2021_cohort_discharge_paidoreduc,jbi1_sample_frame,yes,yes,agree,"dissertation_shared_folder/Data Extraction Papers/s00127-020-02011-7.pdf; Methods, Setting, p. 1390; Methods, Participants, p. 1390",Codex AI independent verification agent 3,2026-10-01,Judgement retained after independent source review; replacement rationale records the outcome-specific basis.,"The EPPIC catchment cohort comprises all 1,220 treated young FEP clients during 2011-2016 under a consent waiver. This is a defined treated clinical frame. Reviewed result: maguire2021_cohort_discharge_paidoreduc; construct paid_or_education. Recorded numerator 594. Recorded observed denominator 1196."
maguire2021_cohort_discharge_paidoreduc__jbi2_participant_sampling,maguire2021_cohort_discharge_paidoreduc,jbi2_participant_sampling,yes,yes,agree,"dissertation_shared_folder/Data Extraction Papers/s00127-020-02011-7.pdf; Methods, Participants, p. 1390; Methods, Ethical approval, p. 1391",Codex AI independent verification agent 3,2026-10-01,Judgement retained after independent source review; replacement rationale records the outcome-specific basis.,"Clinical-record enumeration covered the service cohort; 24 clients with missing country of birth were excluded from migrant/non-migrant analysis, rather than occupationally sampled. Reviewed result: maguire2021_cohort_discharge_paidoreduc; construct paid_or_education. Recorded numerator 594. Recorded observed denominator 1196."
maguire2021_cohort_discharge_paidoreduc__jbi3_sample_size,maguire2021_cohort_discharge_paidoreduc,jbi3_sample_size,yes,yes,agree,"dissertation_shared_folder/Data Extraction Papers/s00127-020-02011-7.pdf; Results, Baseline characteristics, p. 1391",Codex AI independent verification agent 3,2026-10-01,Judgement retained after independent source review; replacement rationale records the outcome-specific basis.,"The 1,196 retained clients provide adequate descriptive precision for the full-cohort discharge composite. Reviewed result: maguire2021_cohort_discharge_paidoreduc; construct paid_or_education. Recorded numerator 594. Recorded observed denominator 1196."
maguire2021_cohort_discharge_paidoreduc__jbi4_subjects_setting_described,maguire2021_cohort_discharge_paidoreduc,jbi4_subjects_setting_described,yes,yes,agree,"dissertation_shared_folder/Data Extraction Papers/s00127-020-02011-7.pdf; Table 1, p. 1392; Table 2, p. 1393; Methods, Setting, p. 1390",Codex AI independent verification agent 3,2026-10-01,Judgement retained after independent source review; replacement rationale records the outcome-specific basis.,"The catchment, migration groups, age/sex and clinical characteristics are described, including variable treatment/discharge durations. Reviewed result: maguire2021_cohort_discharge_paidoreduc; construct paid_or_education. Recorded numerator 594. Recorded observed denominator 1196."
maguire2021_cohort_discharge_paidoreduc__jbi5_coverage_of_sample,maguire2021_cohort_discharge_paidoreduc,jbi5_coverage_of_sample,unclear,unclear,agree,"dissertation_shared_folder/Data Extraction Papers/s00127-020-02011-7.pdf; Table 3, p. 1394; Methods, Study design & sources of information, p. 1391; Results, p. 1391",Codex AI independent verification agent 3,2026-10-01,Judgement retained after independent source review; replacement rationale records the outcome-specific basis.,"Country-of-birth exclusion affects 24/1,220, but employment-specific missingness within the retained sample is not stated. Different clinical endpoints have smaller denominators, so occupation completeness cannot simply be assumed. Reviewed result: maguire2021_cohort_discharge_paidoreduc; construct paid_or_education. Recorded numerator 594. Recorded observed denominator 1196."
maguire2021_cohort_discharge_paidoreduc__jbi6_condition_identification,maguire2021_cohort_discharge_paidoreduc,jbi6_condition_identification,no,unclear,disagree,"dissertation_shared_folder/Data Extraction Papers/s00127-020-02011-7.pdf; Methods, Study design & sources of information, p. 1391",Codex AI independent verification agent 3,2026-10-01,Source-grounded judgement correction; replacement rationale supplied in notes.,"The recorded composite is engagement in regular employment or actively attended education, excluding school enrolment without attendance. This is compatible with the extracted work/education construct; lack of remuneration rules and validation makes identification unclear rather than automatically invalid because education is included. Reviewed result: maguire2021_cohort_discharge_paidoreduc; construct paid_or_education. Recorded numerator 594. Recorded observed denominator 1196."
maguire2021_cohort_discharge_paidoreduc__jbi7_condition_measurement,maguire2021_cohort_discharge_paidoreduc,jbi7_condition_measurement,no,unclear,disagree,"dissertation_shared_folder/Data Extraction Papers/s00127-020-02011-7.pdf; Methods, Study design & sources of information, p. 1391; Discussion, Strengths and limitations, p. 1396",Codex AI independent verification agent 3,2026-10-01,Source-grounded judgement correction; replacement rationale supplied in notes.,Retrospective clinical-record ascertainment is described without a vocational reliability study or fully operational rules. No affirmative evidence establishes invalid measurement; the appropriate assessment is unclear. Reviewed result: maguire2021_cohort_discharge_paidoreduc; construct paid_or_education. Recorded numerator 594. Recorded observed denominator 1196.
maguire2021_cohort_discharge_paidoreduc__jbi8_statistical_analysis,maguire2021_cohort_discharge_paidoreduc,jbi8_statistical_analysis,unclear,unclear,agree,"dissertation_shared_folder/Data Extraction Papers/s00127-020-02011-7.pdf; Methods, Statistical analysis, p. 1391; Table 3, p. 1394; Results, Functioning, p. 1395",Codex AI independent verification agent 3,2026-10-01,Judgement retained after independent source review; replacement rationale records the outcome-specific basis.,"The migration groups give 137/293 and 457/903, yielding 594/1,196. A textual migrant percentage conflicts with Table 1, and occupation-specific denominator/missingness is not established, so full statistical adequacy remains uncertain. Reviewed result: maguire2021_cohort_discharge_paidoreduc; construct paid_or_education. Recorded numerator 594. Recorded observed denominator 1196."
maguire2021_cohort_discharge_paidoreduc__jbi9_response_rate,maguire2021_cohort_discharge_paidoreduc,jbi9_response_rate,unclear,unclear,agree,"dissertation_shared_folder/Data Extraction Papers/s00127-020-02011-7.pdf; Methods, Setting, p. 1390; Table 3, p. 1394",Codex AI independent verification agent 3,2026-10-01,Judgement retained after independent source review; replacement rationale records the outcome-specific basis.,Employment-specific record availability and reasons for missingness are not supplied. Variable discharge timing additionally makes a common occupational response/horizon uncertain. Reviewed result: maguire2021_cohort_discharge_paidoreduc; construct paid_or_education. Recorded numerator 594. Recorded observed denominator 1196.
mcgurk2016_evr_t36m_paidcomp__rob2_1_randomisation,mcgurk2016_evr_t36m_paidcomp,rob2_1_randomisation,some_concerns,low,disagree,"dissertation_shared_folder/Data Extraction Papers/1-s2.0-S0920996416301943-main.pdf; 1.6 Procedure, p. 52; 1.1 Participants and Table 1, pp. 49 and 51; Procedure section 1.6, p. 52",Codex AI independent verification agent 3,2026-10-01,Source-grounded judgement correction; replacement rationale supplied in notes.,"After baseline, an off-site data manager operated computer randomisation stratified by vocational programme and diagnosis, and no study personnel knew assignments in advance. The isolated education imbalance is compatible with chance and does not demonstrate randomisation failure; low risk is supported. Reviewed result: mcgurk2016_evr_t36m_paidcomp; construct paid_competitive. Recorded follow-up 36 months, basis since_baseline. Recorded numerator 12. Recorded observed denominator 26. Source verification does not close the separate tool-routing and signalling audit."
mcgurk2016_evr_t36m_paidcomp__rob2_2_deviations,mcgurk2016_evr_t36m_paidcomp,rob2_2_deviations,some_concerns,some_concerns,agree,"dissertation_shared_folder/Data Extraction Papers/1-s2.0-S0920996416301943-main.pdf; 1.4 Enhanced VR, p. 51; Discussion, limitations, p. 55; Table 3, p. 54",Codex AI independent verification agent 3,2026-10-01,Judgement retained after independent source review; replacement rationale records the outcome-specific basis.,"Both arms intentionally included vocational rehabilitation with cognitive coping support, while TSW added cognitive remediation. Shared intended components are not trial deviations; incomplete information on implementation and analysis still leaves some uncertainty. Reviewed result: mcgurk2016_evr_t36m_paidcomp; construct paid_competitive. Recorded follow-up 36 months, basis since_baseline. Recorded numerator 12. Recorded observed denominator 26. Source verification does not close the separate tool-routing and signalling audit."
mcgurk2016_evr_t36m_paidcomp__rob2_3_missing_outcome_data,mcgurk2016_evr_t36m_paidcomp,rob2_3_missing_outcome_data,some_concerns,some_concerns,agree,"dissertation_shared_folder/Data Extraction Papers/1-s2.0-S0920996416301943-main.pdf; 1.2.1 Work and school activity, p. 50; Table 3, p. 54",Codex AI independent verification agent 3,2026-10-01,Judgement retained after independent source review; replacement rationale records the outcome-specific basis.,"Vocational tracking was available for all 54 in year one, then 52, 49, 46 and finally 42 at successive intervals to 36 months. Arm-specific losses and unobserved employment during gaps are not resolved, making cumulative ever-working ascertainment uncertain. Reviewed result: mcgurk2016_evr_t36m_paidcomp; construct paid_competitive. Recorded follow-up 36 months, basis since_baseline. Recorded numerator 12. Recorded observed denominator 26. Source verification does not close the separate tool-routing and signalling audit."
mcgurk2016_evr_t36m_paidcomp__rob2_4_outcome_measurement,mcgurk2016_evr_t36m_paidcomp,rob2_4_outcome_measurement,some_concerns,some_concerns,agree,"dissertation_shared_folder/Data Extraction Papers/1-s2.0-S0920996416301943-main.pdf; 1.2.1 Work and school activity, p. 50",Codex AI independent verification agent 3,2026-10-01,Judgement retained after independent source review; replacement rationale records the outcome-specific basis.,"Vocational providers tracked work weekly using stated competitive-work criteria and separate other-paid/volunteer categories. Providers and participants were unblinded and independent record verification is not described, supporting some concerns for each respective work construct. Reviewed result: mcgurk2016_evr_t36m_paidcomp; construct paid_competitive. Recorded follow-up 36 months, basis since_baseline. Recorded numerator 12. Recorded observed denominator 26. Source verification does not close the separate tool-routing and signalling audit."
mcgurk2016_evr_t36m_paidcomp__rob2_5_selective_reporting,mcgurk2016_evr_t36m_paidcomp,rob2_5_selective_reporting,some_concerns,some_concerns,agree,"dissertation_shared_folder/Data Extraction Papers/1-s2.0-S0920996416301943-main.pdf; Whole report; Table 3, p. 54; Discussion, p. 55",Codex AI independent verification agent 3,2026-10-01,Judgement retained after independent source review; replacement rationale records the outcome-specific basis.,"No prospective protocol/analysis plan is supplied. Table 3 prints percentages inconsistent with some counts, notably 12/26 as 48%, and aggregate narrative percentages are not fully reproducible. The outcome definitions and count categories remain interpretable, but selection/prespecification uncertainty persists. Reviewed result: mcgurk2016_evr_t36m_paidcomp; construct paid_competitive. Recorded follow-up 36 months, basis since_baseline. Recorded numerator 12. Recorded observed denominator 26. Source verification does not close the separate tool-routing and signalling audit."
mcgurk2016_evr_t36m_paidcomp__rob2_overall,mcgurk2016_evr_t36m_paidcomp,rob2_overall,some_concerns,some_concerns,agree,"dissertation_shared_folder/Data Extraction Papers/1-s2.0-S0920996416301943-main.pdf; 1.1, 1.2.1, 1.6, Table 3 and Discussion, pp. 49-55",Codex AI independent verification agent 3,2026-10-01,Judgement retained after independent source review; replacement rationale records the outcome-specific basis.,"Some concerns remain across deviations, missing data, measurement and reporting, without demonstrated high risk from the adequately concealed randomisation. This conditional comparative rating does not supply the separate arm-prevalence appraisal required by the SAP. Reviewed result: mcgurk2016_evr_t36m_paidcomp; construct paid_competitive. Recorded follow-up 36 months, basis since_baseline. Recorded numerator 12. Recorded observed denominator 26. Source verification does not close the separate tool-routing and signalling audit."
mcgurk2016_evr_t36m_paidany__rob2_1_randomisation,mcgurk2016_evr_t36m_paidany,rob2_1_randomisation,some_concerns,low,disagree,"dissertation_shared_folder/Data Extraction Papers/1-s2.0-S0920996416301943-main.pdf; 1.6 Procedure, p. 52; 1.1 Participants and Table 1, pp. 49 and 51; Procedure section 1.6, p. 52",Codex AI independent verification agent 3,2026-10-01,Source-grounded judgement correction; replacement rationale supplied in notes.,"After baseline, an off-site data manager operated computer randomisation stratified by vocational programme and diagnosis, and no study personnel knew assignments in advance. The isolated education imbalance is compatible with chance and does not demonstrate randomisation failure; low risk is supported. Reviewed result: mcgurk2016_evr_t36m_paidany; construct paid_any. Recorded follow-up 36 months, basis since_baseline. Recorded numerator 12. Recorded observed denominator 26. Source verification does not close the separate tool-routing and signalling audit."
mcgurk2016_evr_t36m_paidany__rob2_2_deviations,mcgurk2016_evr_t36m_paidany,rob2_2_deviations,some_concerns,some_concerns,agree,"dissertation_shared_folder/Data Extraction Papers/1-s2.0-S0920996416301943-main.pdf; 1.4 Enhanced VR, p. 51; Discussion, limitations, p. 55; Table 3, p. 54",Codex AI independent verification agent 3,2026-10-01,Judgement retained after independent source review; replacement rationale records the outcome-specific basis.,"Both arms intentionally included vocational rehabilitation with cognitive coping support, while TSW added cognitive remediation. Shared intended components are not trial deviations; incomplete information on implementation and analysis still leaves some uncertainty. Reviewed result: mcgurk2016_evr_t36m_paidany; construct paid_any. Recorded follow-up 36 months, basis since_baseline. Recorded numerator 12. Recorded observed denominator 26. Source verification does not close the separate tool-routing and signalling audit."
mcgurk2016_evr_t36m_paidany__rob2_3_missing_outcome_data,mcgurk2016_evr_t36m_paidany,rob2_3_missing_outcome_data,some_concerns,some_concerns,agree,"dissertation_shared_folder/Data Extraction Papers/1-s2.0-S0920996416301943-main.pdf; 1.2.1 Work and school activity, p. 50; Table 3, p. 54",Codex AI independent verification agent 3,2026-10-01,Judgement retained after independent source review; replacement rationale records the outcome-specific basis.,"Vocational tracking was available for all 54 in year one, then 52, 49, 46 and finally 42 at successive intervals to 36 months. Arm-specific losses and unobserved employment during gaps are not resolved, making cumulative ever-working ascertainment uncertain. Reviewed result: mcgurk2016_evr_t36m_paidany; construct paid_any. Recorded follow-up 36 months, basis since_baseline. Recorded numerator 12. Recorded observed denominator 26. Source verification does not close the separate tool-routing and signalling audit."
mcgurk2016_evr_t36m_paidany__rob2_4_outcome_measurement,mcgurk2016_evr_t36m_paidany,rob2_4_outcome_measurement,some_concerns,some_concerns,agree,"dissertation_shared_folder/Data Extraction Papers/1-s2.0-S0920996416301943-main.pdf; 1.2.1 Work and school activity, p. 50",Codex AI independent verification agent 3,2026-10-01,Judgement retained after independent source review; replacement rationale records the outcome-specific basis.,"Vocational providers tracked work weekly using stated competitive-work criteria and separate other-paid/volunteer categories. Providers and participants were unblinded and independent record verification is not described, supporting some concerns for each respective work construct. Reviewed result: mcgurk2016_evr_t36m_paidany; construct paid_any. Recorded follow-up 36 months, basis since_baseline. Recorded numerator 12. Recorded observed denominator 26. Source verification does not close the separate tool-routing and signalling audit."
mcgurk2016_evr_t36m_paidany__rob2_5_selective_reporting,mcgurk2016_evr_t36m_paidany,rob2_5_selective_reporting,some_concerns,some_concerns,agree,"dissertation_shared_folder/Data Extraction Papers/1-s2.0-S0920996416301943-main.pdf; Whole report; Table 3, p. 54; Discussion, p. 55",Codex AI independent verification agent 3,2026-10-01,Judgement retained after independent source review; replacement rationale records the outcome-specific basis.,"No prospective protocol/analysis plan is supplied. Table 3 prints percentages inconsistent with some counts, notably 12/26 as 48%, and aggregate narrative percentages are not fully reproducible. The outcome definitions and count categories remain interpretable, but selection/prespecification uncertainty persists. Reviewed result: mcgurk2016_evr_t36m_paidany; construct paid_any. Recorded follow-up 36 months, basis since_baseline. Recorded numerator 12. Recorded observed denominator 26. Source verification does not close the separate tool-routing and signalling audit."
mcgurk2016_evr_t36m_paidany__rob2_overall,mcgurk2016_evr_t36m_paidany,rob2_overall,some_concerns,some_concerns,agree,"dissertation_shared_folder/Data Extraction Papers/1-s2.0-S0920996416301943-main.pdf; 1.1, 1.2.1, 1.6, Table 3 and Discussion, pp. 49-55",Codex AI independent verification agent 3,2026-10-01,Judgement retained after independent source review; replacement rationale records the outcome-specific basis.,"Some concerns remain across deviations, missing data, measurement and reporting, without demonstrated high risk from the adequately concealed randomisation. This conditional comparative rating does not supply the separate arm-prevalence appraisal required by the SAP. Reviewed result: mcgurk2016_evr_t36m_paidany; construct paid_any. Recorded follow-up 36 months, basis since_baseline. Recorded numerator 12. Recorded observed denominator 26. Source verification does not close the separate tool-routing and signalling audit."
mcgurk2016_evr_t36m_vocact__rob2_1_randomisation,mcgurk2016_evr_t36m_vocact,rob2_1_randomisation,some_concerns,low,disagree,"dissertation_shared_folder/Data Extraction Papers/1-s2.0-S0920996416301943-main.pdf; 1.6 Procedure, p. 52; 1.1 Participants and Table 1, pp. 49 and 51; Procedure section 1.6, p. 52",Codex AI independent verification agent 3,2026-10-01,Source-grounded judgement correction; replacement rationale supplied in notes.,"After baseline, an off-site data manager operated computer randomisation stratified by vocational programme and diagnosis, and no study personnel knew assignments in advance. The isolated education imbalance is compatible with chance and does not demonstrate randomisation failure; low risk is supported. Reviewed result: mcgurk2016_evr_t36m_vocact; construct vocational_activity. Recorded follow-up 36 months, basis since_baseline. Recorded numerator 13. Recorded observed denominator 26. Source verification does not close the separate tool-routing and signalling audit."
mcgurk2016_evr_t36m_vocact__rob2_2_deviations,mcgurk2016_evr_t36m_vocact,rob2_2_deviations,some_concerns,some_concerns,agree,"dissertation_shared_folder/Data Extraction Papers/1-s2.0-S0920996416301943-main.pdf; 1.4 Enhanced VR, p. 51; Discussion, limitations, p. 55; Table 3, p. 54",Codex AI independent verification agent 3,2026-10-01,Judgement retained after independent source review; replacement rationale records the outcome-specific basis.,"Both arms intentionally included vocational rehabilitation with cognitive coping support, while TSW added cognitive remediation. Shared intended components are not trial deviations; incomplete information on implementation and analysis still leaves some uncertainty. Reviewed result: mcgurk2016_evr_t36m_vocact; construct vocational_activity. Recorded follow-up 36 months, basis since_baseline. Recorded numerator 13. Recorded observed denominator 26. Source verification does not close the separate tool-routing and signalling audit."
mcgurk2016_evr_t36m_vocact__rob2_3_missing_outcome_data,mcgurk2016_evr_t36m_vocact,rob2_3_missing_outcome_data,some_concerns,some_concerns,agree,"dissertation_shared_folder/Data Extraction Papers/1-s2.0-S0920996416301943-main.pdf; 1.2.1 Work and school activity, p. 50; Table 3, p. 54",Codex AI independent verification agent 3,2026-10-01,Judgement retained after independent source review; replacement rationale records the outcome-specific basis.,"Vocational tracking was available for all 54 in year one, then 52, 49, 46 and finally 42 at successive intervals to 36 months. Arm-specific losses and unobserved employment during gaps are not resolved, making cumulative ever-working ascertainment uncertain. Reviewed result: mcgurk2016_evr_t36m_vocact; construct vocational_activity. Recorded follow-up 36 months, basis since_baseline. Recorded numerator 13. Recorded observed denominator 26. Source verification does not close the separate tool-routing and signalling audit."
mcgurk2016_evr_t36m_vocact__rob2_4_outcome_measurement,mcgurk2016_evr_t36m_vocact,rob2_4_outcome_measurement,some_concerns,some_concerns,agree,"dissertation_shared_folder/Data Extraction Papers/1-s2.0-S0920996416301943-main.pdf; 1.2.1 Work and school activity, p. 50",Codex AI independent verification agent 3,2026-10-01,Judgement retained after independent source review; replacement rationale records the outcome-specific basis.,"Vocational providers tracked work weekly using stated competitive-work criteria and separate other-paid/volunteer categories. Providers and participants were unblinded and independent record verification is not described, supporting some concerns for each respective work construct. Reviewed result: mcgurk2016_evr_t36m_vocact; construct vocational_activity. Recorded follow-up 36 months, basis since_baseline. Recorded numerator 13. Recorded observed denominator 26. Source verification does not close the separate tool-routing and signalling audit."
mcgurk2016_evr_t36m_vocact__rob2_5_selective_reporting,mcgurk2016_evr_t36m_vocact,rob2_5_selective_reporting,some_concerns,some_concerns,agree,"dissertation_shared_folder/Data Extraction Papers/1-s2.0-S0920996416301943-main.pdf; Whole report; Table 3, p. 54; Discussion, p. 55",Codex AI independent verification agent 3,2026-10-01,Judgement retained after independent source review; replacement rationale records the outcome-specific basis.,"No prospective protocol/analysis plan is supplied. Table 3 prints percentages inconsistent with some counts, notably 12/26 as 48%, and aggregate narrative percentages are not fully reproducible. The outcome definitions and count categories remain interpretable, but selection/prespecification uncertainty persists. Reviewed result: mcgurk2016_evr_t36m_vocact; construct vocational_activity. Recorded follow-up 36 months, basis since_baseline. Recorded numerator 13. Recorded observed denominator 26. Source verification does not close the separate tool-routing and signalling audit."
mcgurk2016_evr_t36m_vocact__rob2_overall,mcgurk2016_evr_t36m_vocact,rob2_overall,some_concerns,some_concerns,agree,"dissertation_shared_folder/Data Extraction Papers/1-s2.0-S0920996416301943-main.pdf; 1.1, 1.2.1, 1.6, Table 3 and Discussion, pp. 49-55",Codex AI independent verification agent 3,2026-10-01,Judgement retained after independent source review; replacement rationale records the outcome-specific basis.,"Some concerns remain across deviations, missing data, measurement and reporting, without demonstrated high risk from the adequately concealed randomisation. This conditional comparative rating does not supply the separate arm-prevalence appraisal required by the SAP. Reviewed result: mcgurk2016_evr_t36m_vocact; construct vocational_activity. Recorded follow-up 36 months, basis since_baseline. Recorded numerator 13. Recorded observed denominator 26. Source verification does not close the separate tool-routing and signalling audit."
mcgurk2016_tsw_t36m_paidcomp__rob2_1_randomisation,mcgurk2016_tsw_t36m_paidcomp,rob2_1_randomisation,some_concerns,low,disagree,"dissertation_shared_folder/Data Extraction Papers/1-s2.0-S0920996416301943-main.pdf; 1.6 Procedure, p. 52; 1.1 Participants and Table 1, pp. 49 and 51; Procedure section 1.6, p. 52",Codex AI independent verification agent 3,2026-10-01,Source-grounded judgement correction; replacement rationale supplied in notes.,"After baseline, an off-site data manager operated computer randomisation stratified by vocational programme and diagnosis, and no study personnel knew assignments in advance. The isolated education imbalance is compatible with chance and does not demonstrate randomisation failure; low risk is supported. Reviewed result: mcgurk2016_tsw_t36m_paidcomp; construct paid_competitive. Recorded follow-up 36 months, basis since_baseline. Recorded numerator 16. Recorded observed denominator 28. Source verification does not close the separate tool-routing and signalling audit."
mcgurk2016_tsw_t36m_paidcomp__rob2_2_deviations,mcgurk2016_tsw_t36m_paidcomp,rob2_2_deviations,some_concerns,some_concerns,agree,"dissertation_shared_folder/Data Extraction Papers/1-s2.0-S0920996416301943-main.pdf; 1.4 Enhanced VR, p. 51; Discussion, limitations, p. 55; Table 3, p. 54",Codex AI independent verification agent 3,2026-10-01,Judgement retained after independent source review; replacement rationale records the outcome-specific basis.,"Both arms intentionally included vocational rehabilitation with cognitive coping support, while TSW added cognitive remediation. Shared intended components are not trial deviations; incomplete information on implementation and analysis still leaves some uncertainty. Reviewed result: mcgurk2016_tsw_t36m_paidcomp; construct paid_competitive. Recorded follow-up 36 months, basis since_baseline. Recorded numerator 16. Recorded observed denominator 28. Source verification does not close the separate tool-routing and signalling audit."
mcgurk2016_tsw_t36m_paidcomp__rob2_3_missing_outcome_data,mcgurk2016_tsw_t36m_paidcomp,rob2_3_missing_outcome_data,some_concerns,some_concerns,agree,"dissertation_shared_folder/Data Extraction Papers/1-s2.0-S0920996416301943-main.pdf; 1.2.1 Work and school activity, p. 50; Table 3, p. 54",Codex AI independent verification agent 3,2026-10-01,Judgement retained after independent source review; replacement rationale records the outcome-specific basis.,"Vocational tracking was available for all 54 in year one, then 52, 49, 46 and finally 42 at successive intervals to 36 months. Arm-specific losses and unobserved employment during gaps are not resolved, making cumulative ever-working ascertainment uncertain. Reviewed result: mcgurk2016_tsw_t36m_paidcomp; construct paid_competitive. Recorded follow-up 36 months, basis since_baseline. Recorded numerator 16. Recorded observed denominator 28. Source verification does not close the separate tool-routing and signalling audit."
mcgurk2016_tsw_t36m_paidcomp__rob2_4_outcome_measurement,mcgurk2016_tsw_t36m_paidcomp,rob2_4_outcome_measurement,some_concerns,some_concerns,agree,"dissertation_shared_folder/Data Extraction Papers/1-s2.0-S0920996416301943-main.pdf; 1.2.1 Work and school activity, p. 50",Codex AI independent verification agent 3,2026-10-01,Judgement retained after independent source review; replacement rationale records the outcome-specific basis.,"Vocational providers tracked work weekly using stated competitive-work criteria and separate other-paid/volunteer categories. Providers and participants were unblinded and independent record verification is not described, supporting some concerns for each respective work construct. Reviewed result: mcgurk2016_tsw_t36m_paidcomp; construct paid_competitive. Recorded follow-up 36 months, basis since_baseline. Recorded numerator 16. Recorded observed denominator 28. Source verification does not close the separate tool-routing and signalling audit."
mcgurk2016_tsw_t36m_paidcomp__rob2_5_selective_reporting,mcgurk2016_tsw_t36m_paidcomp,rob2_5_selective_reporting,some_concerns,some_concerns,agree,"dissertation_shared_folder/Data Extraction Papers/1-s2.0-S0920996416301943-main.pdf; Whole report; Table 3, p. 54; Discussion, p. 55",Codex AI independent verification agent 3,2026-10-01,Judgement retained after independent source review; replacement rationale records the outcome-specific basis.,"No prospective protocol/analysis plan is supplied. Table 3 prints percentages inconsistent with some counts, notably 12/26 as 48%, and aggregate narrative percentages are not fully reproducible. The outcome definitions and count categories remain interpretable, but selection/prespecification uncertainty persists. Reviewed result: mcgurk2016_tsw_t36m_paidcomp; construct paid_competitive. Recorded follow-up 36 months, basis since_baseline. Recorded numerator 16. Recorded observed denominator 28. Source verification does not close the separate tool-routing and signalling audit."
mcgurk2016_tsw_t36m_paidcomp__rob2_overall,mcgurk2016_tsw_t36m_paidcomp,rob2_overall,some_concerns,some_concerns,agree,"dissertation_shared_folder/Data Extraction Papers/1-s2.0-S0920996416301943-main.pdf; 1.1, 1.2.1, 1.6, Table 3 and Discussion, pp. 49-55",Codex AI independent verification agent 3,2026-10-01,Judgement retained after independent source review; replacement rationale records the outcome-specific basis.,"Some concerns remain across deviations, missing data, measurement and reporting, without demonstrated high risk from the adequately concealed randomisation. This conditional comparative rating does not supply the separate arm-prevalence appraisal required by the SAP. Reviewed result: mcgurk2016_tsw_t36m_paidcomp; construct paid_competitive. Recorded follow-up 36 months, basis since_baseline. Recorded numerator 16. Recorded observed denominator 28. Source verification does not close the separate tool-routing and signalling audit."
mcgurk2016_tsw_t36m_paidany__rob2_1_randomisation,mcgurk2016_tsw_t36m_paidany,rob2_1_randomisation,some_concerns,low,disagree,"dissertation_shared_folder/Data Extraction Papers/1-s2.0-S0920996416301943-main.pdf; 1.6 Procedure, p. 52; 1.1 Participants and Table 1, pp. 49 and 51; Procedure section 1.6, p. 52",Codex AI independent verification agent 3,2026-10-01,Source-grounded judgement correction; replacement rationale supplied in notes.,"After baseline, an off-site data manager operated computer randomisation stratified by vocational programme and diagnosis, and no study personnel knew assignments in advance. The isolated education imbalance is compatible with chance and does not demonstrate randomisation failure; low risk is supported. Reviewed result: mcgurk2016_tsw_t36m_paidany; construct paid_any. Recorded follow-up 36 months, basis since_baseline. Recorded numerator 17. Recorded observed denominator 28. Source verification does not close the separate tool-routing and signalling audit."
mcgurk2016_tsw_t36m_paidany__rob2_2_deviations,mcgurk2016_tsw_t36m_paidany,rob2_2_deviations,some_concerns,some_concerns,agree,"dissertation_shared_folder/Data Extraction Papers/1-s2.0-S0920996416301943-main.pdf; 1.4 Enhanced VR, p. 51; Discussion, limitations, p. 55; Table 3, p. 54",Codex AI independent verification agent 3,2026-10-01,Judgement retained after independent source review; replacement rationale records the outcome-specific basis.,"Both arms intentionally included vocational rehabilitation with cognitive coping support, while TSW added cognitive remediation. Shared intended components are not trial deviations; incomplete information on implementation and analysis still leaves some uncertainty. Reviewed result: mcgurk2016_tsw_t36m_paidany; construct paid_any. Recorded follow-up 36 months, basis since_baseline. Recorded numerator 17. Recorded observed denominator 28. Source verification does not close the separate tool-routing and signalling audit."
mcgurk2016_tsw_t36m_paidany__rob2_3_missing_outcome_data,mcgurk2016_tsw_t36m_paidany,rob2_3_missing_outcome_data,some_concerns,some_concerns,agree,"dissertation_shared_folder/Data Extraction Papers/1-s2.0-S0920996416301943-main.pdf; 1.2.1 Work and school activity, p. 50; Table 3, p. 54",Codex AI independent verification agent 3,2026-10-01,Judgement retained after independent source review; replacement rationale records the outcome-specific basis.,"Vocational tracking was available for all 54 in year one, then 52, 49, 46 and finally 42 at successive intervals to 36 months. Arm-specific losses and unobserved employment during gaps are not resolved, making cumulative ever-working ascertainment uncertain. Reviewed result: mcgurk2016_tsw_t36m_paidany; construct paid_any. Recorded follow-up 36 months, basis since_baseline. Recorded numerator 17. Recorded observed denominator 28. Source verification does not close the separate tool-routing and signalling audit."
mcgurk2016_tsw_t36m_paidany__rob2_4_outcome_measurement,mcgurk2016_tsw_t36m_paidany,rob2_4_outcome_measurement,some_concerns,some_concerns,agree,"dissertation_shared_folder/Data Extraction Papers/1-s2.0-S0920996416301943-main.pdf; 1.2.1 Work and school activity, p. 50",Codex AI independent verification agent 3,2026-10-01,Judgement retained after independent source review; replacement rationale records the outcome-specific basis.,"Vocational providers tracked work weekly using stated competitive-work criteria and separate other-paid/volunteer categories. Providers and participants were unblinded and independent record verification is not described, supporting some concerns for each respective work construct. Reviewed result: mcgurk2016_tsw_t36m_paidany; construct paid_any. Recorded follow-up 36 months, basis since_baseline. Recorded numerator 17. Recorded observed denominator 28. Source verification does not close the separate tool-routing and signalling audit."
mcgurk2016_tsw_t36m_paidany__rob2_5_selective_reporting,mcgurk2016_tsw_t36m_paidany,rob2_5_selective_reporting,some_concerns,some_concerns,agree,"dissertation_shared_folder/Data Extraction Papers/1-s2.0-S0920996416301943-main.pdf; Whole report; Table 3, p. 54; Discussion, p. 55",Codex AI independent verification agent 3,2026-10-01,Judgement retained after independent source review; replacement rationale records the outcome-specific basis.,"No prospective protocol/analysis plan is supplied. Table 3 prints percentages inconsistent with some counts, notably 12/26 as 48%, and aggregate narrative percentages are not fully reproducible. The outcome definitions and count categories remain interpretable, but selection/prespecification uncertainty persists. Reviewed result: mcgurk2016_tsw_t36m_paidany; construct paid_any. Recorded follow-up 36 months, basis since_baseline. Recorded numerator 17. Recorded observed denominator 28. Source verification does not close the separate tool-routing and signalling audit."
mcgurk2016_tsw_t36m_paidany__rob2_overall,mcgurk2016_tsw_t36m_paidany,rob2_overall,some_concerns,some_concerns,agree,"dissertation_shared_folder/Data Extraction Papers/1-s2.0-S0920996416301943-main.pdf; 1.1, 1.2.1, 1.6, Table 3 and Discussion, pp. 49-55",Codex AI independent verification agent 3,2026-10-01,Judgement retained after independent source review; replacement rationale records the outcome-specific basis.,"Some concerns remain across deviations, missing data, measurement and reporting, without demonstrated high risk from the adequately concealed randomisation. This conditional comparative rating does not supply the separate arm-prevalence appraisal required by the SAP. Reviewed result: mcgurk2016_tsw_t36m_paidany; construct paid_any. Recorded follow-up 36 months, basis since_baseline. Recorded numerator 17. Recorded observed denominator 28. Source verification does not close the separate tool-routing and signalling audit."
mcgurk2016_tsw_t36m_vocact__rob2_1_randomisation,mcgurk2016_tsw_t36m_vocact,rob2_1_randomisation,some_concerns,low,disagree,"dissertation_shared_folder/Data Extraction Papers/1-s2.0-S0920996416301943-main.pdf; 1.6 Procedure, p. 52; 1.1 Participants and Table 1, pp. 49 and 51; Procedure section 1.6, p. 52",Codex AI independent verification agent 3,2026-10-01,Source-grounded judgement correction; replacement rationale supplied in notes.,"After baseline, an off-site data manager operated computer randomisation stratified by vocational programme and diagnosis, and no study personnel knew assignments in advance. The isolated education imbalance is compatible with chance and does not demonstrate randomisation failure; low risk is supported. Reviewed result: mcgurk2016_tsw_t36m_vocact; construct vocational_activity. Recorded follow-up 36 months, basis since_baseline. Recorded numerator 21. Recorded observed denominator 28. Source verification does not close the separate tool-routing and signalling audit."
mcgurk2016_tsw_t36m_vocact__rob2_2_deviations,mcgurk2016_tsw_t36m_vocact,rob2_2_deviations,some_concerns,some_concerns,agree,"dissertation_shared_folder/Data Extraction Papers/1-s2.0-S0920996416301943-main.pdf; 1.4 Enhanced VR, p. 51; Discussion, limitations, p. 55; Table 3, p. 54",Codex AI independent verification agent 3,2026-10-01,Judgement retained after independent source review; replacement rationale records the outcome-specific basis.,"Both arms intentionally included vocational rehabilitation with cognitive coping support, while TSW added cognitive remediation. Shared intended components are not trial deviations; incomplete information on implementation and analysis still leaves some uncertainty. Reviewed result: mcgurk2016_tsw_t36m_vocact; construct vocational_activity. Recorded follow-up 36 months, basis since_baseline. Recorded numerator 21. Recorded observed denominator 28. Source verification does not close the separate tool-routing and signalling audit."
mcgurk2016_tsw_t36m_vocact__rob2_3_missing_outcome_data,mcgurk2016_tsw_t36m_vocact,rob2_3_missing_outcome_data,some_concerns,some_concerns,agree,"dissertation_shared_folder/Data Extraction Papers/1-s2.0-S0920996416301943-main.pdf; 1.2.1 Work and school activity, p. 50; Table 3, p. 54",Codex AI independent verification agent 3,2026-10-01,Judgement retained after independent source review; replacement rationale records the outcome-specific basis.,"Vocational tracking was available for all 54 in year one, then 52, 49, 46 and finally 42 at successive intervals to 36 months. Arm-specific losses and unobserved employment during gaps are not resolved, making cumulative ever-working ascertainment uncertain. Reviewed result: mcgurk2016_tsw_t36m_vocact; construct vocational_activity. Recorded follow-up 36 months, basis since_baseline. Recorded numerator 21. Recorded observed denominator 28. Source verification does not close the separate tool-routing and signalling audit."
mcgurk2016_tsw_t36m_vocact__rob2_4_outcome_measurement,mcgurk2016_tsw_t36m_vocact,rob2_4_outcome_measurement,some_concerns,some_concerns,agree,"dissertation_shared_folder/Data Extraction Papers/1-s2.0-S0920996416301943-main.pdf; 1.2.1 Work and school activity, p. 50",Codex AI independent verification agent 3,2026-10-01,Judgement retained after independent source review; replacement rationale records the outcome-specific basis.,"Vocational providers tracked work weekly using stated competitive-work criteria and separate other-paid/volunteer categories. Providers and participants were unblinded and independent record verification is not described, supporting some concerns for each respective work construct. Reviewed result: mcgurk2016_tsw_t36m_vocact; construct vocational_activity. Recorded follow-up 36 months, basis since_baseline. Recorded numerator 21. Recorded observed denominator 28. Source verification does not close the separate tool-routing and signalling audit."
mcgurk2016_tsw_t36m_vocact__rob2_5_selective_reporting,mcgurk2016_tsw_t36m_vocact,rob2_5_selective_reporting,some_concerns,some_concerns,agree,"dissertation_shared_folder/Data Extraction Papers/1-s2.0-S0920996416301943-main.pdf; Whole report; Table 3, p. 54; Discussion, p. 55",Codex AI independent verification agent 3,2026-10-01,Judgement retained after independent source review; replacement rationale records the outcome-specific basis.,"No prospective protocol/analysis plan is supplied. Table 3 prints percentages inconsistent with some counts, notably 12/26 as 48%, and aggregate narrative percentages are not fully reproducible. The outcome definitions and count categories remain interpretable, but selection/prespecification uncertainty persists. Reviewed result: mcgurk2016_tsw_t36m_vocact; construct vocational_activity. Recorded follow-up 36 months, basis since_baseline. Recorded numerator 21. Recorded observed denominator 28. Source verification does not close the separate tool-routing and signalling audit."
mcgurk2016_tsw_t36m_vocact__rob2_overall,mcgurk2016_tsw_t36m_vocact,rob2_overall,some_concerns,some_concerns,agree,"dissertation_shared_folder/Data Extraction Papers/1-s2.0-S0920996416301943-main.pdf; 1.1, 1.2.1, 1.6, Table 3 and Discussion, pp. 49-55",Codex AI independent verification agent 3,2026-10-01,Judgement retained after independent source review; replacement rationale records the outcome-specific basis.,"Some concerns remain across deviations, missing data, measurement and reporting, without demonstrated high risk from the adequately concealed randomisation. This conditional comparative rating does not supply the separate arm-prevalence appraisal required by the SAP. Reviewed result: mcgurk2016_tsw_t36m_vocact; construct vocational_activity. Recorded follow-up 36 months, basis since_baseline. Recorded numerator 21. Recorded observed denominator 28. Source verification does not close the separate tool-routing and signalling audit."
F11_rob_0001,mucci2021_cohort_t48m_working,jbi1_sample_frame,yes,yes,agree,"dissertation_shared_folder/Data Extraction Papers/jamapsychiatry_mucci_2021_oi_200087_1619663133.19598.pdf; Methods, Participants, p. 552",Codex AI independent verification agent 3,2026-10-01,Judgement retained after independent source review; replacement rationale records the outcome-specific basis.,"The Italian multicentre clinical cohort comprises stable community schizophrenia patients rather than all severity strata. It is a relevant defined restricted clinical frame. Reviewed result: mucci2021_cohort_t48m_working; construct unclear. Recorded follow-up 48 months, basis since_baseline. Recorded numerator 208."
F11_rob_0002,mucci2021_cohort_t48m_working,jbi2_participant_sampling,yes,unclear,disagree,"dissertation_shared_folder/Data Extraction Papers/jamapsychiatry_mucci_2021_oi_200087_1619663133.19598.pdf; Methods, Participants, p. 552",Codex AI independent verification agent 3,2026-10-01,Source-grounded judgement correction; replacement rationale supplied in notes.,"The report invited surviving baseline patients to follow-up at 24 of the 26 initial centres, but this does not establish consecutive or probability sampling of the initial 921-person cohort. The recruitment mechanism remains unclear. Reviewed result: mucci2021_cohort_t48m_working; construct unclear. Recorded follow-up 48 months, basis since_baseline. Recorded numerator 208."
F11_rob_0003,mucci2021_cohort_t48m_working,jbi3_sample_size,yes,yes,agree,"dissertation_shared_folder/Data Extraction Papers/jamapsychiatry_mucci_2021_oi_200087_1619663133.19598.pdf; Results, Study Population, p. 553",Codex AI independent verification agent 3,2026-10-01,Judgement retained after independent source review; replacement rationale records the outcome-specific basis.,"The 618 follow-up participants provide adequate potential descriptive precision, although the working-status denominator is not identified. Reviewed result: mucci2021_cohort_t48m_working; construct unclear. Recorded follow-up 48 months, basis since_baseline. Recorded numerator 208."
F11_rob_0004,mucci2021_cohort_t48m_working,jbi4_subjects_setting_described,unclear,unclear,agree,"dissertation_shared_folder/Data Extraction Papers/jamapsychiatry_mucci_2021_oi_200087_1619663133.19598.pdf; Methods, Participants, p. 552; Results, p. 553",Codex AI independent verification agent 3,2026-10-01,Judgement retained after independent source review; replacement rationale records the outcome-specific basis.,"The main report describes the clinical network and participants but delegates detailed participant characteristics to supplementary material unavailable for this review; description is incomplete. Reviewed result: mucci2021_cohort_t48m_working; construct unclear. Recorded follow-up 48 months, basis since_baseline. Recorded numerator 208."
F11_rob_0005,mucci2021_cohort_t48m_working,jbi5_coverage_of_sample,no,no,agree,"dissertation_shared_folder/Data Extraction Papers/jamapsychiatry_mucci_2021_oi_200087_1619663133.19598.pdf; Results, Study Population, p. 553",Codex AI independent verification agent 3,2026-10-01,Judgement retained after independent source review; replacement rationale records the outcome-specific basis.,"Follow-up includes 618/921. Nonparticipants had worse baseline work functioning, so the substantial attrition is occupationally informative and not corrected for descriptive prevalence. Reviewed result: mucci2021_cohort_t48m_working; construct unclear. Recorded follow-up 48 months, basis since_baseline. Recorded numerator 208."
F11_rob_0006,mucci2021_cohort_t48m_working,jbi6_condition_identification,yes,unclear,disagree,"dissertation_shared_folder/Data Extraction Papers/jamapsychiatry_mucci_2021_oi_200087_1619663133.19598.pdf; Methods, pp. 552-553; Table 1, working status, p. 554",Codex AI independent verification agent 3,2026-10-01,Source-grounded judgement correction; replacement rationale supplied in notes.,"The paper reports a working-status category without remuneration, hours, reference-period or ascertainment rules. A valid schizophrenia diagnostic interview does not establish a valid employment-condition identification method. Reviewed result: mucci2021_cohort_t48m_working; construct unclear. Recorded follow-up 48 months, basis since_baseline. Recorded numerator 208."
F11_rob_0007,mucci2021_cohort_t48m_working,jbi7_condition_measurement,unclear,unclear,agree,"dissertation_shared_folder/Data Extraction Papers/jamapsychiatry_mucci_2021_oi_200087_1619663133.19598.pdf; Results, Study Population, p. 553",Codex AI independent verification agent 3,2026-10-01,Judgement retained after independent source review; replacement rationale records the outcome-specific basis.,"Working-status ascertainment and its reliability are not specified. Standardisation across clinical centres cannot be independently established. Reviewed result: mucci2021_cohort_t48m_working; construct unclear. Recorded follow-up 48 months, basis since_baseline. Recorded numerator 208."
F11_rob_0008,mucci2021_cohort_t48m_working,jbi8_statistical_analysis,no,no,agree,"dissertation_shared_folder/Data Extraction Papers/jamapsychiatry_mucci_2021_oi_200087_1619663133.19598.pdf; Results, Study Population, p. 553",Codex AI independent verification agent 3,2026-10-01,Judgement retained after independent source review; replacement rationale records the outcome-specific basis.,"The working count 208 and 35.4% imply a denominator near 588, rather than the stated follow-up total 618. An occupation-specific denominator is not supplied, so the proportion cannot be reconstructed safely. Reviewed result: mucci2021_cohort_t48m_working; construct unclear. Recorded follow-up 48 months, basis since_baseline. Recorded numerator 208."
F11_rob_0009,mucci2021_cohort_t48m_working,jbi9_response_rate,no,no,agree,"dissertation_shared_folder/Data Extraction Papers/jamapsychiatry_mucci_2021_oi_200087_1619663133.19598.pdf; Methods, Statistical Analysis, p. 553; Results, p. 553",Codex AI independent verification agent 3,2026-10-01,Judgement retained after independent source review; replacement rationale records the outcome-specific basis.,"The completion rate is 67.1%, and worse baseline occupational functioning predicts loss. FIML in structural models does not correct the descriptive employment prevalence. Reviewed result: mucci2021_cohort_t48m_working; construct unclear. Recorded follow-up 48 months, basis since_baseline. Recorded numerator 208."
shimada2022_gotiot_t60m_vocact__rob2_1_randomisation,shimada2022_gotiot_t60m_vocact,rob2_1_randomisation,some_concerns,some_concerns,agree,"dissertation_shared_folder/Data Extraction Papers/1-s2.0-S0022395622006185-main.pdf; Methods, 2.2 Procedures, p. 478; Table 1, pp. 479-480; Results 3.2, p. 480",Codex AI independent verification agent 3,2026-10-01,Judgement retained after independent source review; replacement rationale records the outcome-specific basis.,"This follow-up refers to a prior randomised trial without enough sequence/concealment information to verify low risk independently. Post-intervention differences in session numbers are not baseline evidence of failed randomisation. Reviewed result: shimada2022_gotiot_t60m_vocact; construct vocational_activity. Recorded follow-up 60 months, basis since_baseline. Source verification does not close the separate tool-routing and signalling audit."
shimada2022_gotiot_t60m_vocact__rob2_2_deviations,shimada2022_gotiot_t60m_vocact,rob2_2_deviations,some_concerns,some_concerns,agree,"dissertation_shared_folder/Data Extraction Papers/1-s2.0-S0022395622006185-main.pdf; Methods, 2.5 Statistical analyses, pp. 478-479; Results 3.1, p. 480",Codex AI independent verification agent 3,2026-10-01,Judgement retained after independent source review; replacement rationale records the outcome-specific basis.,"The reported analysis uses the 102 observed follow-up participants rather than all 136 randomised participants. Intervention exposure/adherence and subsequent care are not sufficiently described to resolve trial-context deviations. Reviewed result: shimada2022_gotiot_t60m_vocact; construct vocational_activity. Recorded follow-up 60 months, basis since_baseline. Source verification does not close the separate tool-routing and signalling audit."
shimada2022_gotiot_t60m_vocact__rob2_3_missing_outcome_data,shimada2022_gotiot_t60m_vocact,rob2_3_missing_outcome_data,high,high,agree,"dissertation_shared_folder/Data Extraction Papers/1-s2.0-S0022395622006185-main.pdf; Results, 3.1 Patient disposition and characteristics, p. 480; Figure 1",Codex AI independent verification agent 3,2026-10-01,Judgement retained after independent source review; replacement rationale records the outcome-specific basis.,"From 136 randomised participants, seven did not complete the intervention; 18 were later excluded for post-treatment eligibility/discharge criteria and nine further participants were lost, leaving 102. These exclusions plausibly depend on function and are not corrected. Reviewed result: shimada2022_gotiot_t60m_vocact; construct vocational_activity. Recorded follow-up 60 months, basis since_baseline. Source verification does not close the separate tool-routing and signalling audit."
shimada2022_gotiot_t60m_vocact__rob2_4_outcome_measurement,shimada2022_gotiot_t60m_vocact,rob2_4_outcome_measurement,some_concerns,some_concerns,agree,"dissertation_shared_folder/Data Extraction Papers/1-s2.0-S0022395622006185-main.pdf; Methods, 2.4 Outcome measures, p. 478",Codex AI independent verification agent 3,2026-10-01,Judgement retained after independent source review; replacement rationale records the outcome-specific basis.,"The SFS vocational/occupational subscale is participant-reported and spans productive work/structured daily activities rather than a binary paid-employment outcome. Clinical evaluator blinding does not remove awareness in the self-reported occupational scale. Reviewed result: shimada2022_gotiot_t60m_vocact; construct vocational_activity. Recorded follow-up 60 months, basis since_baseline. Source verification does not close the separate tool-routing and signalling audit."
shimada2022_gotiot_t60m_vocact__rob2_5_selective_reporting,shimada2022_gotiot_t60m_vocact,rob2_5_selective_reporting,some_concerns,some_concerns,agree,"dissertation_shared_folder/Data Extraction Papers/1-s2.0-S0022395622006185-main.pdf; Methods, 2.2 Procedures, p. 478; Table 2, p. 482",Codex AI independent verification agent 3,2026-10-01,Judgement retained after independent source review; replacement rationale records the outcome-specific basis.,"All seven SFS subscales are reported and a registration is named, but prospective registration timing and the analysis plan have not been verified. Prespecification uncertainty remains. Reviewed result: shimada2022_gotiot_t60m_vocact; construct vocational_activity. Recorded follow-up 60 months, basis since_baseline. Source verification does not close the separate tool-routing and signalling audit."
shimada2022_gotiot_t60m_vocact__rob2_overall,shimada2022_gotiot_t60m_vocact,rob2_overall,high,high,agree,dissertation_shared_folder/Data Extraction Papers/1-s2.0-S0022395622006185-main.pdf; Overall judgement across domains,Codex AI independent verification agent 3,2026-10-01,Judgement retained after independent source review; replacement rationale records the outcome-specific basis.,"High risk is retained because of substantial post-randomisation selection and missing follow-up. The continuous SFS occupational score is not an employment count or paid-job prevalence. Reviewed result: shimada2022_gotiot_t60m_vocact; construct vocational_activity. Recorded follow-up 60 months, basis since_baseline. Source verification does not close the separate tool-routing and signalling audit."
shimada2022_gotalone_t60m_vocact__rob2_1_randomisation,shimada2022_gotalone_t60m_vocact,rob2_1_randomisation,some_concerns,some_concerns,agree,"dissertation_shared_folder/Data Extraction Papers/1-s2.0-S0022395622006185-main.pdf; Methods, 2.2 Procedures, p. 478; Table 1, pp. 479-480; Results 3.2, p. 480",Codex AI independent verification agent 3,2026-10-01,Judgement retained after independent source review; replacement rationale records the outcome-specific basis.,"This follow-up refers to a prior randomised trial without enough sequence/concealment information to verify low risk independently. Post-intervention differences in session numbers are not baseline evidence of failed randomisation. Reviewed result: shimada2022_gotalone_t60m_vocact; construct vocational_activity. Recorded follow-up 60 months, basis since_baseline. Source verification does not close the separate tool-routing and signalling audit."
shimada2022_gotalone_t60m_vocact__rob2_2_deviations,shimada2022_gotalone_t60m_vocact,rob2_2_deviations,some_concerns,some_concerns,agree,"dissertation_shared_folder/Data Extraction Papers/1-s2.0-S0022395622006185-main.pdf; Methods, 2.5 Statistical analyses, pp. 478-479; Results 3.1, p. 480",Codex AI independent verification agent 3,2026-10-01,Judgement retained after independent source review; replacement rationale records the outcome-specific basis.,"The reported analysis uses the 102 observed follow-up participants rather than all 136 randomised participants. Intervention exposure/adherence and subsequent care are not sufficiently described to resolve trial-context deviations. Reviewed result: shimada2022_gotalone_t60m_vocact; construct vocational_activity. Recorded follow-up 60 months, basis since_baseline. Source verification does not close the separate tool-routing and signalling audit."
shimada2022_gotalone_t60m_vocact__rob2_3_missing_outcome_data,shimada2022_gotalone_t60m_vocact,rob2_3_missing_outcome_data,high,high,agree,"dissertation_shared_folder/Data Extraction Papers/1-s2.0-S0022395622006185-main.pdf; Results, 3.1 Patient disposition and characteristics, p. 480; Figure 1",Codex AI independent verification agent 3,2026-10-01,Judgement retained after independent source review; replacement rationale records the outcome-specific basis.,"From 136 randomised participants, seven did not complete the intervention; 18 were later excluded for post-treatment eligibility/discharge criteria and nine further participants were lost, leaving 102. These exclusions plausibly depend on function and are not corrected. Reviewed result: shimada2022_gotalone_t60m_vocact; construct vocational_activity. Recorded follow-up 60 months, basis since_baseline. Source verification does not close the separate tool-routing and signalling audit."
shimada2022_gotalone_t60m_vocact__rob2_4_outcome_measurement,shimada2022_gotalone_t60m_vocact,rob2_4_outcome_measurement,some_concerns,some_concerns,agree,"dissertation_shared_folder/Data Extraction Papers/1-s2.0-S0022395622006185-main.pdf; Methods, 2.4 Outcome measures, p. 478",Codex AI independent verification agent 3,2026-10-01,Judgement retained after independent source review; replacement rationale records the outcome-specific basis.,"The SFS vocational/occupational subscale is participant-reported and spans productive work/structured daily activities rather than a binary paid-employment outcome. Clinical evaluator blinding does not remove awareness in the self-reported occupational scale. Reviewed result: shimada2022_gotalone_t60m_vocact; construct vocational_activity. Recorded follow-up 60 months, basis since_baseline. Source verification does not close the separate tool-routing and signalling audit."
shimada2022_gotalone_t60m_vocact__rob2_5_selective_reporting,shimada2022_gotalone_t60m_vocact,rob2_5_selective_reporting,some_concerns,some_concerns,agree,"dissertation_shared_folder/Data Extraction Papers/1-s2.0-S0022395622006185-main.pdf; Methods, 2.2 Procedures, p. 478; Table 2, p. 482",Codex AI independent verification agent 3,2026-10-01,Judgement retained after independent source review; replacement rationale records the outcome-specific basis.,"All seven SFS subscales are reported and a registration is named, but prospective registration timing and the analysis plan have not been verified. Prespecification uncertainty remains. Reviewed result: shimada2022_gotalone_t60m_vocact; construct vocational_activity. Recorded follow-up 60 months, basis since_baseline. Source verification does not close the separate tool-routing and signalling audit."
shimada2022_gotalone_t60m_vocact__rob2_overall,shimada2022_gotalone_t60m_vocact,rob2_overall,high,high,agree,dissertation_shared_folder/Data Extraction Papers/1-s2.0-S0022395622006185-main.pdf; Overall judgement across domains,Codex AI independent verification agent 3,2026-10-01,Judgement retained after independent source review; replacement rationale records the outcome-specific basis.,"High risk is retained because of substantial post-randomisation selection and missing follow-up. The continuous SFS occupational score is not an employment count or paid-job prevalence. Reviewed result: shimada2022_gotalone_t60m_vocact; construct vocational_activity. Recorded follow-up 60 months, basis since_baseline. Source verification does not close the separate tool-routing and signalling audit."
solmi2022_cohort_t12m_paidthresh__jbi1_sample_frame,solmi2022_cohort_t12m_paidthresh,jbi1_sample_frame,yes,yes,agree,"dissertation_shared_folder/Data Extraction Papers/solmi-et-al-2022-effectiveness-of-antipsychotic-use-for-reducing-risk-of-work-disability-results-from-a-within-subject.pdf; Methods, p. 939",Codex AI independent verification agent 3,2026-10-01,Judgement retained after independent source review; replacement rationale records the outcome-specific basis.,"The Swedish National Patient Register identifies all first recorded nonaffective psychosis diagnoses aged 16-45 in 2006-2016, covering inpatient and specialist outpatient care. This is a broad national clinical frame. Reviewed result: solmi2022_cohort_t12m_paidthresh; construct paid_intensity_threshold. Recorded follow-up 12 months, basis since_baseline."
solmi2022_cohort_t12m_paidthresh__jbi2_participant_sampling,solmi2022_cohort_t12m_paidthresh,jbi2_participant_sampling,yes,yes,agree,"dissertation_shared_folder/Data Extraction Papers/solmi-et-al-2022-effectiveness-of-antipsychotic-use-for-reducing-risk-of-work-disability-results-from-a-within-subject.pdf; Methods, p. 939",Codex AI independent verification agent 3,2026-10-01,Judgement retained after independent source review; replacement rationale records the outcome-specific basis.,"Eligible register cases were enumerated and linked across national registers, rather than sampled by employment status; prevalent disability-pension exclusion is assessed under coverage. Reviewed result: solmi2022_cohort_t12m_paidthresh; construct paid_intensity_threshold. Recorded follow-up 12 months, basis since_baseline."
solmi2022_cohort_t12m_paidthresh__jbi3_sample_size,solmi2022_cohort_t12m_paidthresh,jbi3_sample_size,yes,yes,agree,"dissertation_shared_folder/Data Extraction Papers/solmi-et-al-2022-effectiveness-of-antipsychotic-use-for-reducing-risk-of-work-disability-results-from-a-within-subject.pdf; Results, Sample Characteristics, p. 940; Table 1, p. 941",Codex AI independent verification agent 3,2026-10-01,Judgement retained after independent source review; replacement rationale records the outcome-specific basis.,"The cohort of 21,551 supports highly precise descriptive proportions in principle, but effective calendar-year denominators must still be known. Reviewed result: solmi2022_cohort_t12m_paidthresh; construct paid_intensity_threshold. Recorded follow-up 12 months, basis since_baseline."
solmi2022_cohort_t12m_paidthresh__jbi4_subjects_setting_described,solmi2022_cohort_t12m_paidthresh,jbi4_subjects_setting_described,yes,yes,agree,"dissertation_shared_folder/Data Extraction Papers/solmi-et-al-2022-effectiveness-of-antipsychotic-use-for-reducing-risk-of-work-disability-results-from-a-within-subject.pdf; Table 1, p. 941; Methods, p. 939",Codex AI independent verification agent 3,2026-10-01,Judgement retained after independent source review; replacement rationale records the outcome-specific basis.,"Table 1 describes age, sex, birthplace, diagnosis, first-diagnosis source, education, prior medication and income, and the national insurance setting is explained. Reviewed result: solmi2022_cohort_t12m_paidthresh; construct paid_intensity_threshold. Recorded follow-up 12 months, basis since_baseline."
solmi2022_cohort_t12m_paidthresh__jbi5_coverage_of_sample,solmi2022_cohort_t12m_paidthresh,jbi5_coverage_of_sample,no,no,agree,"dissertation_shared_folder/Data Extraction Papers/solmi-et-al-2022-effectiveness-of-antipsychotic-use-for-reducing-risk-of-work-disability-results-from-a-within-subject.pdf; Methods, Study Design and Statistical Analysis, p. 940; Figure 1 footnote, p. 942; supplement appi.ajp.21121189.ds001.pdf pp. 8-9, Figures S2-S3",Codex AI independent verification agent 3,2026-10-01,Judgement retained after independent source review; replacement rationale records the outcome-specific basis.,"Excluding 5,144 people already on disability pension removes a work-capacity-related group from broad psychosis employment coverage. Late entry also limits full five-year observation. The supplement supplies an earlier-diagnosis sensitivity cohort with five linkage years, which partly examines administrative censoring but does not restore the excluded prevalent-pension group or specify risk sets for the main figure. Reviewed result: solmi2022_cohort_t12m_paidthresh; construct paid_intensity_threshold. Recorded follow-up 12 months, basis since_baseline."
solmi2022_cohort_t12m_paidthresh__jbi6_condition_identification,solmi2022_cohort_t12m_paidthresh,jbi6_condition_identification,yes,unclear,disagree,"dissertation_shared_folder/Data Extraction Papers/solmi-et-al-2022-effectiveness-of-antipsychotic-use-for-reducing-risk-of-work-disability-results-from-a-within-subject.pdf; Methods, Other Measures, pp. 939-940",Codex AI independent verification agent 3,2026-10-01,Source-grounded judgement correction; replacement rationale supplied in notes.,"Employment is assigned from Statistics Sweden income categorisation and main occupational activity generating income for more than six months yearly. The initial income cutoff is not specified. Identification of the extracted intensity-threshold condition is therefore not fully reproducible; psychosis coding concerns eligibility only. Reviewed result: solmi2022_cohort_t12m_paidthresh; construct paid_intensity_threshold. Recorded follow-up 12 months, basis since_baseline."
solmi2022_cohort_t12m_paidthresh__jbi7_condition_measurement,solmi2022_cohort_t12m_paidthresh,jbi7_condition_measurement,unclear,yes,disagree,"dissertation_shared_folder/Data Extraction Papers/solmi-et-al-2022-effectiveness-of-antipsychotic-use-for-reducing-risk-of-work-disability-results-from-a-within-subject.pdf; Methods, Other Measures, pp. 939-940",Codex AI independent verification agent 3,2026-10-01,Source-grounded judgement correction; replacement rationale supplied in notes.,"The same national administrative income/activity classification is applied to all participants, supporting uniform reliable measurement of the stated main-activity condition. Missing operational cutoff details constrain identification/reproducibility, but do not establish different measurement methods across participants. Reviewed result: solmi2022_cohort_t12m_paidthresh; construct paid_intensity_threshold. Recorded follow-up 12 months, basis since_baseline."
solmi2022_cohort_t12m_paidthresh__jbi8_statistical_analysis,solmi2022_cohort_t12m_paidthresh,jbi8_statistical_analysis,no,no,agree,"dissertation_shared_folder/Data Extraction Papers/solmi-et-al-2022-effectiveness-of-antipsychotic-use-for-reducing-risk-of-work-disability-results-from-a-within-subject.pdf; Figure 1, p. 942; Methods, pp. 939-940; supplement appi.ajp.21121189.ds001.pdf pp. 8-9, Figures S2-S3",Codex AI independent verification agent 3,2026-10-01,Judgement retained after independent source review; replacement rationale records the outcome-specific basis.,"Figure 1 names entry N=21,551, so saying it reports no denominator at all is incorrect. It supplies percentages without integer employment counts or year-specific contributing denominators. Supplement Figures S2/S3 specify subgroup entry sizes and an earlier-diagnosis five-linkage-year sensitivity series, but neither supplies the main series risk sets/counts or a prevalence censoring analysis. Reviewed result: solmi2022_cohort_t12m_paidthresh; construct paid_intensity_threshold. Recorded follow-up 12 months, basis since_baseline."
solmi2022_cohort_t12m_paidthresh__jbi9_response_rate,solmi2022_cohort_t12m_paidthresh,jbi9_response_rate,unclear,unclear,agree,"dissertation_shared_folder/Data Extraction Papers/solmi-et-al-2022-effectiveness-of-antipsychotic-use-for-reducing-risk-of-work-disability-results-from-a-within-subject.pdf; Methods, Study Design and Statistical Analysis, p. 940; Table 1 footnote a, p. 941; supplement appi.ajp.21121189.ds001.pdf pp. 8-9, Figures S2-S3",Codex AI independent verification agent 3,2026-10-01,Judgement retained after independent source review; replacement rationale records the outcome-specific basis.,"Register linkage minimises ordinary refusal, but the number contributing to each occupational year is not given. Death/emigration/pension censoring applies to the hazard analyses and cannot simply be presumed to define the descriptive figure denominator; later entry remains relevant despite the supplementary sensitivity cohort. Reviewed result: solmi2022_cohort_t12m_paidthresh; construct paid_intensity_threshold. Recorded follow-up 12 months, basis since_baseline."
solmi2022_cohort_t24m_paidthresh__jbi1_sample_frame,solmi2022_cohort_t24m_paidthresh,jbi1_sample_frame,yes,yes,agree,"dissertation_shared_folder/Data Extraction Papers/solmi-et-al-2022-effectiveness-of-antipsychotic-use-for-reducing-risk-of-work-disability-results-from-a-within-subject.pdf; Methods, p. 939",Codex AI independent verification agent 3,2026-10-01,Judgement retained after independent source review; replacement rationale records the outcome-specific basis.,"The Swedish National Patient Register identifies all first recorded nonaffective psychosis diagnoses aged 16-45 in 2006-2016, covering inpatient and specialist outpatient care. This is a broad national clinical frame. Reviewed result: solmi2022_cohort_t24m_paidthresh; construct paid_intensity_threshold. Recorded follow-up 24 months, basis since_baseline."
solmi2022_cohort_t24m_paidthresh__jbi2_participant_sampling,solmi2022_cohort_t24m_paidthresh,jbi2_participant_sampling,yes,yes,agree,"dissertation_shared_folder/Data Extraction Papers/solmi-et-al-2022-effectiveness-of-antipsychotic-use-for-reducing-risk-of-work-disability-results-from-a-within-subject.pdf; Methods, p. 939",Codex AI independent verification agent 3,2026-10-01,Judgement retained after independent source review; replacement rationale records the outcome-specific basis.,"Eligible register cases were enumerated and linked across national registers, rather than sampled by employment status; prevalent disability-pension exclusion is assessed under coverage. Reviewed result: solmi2022_cohort_t24m_paidthresh; construct paid_intensity_threshold. Recorded follow-up 24 months, basis since_baseline."
solmi2022_cohort_t24m_paidthresh__jbi3_sample_size,solmi2022_cohort_t24m_paidthresh,jbi3_sample_size,yes,yes,agree,"dissertation_shared_folder/Data Extraction Papers/solmi-et-al-2022-effectiveness-of-antipsychotic-use-for-reducing-risk-of-work-disability-results-from-a-within-subject.pdf; Results, Sample Characteristics, p. 940; Table 1, p. 941",Codex AI independent verification agent 3,2026-10-01,Judgement retained after independent source review; replacement rationale records the outcome-specific basis.,"The cohort of 21,551 supports highly precise descriptive proportions in principle, but effective calendar-year denominators must still be known. Reviewed result: solmi2022_cohort_t24m_paidthresh; construct paid_intensity_threshold. Recorded follow-up 24 months, basis since_baseline."
solmi2022_cohort_t24m_paidthresh__jbi4_subjects_setting_described,solmi2022_cohort_t24m_paidthresh,jbi4_subjects_setting_described,yes,yes,agree,"dissertation_shared_folder/Data Extraction Papers/solmi-et-al-2022-effectiveness-of-antipsychotic-use-for-reducing-risk-of-work-disability-results-from-a-within-subject.pdf; Table 1, p. 941; Methods, p. 939",Codex AI independent verification agent 3,2026-10-01,Judgement retained after independent source review; replacement rationale records the outcome-specific basis.,"Table 1 describes age, sex, birthplace, diagnosis, first-diagnosis source, education, prior medication and income, and the national insurance setting is explained. Reviewed result: solmi2022_cohort_t24m_paidthresh; construct paid_intensity_threshold. Recorded follow-up 24 months, basis since_baseline."
solmi2022_cohort_t24m_paidthresh__jbi5_coverage_of_sample,solmi2022_cohort_t24m_paidthresh,jbi5_coverage_of_sample,no,no,agree,"dissertation_shared_folder/Data Extraction Papers/solmi-et-al-2022-effectiveness-of-antipsychotic-use-for-reducing-risk-of-work-disability-results-from-a-within-subject.pdf; Methods, Study Design and Statistical Analysis, p. 940; Figure 1 footnote, p. 942; supplement appi.ajp.21121189.ds001.pdf pp. 8-9, Figures S2-S3",Codex AI independent verification agent 3,2026-10-01,Judgement retained after independent source review; replacement rationale records the outcome-specific basis.,"Excluding 5,144 people already on disability pension removes a work-capacity-related group from broad psychosis employment coverage. Late entry also limits full five-year observation. The supplement supplies an earlier-diagnosis sensitivity cohort with five linkage years, which partly examines administrative censoring but does not restore the excluded prevalent-pension group or specify risk sets for the main figure. Reviewed result: solmi2022_cohort_t24m_paidthresh; construct paid_intensity_threshold. Recorded follow-up 24 months, basis since_baseline."
solmi2022_cohort_t24m_paidthresh__jbi6_condition_identification,solmi2022_cohort_t24m_paidthresh,jbi6_condition_identification,yes,unclear,disagree,"dissertation_shared_folder/Data Extraction Papers/solmi-et-al-2022-effectiveness-of-antipsychotic-use-for-reducing-risk-of-work-disability-results-from-a-within-subject.pdf; Methods, Other Measures, pp. 939-940",Codex AI independent verification agent 3,2026-10-01,Source-grounded judgement correction; replacement rationale supplied in notes.,"Employment is assigned from Statistics Sweden income categorisation and main occupational activity generating income for more than six months yearly. The initial income cutoff is not specified. Identification of the extracted intensity-threshold condition is therefore not fully reproducible; psychosis coding concerns eligibility only. Reviewed result: solmi2022_cohort_t24m_paidthresh; construct paid_intensity_threshold. Recorded follow-up 24 months, basis since_baseline."
solmi2022_cohort_t24m_paidthresh__jbi7_condition_measurement,solmi2022_cohort_t24m_paidthresh,jbi7_condition_measurement,unclear,yes,disagree,"dissertation_shared_folder/Data Extraction Papers/solmi-et-al-2022-effectiveness-of-antipsychotic-use-for-reducing-risk-of-work-disability-results-from-a-within-subject.pdf; Methods, Other Measures, pp. 939-940",Codex AI independent verification agent 3,2026-10-01,Source-grounded judgement correction; replacement rationale supplied in notes.,"The same national administrative income/activity classification is applied to all participants, supporting uniform reliable measurement of the stated main-activity condition. Missing operational cutoff details constrain identification/reproducibility, but do not establish different measurement methods across participants. Reviewed result: solmi2022_cohort_t24m_paidthresh; construct paid_intensity_threshold. Recorded follow-up 24 months, basis since_baseline."
solmi2022_cohort_t24m_paidthresh__jbi8_statistical_analysis,solmi2022_cohort_t24m_paidthresh,jbi8_statistical_analysis,no,no,agree,"dissertation_shared_folder/Data Extraction Papers/solmi-et-al-2022-effectiveness-of-antipsychotic-use-for-reducing-risk-of-work-disability-results-from-a-within-subject.pdf; Figure 1, p. 942; Methods, pp. 939-940; supplement appi.ajp.21121189.ds001.pdf pp. 8-9, Figures S2-S3",Codex AI independent verification agent 3,2026-10-01,Judgement retained after independent source review; replacement rationale records the outcome-specific basis.,"Figure 1 names entry N=21,551, so saying it reports no denominator at all is incorrect. It supplies percentages without integer employment counts or year-specific contributing denominators. Supplement Figures S2/S3 specify subgroup entry sizes and an earlier-diagnosis five-linkage-year sensitivity series, but neither supplies the main series risk sets/counts or a prevalence censoring analysis. Reviewed result: solmi2022_cohort_t24m_paidthresh; construct paid_intensity_threshold. Recorded follow-up 24 months, basis since_baseline."
solmi2022_cohort_t24m_paidthresh__jbi9_response_rate,solmi2022_cohort_t24m_paidthresh,jbi9_response_rate,unclear,unclear,agree,"dissertation_shared_folder/Data Extraction Papers/solmi-et-al-2022-effectiveness-of-antipsychotic-use-for-reducing-risk-of-work-disability-results-from-a-within-subject.pdf; Methods, Study Design and Statistical Analysis, p. 940; Table 1 footnote a, p. 941; supplement appi.ajp.21121189.ds001.pdf pp. 8-9, Figures S2-S3",Codex AI independent verification agent 3,2026-10-01,Judgement retained after independent source review; replacement rationale records the outcome-specific basis.,"Register linkage minimises ordinary refusal, but the number contributing to each occupational year is not given. Death/emigration/pension censoring applies to the hazard analyses and cannot simply be presumed to define the descriptive figure denominator; later entry remains relevant despite the supplementary sensitivity cohort. Reviewed result: solmi2022_cohort_t24m_paidthresh; construct paid_intensity_threshold. Recorded follow-up 24 months, basis since_baseline."
solmi2022_cohort_t60m_paidthresh__jbi1_sample_frame,solmi2022_cohort_t60m_paidthresh,jbi1_sample_frame,yes,yes,agree,"dissertation_shared_folder/Data Extraction Papers/solmi-et-al-2022-effectiveness-of-antipsychotic-use-for-reducing-risk-of-work-disability-results-from-a-within-subject.pdf; Methods, p. 939",Codex AI independent verification agent 3,2026-10-01,Judgement retained after independent source review; replacement rationale records the outcome-specific basis.,"The Swedish National Patient Register identifies all first recorded nonaffective psychosis diagnoses aged 16-45 in 2006-2016, covering inpatient and specialist outpatient care. This is a broad national clinical frame. Reviewed result: solmi2022_cohort_t60m_paidthresh; construct paid_intensity_threshold. Recorded follow-up 60 months, basis since_baseline."
solmi2022_cohort_t60m_paidthresh__jbi2_participant_sampling,solmi2022_cohort_t60m_paidthresh,jbi2_participant_sampling,yes,yes,agree,"dissertation_shared_folder/Data Extraction Papers/solmi-et-al-2022-effectiveness-of-antipsychotic-use-for-reducing-risk-of-work-disability-results-from-a-within-subject.pdf; Methods, p. 939",Codex AI independent verification agent 3,2026-10-01,Judgement retained after independent source review; replacement rationale records the outcome-specific basis.,"Eligible register cases were enumerated and linked across national registers, rather than sampled by employment status; prevalent disability-pension exclusion is assessed under coverage. Reviewed result: solmi2022_cohort_t60m_paidthresh; construct paid_intensity_threshold. Recorded follow-up 60 months, basis since_baseline."
solmi2022_cohort_t60m_paidthresh__jbi3_sample_size,solmi2022_cohort_t60m_paidthresh,jbi3_sample_size,yes,yes,agree,"dissertation_shared_folder/Data Extraction Papers/solmi-et-al-2022-effectiveness-of-antipsychotic-use-for-reducing-risk-of-work-disability-results-from-a-within-subject.pdf; Results, Sample Characteristics, p. 940; Table 1, p. 941",Codex AI independent verification agent 3,2026-10-01,Judgement retained after independent source review; replacement rationale records the outcome-specific basis.,"The cohort of 21,551 supports highly precise descriptive proportions in principle, but effective calendar-year denominators must still be known. Reviewed result: solmi2022_cohort_t60m_paidthresh; construct paid_intensity_threshold. Recorded follow-up 60 months, basis since_baseline."
solmi2022_cohort_t60m_paidthresh__jbi4_subjects_setting_described,solmi2022_cohort_t60m_paidthresh,jbi4_subjects_setting_described,yes,yes,agree,"dissertation_shared_folder/Data Extraction Papers/solmi-et-al-2022-effectiveness-of-antipsychotic-use-for-reducing-risk-of-work-disability-results-from-a-within-subject.pdf; Table 1, p. 941; Methods, p. 939",Codex AI independent verification agent 3,2026-10-01,Judgement retained after independent source review; replacement rationale records the outcome-specific basis.,"Table 1 describes age, sex, birthplace, diagnosis, first-diagnosis source, education, prior medication and income, and the national insurance setting is explained. Reviewed result: solmi2022_cohort_t60m_paidthresh; construct paid_intensity_threshold. Recorded follow-up 60 months, basis since_baseline."
solmi2022_cohort_t60m_paidthresh__jbi5_coverage_of_sample,solmi2022_cohort_t60m_paidthresh,jbi5_coverage_of_sample,no,no,agree,"dissertation_shared_folder/Data Extraction Papers/solmi-et-al-2022-effectiveness-of-antipsychotic-use-for-reducing-risk-of-work-disability-results-from-a-within-subject.pdf; Methods, Study Design and Statistical Analysis, p. 940; Figure 1 footnote, p. 942; supplement appi.ajp.21121189.ds001.pdf pp. 8-9, Figures S2-S3",Codex AI independent verification agent 3,2026-10-01,Judgement retained after independent source review; replacement rationale records the outcome-specific basis.,"Excluding 5,144 people already on disability pension removes a work-capacity-related group from broad psychosis employment coverage. Late entry also limits full five-year observation. The supplement supplies an earlier-diagnosis sensitivity cohort with five linkage years, which partly examines administrative censoring but does not restore the excluded prevalent-pension group or specify risk sets for the main figure. Reviewed result: solmi2022_cohort_t60m_paidthresh; construct paid_intensity_threshold. Recorded follow-up 60 months, basis since_baseline."
solmi2022_cohort_t60m_paidthresh__jbi6_condition_identification,solmi2022_cohort_t60m_paidthresh,jbi6_condition_identification,yes,unclear,disagree,"dissertation_shared_folder/Data Extraction Papers/solmi-et-al-2022-effectiveness-of-antipsychotic-use-for-reducing-risk-of-work-disability-results-from-a-within-subject.pdf; Methods, Other Measures, pp. 939-940",Codex AI independent verification agent 3,2026-10-01,Source-grounded judgement correction; replacement rationale supplied in notes.,"Employment is assigned from Statistics Sweden income categorisation and main occupational activity generating income for more than six months yearly. The initial income cutoff is not specified. Identification of the extracted intensity-threshold condition is therefore not fully reproducible; psychosis coding concerns eligibility only. Reviewed result: solmi2022_cohort_t60m_paidthresh; construct paid_intensity_threshold. Recorded follow-up 60 months, basis since_baseline."
solmi2022_cohort_t60m_paidthresh__jbi7_condition_measurement,solmi2022_cohort_t60m_paidthresh,jbi7_condition_measurement,unclear,yes,disagree,"dissertation_shared_folder/Data Extraction Papers/solmi-et-al-2022-effectiveness-of-antipsychotic-use-for-reducing-risk-of-work-disability-results-from-a-within-subject.pdf; Methods, Other Measures, pp. 939-940",Codex AI independent verification agent 3,2026-10-01,Source-grounded judgement correction; replacement rationale supplied in notes.,"The same national administrative income/activity classification is applied to all participants, supporting uniform reliable measurement of the stated main-activity condition. Missing operational cutoff details constrain identification/reproducibility, but do not establish different measurement methods across participants. Reviewed result: solmi2022_cohort_t60m_paidthresh; construct paid_intensity_threshold. Recorded follow-up 60 months, basis since_baseline."
solmi2022_cohort_t60m_paidthresh__jbi8_statistical_analysis,solmi2022_cohort_t60m_paidthresh,jbi8_statistical_analysis,no,no,agree,"dissertation_shared_folder/Data Extraction Papers/solmi-et-al-2022-effectiveness-of-antipsychotic-use-for-reducing-risk-of-work-disability-results-from-a-within-subject.pdf; Figure 1, p. 942; Methods, pp. 939-940; supplement appi.ajp.21121189.ds001.pdf pp. 8-9, Figures S2-S3",Codex AI independent verification agent 3,2026-10-01,Judgement retained after independent source review; replacement rationale records the outcome-specific basis.,"Figure 1 names entry N=21,551, so saying it reports no denominator at all is incorrect. It supplies percentages without integer employment counts or year-specific contributing denominators. Supplement Figures S2/S3 specify subgroup entry sizes and an earlier-diagnosis five-linkage-year sensitivity series, but neither supplies the main series risk sets/counts or a prevalence censoring analysis. Reviewed result: solmi2022_cohort_t60m_paidthresh; construct paid_intensity_threshold. Recorded follow-up 60 months, basis since_baseline."
solmi2022_cohort_t60m_paidthresh__jbi9_response_rate,solmi2022_cohort_t60m_paidthresh,jbi9_response_rate,unclear,unclear,agree,"dissertation_shared_folder/Data Extraction Papers/solmi-et-al-2022-effectiveness-of-antipsychotic-use-for-reducing-risk-of-work-disability-results-from-a-within-subject.pdf; Methods, Study Design and Statistical Analysis, p. 940; Table 1 footnote a, p. 941; supplement appi.ajp.21121189.ds001.pdf pp. 8-9, Figures S2-S3",Codex AI independent verification agent 3,2026-10-01,Judgement retained after independent source review; replacement rationale records the outcome-specific basis.,"Register linkage minimises ordinary refusal, but the number contributing to each occupational year is not given. Death/emigration/pension censoring applies to the hazard analyses and cannot simply be presumed to define the descriptive figure denominator; later entry remains relevant despite the supplementary sensitivity cohort. Reviewed result: solmi2022_cohort_t60m_paidthresh; construct paid_intensity_threshold. Recorded follow-up 60 months, basis since_baseline."
F13_tsiachristas2016_eip_t36m_unclearemp_robinsi_1_confounding,tsiachristas2016_eip_t36m_unclearemp,robinsi_1_confounding,serious,serious,agree,"dissertation_shared_folder/Data Extraction Papers/e012611.full.pdf; Methods, Propensity score matching, p. 3; Table 1, p. 3; Strengths and limitations of this study, p. 1; Discussion, p. 8",Codex AI independent verification agent 3,2026-10-01,Judgement retained after independent source review; replacement rationale records the outcome-specific basis.,"Propensity weighting includes age, sex, white-British ethnicity and four HONOS domains. Employment/education history, illness duration and geographical deprivation are unmeasured, while EIP access depends on commissioning area; serious residual confounding remains. Reviewed result: tsiachristas2016_eip_t36m_unclearemp; construct unclear. Recorded follow-up 36 months, basis calendar_end_common."
F13_tsiachristas2016_eip_t36m_unclearemp_robinsi_2_selection,tsiachristas2016_eip_t36m_unclearemp,robinsi_2_selection,serious,serious,agree,"dissertation_shared_folder/Data Extraction Papers/e012611.full.pdf; Methods, Patient sample, p. 2; Methods, Healthcare costs, health and social outcomes, p. 3",Codex AI independent verification agent 3,2026-10-01,Judgement retained after independent source review; replacement rationale records the outcome-specific basis.,"Only 3,674 of 15,709 identified psychosis patients met the age and observed-HONOS requirements, and change analyses require baseline nonemployment/noneducation status. Baseline is an administrative first record rather than aligned service assignment, leaving serious outcome-related selection concerns. Reviewed result: tsiachristas2016_eip_t36m_unclearemp; construct unclear. Recorded follow-up 36 months, basis calendar_end_common."
F13_tsiachristas2016_eip_t36m_unclearemp_robinsi_3_classification,tsiachristas2016_eip_t36m_unclearemp,robinsi_3_classification,serious,serious,agree,"dissertation_shared_folder/Data Extraction Papers/e012611.full.pdf; Discussion, p. 7; Methods, Patient sample, p. 2",Codex AI independent verification agent 3,2026-10-01,Judgement retained after independent source review; replacement rationale records the outcome-specific basis.,"Any EIP contact during the three-year administrative period assigns a patient to EIP for the whole period, including time before contact. Classification therefore depends on future information and is misaligned with follow-up start. Reviewed result: tsiachristas2016_eip_t36m_unclearemp; construct unclear. Recorded follow-up 36 months, basis calendar_end_common."
F13_tsiachristas2016_eip_t36m_unclearemp_robinsi_4_deviations,tsiachristas2016_eip_t36m_unclearemp,robinsi_4_deviations,no_information,no_information,agree,"dissertation_shared_folder/Data Extraction Papers/e012611.full.pdf; Methods, Study design and setting, p. 2; Discussion, p. 7",Codex AI independent verification agent 3,2026-10-01,Judgement retained after independent source review; replacement rationale records the outcome-specific basis.,"The service setting and broad EIP approach are described, but individual adherence, vocational co-interventions and changes in service exposure are not supplied. Deviations from intended treatment cannot be appraised adequately. Reviewed result: tsiachristas2016_eip_t36m_unclearemp; construct unclear. Recorded follow-up 36 months, basis calendar_end_common."
F13_tsiachristas2016_eip_t36m_unclearemp_robinsi_5_missing_data,tsiachristas2016_eip_t36m_unclearemp,robinsi_5_missing_data,serious,serious,agree,"dissertation_shared_folder/Data Extraction Papers/e012611.full.pdf; Table 1, p. 3; Methods, Statistical analysis, pp. 3-4; Table 5, p. 7",Codex AI independent verification agent 3,2026-10-01,Judgement retained after independent source review; replacement rationale records the outcome-specific basis.,"Employment status is missing for approximately half of each arm. One hundred imputations model missingness from age, sex, ethnicity and HONOS domains separately by group, but no departure-from-MAR analysis addresses outcome-related missingness. The complete-case/MI estimates are directionally similar, which does not remove serious missing-data uncertainty. Reviewed result: tsiachristas2016_eip_t36m_unclearemp; construct unclear. Recorded follow-up 36 months, basis calendar_end_common."
F13_tsiachristas2016_eip_t36m_unclearemp_robinsi_6_outcome_measurement,tsiachristas2016_eip_t36m_unclearemp,robinsi_6_outcome_measurement,moderate,moderate,agree,"dissertation_shared_folder/Data Extraction Papers/e012611.full.pdf; Methods, Healthcare costs, health and social outcomes, p. 3; Table 1, p. 3",Codex AI independent verification agent 3,2026-10-01,Judgement retained after independent source review; replacement rationale records the outcome-specific basis.,"Employment/education are routine MHMDS fields, with insufficient operational employment criteria and no independent ascertainment validation. Measurement compares each patient's earliest and latest record over different intervals; a time-interval sensitivity analysis gives similar effects. Routine recording does not prove group independence or absence of an assessor, leaving moderate measurement concern. The extracted endpoint here is becoming employed, for which remuneration and employment criteria are not defined. Reviewed result: tsiachristas2016_eip_t36m_unclearemp; construct unclear. Recorded follow-up 36 months, basis calendar_end_common."
F13_tsiachristas2016_eip_t36m_unclearemp_robinsi_7_selective_reporting,tsiachristas2016_eip_t36m_unclearemp,robinsi_7_selective_reporting,serious,moderate,disagree,"dissertation_shared_folder/Data Extraction Papers/e012611.full.pdf; Table 5, p. 7; Table 1, p. 3; Methods, p. 3",Codex AI independent verification agent 3,2026-10-01,Source-grounded judgement correction; replacement rationale supplied in notes.,"No prospective protocol or analysis plan was available to establish prespecified outcome/analysis selection. Table 5 complete-case bases are difficult to reconcile with Table 1 baseline category percentages, and follow-up arm numerators are absent, but denominator inconsistency alone does not demonstrate result-based selective reporting. Moderate concern is supported rather than a demonstrated serious selective-reporting mechanism. Reviewed result: tsiachristas2016_eip_t36m_unclearemp; construct unclear. Recorded follow-up 36 months, basis calendar_end_common."
F13_tsiachristas2016_eip_t36m_unclearemp_robinsi_overall,tsiachristas2016_eip_t36m_unclearemp,robinsi_overall,serious,serious,agree,dissertation_shared_folder/Data Extraction Papers/e012611.full.pdf; Whole report,Codex AI independent verification agent 3,2026-10-01,Judgement retained after independent source review; replacement rationale records the outcome-specific basis.,"Serious risk remains from confounding, selection, time-dependent exposure classification and extensive potentially informative missingness, regardless of the downgraded selective-reporting concern. These are reported comparative effects, not reconstructable arm prevalence counts. Reviewed result: tsiachristas2016_eip_t36m_unclearemp; construct unclear. Recorded follow-up 36 months, basis calendar_end_common."
F13_tsiachristas2016_eip_t36m_eduonly_robinsi_1_confounding,tsiachristas2016_eip_t36m_eduonly,robinsi_1_confounding,serious,serious,agree,"dissertation_shared_folder/Data Extraction Papers/e012611.full.pdf; Methods, Propensity score matching, p. 3; Table 1, p. 3; Strengths and limitations of this study, p. 1; Discussion, p. 8",Codex AI independent verification agent 3,2026-10-01,Judgement retained after independent source review; replacement rationale records the outcome-specific basis.,"Propensity weighting includes age, sex, white-British ethnicity and four HONOS domains. Employment/education history, illness duration and geographical deprivation are unmeasured, while EIP access depends on commissioning area; serious residual confounding remains. Reviewed result: tsiachristas2016_eip_t36m_eduonly; construct education_only. Recorded follow-up 36 months, basis calendar_end_common."
F13_tsiachristas2016_eip_t36m_eduonly_robinsi_2_selection,tsiachristas2016_eip_t36m_eduonly,robinsi_2_selection,serious,serious,agree,"dissertation_shared_folder/Data Extraction Papers/e012611.full.pdf; Methods, Patient sample, p. 2; Methods, Healthcare costs, health and social outcomes, p. 3",Codex AI independent verification agent 3,2026-10-01,Judgement retained after independent source review; replacement rationale records the outcome-specific basis.,"Only 3,674 of 15,709 identified psychosis patients met the age and observed-HONOS requirements, and change analyses require baseline nonemployment/noneducation status. Baseline is an administrative first record rather than aligned service assignment, leaving serious outcome-related selection concerns. Reviewed result: tsiachristas2016_eip_t36m_eduonly; construct education_only. Recorded follow-up 36 months, basis calendar_end_common."
F13_tsiachristas2016_eip_t36m_eduonly_robinsi_3_classification,tsiachristas2016_eip_t36m_eduonly,robinsi_3_classification,serious,serious,agree,"dissertation_shared_folder/Data Extraction Papers/e012611.full.pdf; Discussion, p. 7; Methods, Patient sample, p. 2",Codex AI independent verification agent 3,2026-10-01,Judgement retained after independent source review; replacement rationale records the outcome-specific basis.,"Any EIP contact during the three-year administrative period assigns a patient to EIP for the whole period, including time before contact. Classification therefore depends on future information and is misaligned with follow-up start. Reviewed result: tsiachristas2016_eip_t36m_eduonly; construct education_only. Recorded follow-up 36 months, basis calendar_end_common."
F13_tsiachristas2016_eip_t36m_eduonly_robinsi_4_deviations,tsiachristas2016_eip_t36m_eduonly,robinsi_4_deviations,no_information,no_information,agree,"dissertation_shared_folder/Data Extraction Papers/e012611.full.pdf; Methods, Study design and setting, p. 2; Discussion, p. 7",Codex AI independent verification agent 3,2026-10-01,Judgement retained after independent source review; replacement rationale records the outcome-specific basis.,"The service setting and broad EIP approach are described, but individual adherence, vocational co-interventions and changes in service exposure are not supplied. Deviations from intended treatment cannot be appraised adequately. Reviewed result: tsiachristas2016_eip_t36m_eduonly; construct education_only. Recorded follow-up 36 months, basis calendar_end_common."
F13_tsiachristas2016_eip_t36m_eduonly_robinsi_5_missing_data,tsiachristas2016_eip_t36m_eduonly,robinsi_5_missing_data,serious,serious,agree,"dissertation_shared_folder/Data Extraction Papers/e012611.full.pdf; Table 1, p. 3; Methods, Statistical analysis, pp. 3-4; Table 5, p. 7",Codex AI independent verification agent 3,2026-10-01,Judgement retained after independent source review; replacement rationale records the outcome-specific basis.,"Employment status is missing for approximately half of each arm. One hundred imputations model missingness from age, sex, ethnicity and HONOS domains separately by group, but no departure-from-MAR analysis addresses outcome-related missingness. The complete-case/MI estimates are directionally similar, which does not remove serious missing-data uncertainty. Reviewed result: tsiachristas2016_eip_t36m_eduonly; construct education_only. Recorded follow-up 36 months, basis calendar_end_common."
F13_tsiachristas2016_eip_t36m_eduonly_robinsi_6_outcome_measurement,tsiachristas2016_eip_t36m_eduonly,robinsi_6_outcome_measurement,moderate,moderate,agree,"dissertation_shared_folder/Data Extraction Papers/e012611.full.pdf; Methods, p. 3; Table 1, p. 3",Codex AI independent verification agent 3,2026-10-01,Judgement retained after independent source review; replacement rationale records the outcome-specific basis.,"Employment/education are routine MHMDS fields, with insufficient operational employment criteria and no independent ascertainment validation. Measurement compares each patient's earliest and latest record over different intervals; a time-interval sensitivity analysis gives similar effects. Routine recording does not prove group independence or absence of an assessor, leaving moderate measurement concern. The extracted endpoint here is resumption of education, for which the routine category names full/part-time study. Reviewed result: tsiachristas2016_eip_t36m_eduonly; construct education_only. Recorded follow-up 36 months, basis calendar_end_common."
F13_tsiachristas2016_eip_t36m_eduonly_robinsi_7_selective_reporting,tsiachristas2016_eip_t36m_eduonly,robinsi_7_selective_reporting,serious,moderate,disagree,"dissertation_shared_folder/Data Extraction Papers/e012611.full.pdf; Table 5, p. 7; Table 1, p. 3; Methods, p. 3",Codex AI independent verification agent 3,2026-10-01,Source-grounded judgement correction; replacement rationale supplied in notes.,"No prospective protocol or analysis plan was available to establish prespecified outcome/analysis selection. Table 5 complete-case bases are difficult to reconcile with Table 1 baseline category percentages, and follow-up arm numerators are absent, but denominator inconsistency alone does not demonstrate result-based selective reporting. Moderate concern is supported rather than a demonstrated serious selective-reporting mechanism. Reviewed result: tsiachristas2016_eip_t36m_eduonly; construct education_only. Recorded follow-up 36 months, basis calendar_end_common."
F13_tsiachristas2016_eip_t36m_eduonly_robinsi_overall,tsiachristas2016_eip_t36m_eduonly,robinsi_overall,serious,serious,agree,dissertation_shared_folder/Data Extraction Papers/e012611.full.pdf; Whole report,Codex AI independent verification agent 3,2026-10-01,Judgement retained after independent source review; replacement rationale records the outcome-specific basis.,"Serious risk remains from confounding, selection, time-dependent exposure classification and extensive potentially informative missingness, regardless of the downgraded selective-reporting concern. These are reported comparative effects, not reconstructable arm prevalence counts. Reviewed result: tsiachristas2016_eip_t36m_eduonly; construct education_only. Recorded follow-up 36 months, basis calendar_end_common."
F13_yamaguchi2020_low_fidelity_t12m_paidcomp_jbi1_sample_frame,yamaguchi2020_low_fidelity_t12m_paidcomp,jbi1_sample_frame,no,no,agree,"dissertation_shared_folder/Data Extraction Papers/yamaguchi-et-al-2020-contents-and-intensity-of-services-in-low-and-high-fidelity-programs-for-supported-employment.pdf; Methods, Participants, p. 474",Codex AI independent verification agent 3,2026-10-01,Judgement retained after independent source review; replacement rationale records the outcome-specific basis.,"Participants are clients seeking their first employment services at participating Japanese supported-employment agencies. This work-seeking clinical/service frame does not represent all community schizophrenia patients. Reviewed result: yamaguchi2020_low_fidelity_t12m_paidcomp; construct paid_competitive. Recorded follow-up 12 months, basis since_baseline. Recorded numerator 11. Recorded observed denominator 29."
F13_yamaguchi2020_low_fidelity_t12m_paidcomp_jbi2_participant_sampling,yamaguchi2020_low_fidelity_t12m_paidcomp,jbi2_participant_sampling,unclear,unclear,agree,"dissertation_shared_folder/Data Extraction Papers/yamaguchi-et-al-2020-contents-and-intensity-of-services-in-low-and-high-fidelity-programs-for-supported-employment.pdf; Results, Sample Characteristics and Vocational Outcomes, p. 477; Methods, Participants, p. 474",Codex AI independent verification agent 3,2026-10-01,Judgement retained after independent source review; replacement rationale records the outcome-specific basis.,"Recruitment took place within a stated year, but only 13/25 identified agencies participated and 51/93 eligible clients were analysed. The absent flow supplement prevents confirmation of the individual selection mechanism. Reviewed result: yamaguchi2020_low_fidelity_t12m_paidcomp; construct paid_competitive. Recorded follow-up 12 months, basis since_baseline. Recorded numerator 11. Recorded observed denominator 29."
F13_yamaguchi2020_low_fidelity_t12m_paidcomp_jbi3_sample_size,yamaguchi2020_low_fidelity_t12m_paidcomp,jbi3_sample_size,no,no,agree,"dissertation_shared_folder/Data Extraction Papers/yamaguchi-et-al-2020-contents-and-intensity-of-services-in-low-and-high-fidelity-programs-for-supported-employment.pdf; Discussion, Limitations, p. 478; Table 2, p. 474",Codex AI independent verification agent 3,2026-10-01,Judgement retained after independent source review; replacement rationale records the outcome-specific basis.,"Arm sizes of 29 and 22 provide wide prevalence uncertainty, and no prevalence-specific precision justification is given. Reviewed result: yamaguchi2020_low_fidelity_t12m_paidcomp; construct paid_competitive. Recorded follow-up 12 months, basis since_baseline. Recorded numerator 11. Recorded observed denominator 29."
F13_yamaguchi2020_low_fidelity_t12m_paidcomp_jbi4_subjects_setting_described,yamaguchi2020_low_fidelity_t12m_paidcomp,jbi4_subjects_setting_described,yes,yes,agree,"dissertation_shared_folder/Data Extraction Papers/yamaguchi-et-al-2020-contents-and-intensity-of-services-in-low-and-high-fidelity-programs-for-supported-employment.pdf; Table 1, p. 473; Methods, Overall Design, p. 474",Codex AI independent verification agent 3,2026-10-01,Judgement retained after independent source review; replacement rationale records the outcome-specific basis.,"The 13 agency settings, staffing/caseloads, participant demographic characteristics, prior work experience and functional/motivation scores are described. Reviewed result: yamaguchi2020_low_fidelity_t12m_paidcomp; construct paid_competitive. Recorded follow-up 12 months, basis since_baseline. Recorded numerator 11. Recorded observed denominator 29."
F13_yamaguchi2020_low_fidelity_t12m_paidcomp_jbi5_coverage_of_sample,yamaguchi2020_low_fidelity_t12m_paidcomp,jbi5_coverage_of_sample,no,no,agree,"dissertation_shared_folder/Data Extraction Papers/yamaguchi-et-al-2020-contents-and-intensity-of-services-in-low-and-high-fidelity-programs-for-supported-employment.pdf; Results, p. 477; Methods, Overall Design, p. 474",Codex AI independent verification agent 3,2026-10-01,Judgement retained after independent source review; replacement rationale records the outcome-specific basis.,"Only 51 of the 93 clients meeting eligibility criteria enter analysis. Without the flow diagram, reasons for excluding the other 42 and their relation to employment remain unknown; site participation is also incomplete. Reviewed result: yamaguchi2020_low_fidelity_t12m_paidcomp; construct paid_competitive. Recorded follow-up 12 months, basis since_baseline. Recorded numerator 11. Recorded observed denominator 29."
F13_yamaguchi2020_low_fidelity_t12m_paidcomp_jbi6_condition_identification,yamaguchi2020_low_fidelity_t12m_paidcomp,jbi6_condition_identification,unclear,yes,disagree,"dissertation_shared_folder/Data Extraction Papers/yamaguchi-et-al-2020-contents-and-intensity-of-services-in-low-and-high-fidelity-programs-for-supported-employment.pdf; Methods, Vocational outcomes, p. 475; Table 2, p. 474",Codex AI independent verification agent 3,2026-10-01,Source-grounded judgement correction; replacement rationale supplied in notes.,"Competitive employment is ascertained from service records and employment contracts, explicitly requiring at least one day per month at the legal minimum wage or above during follow-up. This is a valid operational identification of the extracted competitive-employment condition; diagnosis ascertainment is a separate eligibility issue. Reviewed result: yamaguchi2020_low_fidelity_t12m_paidcomp; construct paid_competitive. Recorded follow-up 12 months, basis since_baseline. Recorded numerator 11. Recorded observed denominator 29."
F13_yamaguchi2020_low_fidelity_t12m_paidcomp_jbi7_condition_measurement,yamaguchi2020_low_fidelity_t12m_paidcomp,jbi7_condition_measurement,yes,yes,agree,"dissertation_shared_folder/Data Extraction Papers/yamaguchi-et-al-2020-contents-and-intensity-of-services-in-low-and-high-fidelity-programs-for-supported-employment.pdf; Methods, Measures, Vocational outcomes, p. 475",Codex AI independent verification agent 3,2026-10-01,Judgement retained after independent source review; replacement rationale records the outcome-specific basis.,"Both fidelity groups use the same contract-based service-record employment definition. The acknowledged omissions concern service-provision inventories and must not be assumed to mean missing employment records. Reviewed result: yamaguchi2020_low_fidelity_t12m_paidcomp; construct paid_competitive. Recorded follow-up 12 months, basis since_baseline. Recorded numerator 11. Recorded observed denominator 29."
F13_yamaguchi2020_low_fidelity_t12m_paidcomp_jbi8_statistical_analysis,yamaguchi2020_low_fidelity_t12m_paidcomp,jbi8_statistical_analysis,yes,yes,agree,"dissertation_shared_folder/Data Extraction Papers/yamaguchi-et-al-2020-contents-and-intensity-of-services-in-low-and-high-fidelity-programs-for-supported-employment.pdf; Table 2, p. 474; Methods, Data Analysis, p. 476",Codex AI independent verification agent 3,2026-10-01,Judgement retained after independent source review; replacement rationale records the outcome-specific basis.,"Table 2 provides 11/29 and 15/22, reproducing 37.9% and 68.2%. These are transparent cumulative competitive-employment counts; the between-group comparison is separate from the extracted descriptive arm proportion. Reviewed result: yamaguchi2020_low_fidelity_t12m_paidcomp; construct paid_competitive. Recorded follow-up 12 months, basis since_baseline. Recorded numerator 11. Recorded observed denominator 29."
F13_yamaguchi2020_low_fidelity_t12m_paidcomp_jbi9_response_rate,yamaguchi2020_low_fidelity_t12m_paidcomp,jbi9_response_rate,no,no,agree,"dissertation_shared_folder/Data Extraction Papers/yamaguchi-et-al-2020-contents-and-intensity-of-services-in-low-and-high-fidelity-programs-for-supported-employment.pdf; Results, p. 477; Discussion, Limitations, p. 478",Codex AI independent verification agent 3,2026-10-01,Judgement retained after independent source review; replacement rationale records the outcome-specific basis.,"The analysis includes 54.8% of the 93 eligible clients, with nonparticipation/loss reasons unavailable in the held main report. No employment nonresponse adjustment can be verified. Reviewed result: yamaguchi2020_low_fidelity_t12m_paidcomp; construct paid_competitive. Recorded follow-up 12 months, basis since_baseline. Recorded numerator 11. Recorded observed denominator 29."
F13_yamaguchi2020_high_fidelity_t12m_paidcomp_jbi1_sample_frame,yamaguchi2020_high_fidelity_t12m_paidcomp,jbi1_sample_frame,no,no,agree,"dissertation_shared_folder/Data Extraction Papers/yamaguchi-et-al-2020-contents-and-intensity-of-services-in-low-and-high-fidelity-programs-for-supported-employment.pdf; Methods, Participants, p. 474",Codex AI independent verification agent 3,2026-10-01,Judgement retained after independent source review; replacement rationale records the outcome-specific basis.,"Participants are clients seeking their first employment services at participating Japanese supported-employment agencies. This work-seeking clinical/service frame does not represent all community schizophrenia patients. Reviewed result: yamaguchi2020_high_fidelity_t12m_paidcomp; construct paid_competitive. Recorded follow-up 12 months, basis since_baseline. Recorded numerator 15. Recorded observed denominator 22."
F13_yamaguchi2020_high_fidelity_t12m_paidcomp_jbi2_participant_sampling,yamaguchi2020_high_fidelity_t12m_paidcomp,jbi2_participant_sampling,unclear,unclear,agree,"dissertation_shared_folder/Data Extraction Papers/yamaguchi-et-al-2020-contents-and-intensity-of-services-in-low-and-high-fidelity-programs-for-supported-employment.pdf; Results, Sample Characteristics and Vocational Outcomes, p. 477; Methods, Participants, p. 474",Codex AI independent verification agent 3,2026-10-01,Judgement retained after independent source review; replacement rationale records the outcome-specific basis.,"Recruitment took place within a stated year, but only 13/25 identified agencies participated and 51/93 eligible clients were analysed. The absent flow supplement prevents confirmation of the individual selection mechanism. Reviewed result: yamaguchi2020_high_fidelity_t12m_paidcomp; construct paid_competitive. Recorded follow-up 12 months, basis since_baseline. Recorded numerator 15. Recorded observed denominator 22."
F13_yamaguchi2020_high_fidelity_t12m_paidcomp_jbi3_sample_size,yamaguchi2020_high_fidelity_t12m_paidcomp,jbi3_sample_size,no,no,agree,"dissertation_shared_folder/Data Extraction Papers/yamaguchi-et-al-2020-contents-and-intensity-of-services-in-low-and-high-fidelity-programs-for-supported-employment.pdf; Discussion, Limitations, p. 478; Table 2, p. 474",Codex AI independent verification agent 3,2026-10-01,Judgement retained after independent source review; replacement rationale records the outcome-specific basis.,"Arm sizes of 29 and 22 provide wide prevalence uncertainty, and no prevalence-specific precision justification is given. Reviewed result: yamaguchi2020_high_fidelity_t12m_paidcomp; construct paid_competitive. Recorded follow-up 12 months, basis since_baseline. Recorded numerator 15. Recorded observed denominator 22."
F13_yamaguchi2020_high_fidelity_t12m_paidcomp_jbi4_subjects_setting_described,yamaguchi2020_high_fidelity_t12m_paidcomp,jbi4_subjects_setting_described,yes,yes,agree,"dissertation_shared_folder/Data Extraction Papers/yamaguchi-et-al-2020-contents-and-intensity-of-services-in-low-and-high-fidelity-programs-for-supported-employment.pdf; Table 1, p. 473; Methods, Overall Design, p. 474",Codex AI independent verification agent 3,2026-10-01,Judgement retained after independent source review; replacement rationale records the outcome-specific basis.,"The 13 agency settings, staffing/caseloads, participant demographic characteristics, prior work experience and functional/motivation scores are described. Reviewed result: yamaguchi2020_high_fidelity_t12m_paidcomp; construct paid_competitive. Recorded follow-up 12 months, basis since_baseline. Recorded numerator 15. Recorded observed denominator 22."
F13_yamaguchi2020_high_fidelity_t12m_paidcomp_jbi5_coverage_of_sample,yamaguchi2020_high_fidelity_t12m_paidcomp,jbi5_coverage_of_sample,no,no,agree,"dissertation_shared_folder/Data Extraction Papers/yamaguchi-et-al-2020-contents-and-intensity-of-services-in-low-and-high-fidelity-programs-for-supported-employment.pdf; Results, p. 477; Methods, Overall Design, p. 474",Codex AI independent verification agent 3,2026-10-01,Judgement retained after independent source review; replacement rationale records the outcome-specific basis.,"Only 51 of the 93 clients meeting eligibility criteria enter analysis. Without the flow diagram, reasons for excluding the other 42 and their relation to employment remain unknown; site participation is also incomplete. Reviewed result: yamaguchi2020_high_fidelity_t12m_paidcomp; construct paid_competitive. Recorded follow-up 12 months, basis since_baseline. Recorded numerator 15. Recorded observed denominator 22."
F13_yamaguchi2020_high_fidelity_t12m_paidcomp_jbi6_condition_identification,yamaguchi2020_high_fidelity_t12m_paidcomp,jbi6_condition_identification,unclear,yes,disagree,"dissertation_shared_folder/Data Extraction Papers/yamaguchi-et-al-2020-contents-and-intensity-of-services-in-low-and-high-fidelity-programs-for-supported-employment.pdf; Methods, Vocational outcomes, p. 475; Table 2, p. 474",Codex AI independent verification agent 3,2026-10-01,Source-grounded judgement correction; replacement rationale supplied in notes.,"Competitive employment is ascertained from service records and employment contracts, explicitly requiring at least one day per month at the legal minimum wage or above during follow-up. This is a valid operational identification of the extracted competitive-employment condition; diagnosis ascertainment is a separate eligibility issue. Reviewed result: yamaguchi2020_high_fidelity_t12m_paidcomp; construct paid_competitive. Recorded follow-up 12 months, basis since_baseline. Recorded numerator 15. Recorded observed denominator 22."
F13_yamaguchi2020_high_fidelity_t12m_paidcomp_jbi7_condition_measurement,yamaguchi2020_high_fidelity_t12m_paidcomp,jbi7_condition_measurement,yes,yes,agree,"dissertation_shared_folder/Data Extraction Papers/yamaguchi-et-al-2020-contents-and-intensity-of-services-in-low-and-high-fidelity-programs-for-supported-employment.pdf; Methods, Measures, Vocational outcomes, p. 475",Codex AI independent verification agent 3,2026-10-01,Judgement retained after independent source review; replacement rationale records the outcome-specific basis.,"Both fidelity groups use the same contract-based service-record employment definition. The acknowledged omissions concern service-provision inventories and must not be assumed to mean missing employment records. Reviewed result: yamaguchi2020_high_fidelity_t12m_paidcomp; construct paid_competitive. Recorded follow-up 12 months, basis since_baseline. Recorded numerator 15. Recorded observed denominator 22."
F13_yamaguchi2020_high_fidelity_t12m_paidcomp_jbi8_statistical_analysis,yamaguchi2020_high_fidelity_t12m_paidcomp,jbi8_statistical_analysis,yes,yes,agree,"dissertation_shared_folder/Data Extraction Papers/yamaguchi-et-al-2020-contents-and-intensity-of-services-in-low-and-high-fidelity-programs-for-supported-employment.pdf; Table 2, p. 474; Methods, Data Analysis, p. 476",Codex AI independent verification agent 3,2026-10-01,Judgement retained after independent source review; replacement rationale records the outcome-specific basis.,"Table 2 provides 11/29 and 15/22, reproducing 37.9% and 68.2%. These are transparent cumulative competitive-employment counts; the between-group comparison is separate from the extracted descriptive arm proportion. Reviewed result: yamaguchi2020_high_fidelity_t12m_paidcomp; construct paid_competitive. Recorded follow-up 12 months, basis since_baseline. Recorded numerator 15. Recorded observed denominator 22."
F13_yamaguchi2020_high_fidelity_t12m_paidcomp_jbi9_response_rate,yamaguchi2020_high_fidelity_t12m_paidcomp,jbi9_response_rate,no,no,agree,"dissertation_shared_folder/Data Extraction Papers/yamaguchi-et-al-2020-contents-and-intensity-of-services-in-low-and-high-fidelity-programs-for-supported-employment.pdf; Results, p. 477; Discussion, Limitations, p. 478",Codex AI independent verification agent 3,2026-10-01,Judgement retained after independent source review; replacement rationale records the outcome-specific basis.,"The analysis includes 54.8% of the 93 eligible clients, with nonparticipation/loss reasons unavailable in the held main report. No employment nonresponse adjustment can be verified. Reviewed result: yamaguchi2020_high_fidelity_t12m_paidcomp; construct paid_competitive. Recorded follow-up 12 months, basis since_baseline. Recorded numerator 15. Recorded observed denominator 22."
