rob_assessment_id,result_id,domain,original_judgement,verified_judgement,agreement,source_locator,verifier,verified_date,adjudication,notes
andersen2024_fep_cohort_t9m_paidany__jbi1_sample_frame,andersen2024_fep_cohort_t9m_paidany,jbi1_sample_frame,yes,yes,yes,"Methods, Setting and Participants, pp. 876-877",Codex AI independent verification agent 2,2026-10-01,source_checked_agreement,"All young people aged 12-25 accessing the headspace Early Psychosis programme for first-episode psychosis at 15 centres in six clusters across Australia. Appropriate for an early-intervention-service psychosis population, though not for a general-population psychosis prevalence. Independent AI verification; does not satisfy a named human/non-author verification requirement."
andersen2024_fep_cohort_t9m_paidany__jbi2_participant_sampling,andersen2024_fep_cohort_t9m_paidany,jbi2_participant_sampling,yes,yes,yes,"Methods, Participants and Measures, p. 877",Codex AI independent verification agent 2,2026-10-01,source_checked_agreement,Consecutive service users over a defined window who consented to service-evaluation data use; only the first episode of care per person is analysed and no further selection is applied. Independent AI verification; does not satisfy a named human/non-author verification requirement.
andersen2024_fep_cohort_t9m_paidany__jbi3_sample_size,andersen2024_fep_cohort_t9m_paidany,jbi3_sample_size,yes,yes,yes,"Table 2, p. 880",Codex AI independent verification agent 2,2026-10-01,corrected_rationale_only,"The FEP source cohort includes 1574 people, with 751 observed vocational statuses at 9 months. This is a substantial sample for a descriptive proportion. No review-specific precision threshold has been prespecified; sample adequacy judgement remains qualitative. Independent AI verification; does not satisfy a named human/non-author verification requirement."
andersen2024_fep_cohort_t9m_paidany__jbi4_subjects_setting_described,andersen2024_fep_cohort_t9m_paidany,jbi4_subjects_setting_described,yes,yes,yes,"Table 1, p. 879; Methods, Setting, p. 876",Codex AI independent verification agent 2,2026-10-01,source_checked_agreement,"Age, gender, sexual orientation, First Nations status, socio-economic index, duration of untreated psychosis, BPRS and K10 are tabulated, and the service model is described in detail. Independent AI verification; does not satisfy a named human/non-author verification requirement."
andersen2024_fep_cohort_t9m_paidany__jbi5_coverage_of_sample,andersen2024_fep_cohort_t9m_paidany,jbi5_coverage_of_sample,no,no,yes,"Study limitations, p. 882; Table 2, p. 880",Codex AI independent verification agent 2,2026-10-01,source_checked_agreement,"Data collection stopped when treatment ended, so the analysed denominator falls with time in the programme and the vocational functioning of everyone who left the service is unknown. The authors name this as an important limitation. Independent AI verification; does not satisfy a named human/non-author verification requirement."
andersen2024_fep_cohort_t9m_paidany__jbi6_condition_identification,andersen2024_fep_cohort_t9m_paidany,jbi6_condition_identification,yes,unclear,no,"Methods, Participants, p. 877; employment/education outcome definition and ascertainment section independently checked in full local PDF text",Codex AI independent verification agent 2,2026-10-01,corrected_judgement_and_rationale,"Current employment/education status is self-reported every 90 days. The source defines NEET through absence of full/part-time education and employment, but does not establish remuneration for employment. Identification of paid employment is therefore unclear. CAARMS psychosis ascertainment establishes population eligibility rather than validity of this employment outcome. Education-only identification is considered separately. Independent AI verification; does not satisfy a named human/non-author verification requirement."
andersen2024_fep_cohort_t9m_paidany__jbi7_condition_measurement,andersen2024_fep_cohort_t9m_paidany,jbi7_condition_measurement,unclear,unclear,yes,"Methods, Vocational outcome measures, p. 877; Study limitations, p. 882; employment/education outcome definition and ascertainment section independently checked in full local PDF text",Codex AI independent verification agent 2,2026-10-01,source_checked_agreement,Education and employment status is self-reported by the young person at each 90-day assessment into a routine Minimum Data Set with an explicit NEET definition but no reported reliability checks; the authors note vulnerability to variation in clinicians' interpretation of items and to data-entry error. Independent AI verification; does not satisfy a named human/non-author verification requirement.
andersen2024_fep_cohort_t9m_paidany__jbi8_statistical_analysis,andersen2024_fep_cohort_t9m_paidany,jbi8_statistical_analysis,yes,yes,yes,"Table 2, p. 880; Methods, Statistical analysis, pp. 877-878",Codex AI independent verification agent 2,2026-10-01,source_checked_agreement,"Descriptive proportions are given on the observed denominator with the missing count printed for every cell, and the four categories sum exactly to that denominator at every timepoint. The longitudinal models use multiple imputation with a complete-case comparison reported alongside. Independent AI verification; does not satisfy a named human/non-author verification requirement."
andersen2024_fep_cohort_t9m_paidany__jbi9_response_rate,andersen2024_fep_cohort_t9m_paidany,jbi9_response_rate,no,no,yes,"Table 2, p. 880; Study limitations, p. 882",Codex AI independent verification agent 2,2026-10-01,source_checked_agreement,"At 9 months, vocational status was observed for 751 of the 1574 who entered the cohort (47.7%): 843 were still in the programme and 92 of those had the item missing. The low rate is acknowledged and is addressed with multiple imputation for the modelled treatment effect, but the descriptive proportion extracted here is complete-case, and the authors state that NEET status may itself have influenced disengagement. Independent AI verification; does not satisfy a named human/non-author verification requirement."
andersen2024_fep_cohort_t9m_educonly__jbi1_sample_frame,andersen2024_fep_cohort_t9m_educonly,jbi1_sample_frame,yes,yes,yes,"Methods, Setting and Participants, pp. 876-877",Codex AI independent verification agent 2,2026-10-01,source_checked_agreement,"All young people aged 12-25 accessing the headspace Early Psychosis programme for first-episode psychosis at 15 centres in six clusters across Australia. Appropriate for an early-intervention-service psychosis population, though not for a general-population psychosis prevalence. Independent AI verification; does not satisfy a named human/non-author verification requirement."
andersen2024_fep_cohort_t9m_educonly__jbi2_participant_sampling,andersen2024_fep_cohort_t9m_educonly,jbi2_participant_sampling,yes,yes,yes,"Methods, Participants and Measures, p. 877",Codex AI independent verification agent 2,2026-10-01,source_checked_agreement,Consecutive service users over a defined window who consented to service-evaluation data use; only the first episode of care per person is analysed and no further selection is applied. Independent AI verification; does not satisfy a named human/non-author verification requirement.
andersen2024_fep_cohort_t9m_educonly__jbi3_sample_size,andersen2024_fep_cohort_t9m_educonly,jbi3_sample_size,yes,yes,yes,"Table 2, p. 880",Codex AI independent verification agent 2,2026-10-01,corrected_rationale_only,"The FEP source cohort includes 1574 people, with 751 observed vocational statuses at 9 months. This is a substantial sample for a descriptive proportion. No review-specific precision threshold has been prespecified; sample adequacy judgement remains qualitative. Independent AI verification; does not satisfy a named human/non-author verification requirement."
andersen2024_fep_cohort_t9m_educonly__jbi4_subjects_setting_described,andersen2024_fep_cohort_t9m_educonly,jbi4_subjects_setting_described,yes,yes,yes,"Table 1, p. 879; Methods, Setting, p. 876",Codex AI independent verification agent 2,2026-10-01,source_checked_agreement,"Age, gender, sexual orientation, First Nations status, socio-economic index, duration of untreated psychosis, BPRS and K10 are tabulated, and the service model is described in detail. Independent AI verification; does not satisfy a named human/non-author verification requirement."
andersen2024_fep_cohort_t9m_educonly__jbi5_coverage_of_sample,andersen2024_fep_cohort_t9m_educonly,jbi5_coverage_of_sample,no,no,yes,"Study limitations, p. 882; Table 2, p. 880",Codex AI independent verification agent 2,2026-10-01,source_checked_agreement,"Data collection stopped when treatment ended, so the analysed denominator falls with time in the programme and the vocational functioning of everyone who left the service is unknown. The authors name this as an important limitation. Independent AI verification; does not satisfy a named human/non-author verification requirement."
andersen2024_fep_cohort_t9m_educonly__jbi6_condition_identification,andersen2024_fep_cohort_t9m_educonly,jbi6_condition_identification,yes,yes,yes,"Methods, Participants, p. 877; employment/education outcome definition and ascertainment section independently checked in full local PDF text",Codex AI independent verification agent 2,2026-10-01,corrected_rationale_only,Current study status is explicitly self-reported at each 90 day assessment and the Studying category is separate from Studying and working. This validly identifies the source education-only category. Whether employment is remunerated does not determine validity of identifying this school-only category. Reliability remains unclear under item 7. Independent AI verification; does not satisfy a named human/non-author verification requirement.
andersen2024_fep_cohort_t9m_educonly__jbi7_condition_measurement,andersen2024_fep_cohort_t9m_educonly,jbi7_condition_measurement,unclear,unclear,yes,"Methods, Vocational outcome measures, p. 877; Study limitations, p. 882; employment/education outcome definition and ascertainment section independently checked in full local PDF text",Codex AI independent verification agent 2,2026-10-01,source_checked_agreement,Education and employment status is self-reported by the young person at each 90-day assessment into a routine Minimum Data Set with an explicit NEET definition but no reported reliability checks; the authors note vulnerability to variation in clinicians' interpretation of items and to data-entry error. Independent AI verification; does not satisfy a named human/non-author verification requirement.
andersen2024_fep_cohort_t9m_educonly__jbi8_statistical_analysis,andersen2024_fep_cohort_t9m_educonly,jbi8_statistical_analysis,yes,yes,yes,"Table 2, p. 880; Methods, Statistical analysis, pp. 877-878",Codex AI independent verification agent 2,2026-10-01,source_checked_agreement,"Descriptive proportions are given on the observed denominator with the missing count printed for every cell, and the four categories sum exactly to that denominator at every timepoint. The longitudinal models use multiple imputation with a complete-case comparison reported alongside. Independent AI verification; does not satisfy a named human/non-author verification requirement."
andersen2024_fep_cohort_t9m_educonly__jbi9_response_rate,andersen2024_fep_cohort_t9m_educonly,jbi9_response_rate,no,no,yes,"Table 2, p. 880; Study limitations, p. 882",Codex AI independent verification agent 2,2026-10-01,source_checked_agreement,"At 9 months, vocational status was observed for 751 of the 1574 who entered the cohort (47.7%): 843 were still in the programme and 92 of those had the item missing. The low rate is acknowledged and is addressed with multiple imputation for the modelled treatment effect, but the descriptive proportion extracted here is complete-case, and the authors state that NEET status may itself have influenced disengagement. Independent AI verification; does not satisfy a named human/non-author verification requirement."
andersen2024_fep_cohort_t9m_paideduc__jbi1_sample_frame,andersen2024_fep_cohort_t9m_paideduc,jbi1_sample_frame,yes,yes,yes,"Methods, Setting and Participants, pp. 876-877",Codex AI independent verification agent 2,2026-10-01,source_checked_agreement,"All young people aged 12-25 accessing the headspace Early Psychosis programme for first-episode psychosis at 15 centres in six clusters across Australia. Appropriate for an early-intervention-service psychosis population, though not for a general-population psychosis prevalence. Independent AI verification; does not satisfy a named human/non-author verification requirement."
andersen2024_fep_cohort_t9m_paideduc__jbi2_participant_sampling,andersen2024_fep_cohort_t9m_paideduc,jbi2_participant_sampling,yes,yes,yes,"Methods, Participants and Measures, p. 877",Codex AI independent verification agent 2,2026-10-01,source_checked_agreement,Consecutive service users over a defined window who consented to service-evaluation data use; only the first episode of care per person is analysed and no further selection is applied. Independent AI verification; does not satisfy a named human/non-author verification requirement.
andersen2024_fep_cohort_t9m_paideduc__jbi3_sample_size,andersen2024_fep_cohort_t9m_paideduc,jbi3_sample_size,yes,yes,yes,"Table 2, p. 880",Codex AI independent verification agent 2,2026-10-01,corrected_rationale_only,"The FEP source cohort includes 1574 people, with 751 observed vocational statuses at 9 months. This is a substantial sample for a descriptive proportion. No review-specific precision threshold has been prespecified; sample adequacy judgement remains qualitative. Independent AI verification; does not satisfy a named human/non-author verification requirement."
andersen2024_fep_cohort_t9m_paideduc__jbi4_subjects_setting_described,andersen2024_fep_cohort_t9m_paideduc,jbi4_subjects_setting_described,yes,yes,yes,"Table 1, p. 879; Methods, Setting, p. 876",Codex AI independent verification agent 2,2026-10-01,source_checked_agreement,"Age, gender, sexual orientation, First Nations status, socio-economic index, duration of untreated psychosis, BPRS and K10 are tabulated, and the service model is described in detail. Independent AI verification; does not satisfy a named human/non-author verification requirement."
andersen2024_fep_cohort_t9m_paideduc__jbi5_coverage_of_sample,andersen2024_fep_cohort_t9m_paideduc,jbi5_coverage_of_sample,no,no,yes,"Study limitations, p. 882; Table 2, p. 880",Codex AI independent verification agent 2,2026-10-01,source_checked_agreement,"Data collection stopped when treatment ended, so the analysed denominator falls with time in the programme and the vocational functioning of everyone who left the service is unknown. The authors name this as an important limitation. Independent AI verification; does not satisfy a named human/non-author verification requirement."
andersen2024_fep_cohort_t9m_paideduc__jbi6_condition_identification,andersen2024_fep_cohort_t9m_paideduc,jbi6_condition_identification,yes,unclear,no,"Methods, Participants, p. 877; employment/education outcome definition and ascertainment section independently checked in full local PDF text",Codex AI independent verification agent 2,2026-10-01,corrected_judgement_and_rationale,"Current employment/education status is self-reported every 90 days. The source defines NEET through absence of full/part-time education and employment, but does not establish remuneration for employment. Identification of paid employment is therefore unclear. CAARMS psychosis ascertainment establishes population eligibility rather than validity of this employment outcome. Education-only identification is considered separately. Independent AI verification; does not satisfy a named human/non-author verification requirement."
andersen2024_fep_cohort_t9m_paideduc__jbi7_condition_measurement,andersen2024_fep_cohort_t9m_paideduc,jbi7_condition_measurement,unclear,unclear,yes,"Methods, Vocational outcome measures, p. 877; Study limitations, p. 882; employment/education outcome definition and ascertainment section independently checked in full local PDF text",Codex AI independent verification agent 2,2026-10-01,source_checked_agreement,Education and employment status is self-reported by the young person at each 90-day assessment into a routine Minimum Data Set with an explicit NEET definition but no reported reliability checks; the authors note vulnerability to variation in clinicians' interpretation of items and to data-entry error. Independent AI verification; does not satisfy a named human/non-author verification requirement.
andersen2024_fep_cohort_t9m_paideduc__jbi8_statistical_analysis,andersen2024_fep_cohort_t9m_paideduc,jbi8_statistical_analysis,yes,yes,yes,"Table 2, p. 880; Methods, Statistical analysis, pp. 877-878",Codex AI independent verification agent 2,2026-10-01,source_checked_agreement,"Descriptive proportions are given on the observed denominator with the missing count printed for every cell, and the four categories sum exactly to that denominator at every timepoint. The longitudinal models use multiple imputation with a complete-case comparison reported alongside. Independent AI verification; does not satisfy a named human/non-author verification requirement."
andersen2024_fep_cohort_t9m_paideduc__jbi9_response_rate,andersen2024_fep_cohort_t9m_paideduc,jbi9_response_rate,no,no,yes,"Table 2, p. 880; Study limitations, p. 882",Codex AI independent verification agent 2,2026-10-01,source_checked_agreement,"At 9 months, vocational status was observed for 751 of the 1574 who entered the cohort (47.7%): 843 were still in the programme and 92 of those had the item missing. The low rate is acknowledged and is addressed with multiple imputation for the modelled treatment effect, but the descriptive proportion extracted here is complete-case, and the authors state that NEET status may itself have influenced disengagement. Independent AI verification; does not satisfy a named human/non-author verification requirement."
andersen2024_fep_cohort_t12m_paidany__jbi1_sample_frame,andersen2024_fep_cohort_t12m_paidany,jbi1_sample_frame,yes,yes,yes,"Methods, Setting and Participants, pp. 876-877",Codex AI independent verification agent 2,2026-10-01,source_checked_agreement,"All young people aged 12-25 accessing the headspace Early Psychosis programme for first-episode psychosis at 15 centres in six clusters across Australia. Appropriate for an early-intervention-service psychosis population, though not for a general-population psychosis prevalence. Independent AI verification; does not satisfy a named human/non-author verification requirement."
andersen2024_fep_cohort_t12m_paidany__jbi2_participant_sampling,andersen2024_fep_cohort_t12m_paidany,jbi2_participant_sampling,yes,yes,yes,"Methods, Participants and Measures, p. 877",Codex AI independent verification agent 2,2026-10-01,source_checked_agreement,Consecutive service users over a defined window who consented to service-evaluation data use; only the first episode of care per person is analysed and no further selection is applied. Independent AI verification; does not satisfy a named human/non-author verification requirement.
andersen2024_fep_cohort_t12m_paidany__jbi3_sample_size,andersen2024_fep_cohort_t12m_paidany,jbi3_sample_size,yes,yes,yes,"Table 2, p. 880",Codex AI independent verification agent 2,2026-10-01,corrected_rationale_only,"The FEP source cohort includes 1574 people, with 578 observed vocational statuses at 12 months. This is a substantial sample for a descriptive proportion. No review-specific precision threshold has been prespecified; sample adequacy judgement remains qualitative. Independent AI verification; does not satisfy a named human/non-author verification requirement."
andersen2024_fep_cohort_t12m_paidany__jbi4_subjects_setting_described,andersen2024_fep_cohort_t12m_paidany,jbi4_subjects_setting_described,yes,yes,yes,"Table 1, p. 879; Methods, Setting, p. 876",Codex AI independent verification agent 2,2026-10-01,source_checked_agreement,"Age, gender, sexual orientation, First Nations status, socio-economic index, duration of untreated psychosis, BPRS and K10 are tabulated, and the service model is described in detail. Independent AI verification; does not satisfy a named human/non-author verification requirement."
andersen2024_fep_cohort_t12m_paidany__jbi5_coverage_of_sample,andersen2024_fep_cohort_t12m_paidany,jbi5_coverage_of_sample,no,no,yes,"Study limitations, p. 882; Table 2, p. 880",Codex AI independent verification agent 2,2026-10-01,source_checked_agreement,"Data collection stopped when treatment ended, so the analysed denominator falls with time in the programme and the vocational functioning of everyone who left the service is unknown. The authors name this as an important limitation. Independent AI verification; does not satisfy a named human/non-author verification requirement."
andersen2024_fep_cohort_t12m_paidany__jbi6_condition_identification,andersen2024_fep_cohort_t12m_paidany,jbi6_condition_identification,yes,unclear,no,"Methods, Participants, p. 877; employment/education outcome definition and ascertainment section independently checked in full local PDF text",Codex AI independent verification agent 2,2026-10-01,corrected_judgement_and_rationale,"Current employment/education status is self-reported every 90 days. The source defines NEET through absence of full/part-time education and employment, but does not establish remuneration for employment. Identification of paid employment is therefore unclear. CAARMS psychosis ascertainment establishes population eligibility rather than validity of this employment outcome. Education-only identification is considered separately. Independent AI verification; does not satisfy a named human/non-author verification requirement."
andersen2024_fep_cohort_t12m_paidany__jbi7_condition_measurement,andersen2024_fep_cohort_t12m_paidany,jbi7_condition_measurement,unclear,unclear,yes,"Methods, Vocational outcome measures, p. 877; Study limitations, p. 882; employment/education outcome definition and ascertainment section independently checked in full local PDF text",Codex AI independent verification agent 2,2026-10-01,source_checked_agreement,Education and employment status is self-reported by the young person at each 90-day assessment into a routine Minimum Data Set with an explicit NEET definition but no reported reliability checks; the authors note vulnerability to variation in clinicians' interpretation of items and to data-entry error. Independent AI verification; does not satisfy a named human/non-author verification requirement.
andersen2024_fep_cohort_t12m_paidany__jbi8_statistical_analysis,andersen2024_fep_cohort_t12m_paidany,jbi8_statistical_analysis,yes,yes,yes,"Table 2, p. 880; Methods, Statistical analysis, pp. 877-878",Codex AI independent verification agent 2,2026-10-01,source_checked_agreement,"Descriptive proportions are given on the observed denominator with the missing count printed for every cell, and the four categories sum exactly to that denominator at every timepoint. The longitudinal models use multiple imputation with a complete-case comparison reported alongside. Independent AI verification; does not satisfy a named human/non-author verification requirement."
andersen2024_fep_cohort_t12m_paidany__jbi9_response_rate,andersen2024_fep_cohort_t12m_paidany,jbi9_response_rate,no,no,yes,"Table 2, p. 880; Study limitations, p. 882",Codex AI independent verification agent 2,2026-10-01,source_checked_agreement,"At 12 months, vocational status was observed for 578 of the 1574 who entered the cohort (36.7%): 643 were still in the programme and 65 of those had the item missing. The low rate is acknowledged and is addressed with multiple imputation for the modelled treatment effect, but the descriptive proportion extracted here is complete-case, and the authors state that NEET status may itself have influenced disengagement. Independent AI verification; does not satisfy a named human/non-author verification requirement."
andersen2024_fep_cohort_t12m_educonly__jbi1_sample_frame,andersen2024_fep_cohort_t12m_educonly,jbi1_sample_frame,yes,yes,yes,"Methods, Setting and Participants, pp. 876-877",Codex AI independent verification agent 2,2026-10-01,source_checked_agreement,"All young people aged 12-25 accessing the headspace Early Psychosis programme for first-episode psychosis at 15 centres in six clusters across Australia. Appropriate for an early-intervention-service psychosis population, though not for a general-population psychosis prevalence. Independent AI verification; does not satisfy a named human/non-author verification requirement."
andersen2024_fep_cohort_t12m_educonly__jbi2_participant_sampling,andersen2024_fep_cohort_t12m_educonly,jbi2_participant_sampling,yes,yes,yes,"Methods, Participants and Measures, p. 877",Codex AI independent verification agent 2,2026-10-01,source_checked_agreement,Consecutive service users over a defined window who consented to service-evaluation data use; only the first episode of care per person is analysed and no further selection is applied. Independent AI verification; does not satisfy a named human/non-author verification requirement.
andersen2024_fep_cohort_t12m_educonly__jbi3_sample_size,andersen2024_fep_cohort_t12m_educonly,jbi3_sample_size,yes,yes,yes,"Table 2, p. 880",Codex AI independent verification agent 2,2026-10-01,corrected_rationale_only,"The FEP source cohort includes 1574 people, with 578 observed vocational statuses at 12 months. This is a substantial sample for a descriptive proportion. No review-specific precision threshold has been prespecified; sample adequacy judgement remains qualitative. Independent AI verification; does not satisfy a named human/non-author verification requirement."
andersen2024_fep_cohort_t12m_educonly__jbi4_subjects_setting_described,andersen2024_fep_cohort_t12m_educonly,jbi4_subjects_setting_described,yes,yes,yes,"Table 1, p. 879; Methods, Setting, p. 876",Codex AI independent verification agent 2,2026-10-01,source_checked_agreement,"Age, gender, sexual orientation, First Nations status, socio-economic index, duration of untreated psychosis, BPRS and K10 are tabulated, and the service model is described in detail. Independent AI verification; does not satisfy a named human/non-author verification requirement."
andersen2024_fep_cohort_t12m_educonly__jbi5_coverage_of_sample,andersen2024_fep_cohort_t12m_educonly,jbi5_coverage_of_sample,no,no,yes,"Study limitations, p. 882; Table 2, p. 880",Codex AI independent verification agent 2,2026-10-01,source_checked_agreement,"Data collection stopped when treatment ended, so the analysed denominator falls with time in the programme and the vocational functioning of everyone who left the service is unknown. The authors name this as an important limitation. Independent AI verification; does not satisfy a named human/non-author verification requirement."
andersen2024_fep_cohort_t12m_educonly__jbi6_condition_identification,andersen2024_fep_cohort_t12m_educonly,jbi6_condition_identification,yes,yes,yes,"Methods, Participants, p. 877; employment/education outcome definition and ascertainment section independently checked in full local PDF text",Codex AI independent verification agent 2,2026-10-01,corrected_rationale_only,Current study status is explicitly self-reported at each 90 day assessment and the Studying category is separate from Studying and working. This validly identifies the source education-only category. Whether employment is remunerated does not determine validity of identifying this school-only category. Reliability remains unclear under item 7. Independent AI verification; does not satisfy a named human/non-author verification requirement.
andersen2024_fep_cohort_t12m_educonly__jbi7_condition_measurement,andersen2024_fep_cohort_t12m_educonly,jbi7_condition_measurement,unclear,unclear,yes,"Methods, Vocational outcome measures, p. 877; Study limitations, p. 882; employment/education outcome definition and ascertainment section independently checked in full local PDF text",Codex AI independent verification agent 2,2026-10-01,source_checked_agreement,Education and employment status is self-reported by the young person at each 90-day assessment into a routine Minimum Data Set with an explicit NEET definition but no reported reliability checks; the authors note vulnerability to variation in clinicians' interpretation of items and to data-entry error. Independent AI verification; does not satisfy a named human/non-author verification requirement.
andersen2024_fep_cohort_t12m_educonly__jbi8_statistical_analysis,andersen2024_fep_cohort_t12m_educonly,jbi8_statistical_analysis,yes,yes,yes,"Table 2, p. 880; Methods, Statistical analysis, pp. 877-878",Codex AI independent verification agent 2,2026-10-01,source_checked_agreement,"Descriptive proportions are given on the observed denominator with the missing count printed for every cell, and the four categories sum exactly to that denominator at every timepoint. The longitudinal models use multiple imputation with a complete-case comparison reported alongside. Independent AI verification; does not satisfy a named human/non-author verification requirement."
andersen2024_fep_cohort_t12m_educonly__jbi9_response_rate,andersen2024_fep_cohort_t12m_educonly,jbi9_response_rate,no,no,yes,"Table 2, p. 880; Study limitations, p. 882",Codex AI independent verification agent 2,2026-10-01,source_checked_agreement,"At 12 months, vocational status was observed for 578 of the 1574 who entered the cohort (36.7%): 643 were still in the programme and 65 of those had the item missing. The low rate is acknowledged and is addressed with multiple imputation for the modelled treatment effect, but the descriptive proportion extracted here is complete-case, and the authors state that NEET status may itself have influenced disengagement. Independent AI verification; does not satisfy a named human/non-author verification requirement."
andersen2024_fep_cohort_t12m_paideduc__jbi1_sample_frame,andersen2024_fep_cohort_t12m_paideduc,jbi1_sample_frame,yes,yes,yes,"Methods, Setting and Participants, pp. 876-877",Codex AI independent verification agent 2,2026-10-01,source_checked_agreement,"All young people aged 12-25 accessing the headspace Early Psychosis programme for first-episode psychosis at 15 centres in six clusters across Australia. Appropriate for an early-intervention-service psychosis population, though not for a general-population psychosis prevalence. Independent AI verification; does not satisfy a named human/non-author verification requirement."
andersen2024_fep_cohort_t12m_paideduc__jbi2_participant_sampling,andersen2024_fep_cohort_t12m_paideduc,jbi2_participant_sampling,yes,yes,yes,"Methods, Participants and Measures, p. 877",Codex AI independent verification agent 2,2026-10-01,source_checked_agreement,Consecutive service users over a defined window who consented to service-evaluation data use; only the first episode of care per person is analysed and no further selection is applied. Independent AI verification; does not satisfy a named human/non-author verification requirement.
andersen2024_fep_cohort_t12m_paideduc__jbi3_sample_size,andersen2024_fep_cohort_t12m_paideduc,jbi3_sample_size,yes,yes,yes,"Table 2, p. 880",Codex AI independent verification agent 2,2026-10-01,corrected_rationale_only,"The FEP source cohort includes 1574 people, with 578 observed vocational statuses at 12 months. This is a substantial sample for a descriptive proportion. No review-specific precision threshold has been prespecified; sample adequacy judgement remains qualitative. Independent AI verification; does not satisfy a named human/non-author verification requirement."
andersen2024_fep_cohort_t12m_paideduc__jbi4_subjects_setting_described,andersen2024_fep_cohort_t12m_paideduc,jbi4_subjects_setting_described,yes,yes,yes,"Table 1, p. 879; Methods, Setting, p. 876",Codex AI independent verification agent 2,2026-10-01,source_checked_agreement,"Age, gender, sexual orientation, First Nations status, socio-economic index, duration of untreated psychosis, BPRS and K10 are tabulated, and the service model is described in detail. Independent AI verification; does not satisfy a named human/non-author verification requirement."
andersen2024_fep_cohort_t12m_paideduc__jbi5_coverage_of_sample,andersen2024_fep_cohort_t12m_paideduc,jbi5_coverage_of_sample,no,no,yes,"Study limitations, p. 882; Table 2, p. 880",Codex AI independent verification agent 2,2026-10-01,source_checked_agreement,"Data collection stopped when treatment ended, so the analysed denominator falls with time in the programme and the vocational functioning of everyone who left the service is unknown. The authors name this as an important limitation. Independent AI verification; does not satisfy a named human/non-author verification requirement."
andersen2024_fep_cohort_t12m_paideduc__jbi6_condition_identification,andersen2024_fep_cohort_t12m_paideduc,jbi6_condition_identification,yes,unclear,no,"Methods, Participants, p. 877; employment/education outcome definition and ascertainment section independently checked in full local PDF text",Codex AI independent verification agent 2,2026-10-01,corrected_judgement_and_rationale,"Current employment/education status is self-reported every 90 days. The source defines NEET through absence of full/part-time education and employment, but does not establish remuneration for employment. Identification of paid employment is therefore unclear. CAARMS psychosis ascertainment establishes population eligibility rather than validity of this employment outcome. Education-only identification is considered separately. Independent AI verification; does not satisfy a named human/non-author verification requirement."
andersen2024_fep_cohort_t12m_paideduc__jbi7_condition_measurement,andersen2024_fep_cohort_t12m_paideduc,jbi7_condition_measurement,unclear,unclear,yes,"Methods, Vocational outcome measures, p. 877; Study limitations, p. 882; employment/education outcome definition and ascertainment section independently checked in full local PDF text",Codex AI independent verification agent 2,2026-10-01,source_checked_agreement,Education and employment status is self-reported by the young person at each 90-day assessment into a routine Minimum Data Set with an explicit NEET definition but no reported reliability checks; the authors note vulnerability to variation in clinicians' interpretation of items and to data-entry error. Independent AI verification; does not satisfy a named human/non-author verification requirement.
andersen2024_fep_cohort_t12m_paideduc__jbi8_statistical_analysis,andersen2024_fep_cohort_t12m_paideduc,jbi8_statistical_analysis,yes,yes,yes,"Table 2, p. 880; Methods, Statistical analysis, pp. 877-878",Codex AI independent verification agent 2,2026-10-01,source_checked_agreement,"Descriptive proportions are given on the observed denominator with the missing count printed for every cell, and the four categories sum exactly to that denominator at every timepoint. The longitudinal models use multiple imputation with a complete-case comparison reported alongside. Independent AI verification; does not satisfy a named human/non-author verification requirement."
andersen2024_fep_cohort_t12m_paideduc__jbi9_response_rate,andersen2024_fep_cohort_t12m_paideduc,jbi9_response_rate,no,no,yes,"Table 2, p. 880; Study limitations, p. 882",Codex AI independent verification agent 2,2026-10-01,source_checked_agreement,"At 12 months, vocational status was observed for 578 of the 1574 who entered the cohort (36.7%): 643 were still in the programme and 65 of those had the item missing. The low rate is acknowledged and is addressed with multiple imputation for the modelled treatment effect, but the descriptive proportion extracted here is complete-case, and the authors state that NEET status may itself have influenced disengagement. Independent AI verification; does not satisfy a named human/non-author verification requirement."
F06_baltazar2022_cohort_t348m_paidcomp_jbi1_sample_frame,baltazar2022_cohort_t348m_paidcomp,jbi1_sample_frame,yes,yes,yes,"Method, Sample, p. 1320; Strengths and limitations, p. 1324",Codex AI independent verification agent 2,2026-10-01,source_checked_agreement,"The frame is every first lifetime psychiatric admission for DSM-III-R schizophrenia at the hospital serving a sectorised catchment area of about 338,300 inhabitants, with no private hospitals in the area, which the authors argue enhances representativeness. Appropriate for a prevalence estimate in treated first-episode schizophrenia, with the caveat that people never hospitalised are outside it. Independent AI verification; does not satisfy a named human/non-author verification requirement."
F06_baltazar2022_cohort_t348m_paidcomp_jbi2_participant_sampling,baltazar2022_cohort_t348m_paidcomp,jbi2_participant_sampling,yes,yes,yes,"Method, Successive data collection, p. 1320; Limitations, p. 1325",Codex AI independent verification agent 2,2026-10-01,source_checked_agreement,A census rather than a sample: all first-admission files in 1983-1987 were screened against the inclusion criteria; 142 of 891 ICD-9 non-affective psychosis admissions met DSM-III-R schizophrenia. No selection step follows. Independent AI verification; does not satisfy a named human/non-author verification requirement.
F06_baltazar2022_cohort_t348m_paidcomp_jbi3_sample_size,baltazar2022_cohort_t348m_paidcomp,jbi3_sample_size,unclear,unclear,yes,"Results, Social outcomes, p. 1321",Codex AI independent verification agent 2,2026-10-01,source_checked_agreement,"142 entered and 108 were alive at T4, which would be adequate, but the employment estimate rests on 43 observations. No precision target or sample-size justification is stated for any outcome. Independent AI verification; does not satisfy a named human/non-author verification requirement."
F06_baltazar2022_cohort_t348m_paidcomp_jbi4_subjects_setting_described,baltazar2022_cohort_t348m_paidcomp,jbi4_subjects_setting_described,yes,yes,yes,"Table 1, p. 1322; Method, Sample, p. 1320",Codex AI independent verification agent 2,2026-10-01,source_checked_agreement,"Table 1 gives age, sex, marital status, education, substance use, deaths, treatment exposure and hospitalisation counts; the service, catchment area and era are described in detail. Independent AI verification; does not satisfy a named human/non-author verification requirement."
F06_baltazar2022_cohort_t348m_paidcomp_jbi5_coverage_of_sample,baltazar2022_cohort_t348m_paidcomp,jbi5_coverage_of_sample,no,no,yes,"Results, Social outcomes, p. 1321; Discussion, p. 1324",Codex AI independent verification agent 2,2026-10-01,source_checked_agreement,"Occupational status was analysed for 43 of the 108 alive at T4 (39.8%). The 65 missing are not a random subset: 64 of them had left the catchment-area service, and the authors state that the administrative data suggested 'a better social outcome for the population not followed in CAPS', so the observed group is the more severe one. Independent AI verification; does not satisfy a named human/non-author verification requirement."
F06_baltazar2022_cohort_t348m_paidcomp_jbi6_condition_identification,baltazar2022_cohort_t348m_paidcomp,jbi6_condition_identification,yes,unclear,no,"Method, Sample and Successive data collection, p. 1320; employment/education outcome definition and ascertainment section independently checked in full local PDF text",Codex AI independent verification agent 2,2026-10-01,corrected_judgement_and_rationale,"At T4 six chart-observed patients held regular-market jobs, eight received occupational therapy and 29 had no occupation. Employment comes from routine occupational chart entries without a validated employment item, defined threshold or reference period. DSM-III-R schizophrenia diagnosis supports eligibility, not employment identification. The insurance-based extrapolation for people outside CAPS is a separate measure. Independent AI verification; does not satisfy a named human/non-author verification requirement."
F06_baltazar2022_cohort_t348m_paidcomp_jbi7_condition_measurement,baltazar2022_cohort_t348m_paidcomp,jbi7_condition_measurement,no,no,yes,"Method, Successive data collection, p. 1321; Results, Social outcomes, p. 1321; employment/education outcome definition and ascertainment section independently checked in full local PDF text",Codex AI independent verification agent 2,2026-10-01,source_checked_agreement,"Occupational status was read from hospital chart entries for patients still followed by the catchment-area service, while for those not followed 'this measure was extrapolated from data regarding medical insurance coverage'. Two different measurement processes were therefore applied within one cohort, and the extracted count uses only the chart-based one. The chart entries themselves are unstandardised: no instrument or reference period for 'held jobs on the regular market' is stated. Independent AI verification; does not satisfy a named human/non-author verification requirement."
F06_baltazar2022_cohort_t348m_paidcomp_jbi8_statistical_analysis,baltazar2022_cohort_t348m_paidcomp,jbi8_statistical_analysis,unclear,unclear,yes,"Results and Table 1, pp. 1321-1322",Codex AI independent verification agent 2,2026-10-01,source_checked_agreement,"Counts and percentages only, with no confidence interval for any proportion and no handling of the missing occupational data; percentages are quoted on shifting bases (142, 138, 108, 43) without always naming which. Independent AI verification; does not satisfy a named human/non-author verification requirement."
F06_baltazar2022_cohort_t348m_paidcomp_jbi9_response_rate,baltazar2022_cohort_t348m_paidcomp,jbi9_response_rate,no,no,yes,"Results, Social outcomes, p. 1321; Discussion, p. 1324",Codex AI independent verification agent 2,2026-10-01,source_checked_agreement,"The response rate for the occupational outcome is 43 of 108 alive (39.8%), and no adjustment, imputation, weighting or comparison of responders with non-responders is reported for it. The authors instead substitute an insurance-coverage extrapolation, which is a different measure and is not extracted. Independent AI verification; does not satisfy a named human/non-author verification requirement."
F06_baltazar2022_cohort_t348m_paidany_jbi1_sample_frame,baltazar2022_cohort_t348m_paidany,jbi1_sample_frame,yes,yes,yes,"Method, Sample, p. 1320; Strengths and limitations, p. 1324",Codex AI independent verification agent 2,2026-10-01,source_checked_agreement,"The frame is every first lifetime psychiatric admission for DSM-III-R schizophrenia at the hospital serving a sectorised catchment area of about 338,300 inhabitants, with no private hospitals in the area, which the authors argue enhances representativeness. Appropriate for a prevalence estimate in treated first-episode schizophrenia, with the caveat that people never hospitalised are outside it. Independent AI verification; does not satisfy a named human/non-author verification requirement."
F06_baltazar2022_cohort_t348m_paidany_jbi2_participant_sampling,baltazar2022_cohort_t348m_paidany,jbi2_participant_sampling,yes,yes,yes,"Method, Successive data collection, p. 1320; Limitations, p. 1325",Codex AI independent verification agent 2,2026-10-01,source_checked_agreement,A census rather than a sample: all first-admission files in 1983-1987 were screened against the inclusion criteria; 142 of 891 ICD-9 non-affective psychosis admissions met DSM-III-R schizophrenia. No selection step follows. Independent AI verification; does not satisfy a named human/non-author verification requirement.
F06_baltazar2022_cohort_t348m_paidany_jbi3_sample_size,baltazar2022_cohort_t348m_paidany,jbi3_sample_size,unclear,unclear,yes,"Results, Social outcomes, p. 1321",Codex AI independent verification agent 2,2026-10-01,source_checked_agreement,"142 entered and 108 were alive at T4, which would be adequate, but the employment estimate rests on 43 observations. No precision target or sample-size justification is stated for any outcome. Independent AI verification; does not satisfy a named human/non-author verification requirement."
F06_baltazar2022_cohort_t348m_paidany_jbi4_subjects_setting_described,baltazar2022_cohort_t348m_paidany,jbi4_subjects_setting_described,yes,yes,yes,"Table 1, p. 1322; Method, Sample, p. 1320",Codex AI independent verification agent 2,2026-10-01,source_checked_agreement,"Table 1 gives age, sex, marital status, education, substance use, deaths, treatment exposure and hospitalisation counts; the service, catchment area and era are described in detail. Independent AI verification; does not satisfy a named human/non-author verification requirement."
F06_baltazar2022_cohort_t348m_paidany_jbi5_coverage_of_sample,baltazar2022_cohort_t348m_paidany,jbi5_coverage_of_sample,no,no,yes,"Results, Social outcomes, p. 1321; Discussion, p. 1324",Codex AI independent verification agent 2,2026-10-01,source_checked_agreement,"Occupational status was analysed for 43 of the 108 alive at T4 (39.8%). The 65 missing are not a random subset: 64 of them had left the catchment-area service, and the authors state that the administrative data suggested 'a better social outcome for the population not followed in CAPS', so the observed group is the more severe one. Independent AI verification; does not satisfy a named human/non-author verification requirement."
F06_baltazar2022_cohort_t348m_paidany_jbi6_condition_identification,baltazar2022_cohort_t348m_paidany,jbi6_condition_identification,yes,unclear,no,"Method, Sample and Successive data collection, p. 1320; employment/education outcome definition and ascertainment section independently checked in full local PDF text",Codex AI independent verification agent 2,2026-10-01,corrected_judgement_and_rationale,"At T4 six chart-observed patients held regular-market jobs, eight received occupational therapy and 29 had no occupation. Employment comes from routine occupational chart entries without a validated employment item, defined threshold or reference period. DSM-III-R schizophrenia diagnosis supports eligibility, not employment identification. The insurance-based extrapolation for people outside CAPS is a separate measure. Independent AI verification; does not satisfy a named human/non-author verification requirement."
F06_baltazar2022_cohort_t348m_paidany_jbi7_condition_measurement,baltazar2022_cohort_t348m_paidany,jbi7_condition_measurement,no,no,yes,"Method, Successive data collection, p. 1321; Results, Social outcomes, p. 1321; employment/education outcome definition and ascertainment section independently checked in full local PDF text",Codex AI independent verification agent 2,2026-10-01,source_checked_agreement,"As for the competitive count, with one addition specific to this derived row: the paid_any total depends on the reading that 'occupational therapy' is not remunerated employment and that the 'Supervised' category of Fig. 1 is empty at T4. Both follow from the printed arithmetic and from the authors' own definition of employment as 'supported or competitive employment', but neither is stated in words, and no standard instrument underlies the categories. Independent AI verification; does not satisfy a named human/non-author verification requirement."
F06_baltazar2022_cohort_t348m_paidany_jbi8_statistical_analysis,baltazar2022_cohort_t348m_paidany,jbi8_statistical_analysis,unclear,unclear,yes,"Results and Table 1, pp. 1321-1322",Codex AI independent verification agent 2,2026-10-01,source_checked_agreement,"Counts and percentages only, with no confidence interval for any proportion and no handling of the missing occupational data; percentages are quoted on shifting bases (142, 138, 108, 43) without always naming which. Independent AI verification; does not satisfy a named human/non-author verification requirement."
F06_baltazar2022_cohort_t348m_paidany_jbi9_response_rate,baltazar2022_cohort_t348m_paidany,jbi9_response_rate,no,no,yes,"Results, Social outcomes, p. 1321; Discussion, p. 1324",Codex AI independent verification agent 2,2026-10-01,source_checked_agreement,"The response rate for the occupational outcome is 43 of 108 alive (39.8%), and no adjustment, imputation, weighting or comparison of responders with non-responders is reported for it. The authors instead substitute an insurance-coverage extrapolation, which is a different measure and is not extracted. Independent AI verification; does not satisfy a named human/non-author verification requirement."
F06_blackman2025_cohort_t103m_paidany_jbi1_sample_frame,blackman2025_cohort_t103m_paidany,jbi1_sample_frame,no,no,yes,"Methods 2.1 Participants, p. 2",Codex AI independent verification agent 2,2026-10-01,source_checked_agreement,"The frame is people who had previously volunteered for Clinical and Translational Neuroscience Branch research at the NIMH intramural programme and who could still be reached on contact details given at that earlier visit. That is a research-volunteer convenience frame with no defined clinical or geographical population behind it, and the size of the source sample is never reported, so the frame cannot be characterised even descriptively. Independent AI verification; does not satisfy a named human/non-author verification requirement."
F06_blackman2025_cohort_t103m_paidany_jbi2_participant_sampling,blackman2025_cohort_t103m_paidany,jbi2_participant_sampling,no,no,yes,"Methods 2.1 Participants, p. 2; Discussion, p. 5",Codex AI independent verification agent 2,2026-10-01,source_checked_agreement,"Sampling was by whoever could be contacted: 'Researchers attempted to contact via phone people ... 124 individuals were able to be contacted based on the contact information they provided at their initial visit and agreed to participate'. The authors acknowledge the consequence: 'because functional disabilities may limit one's ability to be contacted, our data may be susceptible to sampling bias'. Independent AI verification; does not satisfy a named human/non-author verification requirement."
F06_blackman2025_cohort_t103m_paidany_jbi3_sample_size,blackman2025_cohort_t103m_paidany,jbi3_sample_size,unclear,unclear,yes,"Methods 2.1, p. 2; Discussion, p. 5",Codex AI independent verification agent 2,2026-10-01,source_checked_agreement,"124 with an observed outcome gives a reasonable interval for a single proportion, but no sample-size justification is given and the authors judge the study underpowered for its own genetic aims: 'a larger follow-up study would be needed'. Independent AI verification; does not satisfy a named human/non-author verification requirement."
F06_blackman2025_cohort_t103m_paidany_jbi4_subjects_setting_described,blackman2025_cohort_t103m_paidany,jbi4_subjects_setting_described,yes,yes,yes,"Table 1, Demographics, p. 2",Codex AI independent verification agent 2,2026-10-01,source_checked_agreement,"Table 1 reports diagnosis, sex, age, duration of illness, PANSS total, chlorpromazine-equivalent dose at both visits and employment at both visits, for the whole cohort and the genetic subset. Independent AI verification; does not satisfy a named human/non-author verification requirement."
F06_blackman2025_cohort_t103m_paidany_jbi5_coverage_of_sample,blackman2025_cohort_t103m_paidany,jbi5_coverage_of_sample,unclear,unclear,yes,"Methods 2.1 Participants, p. 2; Discussion, p. 5",Codex AI independent verification agent 2,2026-10-01,source_checked_agreement,"Coverage of the analysed cohort is complete, since employment status was obtained for all 124. Coverage of the identified sample cannot be judged at all, because the number of source-study participants who could not be reached is not reported. Separately, 4 participants reporting retirement and 1 with undeterminable status were removed from the denominator. Independent AI verification; does not satisfy a named human/non-author verification requirement."
F06_blackman2025_cohort_t103m_paidany_jbi6_condition_identification,blackman2025_cohort_t103m_paidany,jbi6_condition_identification,yes,yes,yes,"Methods 2.1 Participants, p. 2; employment/education outcome definition and ascertainment section independently checked in full local PDF text",Codex AI independent verification agent 2,2026-10-01,corrected_rationale_only,"Direct telephone self-report identifies any paid work, of any kind or amount, in the previous year; the remuneration criterion and binary categories are explicit. This is a valid operational identification of the reported any-paid-work outcome, although reliability of retrospective self-report remains uncertain under item 7. SCID diagnoses support population eligibility rather than employment identification. Independent AI verification; does not satisfy a named human/non-author verification requirement."
F06_blackman2025_cohort_t103m_paidany_jbi7_condition_measurement,blackman2025_cohort_t103m_paidany,jbi7_condition_measurement,no,unclear,no,"Methods 2.1 Participants, p. 2; Discussion, p. 5; employment/education outcome definition and ascertainment section independently checked in full local PDF text",Codex AI independent verification agent 2,2026-10-01,corrected_judgement_and_rationale,"All followed participants self-report the same binary any-paid-work outcome by telephone with a last-year reference period. No independent verification or reliability results are reported. Lack of validation supports unclear reliability, not a definitive failure. The 2-19 year gap since baseline does not change the reported one-year recall window. Independent AI verification; does not satisfy a named human/non-author verification requirement."
F06_blackman2025_cohort_t103m_paidany_jbi8_statistical_analysis,blackman2025_cohort_t103m_paidany,jbi8_statistical_analysis,unclear,unclear,yes,"Methods 2.4 Statistical analyses, pp. 2-3",Codex AI independent verification agent 2,2026-10-01,source_checked_agreement,"The prevalence is reported as a count and a percentage with no interval. The analytic strategy is explicitly exploratory: 'an intendedly liberal statistical threshold of p < 0.05 without correction for multiple comparisons was used', across eight cognitive measures and two polygenic scores. That does not bias the prevalence itself but does bear on everything reported around it. Independent AI verification; does not satisfy a named human/non-author verification requirement."
F06_blackman2025_cohort_t103m_paidany_jbi9_response_rate,blackman2025_cohort_t103m_paidany,jbi9_response_rate,no,unclear,no,"Discussion, p. 5",Codex AI independent verification agent 2,2026-10-01,corrected_judgement_and_rationale,"The denominator of source-study participants approached or untraceable is unreported, so neither response rate nor its adequacy can be calculated. Contactability selection is plausible and acknowledged, and no weighting/nonresponse correction is described. This supports unclear for rate adequacy rather than asserting a known inadequate rate. Sampling-frame and convenience-recontact concerns remain no under items 1/2. Independent AI verification; does not satisfy a named human/non-author verification requirement."
chang2016_fes_t36m_paidoredu_jbi1_sample_frame,chang2016_fes_t36m_paidoredu,jbi1_sample_frame,yes,yes,yes,"chang2016, Methods 2.1 Participants, p. 2",Codex AI independent verification agent 2,2026-10-01,source_checked_agreement,"Territory-wide sampling frame: EASY is 'a territory-wide, publicly-funded early intervention program for individuals aged 15-25 years presenting with FEP in Hong Kong' and the report draws on the whole consecutive enrolment of July 2001 to August 2003. Appropriate for a first-episode psychosis target population, with two limits on applicability rather than validity: entry is capped at age 25, and only patients reaching the public service are captured. Independent AI verification; does not satisfy a named human/non-author verification requirement."
chang2016_fes_t36m_paidoredu_jbi2_participant_sampling,chang2016_fes_t36m_paidoredu,jbi2_participant_sampling,yes,yes,yes,"chang2016, Methods 2.1 Participants, p. 2",Codex AI independent verification agent 2,2026-10-01,source_checked_agreement,"Census rather than a sample: all patients enrolled in the service over a defined 26-month window were included, with pre-stated exclusions (mental retardation, psychosis due to a general medical condition, substance-induced psychosis, prior treatment longer than 1 month). No self-selection or convenience sampling. Independent AI verification; does not satisfy a named human/non-author verification requirement."
chang2016_fes_t36m_paidoredu_jbi3_sample_size,chang2016_fes_t36m_paidoredu,jbi3_sample_size,yes,yes,yes,"chang2016, Results, p. 2 and Table 1, p. 3",Codex AI independent verification agent 2,2026-10-01,source_checked_agreement,374 patients in the analysed schizophrenia subgroup gives a proportion estimated with adequate precision (roughly plus or minus 5 percentage points at 30%). Independent AI verification; does not satisfy a named human/non-author verification requirement.
chang2016_fes_t36m_paidoredu_jbi4_subjects_setting_described,chang2016_fes_t36m_paidoredu,jbi4_subjects_setting_described,yes,yes,yes,"chang2016, Methods 2.1-2.2, p. 2; Results 3.1, p. 3; suppl. Table S1 cited on p. 3 and not available",Codex AI independent verification agent 2,2026-10-01,source_checked_agreement,"The service, its case-management model, the eligibility and exclusion criteria, the data-collection protocol and the outcome definitions are described in the main text. Full baseline characteristics are in supplementary Table S1, which is cited but is not present in the PDF held; the main text still gives age, hospitalisation rate, DUP, symptom severity and baseline SOFAS for both subgroups. Independent AI verification; does not satisfy a named human/non-author verification requirement."
chang2016_fes_t36m_paidoredu_jbi5_coverage_of_sample,chang2016_fes_t36m_paidoredu,jbi5_coverage_of_sample,no,no,yes,"chang2016, Results 3 attrition analysis, p. 2; Table 1, p. 3",Codex AI independent verification agent 2,2026-10-01,source_checked_agreement,"Coverage of the identified sample is incomplete and the shortfall is partly undocumented. Only 420 of the 515 eligible patients (81.6%) completed 3-year follow-up, and completers differed from non-completers on two prognostically relevant variables (shorter DUP, lower baseline SOFAS; both p < 0.05), with no imputation or weighting. In addition the employment denominator itself does not match the analysed subgroup: the printed 30.0% for the schizophrenia subgroup is arithmetically impossible on n = 374 and implies a base of 370, so about four patients are silently absent from the employment analysis. Independent AI verification; does not satisfy a named human/non-author verification requirement."
chang2016_fes_t36m_paidoredu_jbi6_condition_identification,chang2016_fes_t36m_paidoredu,jbi6_condition_identification,yes,unclear,no,"chang2016, Methods 2.2 Measures, p. 2; employment/education outcome definition and ascertainment section independently checked in full local PDF text",Codex AI independent verification agent 2,2026-10-01,corrected_judgement_and_rationale,"Records are abstracted monthly using standardised forms, a written protocol, weekly consensus and reported inter-rater ICCs 0. 70-1. 00 for major measures. Nevertheless sustained employment includes full-time study in Methods but excludes study in table footnotes, so the condition identified by the extracted 111 and 21 counts is uncertain. ICD-10 research diagnosis addresses eligibility, not validity of the vocational outcome. Independent AI verification; does not satisfy a named human/non-author verification requirement."
chang2016_fes_t36m_paidoredu_jbi7_condition_measurement,chang2016_fes_t36m_paidoredu,jbi7_condition_measurement,unclear,unclear,yes,"chang2016, Methods 2.2 Measures, p. 2; Table 1 footnote b and Table 2 footnote e, p. 3; employment/education outcome definition and ascertainment section independently checked in full local PDF text",Codex AI independent verification agent 2,2026-10-01,source_checked_agreement,"Employment was determined for every month of the 3 years from records using standardised data-entry forms, which is standard across participants; but WHAT was counted cannot be established, because the source defines the same variable in two incompatible ways (Methods 2.2 includes full-time study, Table 1 footnote b and Table 2 footnote e count work only). Ascertainment is also entirely from clinical records, with no direct enquiry of the participant and no validated vocational measure, and the report itself concedes that 'only data that could be reliably extracted from records were targeted for retrieval and analysis'. Independent AI verification; does not satisfy a named human/non-author verification requirement."
chang2016_fes_t36m_paidoredu_jbi8_statistical_analysis,chang2016_fes_t36m_paidoredu,jbi8_statistical_analysis,unclear,unclear,yes,"chang2016, Table 1, p. 3",Codex AI independent verification agent 2,2026-10-01,source_checked_agreement,"The comparative tests (chi-square, t-tests, logistic and linear regression with baseline covariates) are appropriate for the question asked, but the prevalence itself is reported without a confidence interval and without a stated denominator, and at least one printed test statistic cannot be reproduced from the printed counts on any denominator (functional remission, chi-square 6.1, needs a base near 365 while its own percentage of 20.3% needs 374). The analysis as printed cannot be checked. Independent AI verification; does not satisfy a named human/non-author verification requirement."
chang2016_fes_t36m_paidoredu_jbi9_response_rate,chang2016_fes_t36m_paidoredu,jbi9_response_rate,yes,yes,yes,"chang2016, Results 3, p. 2; Table 2, p. 3",Codex AI independent verification agent 2,2026-10-01,source_checked_agreement,"420 of 515 (81.6%) completed 3-year follow-up, which is adequate, and the report does not simply assert it: it runs and reports an attrition analysis. The differences it found (completers had shorter DUP and lower baseline SOFAS) were then left unadjusted, and baseline SOFAS is one of only two independent predictors of sustained employment in this same report, so the response rate is adequate but its consequences are not managed. Independent AI verification; does not satisfy a named human/non-author verification requirement."
chang2016_femp_t36m_paidoredu_jbi1_sample_frame,chang2016_femp_t36m_paidoredu,jbi1_sample_frame,yes,yes,yes,"chang2016, Methods 2.1 Participants, p. 2",Codex AI independent verification agent 2,2026-10-01,source_checked_agreement,"Territory-wide sampling frame: EASY is 'a territory-wide, publicly-funded early intervention program for individuals aged 15-25 years presenting with FEP in Hong Kong' and the report draws on the whole consecutive enrolment of July 2001 to August 2003. Appropriate for a first-episode psychosis target population, with two limits on applicability rather than validity: entry is capped at age 25, and only patients reaching the public service are captured. The frame is the same for this subgroup; the subgroup itself is defined by a 3-year research diagnosis, not by the sampling frame. Independent AI verification; does not satisfy a named human/non-author verification requirement."
chang2016_femp_t36m_paidoredu_jbi2_participant_sampling,chang2016_femp_t36m_paidoredu,jbi2_participant_sampling,yes,yes,yes,"chang2016, Methods 2.1 Participants, p. 2",Codex AI independent verification agent 2,2026-10-01,source_checked_agreement,"Census rather than a sample: all patients enrolled in the service over a defined 26-month window were included, with pre-stated exclusions (mental retardation, psychosis due to a general medical condition, substance-induced psychosis, prior treatment longer than 1 month). No self-selection or convenience sampling. Independent AI verification; does not satisfy a named human/non-author verification requirement."
chang2016_femp_t36m_paidoredu_jbi3_sample_size,chang2016_femp_t36m_paidoredu,jbi3_sample_size,no,no,yes,"chang2016, Results, p. 2 and Table 1, p. 3",Codex AI independent verification agent 2,2026-10-01,source_checked_agreement,46 patients in the psychotic-mania subgroup is small for a prevalence estimate: the 95% interval around 45.7% spans roughly 31% to 61%. The report presents the value without any interval. Independent AI verification; does not satisfy a named human/non-author verification requirement.
chang2016_femp_t36m_paidoredu_jbi4_subjects_setting_described,chang2016_femp_t36m_paidoredu,jbi4_subjects_setting_described,yes,yes,yes,"chang2016, Methods 2.1-2.2, p. 2; Results 3.1, p. 3; suppl. Table S1 cited on p. 3 and not available",Codex AI independent verification agent 2,2026-10-01,source_checked_agreement,"The service, its case-management model, the eligibility and exclusion criteria, the data-collection protocol and the outcome definitions are described in the main text. Full baseline characteristics are in supplementary Table S1, which is cited but is not present in the PDF held; the main text still gives age, hospitalisation rate, DUP, symptom severity and baseline SOFAS for both subgroups. Independent AI verification; does not satisfy a named human/non-author verification requirement."
chang2016_femp_t36m_paidoredu_jbi5_coverage_of_sample,chang2016_femp_t36m_paidoredu,jbi5_coverage_of_sample,no,no,yes,"chang2016, Results 3 attrition analysis, p. 2; Table 1, p. 3",Codex AI independent verification agent 2,2026-10-01,corrected_rationale_only,"Overall 420 of 515 eligible patients completed three-year follow-up. Completers differ from noncompleters on DUP and baseline SOFAS, with no imputation/weighting. The FEMP cell 21/46 reproduces 45. 7% and has no demonstrated within-subgroup arithmetic missingness; importing the FES111/374 versus 30. 0% discrepancy into FEMP would be unjustified. Overall selective attrition nonetheless supports no coverage. Independent AI verification; does not satisfy a named human/non-author verification requirement."
chang2016_femp_t36m_paidoredu_jbi6_condition_identification,chang2016_femp_t36m_paidoredu,jbi6_condition_identification,yes,unclear,no,"chang2016, Methods 2.2 Measures, p. 2; employment/education outcome definition and ascertainment section independently checked in full local PDF text",Codex AI independent verification agent 2,2026-10-01,corrected_judgement_and_rationale,"Records are abstracted monthly using standardised forms, a written protocol, weekly consensus and reported inter-rater ICCs 0. 70-1. 00 for major measures. Nevertheless sustained employment includes full-time study in Methods but excludes study in table footnotes, so the condition identified by the extracted 111 and 21 counts is uncertain. ICD-10 research diagnosis addresses eligibility, not validity of the vocational outcome. Independent AI verification; does not satisfy a named human/non-author verification requirement."
chang2016_femp_t36m_paidoredu_jbi7_condition_measurement,chang2016_femp_t36m_paidoredu,jbi7_condition_measurement,unclear,unclear,yes,"chang2016, Methods 2.2 Measures, p. 2; Table 1 footnote b and Table 2 footnote e, p. 3; employment/education outcome definition and ascertainment section independently checked in full local PDF text",Codex AI independent verification agent 2,2026-10-01,source_checked_agreement,"Employment was determined for every month of the 3 years from records using standardised data-entry forms, which is standard across participants; but WHAT was counted cannot be established, because the source defines the same variable in two incompatible ways (Methods 2.2 includes full-time study, Table 1 footnote b and Table 2 footnote e count work only). Ascertainment is also entirely from clinical records, with no direct enquiry of the participant and no validated vocational measure, and the report itself concedes that 'only data that could be reliably extracted from records were targeted for retrieval and analysis'. Independent AI verification; does not satisfy a named human/non-author verification requirement."
chang2016_femp_t36m_paidoredu_jbi8_statistical_analysis,chang2016_femp_t36m_paidoredu,jbi8_statistical_analysis,unclear,unclear,yes,"chang2016, Table 1, p. 3",Codex AI independent verification agent 2,2026-10-01,source_checked_agreement,"The comparative tests (chi-square, t-tests, logistic and linear regression with baseline covariates) are appropriate for the question asked, but the prevalence itself is reported without a confidence interval and without a stated denominator, and at least one printed test statistic cannot be reproduced from the printed counts on any denominator (functional remission, chi-square 6.1, needs a base near 365 while its own percentage of 20.3% needs 374). The analysis as printed cannot be checked. Independent AI verification; does not satisfy a named human/non-author verification requirement."
chang2016_femp_t36m_paidoredu_jbi9_response_rate,chang2016_femp_t36m_paidoredu,jbi9_response_rate,yes,yes,yes,"chang2016, Results 3, p. 2; Table 2, p. 3",Codex AI independent verification agent 2,2026-10-01,source_checked_agreement,"420 of 515 (81.6%) completed 3-year follow-up, which is adequate, and the report does not simply assert it: it runs and reports an attrition analysis. The differences it found (completers had shorter DUP and lower baseline SOFAS) were then left unadjusted, and baseline SOFAS is one of only two independent predictors of sustained employment in this same report, so the response rate is adequate but its consequences are not managed. Independent AI verification; does not satisfy a named human/non-author verification requirement."
clarke2023_cohort_t18m_paidany_jbi1_sample_frame,clarke2023_cohort_t18m_paidany,jbi1_sample_frame,no,no,yes,"clarke2023, Materials and methods, Participants, p. 771; killackey2019, Method, Participants, p. 76 and Results, Representativeness, p. 77",Codex AI independent verification agent 2,2026-10-01,source_checked_agreement,"Estimand: point prevalence of current paid work at 18 months in the whole trial-derived cohort. The target population of this review is people with first-episode psychosis; the sample frame is EPPIC clients who 'had expressed an interest in vocational recovery' and 'a desire to reach an employment or educational goal', and who had at least 6 months of the programme left to run. That frame is selected on wanting to work, which is a determinant of the outcome being estimated. The parent report states the position explicitly: the recruited sample was believed representative of 'the population of individuals with FEP seeking employment', a narrower population than the one this review estimates for. This is the same fact that sets employment_selection_status = selected, recorded here so the appraisal and the population gate agree. Independent AI verification; does not satisfy a named human/non-author verification requirement."
clarke2023_cohort_t18m_paidany_jbi2_participant_sampling,clarke2023_cohort_t18m_paidany,jbi2_participant_sampling,no,no,yes,"killackey2019, Results, Sample characteristics and Representativeness, p. 77; clarke2023, Results, Sample characteristics, p. 772",Codex AI independent verification agent 2,2026-10-01,source_checked_agreement,"Not a census and not a random sample. Over three years the potential pool was about 800 EPPIC clients, of whom about half were estimated to be unemployed and 53% of people with FEP are cited as wanting work; 171 were approached and assessed for eligibility, 25 were excluded (23 declined, 2 too unwell) and 146 were randomised. How the 171 were selected from the pool is not described beyond their having expressed vocational interest, and consent to a randomised trial adds a second layer of self-selection. Independent AI verification; does not satisfy a named human/non-author verification requirement."
clarke2023_cohort_t18m_paidany_jbi3_sample_size,clarke2023_cohort_t18m_paidany,jbi3_sample_size,yes,yes,yes,"clarke2023, Table 1, p. 773; killackey2019, Method, Trial design, p. 76",Codex AI independent verification agent 2,2026-10-01,source_checked_agreement,"The estimate rests on 100 participants with observed 18-month status. At the observed 37%, the exact binomial 95% interval is approximately 27.6% to 47.2%, which is wide but adequate for a single-cohort proportion. The trial was powered for the employment comparison rather than for a prevalence estimate. Independent AI verification; does not satisfy a named human/non-author verification requirement."
clarke2023_cohort_t18m_paidany_jbi4_subjects_setting_described,clarke2023_cohort_t18m_paidany,jbi4_subjects_setting_described,yes,yes,yes,"clarke2023, Materials and methods, Participants, p. 771 and Table 1, p. 773 and Table 4, p. 775; killackey2019, Method, Participants, p. 77",Codex AI independent verification agent 2,2026-10-01,source_checked_agreement,"The setting is a public early-psychosis programme (EPPIC, Orygen, Melbourne) serving a defined catchment of about one million people with roughly 250,000 in the 15-25 age range. Participants are described by age, sex, DSM-IV-TR diagnosis, duration of untreated psychosis, symptoms, cognition, functioning and social inclusion at both baseline and follow-up, and by treatment allocation. Independent AI verification; does not satisfy a named human/non-author verification requirement."
clarke2023_cohort_t18m_paidany_jbi5_coverage_of_sample,clarke2023_cohort_t18m_paidany,jbi5_coverage_of_sample,no,no,yes,"clarke2023, Results, Sample characteristics, p. 772; killackey2019, Results, Participant flow, p. 78",Codex AI independent verification agent 2,2026-10-01,source_checked_agreement,"The 100 analysed are 68.5% of the 146 randomised and 69.0% of the 145 clarke2023 analyses. The report asserts 'no major differences between participants who did and did not complete the follow-up assessment' but places the supporting comparison in Appendix 3, which is not present in the PDF, so the claim cannot be checked. The parent report gives one relevant difference: those who provided 18-month data were significantly more likely to have been studying at 12 months (59.4% v. 28.6%, P = 0.030), which is a vocational variable. No imputation or weighting was applied. Independent AI verification; does not satisfy a named human/non-author verification requirement."
clarke2023_cohort_t18m_paidany_jbi6_condition_identification,clarke2023_cohort_t18m_paidany,jbi6_condition_identification,yes,yes,yes,"clarke2023, Materials and methods, Clinical characteristics, p. 771 and Table 1, p. 773; employment/education outcome definition and ascertainment section independently checked in full local PDF text",Codex AI independent verification agent 2,2026-10-01,corrected_rationale_only,Table 1 identifies 37 of 100 participants as currently in paid work at 18 months. Remunerated work and its current-status reference are explicit enough to identify any-paid-work status without imposing an hours or minimum-wage threshold. The collection item and its reliability are unreported and remain uncertain under item 7. SCID diagnoses concern eligibility. Independent AI verification; does not satisfy a named human/non-author verification requirement.
clarke2023_cohort_t18m_paidany_jbi7_condition_measurement,clarke2023_cohort_t18m_paidany,jbi7_condition_measurement,unclear,unclear,yes,"clarke2023, Materials and methods, Measures, Functioning, pp. 771-772 and Table 1, p. 773; employment/education outcome definition and ascertainment section independently checked in full local PDF text",Codex AI independent verification agent 2,2026-10-01,source_checked_agreement,"The outcome for this estimand is current paid work. It was collected at the same 18-month assessment for every participant and reported as a single binary variable, so it is standard across participants; but WHAT was counted cannot be established. The report says only that 'employment status was treated as a binary variable (i.e. employed and unemployed)' and labels the table row 'Currently in paid work'. There is no definition of paid work, no hours or wage threshold, no reference period, and no verification against records. The parent trial's separate 6-month outcome carries a legislated-minimum-wage floor, and it cannot be established whether the same instrument produced this variable. Independent AI verification; does not satisfy a named human/non-author verification requirement."
clarke2023_cohort_t18m_paidany_jbi8_statistical_analysis,clarke2023_cohort_t18m_paidany,jbi8_statistical_analysis,unclear,unclear,yes,"clarke2023, Table 1, p. 773 and Table 4, p. 775",Codex AI independent verification agent 2,2026-10-01,source_checked_agreement,"For this estimand the analysis is a count and a percentage with no confidence interval; employment enters the paper only as a descriptive characteristic and as a predictor in multinomial models of quality-of-life cluster membership. The follow-up column that supplies the result is internally consistent (37 + 63 = 100, and the three cluster counts 13 + 18 + 6 = 37 over 31 + 48 + 21 = 100). The baseline column of the same table is not: it is headed N = 145 and its counts sum to 145, but the printed percentages for paid work (16.44% and 82.88%) and for male sex (69.18%) are computed on 146, and one diagnostic percentage (13.87% for 20 bipolar cases) reproduces on neither. The table's arithmetic is therefore only partly checkable, which is why this is unclear rather than yes. Independent AI verification; does not satisfy a named human/non-author verification requirement."
clarke2023_cohort_t18m_paidany_jbi9_response_rate,clarke2023_cohort_t18m_paidany,jbi9_response_rate,no,no,yes,"clarke2023, Results, Sample characteristics, p. 772; killackey2019, Results, Participant flow, p. 78",Codex AI independent verification agent 2,2026-10-01,source_checked_agreement,"One hundred of 146 randomised participants (68.5%) supply the estimate. Attrition is neither imputed nor weighted, the attrition comparison is in an appendix absent from the PDF, and the parent report shows that 18-month response was associated with studying at 12 months. The rate is on the low side and its consequences are not managed. Independent AI verification; does not satisfy a named human/non-author verification requirement."
falk2016_men_cal2010_paidany__jbi1_sample_frame,falk2016_men_cal2010_paidany,jbi1_sample_frame,yes,yes,yes,"Materials and methods, Data sources and Study population, p. 260",Codex AI independent verification agent 2,2026-10-01,source_checked_agreement,"All first-time cases of non-affective psychosis aged 18-44 registered in in- or outpatient psychiatric care in the five Stockholm County catchment areas covered by the Psychiatric Care System, which covers 75% of the adult population; an appropriate frame for a catchment prevalence estimate. Independent AI verification; does not satisfy a named human/non-author verification requirement."
falk2016_men_cal2010_paidany__jbi2_participant_sampling,falk2016_men_cal2010_paidany,jbi2_participant_sampling,yes,yes,yes,"Materials and methods, Study population, p. 260",Codex AI independent verification agent 2,2026-10-01,source_checked_agreement,"Complete register enumeration rather than sampling: 756 cases with no earlier registration of the diagnosis in inpatient care since 1973 or outpatient care since 1997, linked by personal identity number. Independent AI verification; does not satisfy a named human/non-author verification requirement."
falk2016_men_cal2010_paidany__jbi3_sample_size,falk2016_men_cal2010_paidany,jbi3_sample_size,yes,yes,yes,"Table 1, p. 261; Table 2, p. 262",Codex AI independent verification agent 2,2026-10-01,source_checked_agreement,"421 men and 335 women give reported confidence intervals of roughly plus or minus 5 percentage points on the follow-up rates, which is adequate. Independent AI verification; does not satisfy a named human/non-author verification requirement."
falk2016_men_cal2010_paidany__jbi4_subjects_setting_described,falk2016_men_cal2010_paidany,jbi4_subjects_setting_described,yes,yes,yes,"Table 1, p. 261",Codex AI independent verification agent 2,2026-10-01,source_checked_agreement,"Table 1 reports age group, educational level, country of birth and marital status separately for men and women, alongside the same variables for the general population comparison group. Independent AI verification; does not satisfy a named human/non-author verification requirement."
falk2016_men_cal2010_paidany__jbi5_coverage_of_sample,falk2016_men_cal2010_paidany,jbi5_coverage_of_sample,yes,yes,yes,"Materials and methods, Study population, p. 260",Codex AI independent verification agent 2,2026-10-01,source_checked_agreement,Register linkage by personal identity number covers every identified case; the only exclusions are people who died during the inclusion year or migrated to or from Sweden at inclusion or in the five years before it. Independent AI verification; does not satisfy a named human/non-author verification requirement.
falk2016_men_cal2010_paidany__jbi6_condition_identification,falk2016_men_cal2010_paidany,jbi6_condition_identification,yes,yes,yes,"Materials and methods, Data sources and Measures, p. 260; employment/education outcome definition and ascertainment section independently checked in full local PDF text",Codex AI independent verification agent 2,2026-10-01,corrected_rationale_only,"Employment is operationalised by national LISA register income from paid employment; non-employment means no such income and includes students, unemployed and economically inactive people. This objectively distinguishes paid work from no paid income under the source definition. Psychiatric ICD-10 codes support eligibility separately. Independent AI verification; does not satisfy a named human/non-author verification requirement."
falk2016_men_cal2010_paidany__jbi7_condition_measurement,falk2016_men_cal2010_paidany,jbi7_condition_measurement,yes,yes,yes,"Materials and methods, Measures, p. 260; employment/education outcome definition and ascertainment section independently checked in full local PDF text",Codex AI independent verification agent 2,2026-10-01,source_checked_agreement,"Employment is derived from registered income from paid employment in the LISA national database rather than self-report, and is measured identically in the cases and the general population. Independent AI verification; does not satisfy a named human/non-author verification requirement."
falk2016_men_cal2010_paidany__jbi8_statistical_analysis,falk2016_men_cal2010_paidany,jbi8_statistical_analysis,no,yes,no,"Statistical analysis, p. 261; Table 2, p. 262",Codex AI independent verification agent 2,2026-10-01,corrected_judgement_and_rationale,"Sex-stratified directly age-standardised rates with 95% confidence intervals are calculated using the Stockholm 2005 standard population, and appropriate register denominators are described. This is appropriate statistical analysis of the source estimand. Standardised rates are not crude binomial counts and remain unsuitable for direct pooling as such; non-extractability is not evidence that the source analysis is biased. Independent AI verification; does not satisfy a named human/non-author verification requirement."
falk2016_men_cal2010_paidany__jbi9_response_rate,falk2016_men_cal2010_paidany,jbi9_response_rate,yes,yes,yes,"Results, Baseline characteristics, p. 261",Codex AI independent verification agent 2,2026-10-01,source_checked_agreement,"Register ascertainment means there is no non-response, and the only attrition, death, is reported: 2.9% of the cases had died by follow-up (men n = 13, women n = 9) against 0.33% of the general population. Independent AI verification; does not satisfy a named human/non-author verification requirement."
falk2016_women_cal2010_paidany__jbi1_sample_frame,falk2016_women_cal2010_paidany,jbi1_sample_frame,yes,yes,yes,"Materials and methods, Data sources and Study population, p. 260",Codex AI independent verification agent 2,2026-10-01,source_checked_agreement,"All first-time cases of non-affective psychosis aged 18-44 registered in in- or outpatient psychiatric care in the five Stockholm County catchment areas covered by the Psychiatric Care System, which covers 75% of the adult population; an appropriate frame for a catchment prevalence estimate. Independent AI verification; does not satisfy a named human/non-author verification requirement."
falk2016_women_cal2010_paidany__jbi2_participant_sampling,falk2016_women_cal2010_paidany,jbi2_participant_sampling,yes,yes,yes,"Materials and methods, Study population, p. 260",Codex AI independent verification agent 2,2026-10-01,source_checked_agreement,"Complete register enumeration rather than sampling: 756 cases with no earlier registration of the diagnosis in inpatient care since 1973 or outpatient care since 1997, linked by personal identity number. Independent AI verification; does not satisfy a named human/non-author verification requirement."
falk2016_women_cal2010_paidany__jbi3_sample_size,falk2016_women_cal2010_paidany,jbi3_sample_size,yes,yes,yes,"Table 1, p. 261; Table 2, p. 262",Codex AI independent verification agent 2,2026-10-01,source_checked_agreement,"421 men and 335 women give reported confidence intervals of roughly plus or minus 5 percentage points on the follow-up rates, which is adequate. Independent AI verification; does not satisfy a named human/non-author verification requirement."
falk2016_women_cal2010_paidany__jbi4_subjects_setting_described,falk2016_women_cal2010_paidany,jbi4_subjects_setting_described,yes,yes,yes,"Table 1, p. 261",Codex AI independent verification agent 2,2026-10-01,source_checked_agreement,"Table 1 reports age group, educational level, country of birth and marital status separately for men and women, alongside the same variables for the general population comparison group. Independent AI verification; does not satisfy a named human/non-author verification requirement."
falk2016_women_cal2010_paidany__jbi5_coverage_of_sample,falk2016_women_cal2010_paidany,jbi5_coverage_of_sample,yes,yes,yes,"Materials and methods, Study population, p. 260",Codex AI independent verification agent 2,2026-10-01,source_checked_agreement,Register linkage by personal identity number covers every identified case; the only exclusions are people who died during the inclusion year or migrated to or from Sweden at inclusion or in the five years before it. Independent AI verification; does not satisfy a named human/non-author verification requirement.
falk2016_women_cal2010_paidany__jbi6_condition_identification,falk2016_women_cal2010_paidany,jbi6_condition_identification,yes,yes,yes,"Materials and methods, Data sources and Measures, p. 260; employment/education outcome definition and ascertainment section independently checked in full local PDF text",Codex AI independent verification agent 2,2026-10-01,corrected_rationale_only,"Employment is operationalised by national LISA register income from paid employment; non-employment means no such income and includes students, unemployed and economically inactive people. This objectively distinguishes paid work from no paid income under the source definition. Psychiatric ICD-10 codes support eligibility separately. Independent AI verification; does not satisfy a named human/non-author verification requirement."
falk2016_women_cal2010_paidany__jbi7_condition_measurement,falk2016_women_cal2010_paidany,jbi7_condition_measurement,yes,yes,yes,"Materials and methods, Measures, p. 260; employment/education outcome definition and ascertainment section independently checked in full local PDF text",Codex AI independent verification agent 2,2026-10-01,source_checked_agreement,"Employment is derived from registered income from paid employment in the LISA national database rather than self-report, and is measured identically in the cases and the general population. Independent AI verification; does not satisfy a named human/non-author verification requirement."
falk2016_women_cal2010_paidany__jbi8_statistical_analysis,falk2016_women_cal2010_paidany,jbi8_statistical_analysis,no,yes,no,"Statistical analysis, p. 261; Table 2, p. 262",Codex AI independent verification agent 2,2026-10-01,corrected_judgement_and_rationale,"Sex-stratified directly age-standardised rates with 95% confidence intervals are calculated using the Stockholm 2005 standard population, and appropriate register denominators are described. This is appropriate statistical analysis of the source estimand. Standardised rates are not crude binomial counts and remain unsuitable for direct pooling as such; non-extractability is not evidence that the source analysis is biased. Independent AI verification; does not satisfy a named human/non-author verification requirement."
falk2016_women_cal2010_paidany__jbi9_response_rate,falk2016_women_cal2010_paidany,jbi9_response_rate,yes,yes,yes,"Results, Baseline characteristics, p. 261",Codex AI independent verification agent 2,2026-10-01,source_checked_agreement,"Register ascertainment means there is no non-response, and the only attrition, death, is reported: 2.9% of the cases had died by follow-up (men n = 13, women n = 9) against 0.33% of the general population. Independent AI verification; does not satisfy a named human/non-author verification requirement."
gjerdalen2023_cohort_t60m_paidcomp__q1_sample_frame,gjerdalen2023_cohort_t60m_paidcomp,jbi1_sample_frame,no,no,yes,"gjerdalen2023, 2.3 Participants pp. 24-25 and Discussion p. 28; evensen2017, Figure 1 p. 182",Codex AI independent verification agent 2,2026-10-01,source_checked_agreement,"The sampling frame is people referred to, and starting, a vocational rehabilitation programme earmarked for schizophrenia spectrum disorders in six Norwegian counties, not people with schizophrenia in a defined population. 319 were referred, 61 declined 'mainly due to lack of motivation' and 25 eligible people did not start the vocational rehabilitation and are outside the cohort; gjerdalen2023 states that 'all the participants exhibited some level of motivation to work'. The frame is therefore conditioned on the exposure of interest. Independent AI verification; does not satisfy a named human/non-author verification requirement."
gjerdalen2023_cohort_t60m_paidcomp__q2_sampling_method,gjerdalen2023_cohort_t60m_paidcomp,jbi2_participant_sampling,no,no,yes,"gjerdalen2023, 2.3 Participants p. 24",Codex AI independent verification agent 2,2026-10-01,source_checked_agreement,"Non-probability recruitment: referral from local mental health centres and vocational services, plus self-referral, with no enumeration of the underlying catchment population and no consecutive or random sampling. Volunteers into a work programme are not representative of the schizophrenia population whose employment rate is the estimand. gjerdalen2023 repeats the same recruitment route: 'Participants were primarily referred from mental health and vocational services within their catchment area, but self-referral was also possible.' Independent AI verification; does not satisfy a named human/non-author verification requirement."
gjerdalen2023_cohort_t60m_paidcomp__q3_sample_size,gjerdalen2023_cohort_t60m_paidcomp,jbi3_sample_size,yes,yes,yes,"gjerdalen2023, Table 1 p. 26 and Results 3.2 p. 25",Codex AI independent verification agent 2,2026-10-01,source_checked_agreement,All 148 who entered are carried to the 5-year analysis. At an observed proportion of 0.22 the exact binomial 95 per cent interval is roughly 0.16 to 0.30. Independent AI verification; does not satisfy a named human/non-author verification requirement.
gjerdalen2023_cohort_t60m_paidcomp__q4_subjects_and_setting,gjerdalen2023_cohort_t60m_paidcomp,jbi4_subjects_setting_described,yes,yes,yes,"gjerdalen2023, Table 1 p. 26; 2.1-2.3 pp. 24-25",Codex AI independent verification agent 2,2026-10-01,source_checked_agreement,"Table 1 reports diagnosis breakdown, age, sex, ethnicity, education, antipsychotic DDD, duration of illness, previous work experience, symptoms, GAF and (in gjerdalen2023) IQ and MCCB scores, separately by allocation group. The six-county setting, the JUMP programme content and the Norwegian welfare and vocational-service context are described at length. Independent AI verification; does not satisfy a named human/non-author verification requirement."
gjerdalen2023_cohort_t60m_paidcomp__q5_coverage_of_identified_sample,gjerdalen2023_cohort_t60m_paidcomp,jbi5_coverage_of_sample,yes,yes,yes,"gjerdalen2023, 2.4.3 Employment data p. 25; evensen2017, Results p. 183",Codex AI independent verification agent 2,2026-10-01,source_checked_agreement,"5-year employment status came from mandatory national registers: all employees are registered by their employer with NAV, the self-employed with the Register of Business Enterprises, and the data are controlled against tax returns before Statistics Norway compiles them. Ascertainment is effectively complete for residents and no losses are reported. Qualification: the 148 base includes the 2 participants whom evensen2017 records as having died before the 2-year follow-up, so 2 of the denominator could not have been employed. Independent AI verification; does not satisfy a named human/non-author verification requirement."
gjerdalen2023_cohort_t60m_paidcomp__q6_condition_identification_valid,gjerdalen2023_cohort_t60m_paidcomp,jbi6_condition_identification,yes,yes,yes,"gjerdalen2023, 2.3 Participants p. 25; 2.4.1 p. 25; employment/education outcome definition and ascertainment section independently checked in full local PDF text",Codex AI independent verification agent 2,2026-10-01,corrected_rationale_only,Competitive employment at five years is identified through mandatory employee/self-employed registers checked against tax returns. Employment requires at least one month worked during the last calendar year. These administrative sources provide a valid identification process for the reported competitive outcome. MINI psychosis diagnoses establish eligibility separately. Independent AI verification; does not satisfy a named human/non-author verification requirement.
gjerdalen2023_cohort_t60m_paidcomp__q7_condition_measured_reliably,gjerdalen2023_cohort_t60m_paidcomp,jbi7_condition_measurement,unclear,yes,no,"gjerdalen2023, 2.4.3 Employment data p. 25; employment/education outcome definition and ascertainment section independently checked in full local PDF text",Codex AI independent verification agent 2,2026-10-01,corrected_judgement_and_rationale,"The same national employment/self-employment registers, checked against tax returns, are applied to all participants. The last-calendar-year requirement is explicit and standard across participants. Variation between calendar-year observation and an individual fifth-year landmark limits applicability to this review, not standardisation or reliability of register measurement itself. Independent AI verification; does not satisfy a named human/non-author verification requirement."
gjerdalen2023_cohort_t60m_paidcomp__q8_statistical_analysis,gjerdalen2023_cohort_t60m_paidcomp,jbi8_statistical_analysis,unclear,unclear,yes,"gjerdalen2023, Results 3.2 p. 25 and Figure 1 p. 26",Codex AI independent verification agent 2,2026-10-01,source_checked_agreement,Proportions are reported without confidence intervals and the denominator is never stated; 148 is recovered from the printed percentage and confirmed by the arm-level reweighting. The denominator also includes 2 known deaths. Independent AI verification; does not satisfy a named human/non-author verification requirement.
gjerdalen2023_cohort_t60m_paidcomp__q9_response_rate,gjerdalen2023_cohort_t60m_paidcomp,jbi9_response_rate,yes,yes,yes,"gjerdalen2023, 5. Strengths and limitations p. 28",Codex AI independent verification agent 2,2026-10-01,source_checked_agreement,Register linkage rather than response; no participant is lost. This is the principal strength the authors claim: 'five-year follow-up data on employment was extracted from mandatory registers on employment status'. Independent AI verification; does not satisfy a named human/non-author verification requirement.
F08_hakulinen2020_cohort_t0_paidany_scz_jbi1_sample_frame,hakulinen2020_cohort_t0_paidany_scz,jbi1_sample_frame,yes,yes,yes,"Methods, Study Population and Participants in the Case and Control Groups, p. 251; Discussion, limitations, p. 253",Codex AI independent verification agent 2,2026-10-01,source_checked_agreement,"The frame is every individual hospitalised in Finland between 1988 and 2015 with the relevant primary diagnosis, identified through the national Hospital Discharge Register, which the authors state includes all admissions to Finnish hospitals. For treated severe psychotic illness this is a complete national ascertainment. It is explicitly not a frame for the whole psychosis population: 'this study included only individuals who were treated in a hospital because of their mental disorder. Individuals who received treatment in primary care or in outpatient clinics, or who did not seek treatment at all, were not included', which limits applicability to less severe or better-managed illness rather than introducing bias into what was measured. Independent AI verification; does not satisfy a named human/non-author verification requirement."
F08_hakulinen2020_cohort_t0_paidany_scz_jbi2_participant_sampling,hakulinen2020_cohort_t0_paidany_scz,jbi2_participant_sampling,yes,yes,yes,"Methods, Participants in the Case and Control Groups, p. 251",Codex AI independent verification agent 2,2026-10-01,source_checked_agreement,"No sampling: all individuals meeting the diagnosis, calendar-period and age criteria were included. Only the control group was sampled, at random with matching on sex and birth year and month, and the control group is not used in this review. Independent AI verification; does not satisfy a named human/non-author verification requirement."
F08_hakulinen2020_cohort_t0_paidany_scz_jbi3_sample_size,hakulinen2020_cohort_t0_paidany_scz,jbi3_sample_size,yes,yes,yes,"Results, p. 251; Table 1, Year 0 row, p. 252",Codex AI independent verification agent 2,2026-10-01,source_checked_agreement,"6,939 with schizophrenia and 34,565 with other nonaffective psychosis at the diagnosis year, from a total of 50,551 identified. Very large for a prevalence estimate. Independent AI verification; does not satisfy a named human/non-author verification requirement."
F08_hakulinen2020_cohort_t0_paidany_scz_jbi4_subjects_setting_described,hakulinen2020_cohort_t0_paidany_scz,jbi4_subjects_setting_described,unclear,unclear,yes,"Methods, pp. 250-251; Table 1, p. 252",Codex AI independent verification agent 2,2026-10-01,source_checked_agreement,"The setting, the registers and the case definition are described clearly, and Table 1 gives the number of participants in each diagnostic group at every measurement year, which is more than most register reports provide. But no participant characteristics are given for any case group: no sex distribution, no age at first hospitalisation, no education, no calendar-year distribution. A reader cannot tell whom the 14% employed refers to beyond the diagnosis. Independent AI verification; does not satisfy a named human/non-author verification requirement."
F08_hakulinen2020_cohort_t0_paidany_scz_jbi5_coverage_of_sample,hakulinen2020_cohort_t0_paidany_scz,jbi5_coverage_of_sample,yes,yes,yes,"Methods, Statistical Analyses, p. 251; Table 1, p. 252",Codex AI independent verification agent 2,2026-10-01,source_checked_agreement,"For the diagnosis year the coverage is complete: Table 1's year-0 counts of 6,939 and 34,565 equal the total numbers identified with each diagnosis, so nobody was lost at the timepoint extracted. The analytic rule is stated ('If an individual did not have data for a certain year, the corresponding case or control participant was not included in the statistical analyses') and its effect is visible in Table 1, where the counts fall away in both directions from year 0 as FLEED coverage and calendar time allow. Independent AI verification; does not satisfy a named human/non-author verification requirement."
F08_hakulinen2020_cohort_t0_paidany_scz_jbi6_condition_identification,hakulinen2020_cohort_t0_paidany_scz,jbi6_condition_identification,yes,yes,yes,"Methods, Participants in the Case and Control Groups, p. 251; Discussion, limitations, p. 253; employment/education outcome definition and ascertainment section independently checked in full local PDF text",Codex AI independent verification agent 2,2026-10-01,corrected_rationale_only,"FLEED administrative labour-market records identify working or self-employed people in the last week of each calendar year; everyone else is non-employed. This is a valid explicit employment-identification process. Hospital ICD diagnostic validation supports cohort eligibility, not the validity of employment ascertainment. Independent AI verification; does not satisfy a named human/non-author verification requirement."
F08_hakulinen2020_cohort_t0_paidany_scz_jbi7_condition_measurement,hakulinen2020_cohort_t0_paidany_scz,jbi7_condition_measurement,yes,yes,yes,"Methods, p. 251; Discussion, limitations, p. 253; employment/education outcome definition and ascertainment section independently checked in full local PDF text",Codex AI independent verification agent 2,2026-10-01,corrected_rationale_only,The same FLEED administrative register method measures working/self-employment in the last week of each calendar year for every participant. Uniform register measurement supports yes. Psychiatric observation during hospital admission is unrelated to measuring employment. Calendar-year alignment and loss of yearly register eligibility are separate applicability/coverage issues. Independent AI verification; does not satisfy a named human/non-author verification requirement.
F08_hakulinen2020_cohort_t0_paidany_scz_jbi8_statistical_analysis,hakulinen2020_cohort_t0_paidany_scz,jbi8_statistical_analysis,unclear,unclear,yes,"Results, p. 251; Figure 1, p. 252",Codex AI independent verification agent 2,2026-10-01,corrected_rationale_only,"Year 0 employment 968/6939 and 11335/34565 is arithmetically checkable, and the report uses simple descriptive proportions. Confidence intervals are not reported and whole-population case characteristics are sparse, so prevalence statistical reporting remains unclear. Authors Contacted.xlsx Sheet1 cell F8 now supplies 21 SCZ employed counts and denominators for years-10 to +10. All 21 denominators independently match Table 1; year 0 numerator 968 matches the published text. The author-sheet year 0 percentage 13. 9% is a small rounding error: 968/6939=13. 95014%, conventionally 14. 0% at one decimal place. Later numerators are author-sheet evidence and must not be treated as printed article counts. These additional points require result-level timing/coverage appraisal; no new RoB rows are added in this assignment. Independent AI verification; does not satisfy a named human/non-author verification requirement."
F08_hakulinen2020_cohort_t0_paidany_scz_jbi9_response_rate,hakulinen2020_cohort_t0_paidany_scz,jbi9_response_rate,not_applicable,not_applicable,yes,"Methods, Study Population, p. 251",Codex AI independent verification agent 2,2026-10-01,source_checked_agreement,"There is no response process: the data are administrative register linkage with no participation, consent or non-response. Coverage over the measurement years is appraised under item 5. Independent AI verification; does not satisfy a named human/non-author verification requirement."
F08_hakulinen2020_cohort_t0_paidany_nonaff_jbi1_sample_frame,hakulinen2020_cohort_t0_paidany_nonaff,jbi1_sample_frame,yes,yes,yes,"Methods, Study Population and Participants in the Case and Control Groups, p. 251; Discussion, limitations, p. 253",Codex AI independent verification agent 2,2026-10-01,source_checked_agreement,"The frame is every individual hospitalised in Finland between 1988 and 2015 with the relevant primary diagnosis, identified through the national Hospital Discharge Register, which the authors state includes all admissions to Finnish hospitals. For treated severe psychotic illness this is a complete national ascertainment. It is explicitly not a frame for the whole psychosis population: 'this study included only individuals who were treated in a hospital because of their mental disorder. Individuals who received treatment in primary care or in outpatient clinics, or who did not seek treatment at all, were not included', which limits applicability to less severe or better-managed illness rather than introducing bias into what was measured. Independent AI verification; does not satisfy a named human/non-author verification requirement."
F08_hakulinen2020_cohort_t0_paidany_nonaff_jbi2_participant_sampling,hakulinen2020_cohort_t0_paidany_nonaff,jbi2_participant_sampling,yes,yes,yes,"Methods, Participants in the Case and Control Groups, p. 251",Codex AI independent verification agent 2,2026-10-01,source_checked_agreement,"No sampling: all individuals meeting the diagnosis, calendar-period and age criteria were included. Only the control group was sampled, at random with matching on sex and birth year and month, and the control group is not used in this review. Independent AI verification; does not satisfy a named human/non-author verification requirement."
F08_hakulinen2020_cohort_t0_paidany_nonaff_jbi3_sample_size,hakulinen2020_cohort_t0_paidany_nonaff,jbi3_sample_size,yes,yes,yes,"Results, p. 251; Table 1, Year 0 row, p. 252",Codex AI independent verification agent 2,2026-10-01,source_checked_agreement,"6,939 with schizophrenia and 34,565 with other nonaffective psychosis at the diagnosis year, from a total of 50,551 identified. Very large for a prevalence estimate. Independent AI verification; does not satisfy a named human/non-author verification requirement."
F08_hakulinen2020_cohort_t0_paidany_nonaff_jbi4_subjects_setting_described,hakulinen2020_cohort_t0_paidany_nonaff,jbi4_subjects_setting_described,unclear,unclear,yes,"Methods, pp. 250-251; Table 1, p. 252",Codex AI independent verification agent 2,2026-10-01,source_checked_agreement,"The setting, the registers and the case definition are described clearly, and Table 1 gives the number of participants in each diagnostic group at every measurement year, which is more than most register reports provide. But no participant characteristics are given for any case group: no sex distribution, no age at first hospitalisation, no education, no calendar-year distribution. A reader cannot tell whom the 14% employed refers to beyond the diagnosis. Independent AI verification; does not satisfy a named human/non-author verification requirement."
F08_hakulinen2020_cohort_t0_paidany_nonaff_jbi5_coverage_of_sample,hakulinen2020_cohort_t0_paidany_nonaff,jbi5_coverage_of_sample,yes,yes,yes,"Methods, Statistical Analyses, p. 251; Table 1, p. 252",Codex AI independent verification agent 2,2026-10-01,source_checked_agreement,"For the diagnosis year the coverage is complete: Table 1's year-0 counts of 6,939 and 34,565 equal the total numbers identified with each diagnosis, so nobody was lost at the timepoint extracted. The analytic rule is stated ('If an individual did not have data for a certain year, the corresponding case or control participant was not included in the statistical analyses') and its effect is visible in Table 1, where the counts fall away in both directions from year 0 as FLEED coverage and calendar time allow. Independent AI verification; does not satisfy a named human/non-author verification requirement."
F08_hakulinen2020_cohort_t0_paidany_nonaff_jbi6_condition_identification,hakulinen2020_cohort_t0_paidany_nonaff,jbi6_condition_identification,yes,yes,yes,"Methods, Participants in the Case and Control Groups, p. 251; Discussion, limitations, p. 253; employment/education outcome definition and ascertainment section independently checked in full local PDF text",Codex AI independent verification agent 2,2026-10-01,corrected_rationale_only,"FLEED administrative labour-market records identify working or self-employed people in the last week of each calendar year; everyone else is non-employed. This is a valid explicit employment-identification process. Hospital ICD diagnostic validation supports cohort eligibility, not the validity of employment ascertainment. Independent AI verification; does not satisfy a named human/non-author verification requirement."
F08_hakulinen2020_cohort_t0_paidany_nonaff_jbi7_condition_measurement,hakulinen2020_cohort_t0_paidany_nonaff,jbi7_condition_measurement,yes,yes,yes,"Methods, p. 251; Discussion, limitations, p. 253; employment/education outcome definition and ascertainment section independently checked in full local PDF text",Codex AI independent verification agent 2,2026-10-01,corrected_rationale_only,The same FLEED administrative register method measures working/self-employment in the last week of each calendar year for every participant. Uniform register measurement supports yes. Psychiatric observation during hospital admission is unrelated to measuring employment. Calendar-year alignment and loss of yearly register eligibility are separate applicability/coverage issues. Independent AI verification; does not satisfy a named human/non-author verification requirement.
F08_hakulinen2020_cohort_t0_paidany_nonaff_jbi8_statistical_analysis,hakulinen2020_cohort_t0_paidany_nonaff,jbi8_statistical_analysis,unclear,unclear,yes,"Results, p. 251; Figure 1, p. 252",Codex AI independent verification agent 2,2026-10-01,corrected_rationale_only,"Year 0 employment 968/6939 and 11335/34565 is arithmetically checkable, and the report uses simple descriptive proportions. Confidence intervals are not reported and whole-population case characteristics are sparse, so prevalence statistical reporting remains unclear. Authors Contacted.xlsx Sheet1 cell F8 now supplies 21 SCZ employed counts and denominators for years-10 to +10. All 21 denominators independently match Table 1; year 0 numerator 968 matches the published text. The author-sheet year 0 percentage 13. 9% is a small rounding error: 968/6939=13. 95014%, conventionally 14. 0% at one decimal place. Later numerators are author-sheet evidence and must not be treated as printed article counts. These additional points require result-level timing/coverage appraisal; no new RoB rows are added in this assignment. Independent AI verification; does not satisfy a named human/non-author verification requirement."
F08_hakulinen2020_cohort_t0_paidany_nonaff_jbi9_response_rate,hakulinen2020_cohort_t0_paidany_nonaff,jbi9_response_rate,not_applicable,not_applicable,yes,"Methods, Study Population, p. 251",Codex AI independent verification agent 2,2026-10-01,source_checked_agreement,"There is no response process: the data are administrative register linkage with no participation, consent or non-response. Coverage over the measurement years is appraised under item 5. Independent AI verification; does not satisfy a named human/non-author verification requirement."
harrow2017_sz_ap20y_t240m_vocact_robinsi_1_confounding,harrow2017_sz_ap20y_t240m_vocact,robinsi_1_confounding,serious,serious,yes,"harrow2017, Method 2.4 and 2.5, p. 269; Results 3.3 to 3.7, pp. 270-271",Codex AI independent verification agent 2,2026-10-01,source_checked_agreement,"Estimand: the effect of being prescribed antipsychotic medication, versus not being prescribed it, on working at the 20-year follow-up, in a naturalistic non-randomised comparison. The two counts (9 of 36 and 16 of 22) exist in the report only as the two sides of that comparison, which is why ROBINS-I rather than the JBI prevalence checklist is applied: neither count is a whole-cohort prevalence, and neither arm was randomised. This row is the 'prescribed antipsychotics at 20 years' side. Medication status was determined by clinicians and patients, not by the investigators, so confounding by indication is intrinsic: patients who remain on antipsychotics for twenty years differ systematically in illness severity, insight and treatment engagement from those who stop, and the report itself shows that those continuously prescribed antipsychotics were significantly more likely to have negative symptoms, which it also shows predicts not working. The authors address this seriously, with separate analyses controlling for prognostic potential (Vaillant), premorbid developmental achievement (Zigler), psychosis and negative symptoms, and a GEE logistic and proportional-odds model adjusting for prognosis, premorbid functioning and symptoms. Those adjustments are post-hoc, use dichotomised covariates, and cannot address baseline severity determining both medication continuation and work capacity. The specific 20-year comparison reported as 9/36 v. 16/22 is unadjusted. Independent AI verification; does not satisfy a named human/non-author verification requirement. Applicability: these stored arm-specific counts are not themselves a comparative effect estimate; tool judgement applies provisionally to the source comparison and cannot certify whole-cohort prevalence eligibility. Original signalling responses remain absent."
harrow2017_sz_ap20y_t240m_vocact_robinsi_2_selection,harrow2017_sz_ap20y_t240m_vocact,robinsi_2_selection,moderate,moderate,yes,"harrow2017, Method, p. 268 and Method 2.1, p. 268; Results 3.2, p. 270",Codex AI independent verification agent 2,2026-10-01,source_checked_agreement,"Participants entered the cohort as consecutive acute admissions, before any of the medication histories that define the comparison groups, so entry is not post-intervention. Selection into THIS analysis is post-baseline: it requires survival and attendance at the 20-year assessment (58 of the 70 schizophrenia patients) and definitive work data at that assessment. The report states that six patients with fewer than four assessments were excluded from the continuous-versus-never comparisons but included in the per-follow-up comparisons that produce these two counts, so the 36 and the 22 are the full set with 20-year data. Losses are not described by cause or compared with completers. Independent AI verification; does not satisfy a named human/non-author verification requirement. Applicability: these stored arm-specific counts are not themselves a comparative effect estimate; tool judgement applies provisionally to the source comparison and cannot certify whole-cohort prevalence eligibility. Original signalling responses remain absent."
harrow2017_sz_ap20y_t240m_vocact_robinsi_3_classification,harrow2017_sz_ap20y_t240m_vocact,robinsi_3_classification,moderate,moderate,yes,"harrow2017, Method 2.1, p. 268; Results 3.2, p. 270",Codex AI independent verification agent 2,2026-10-01,source_checked_agreement,"The groups are defined by whether antipsychotics were prescribed at the 20-year assessment, ascertained at the same interview as the outcome and prospectively at each earlier follow-up, so classification cannot have been influenced by knowledge of a later outcome. Two limits: prescription is not adherence, and the report gives no serum, pharmacy or dose verification; and this particular comparison classifies on CURRENT status only, 'regardless of whether these patients were continuously on antipsychotics throughout the 20 years', so it mixes long-term users with recent starters and recent stoppers. Independent AI verification; does not satisfy a named human/non-author verification requirement. Applicability: these stored arm-specific counts are not themselves a comparative effect estimate; tool judgement applies provisionally to the source comparison and cannot certify whole-cohort prevalence eligibility. Original signalling responses remain absent."
harrow2017_sz_ap20y_t240m_vocact_robinsi_4_deviations,harrow2017_sz_ap20y_t240m_vocact,robinsi_4_deviations,serious,serious,yes,"harrow2017, Method 2.1, p. 268; Discussion 4.1, p. 271",Codex AI independent verification agent 2,2026-10-01,source_checked_agreement,"This is a naturalistic study with 'no single uniform treatment plan for all patients' and a sample that 'included a number of patients who left treatment on their own, often against medical advice'. Medication status moved between the groups over time: 25 of the 70 schizophrenia patients were prescribed antipsychotics at every assessment, 15 at none, and 24 at some but not all. Because the exposure for this comparison is status at the 20-year visit only, the groups contain heterogeneous and unbalanced treatment histories, and co-interventions (rehabilitation, psychotherapy, hospitalisation) are neither standardised nor reported by group. Independent AI verification; does not satisfy a named human/non-author verification requirement. Applicability: these stored arm-specific counts are not themselves a comparative effect estimate; tool judgement applies provisionally to the source comparison and cannot certify whole-cohort prevalence eligibility. Original signalling responses remain absent."
harrow2017_sz_ap20y_t240m_vocact_robinsi_5_missing_data,harrow2017_sz_ap20y_t240m_vocact,robinsi_5_missing_data,moderate,moderate,yes,"harrow2017, Method, p. 268; Results 3.2, p. 270",Codex AI independent verification agent 2,2026-10-01,source_checked_agreement,"Fifty-eight of the 70 schizophrenia patients were followed at 20 years (83%), and the 36 and 22 sum exactly to that 58, so every followed-up patient has an outcome and a medication classification at this assessment. The 12 not followed are not described, no reasons for loss are given, no completer-versus-non-completer comparison is reported, and there is no imputation or sensitivity analysis. Over 20 years in a cohort with elevated mortality, that is a material and undescribed loss. Independent AI verification; does not satisfy a named human/non-author verification requirement. Applicability: these stored arm-specific counts are not themselves a comparative effect estimate; tool judgement applies provisionally to the source comparison and cannot certify whole-cohort prevalence eligibility. Original signalling responses remain absent."
harrow2017_sz_ap20y_t240m_vocact_robinsi_6_outcome_measurement,harrow2017_sz_ap20y_t240m_vocact,robinsi_6_outcome_measurement,moderate,moderate,yes,"harrow2017, Method 2.2 and 2.3, pp. 268-269",Codex AI independent verification agent 2,2026-10-01,source_checked_agreement,"Work functioning was rated with the Harrow Functioning Interview and scored on the Strauss-Carpenter 5-point scale by trained interviewers who were blind to the patients' diagnosis and to the results of previous follow-ups, and the same instrument was applied to both groups, which is a real strength. But medication use was assessed in the same interview, so the rater could not have been blind to the exposure, and the scale is an interviewer judgement rather than an administrative record. The outcome is also a broad composite that scores unpaid carers and half-time students as working, so it measures something wider than employment; that is a construct issue recorded on the result row, and it applies equally to both groups. Independent AI verification; does not satisfy a named human/non-author verification requirement. Applicability: these stored arm-specific counts are not themselves a comparative effect estimate; tool judgement applies provisionally to the source comparison and cannot certify whole-cohort prevalence eligibility. Original signalling responses remain absent."
harrow2017_sz_ap20y_t240m_vocact_robinsi_7_selective_reporting,harrow2017_sz_ap20y_t240m_vocact,robinsi_7_selective_reporting,moderate,moderate,yes,"harrow2017, Results 3.1 to 3.9, pp. 269-271; Supplemental Tables 2-4 cited on p. 269 but absent from the PDF",Codex AI independent verification agent 2,2026-10-01,source_checked_agreement,"There is no protocol, registration or prespecified analysis plan for this 2017 report of a cohort recruited in the 1970s. Work functioning is analysed at six follow-ups, by continuous-versus-never and by current-status definitions of exposure, with and without controls for psychosis, prognosis and premorbid achievement, in both logistic and proportional-odds models, and the counts reported in the text are those from one of these framings at one follow-up. The detailed per-follow-up data are in Supplemental Tables 2 to 4, which are cited but not present in the PDF, so what is not shown cannot be checked. Both directions of result are reported, including the non-significant logistic odds ratio of 1.76 (P = 0.17) alongside the significant proportional-odds 2.39 (P = 0.027). Independent AI verification; does not satisfy a named human/non-author verification requirement. Applicability: these stored arm-specific counts are not themselves a comparative effect estimate; tool judgement applies provisionally to the source comparison and cannot certify whole-cohort prevalence eligibility. Original signalling responses remain absent."
harrow2017_sz_ap20y_t240m_vocact_robinsi_overall,harrow2017_sz_ap20y_t240m_vocact,robinsi_overall,serious,serious,yes,"harrow2017, as cited in domains 1 to 7",Codex AI independent verification agent 2,2026-10-01,source_checked_agreement,"Serious, driven by confounding by indication (domain 1) and by heterogeneous, unbalanced treatment histories within a comparison defined on current medication status (domain 4). Not critical: the cohort was assembled prospectively before any exposure was defined, outcome assessors were blind to diagnosis and to previous assessments, the two groups exhaust the 20-year sample, and the authors themselves state that the data 'do not prove that antipsychotics interfere with work functioning'. For this review the counts are in any case secondary: the construct is not paid employment and the arms are non-randomised subgroups, so neither count can enter the prevalence pool or the intervention-effect pool. Independent AI verification; does not satisfy a named human/non-author verification requirement. Applicability: these stored arm-specific counts are not themselves a comparative effect estimate; tool judgement applies provisionally to the source comparison and cannot certify whole-cohort prevalence eligibility. Original signalling responses remain absent."
harrow2017_sz_noap20y_t240m_vocact_robinsi_1_confounding,harrow2017_sz_noap20y_t240m_vocact,robinsi_1_confounding,serious,serious,yes,"harrow2017, Method 2.4 and 2.5, p. 269; Results 3.3 to 3.7, pp. 270-271",Codex AI independent verification agent 2,2026-10-01,source_checked_agreement,"Estimand: the effect of being prescribed antipsychotic medication, versus not being prescribed it, on working at the 20-year follow-up, in a naturalistic non-randomised comparison. The two counts (9 of 36 and 16 of 22) exist in the report only as the two sides of that comparison, which is why ROBINS-I rather than the JBI prevalence checklist is applied: neither count is a whole-cohort prevalence, and neither arm was randomised. This row is the 'not prescribed antipsychotics at 20 years' side. Medication status was determined by clinicians and patients, not by the investigators, so confounding by indication is intrinsic: patients who remain on antipsychotics for twenty years differ systematically in illness severity, insight and treatment engagement from those who stop, and the report itself shows that those continuously prescribed antipsychotics were significantly more likely to have negative symptoms, which it also shows predicts not working. The authors address this seriously, with separate analyses controlling for prognostic potential (Vaillant), premorbid developmental achievement (Zigler), psychosis and negative symptoms, and a GEE logistic and proportional-odds model adjusting for prognosis, premorbid functioning and symptoms. Those adjustments are post-hoc, use dichotomised covariates, and cannot address baseline severity determining both medication continuation and work capacity. The specific 20-year comparison reported as 9/36 v. 16/22 is unadjusted. Independent AI verification; does not satisfy a named human/non-author verification requirement. Applicability: these stored arm-specific counts are not themselves a comparative effect estimate; tool judgement applies provisionally to the source comparison and cannot certify whole-cohort prevalence eligibility. Original signalling responses remain absent."
harrow2017_sz_noap20y_t240m_vocact_robinsi_2_selection,harrow2017_sz_noap20y_t240m_vocact,robinsi_2_selection,moderate,moderate,yes,"harrow2017, Method, p. 268 and Method 2.1, p. 268; Results 3.2, p. 270",Codex AI independent verification agent 2,2026-10-01,source_checked_agreement,"Participants entered the cohort as consecutive acute admissions, before any of the medication histories that define the comparison groups, so entry is not post-intervention. Selection into THIS analysis is post-baseline: it requires survival and attendance at the 20-year assessment (58 of the 70 schizophrenia patients) and definitive work data at that assessment. The report states that six patients with fewer than four assessments were excluded from the continuous-versus-never comparisons but included in the per-follow-up comparisons that produce these two counts, so the 36 and the 22 are the full set with 20-year data. Losses are not described by cause or compared with completers. Independent AI verification; does not satisfy a named human/non-author verification requirement. Applicability: these stored arm-specific counts are not themselves a comparative effect estimate; tool judgement applies provisionally to the source comparison and cannot certify whole-cohort prevalence eligibility. Original signalling responses remain absent."
harrow2017_sz_noap20y_t240m_vocact_robinsi_3_classification,harrow2017_sz_noap20y_t240m_vocact,robinsi_3_classification,moderate,moderate,yes,"harrow2017, Method 2.1, p. 268; Results 3.2, p. 270",Codex AI independent verification agent 2,2026-10-01,source_checked_agreement,"The groups are defined by whether antipsychotics were prescribed at the 20-year assessment, ascertained at the same interview as the outcome and prospectively at each earlier follow-up, so classification cannot have been influenced by knowledge of a later outcome. Two limits: prescription is not adherence, and the report gives no serum, pharmacy or dose verification; and this particular comparison classifies on CURRENT status only, 'regardless of whether these patients were continuously on antipsychotics throughout the 20 years', so it mixes long-term users with recent starters and recent stoppers. Independent AI verification; does not satisfy a named human/non-author verification requirement. Applicability: these stored arm-specific counts are not themselves a comparative effect estimate; tool judgement applies provisionally to the source comparison and cannot certify whole-cohort prevalence eligibility. Original signalling responses remain absent."
harrow2017_sz_noap20y_t240m_vocact_robinsi_4_deviations,harrow2017_sz_noap20y_t240m_vocact,robinsi_4_deviations,serious,serious,yes,"harrow2017, Method 2.1, p. 268; Discussion 4.1, p. 271",Codex AI independent verification agent 2,2026-10-01,source_checked_agreement,"This is a naturalistic study with 'no single uniform treatment plan for all patients' and a sample that 'included a number of patients who left treatment on their own, often against medical advice'. Medication status moved between the groups over time: 25 of the 70 schizophrenia patients were prescribed antipsychotics at every assessment, 15 at none, and 24 at some but not all. Because the exposure for this comparison is status at the 20-year visit only, the groups contain heterogeneous and unbalanced treatment histories, and co-interventions (rehabilitation, psychotherapy, hospitalisation) are neither standardised nor reported by group. Independent AI verification; does not satisfy a named human/non-author verification requirement. Applicability: these stored arm-specific counts are not themselves a comparative effect estimate; tool judgement applies provisionally to the source comparison and cannot certify whole-cohort prevalence eligibility. Original signalling responses remain absent."
harrow2017_sz_noap20y_t240m_vocact_robinsi_5_missing_data,harrow2017_sz_noap20y_t240m_vocact,robinsi_5_missing_data,moderate,moderate,yes,"harrow2017, Method, p. 268; Results 3.2, p. 270",Codex AI independent verification agent 2,2026-10-01,source_checked_agreement,"Fifty-eight of the 70 schizophrenia patients were followed at 20 years (83%), and the 36 and 22 sum exactly to that 58, so every followed-up patient has an outcome and a medication classification at this assessment. The 12 not followed are not described, no reasons for loss are given, no completer-versus-non-completer comparison is reported, and there is no imputation or sensitivity analysis. Over 20 years in a cohort with elevated mortality, that is a material and undescribed loss. Independent AI verification; does not satisfy a named human/non-author verification requirement. Applicability: these stored arm-specific counts are not themselves a comparative effect estimate; tool judgement applies provisionally to the source comparison and cannot certify whole-cohort prevalence eligibility. Original signalling responses remain absent."
harrow2017_sz_noap20y_t240m_vocact_robinsi_6_outcome_measurement,harrow2017_sz_noap20y_t240m_vocact,robinsi_6_outcome_measurement,moderate,moderate,yes,"harrow2017, Method 2.2 and 2.3, pp. 268-269",Codex AI independent verification agent 2,2026-10-01,source_checked_agreement,"Work functioning was rated with the Harrow Functioning Interview and scored on the Strauss-Carpenter 5-point scale by trained interviewers who were blind to the patients' diagnosis and to the results of previous follow-ups, and the same instrument was applied to both groups, which is a real strength. But medication use was assessed in the same interview, so the rater could not have been blind to the exposure, and the scale is an interviewer judgement rather than an administrative record. The outcome is also a broad composite that scores unpaid carers and half-time students as working, so it measures something wider than employment; that is a construct issue recorded on the result row, and it applies equally to both groups. Independent AI verification; does not satisfy a named human/non-author verification requirement. Applicability: these stored arm-specific counts are not themselves a comparative effect estimate; tool judgement applies provisionally to the source comparison and cannot certify whole-cohort prevalence eligibility. Original signalling responses remain absent."
harrow2017_sz_noap20y_t240m_vocact_robinsi_7_selective_reporting,harrow2017_sz_noap20y_t240m_vocact,robinsi_7_selective_reporting,moderate,moderate,yes,"harrow2017, Results 3.1 to 3.9, pp. 269-271; Supplemental Tables 2-4 cited on p. 269 but absent from the PDF",Codex AI independent verification agent 2,2026-10-01,source_checked_agreement,"There is no protocol, registration or prespecified analysis plan for this 2017 report of a cohort recruited in the 1970s. Work functioning is analysed at six follow-ups, by continuous-versus-never and by current-status definitions of exposure, with and without controls for psychosis, prognosis and premorbid achievement, in both logistic and proportional-odds models, and the counts reported in the text are those from one of these framings at one follow-up. The detailed per-follow-up data are in Supplemental Tables 2 to 4, which are cited but not present in the PDF, so what is not shown cannot be checked. Both directions of result are reported, including the non-significant logistic odds ratio of 1.76 (P = 0.17) alongside the significant proportional-odds 2.39 (P = 0.027). Independent AI verification; does not satisfy a named human/non-author verification requirement. Applicability: these stored arm-specific counts are not themselves a comparative effect estimate; tool judgement applies provisionally to the source comparison and cannot certify whole-cohort prevalence eligibility. Original signalling responses remain absent."
harrow2017_sz_noap20y_t240m_vocact_robinsi_overall,harrow2017_sz_noap20y_t240m_vocact,robinsi_overall,serious,serious,yes,"harrow2017, as cited in domains 1 to 7",Codex AI independent verification agent 2,2026-10-01,source_checked_agreement,"Serious, driven by confounding by indication (domain 1) and by heterogeneous, unbalanced treatment histories within a comparison defined on current medication status (domain 4). Not critical: the cohort was assembled prospectively before any exposure was defined, outcome assessors were blind to diagnosis and to previous assessments, the two groups exhaust the 20-year sample, and the authors themselves state that the data 'do not prove that antipsychotics interfere with work functioning'. For this review the counts are in any case secondary: the construct is not paid employment and the arms are non-randomised subgroups, so neither count can enter the prevalence pool or the intervention-effect pool. Independent AI verification; does not satisfy a named human/non-author verification requirement. Applicability: these stored arm-specific counts are not themselves a comparative effect estimate; tool judgement applies provisionally to the source comparison and cannot certify whole-cohort prevalence eligibility. Original signalling responses remain absent."
F08_hui2026_eianalysed_t48m_unclear_jbi1_sample_frame,hui2026_eianalysed_t48m_unclear,jbi1_sample_frame,no,no,yes,"Methods, Study design and participants, p. 284; Fig. 1, p. 285",Codex AI independent verification agent 2,2026-10-01,source_checked_agreement,"The analysed sample is not an appropriate frame for a prevalence estimate. It is two of the three allocation groups of a randomised trial: 120 of the 360 recruited were removed because they did not receive early intervention, 'excluded from the analysis to better isolate the impact of financial deprivation on psychosis recovery outcomes, as a previous study found a significant impact of EI on clinical and functional outcomes'. Since the excluded group is precisely the one whose care differed, and since early intervention is reported to affect functional outcomes, the retained sample's employment rate is conditioned on treatment received. The recruited frame beneath it is sound (consecutive first-episode presentations to a Hong Kong service), and the restriction to ages 26-55 is a deliberate and clearly stated design feature rather than a flaw. Independent AI verification; does not satisfy a named human/non-author verification requirement."
F08_hui2026_eianalysed_t48m_unclear_jbi2_participant_sampling,hui2026_eianalysed_t48m_unclear,jbi2_participant_sampling,yes,yes,yes,"Methods, Study design and participants, p. 284",Codex AI independent verification agent 2,2026-10-01,corrected_rationale_only,"The parent trial consecutively recruited 360 FEP adults in June 2009-August 2011. That supports appropriate within-service initial sampling, although participation in a trial still involves consent. Posthoc exclusion of 120 standard care participants conditions this analysis on treatment and is recorded under frame and coverage, not treated as random sampling. Independent AI verification; does not satisfy a named human/non-author verification requirement."
F08_hui2026_eianalysed_t48m_unclear_jbi3_sample_size,hui2026_eianalysed_t48m_unclear,jbi3_sample_size,yes,yes,yes,"Results, Descriptive information, p. 286; Fig. 1, p. 285",Codex AI independent verification agent 2,2026-10-01,source_checked_agreement,"234 with baseline income data and 219 followed to four years. Adequate for a prevalence estimate, and larger than most four-year first-episode follow-ups. Independent AI verification; does not satisfy a named human/non-author verification requirement."
F08_hui2026_eianalysed_t48m_unclear_jbi4_subjects_setting_described,hui2026_eianalysed_t48m_unclear,jbi4_subjects_setting_described,yes,yes,yes,"Methods, Study design and participants, p. 284; Table 1, pp. 287-288; Table 2, pp. 289-290",Codex AI independent verification agent 2,2026-10-01,source_checked_agreement,"Described in unusual detail. Table 1 gives demographics, socioeconomic variables, premorbid characteristics and help-seeking for both deprivation groups; Table 2 gives the full baseline diagnostic distribution, which sums exactly to 234; the inclusion and exclusion criteria are stated in full; and the Hong Kong service and policy context is set out at length. Independent AI verification; does not satisfy a named human/non-author verification requirement."
F08_hui2026_eianalysed_t48m_unclear_jbi5_coverage_of_sample,hui2026_eianalysed_t48m_unclear,jbi5_coverage_of_sample,no,no,yes,"Fig. 1, p. 285; Methods, Study design and participants, p. 284",Codex AI independent verification agent 2,2026-10-01,source_checked_agreement,"219 of the 360 recruited contribute at four years, 60.8%. The larger part of the loss is the deliberate exclusion of the 120 standard-care participants, which is not attrition but a design decision that removes a third of the recruited cohort on a treatment-related criterion; 6 more were removed for missing household income and 15 were lost by four years. The 6.4% attrition among those retained is itemised well; the 33.3% design exclusion is what makes the coverage inadequate for a whole-cohort estimate. Independent AI verification; does not satisfy a named human/non-author verification requirement."
F08_hui2026_eianalysed_t48m_unclear_jbi6_condition_identification,hui2026_eianalysed_t48m_unclear,jbi6_condition_identification,yes,unclear,no,"Methods, Study design and participants, p. 284; Table 2, Demographics and diagnosis, p. 289; employment/education outcome definition and ascertainment section independently checked in full local PDF text",Codex AI independent verification agent 2,2026-10-01,corrected_judgement_and_rationale,"Employment is recorded as an employed/not-employed binary, but the source supplies no wage/remuneration definition, item wording, informant or ascertainment source for that item. DSM-IV psychosis inclusion criteria address population eligibility rather than identifying employment. The derived 158/219 additionally depends on treating 61 reported unemployed as complete on 219, which the table does not establish. Independent AI verification; does not satisfy a named human/non-author verification requirement."
F08_hui2026_eianalysed_t48m_unclear_jbi7_condition_measurement,hui2026_eianalysed_t48m_unclear,jbi7_condition_measurement,yes,unclear,no,"Methods, Clinical, functional, and neurocognitive outcomes, p. 286; employment/education outcome definition and ascertainment section independently checked in full local PDF text",Codex AI independent verification agent 2,2026-10-01,corrected_judgement_and_rationale,"Research assistants were trained in several clinical, functional and cognitive instruments, and assessments occurred at baseline and four years. That general training does not establish reliability or a standard administration/source for the employment binary. The employment item itself and its measurement reliability remain unreported, so yes is unsupported. Independent AI verification; does not satisfy a named human/non-author verification requirement."
F08_hui2026_eianalysed_t48m_unclear_jbi8_statistical_analysis,hui2026_eianalysed_t48m_unclear,jbi8_statistical_analysis,no,no,yes,"Table 3, Functional outcomes at 4 years, p. 291; contrast with Table 2, Occupational status, p. 289; per-variable degrees of freedom in Table 1, p. 288 and Table 4, p. 292",Codex AI independent verification agent 2,2026-10-01,source_checked_agreement,"Inadequate for a prevalence estimate, and misleadingly presented. The four-year employment cell prints only 'Unemployed, n (%) 40 (65.6%) / 21 (34.4%)', where the percentages are computed across the two deprivation groups rather than within them (40/61 and 21/61), so they describe the composition of the unemployed rather than the unemployment rate. No employed count is given at four years, no denominator is stated for the employment variable specifically, and the table's column headers demonstrably do not apply to every variable, since Table 1 reports t(213) and t(215) and Table 4 t(206) to t(208) against a stated n of 234. Baseline employment, by contrast, is reported correctly with both counts and within-group percentages. Independent AI verification; does not satisfy a named human/non-author verification requirement."
F08_hui2026_eianalysed_t48m_unclear_jbi9_response_rate,hui2026_eianalysed_t48m_unclear,jbi9_response_rate,yes,yes,yes,"Fig. 1 and its caption, p. 285",Codex AI independent verification agent 2,2026-10-01,source_checked_agreement,"Attrition among those entering the four-year analysis was low and completely itemised: 15 of 234 (6.4%), comprising 6 deceased, 6 lost to contact, 2 refusing assessment and 1 unable to complete because of stroke, split by deprivation group in Fig. 1 (9 and 6). That is a good response rate, well described. It does not offset the design exclusion appraised under items 1 and 5. Independent AI verification; does not satisfy a named human/non-author verification requirement."
F08_jackel2025_ips_t12m_eet15h_rob2_1_randomisation,jackel2025_ips_t12m_eet15h,rob2_1_randomisation,some_concerns,some_concerns,yes,"Methods, 2.1 Study Design, Setting, and Participants, p. 2; Figure 1 CONSORT study flowchart, p. 6; Table 1, pp. 5-6; Figure 1 visually inspected; DRKS00018107 current record https://drks.de/search/en/trial/DRKS00018107 (accessed 2026-10-01)",Codex AI independent verification agent 2,2026-10-01,corrected_rationale_only,"Random allocation is stated, but sequence generation and allocation concealment are unreported in both article and registry. DRKS00018107 was registered retrospectively on 21 January 2021, after recruitment began 23 August 2017; the identifier does not establish a 2019 registration. Retrospective registration cannot establish allocation concealment either way. Figure 1 is inconsistent upstream (502-369=133 rather than 119; 133-23=110), but the 110 randomised and 56/54 allocated counts reconcile. Baseline negative-symptom imbalance and missing randomisation details support some concerns. Independent AI verification; does not satisfy a named human/non-author verification requirement. Applicability: these stored arm-specific counts are not themselves a comparative effect estimate; tool judgement applies provisionally to the source comparison and cannot certify whole-cohort prevalence eligibility. Original signalling responses remain absent."
F08_jackel2025_ips_t12m_eet15h_rob2_2_deviations,jackel2025_ips_t12m_eet15h,rob2_2_deviations,some_concerns,some_concerns,yes,"Results, opening paragraph, p. 4; Methods, 2.3.3 Treatment as Usual, p. 2; Results, 3.5 IPS Fidelity, p. 4; Figure 1 visually inspected; DRKS00018107 current record https://drks.de/search/en/trial/DRKS00018107 (accessed 2026-10-01)",Codex AI independent verification agent 2,2026-10-01,source_checked_agreement,"The analysis is described as intention to treat, but it is ITT relative to the 94 with baseline data rather than to the 110 randomised: 16 were lost before T0 and 4 more excluded for early dropout, so 90 of 110 (82%) are analysed. Delivery of the intervention was itself variable, with IPS-Y fidelity moving between 104 (good) and 88 (moderate) out of 125 across the trial. The control arm was not inert for this outcome: 'Social workers and counseling staff in the outpatient psychiatric services refer patients to traditional vocational rehabilitation programs', so both arms had a vocational pathway. Independent AI verification; does not satisfy a named human/non-author verification requirement. Applicability: these stored arm-specific counts are not themselves a comparative effect estimate; tool judgement applies provisionally to the source comparison and cannot certify whole-cohort prevalence eligibility. Original signalling responses remain absent."
F08_jackel2025_ips_t12m_eet15h_rob2_3_missing_outcome_data,jackel2025_ips_t12m_eet15h,rob2_3_missing_outcome_data,some_concerns,some_concerns,yes,"Results, opening paragraph, p. 4; Figure 1, p. 6; Figure 1 visually inspected; DRKS00018107 current record https://drks.de/search/en/trial/DRKS00018107 (accessed 2026-10-01)",Codex AI independent verification agent 2,2026-10-01,source_checked_agreement,"Vocational and educational outcome data were available for 90 of 94 (95.7%) of those reaching baseline, which is good, but for only 90 of 110 randomised (81.8%) once the 16 lost before T0 are counted. Loss before T0 was identical in the two arms (8 and 8), which is reassuring, and the reasons for the four post-baseline exclusions are given. No sensitivity analysis for missing outcome data is reported. Independent AI verification; does not satisfy a named human/non-author verification requirement. Applicability: these stored arm-specific counts are not themselves a comparative effect estimate; tool judgement applies provisionally to the source comparison and cannot certify whole-cohort prevalence eligibility. Original signalling responses remain absent."
F08_jackel2025_ips_t12m_eet15h_rob2_4_outcome_measurement,jackel2025_ips_t12m_eet15h,rob2_4_outcome_measurement,some_concerns,some_concerns,yes,"Methods, 2.1 Study Design, p. 2 and 2.4.1 Data Sources, p. 3; Table 2, p. 7; Abstract, p. 1; Figure 1 visually inspected; DRKS00018107 current record https://drks.de/search/en/trial/DRKS00018107 (accessed 2026-10-01)",Codex AI independent verification agent 2,2026-10-01,source_checked_agreement,"The outcome is objectively defined (a competitive job held for at least one day at or above the minimum wage, or mainstream education leading to a recognised qualification) and 'the raters for assessments were blinded to the group allocation'. Two concerns remain. The IPS specialists themselves recorded contacts and were the route through which IPS participants entered jobs and courses, so ascertainment in the intervention arm ran partly through the people delivering it. And the measured construct is not stably defined across the report: Table 2 labels a row 'EET at least one day' while the Abstract describes the same counts as EET 'for at least 1 week'. Independent AI verification; does not satisfy a named human/non-author verification requirement. Applicability: these stored arm-specific counts are not themselves a comparative effect estimate; tool judgement applies provisionally to the source comparison and cannot certify whole-cohort prevalence eligibility. Original signalling responses remain absent."
F08_jackel2025_ips_t12m_eet15h_rob2_5_selective_reporting,jackel2025_ips_t12m_eet15h,rob2_5_selective_reporting,high,some_concerns,no,"Abstract, p. 1; Aims, 1.1, p. 2; Methods, 2.4.3, p. 3; Results, 3.2, p. 4; Figure 2, p. 7; Figure 1 visually inspected; DRKS00018107 current record https://drks.de/search/en/trial/DRKS00018107 (accessed 2026-10-01)",Codex AI independent verification agent 2,2026-10-01,corrected_judgement_and_rationale,"Official DRKS00018107 was retrospectively registered 21 January 2021 and names a 12-month employment/mainstream education outcome, but no dated preanalysis plan is available. Article definitions differ in duration and 15 hour threshold presentation, creating possible multiplicity/selection concern. These facts do not establish that the extracted EET result was chosen because of its effect estimate. Absence of separate arm-level competitive-job counts concerns missing employment evidence, not proof of biased selection of this EET result. Some concerns is supported; a categorical high judgement is not established. Independent AI verification; does not satisfy a named human/non-author verification requirement. Applicability: these stored arm-specific counts are not themselves a comparative effect estimate; tool judgement applies provisionally to the source comparison and cannot certify whole-cohort prevalence eligibility. Original signalling responses remain absent."
F08_jackel2025_ips_t12m_eet15h_rob2_overall,jackel2025_ips_t12m_eet15h,rob2_overall,high,some_concerns,no,"Abstract and Results 3.2, pp. 1 and 4; Figure 1, p. 6; Figure 1 visually inspected; DRKS00018107 current record https://drks.de/search/en/trial/DRKS00018107 (accessed 2026-10-01)",Codex AI independent verification agent 2,2026-10-01,corrected_judgement_and_rationale,"Randomisation method/concealment are unreported, the analysis omits 20 of 110 randomised participants, the registry/article blinding accounts differ, and prospective outcome specification cannot be confirmed. These support some concerns across domains. The earlier high rating was driven by unsupported proof-of-selection claims and/or threshold definition conflict; no high domain is established for this whole-sample EET comparison after source check. This is a provisional comparative judgement pending completed signalling responses and resolved definitions. Independent AI verification; does not satisfy a named human/non-author verification requirement. Applicability: these stored arm-specific counts are not themselves a comparative effect estimate; tool judgement applies provisionally to the source comparison and cannot certify whole-cohort prevalence eligibility. Original signalling responses remain absent."
F08_jackel2025_tau_t12m_eet15h_rob2_1_randomisation,jackel2025_tau_t12m_eet15h,rob2_1_randomisation,some_concerns,some_concerns,yes,"Methods, 2.1 Study Design, Setting, and Participants, p. 2; Figure 1 CONSORT study flowchart, p. 6; Table 1, pp. 5-6; Figure 1 visually inspected; DRKS00018107 current record https://drks.de/search/en/trial/DRKS00018107 (accessed 2026-10-01)",Codex AI independent verification agent 2,2026-10-01,corrected_rationale_only,"Random allocation is stated, but sequence generation and allocation concealment are unreported in both article and registry. DRKS00018107 was registered retrospectively on 21 January 2021, after recruitment began 23 August 2017; the identifier does not establish a 2019 registration. Retrospective registration cannot establish allocation concealment either way. Figure 1 is inconsistent upstream (502-369=133 rather than 119; 133-23=110), but the 110 randomised and 56/54 allocated counts reconcile. Baseline negative-symptom imbalance and missing randomisation details support some concerns. Independent AI verification; does not satisfy a named human/non-author verification requirement. Applicability: these stored arm-specific counts are not themselves a comparative effect estimate; tool judgement applies provisionally to the source comparison and cannot certify whole-cohort prevalence eligibility. Original signalling responses remain absent."
F08_jackel2025_tau_t12m_eet15h_rob2_2_deviations,jackel2025_tau_t12m_eet15h,rob2_2_deviations,some_concerns,some_concerns,yes,"Results, opening paragraph, p. 4; Methods, 2.3.3 Treatment as Usual, p. 2; Results, 3.5 IPS Fidelity, p. 4; Figure 1 visually inspected; DRKS00018107 current record https://drks.de/search/en/trial/DRKS00018107 (accessed 2026-10-01)",Codex AI independent verification agent 2,2026-10-01,source_checked_agreement,"The analysis is described as intention to treat, but it is ITT relative to the 94 with baseline data rather than to the 110 randomised: 16 were lost before T0 and 4 more excluded for early dropout, so 90 of 110 (82%) are analysed. Delivery of the intervention was itself variable, with IPS-Y fidelity moving between 104 (good) and 88 (moderate) out of 125 across the trial. The control arm was not inert for this outcome: 'Social workers and counseling staff in the outpatient psychiatric services refer patients to traditional vocational rehabilitation programs', so both arms had a vocational pathway. Independent AI verification; does not satisfy a named human/non-author verification requirement. Applicability: these stored arm-specific counts are not themselves a comparative effect estimate; tool judgement applies provisionally to the source comparison and cannot certify whole-cohort prevalence eligibility. Original signalling responses remain absent."
F08_jackel2025_tau_t12m_eet15h_rob2_3_missing_outcome_data,jackel2025_tau_t12m_eet15h,rob2_3_missing_outcome_data,some_concerns,some_concerns,yes,"Results, opening paragraph, p. 4; Figure 1, p. 6; Figure 1 visually inspected; DRKS00018107 current record https://drks.de/search/en/trial/DRKS00018107 (accessed 2026-10-01)",Codex AI independent verification agent 2,2026-10-01,source_checked_agreement,"Vocational and educational outcome data were available for 90 of 94 (95.7%) of those reaching baseline, which is good, but for only 90 of 110 randomised (81.8%) once the 16 lost before T0 are counted. Loss before T0 was identical in the two arms (8 and 8), which is reassuring, and the reasons for the four post-baseline exclusions are given. No sensitivity analysis for missing outcome data is reported. Independent AI verification; does not satisfy a named human/non-author verification requirement. Applicability: these stored arm-specific counts are not themselves a comparative effect estimate; tool judgement applies provisionally to the source comparison and cannot certify whole-cohort prevalence eligibility. Original signalling responses remain absent."
F08_jackel2025_tau_t12m_eet15h_rob2_4_outcome_measurement,jackel2025_tau_t12m_eet15h,rob2_4_outcome_measurement,some_concerns,some_concerns,yes,"Methods, 2.1 Study Design, p. 2 and 2.4.1 Data Sources, p. 3; Table 2, p. 7; Abstract, p. 1; Figure 1 visually inspected; DRKS00018107 current record https://drks.de/search/en/trial/DRKS00018107 (accessed 2026-10-01)",Codex AI independent verification agent 2,2026-10-01,source_checked_agreement,"The outcome is objectively defined (a competitive job held for at least one day at or above the minimum wage, or mainstream education leading to a recognised qualification) and 'the raters for assessments were blinded to the group allocation'. Two concerns remain. The IPS specialists themselves recorded contacts and were the route through which IPS participants entered jobs and courses, so ascertainment in the intervention arm ran partly through the people delivering it. And the measured construct is not stably defined across the report: Table 2 labels a row 'EET at least one day' while the Abstract describes the same counts as EET 'for at least 1 week'. Independent AI verification; does not satisfy a named human/non-author verification requirement. Applicability: these stored arm-specific counts are not themselves a comparative effect estimate; tool judgement applies provisionally to the source comparison and cannot certify whole-cohort prevalence eligibility. Original signalling responses remain absent."
F08_jackel2025_tau_t12m_eet15h_rob2_5_selective_reporting,jackel2025_tau_t12m_eet15h,rob2_5_selective_reporting,high,some_concerns,no,"Abstract, p. 1; Aims, 1.1, p. 2; Methods, 2.4.3, p. 3; Results, 3.2, p. 4; Figure 2, p. 7; Figure 1 visually inspected; DRKS00018107 current record https://drks.de/search/en/trial/DRKS00018107 (accessed 2026-10-01)",Codex AI independent verification agent 2,2026-10-01,corrected_judgement_and_rationale,"Official DRKS00018107 was retrospectively registered 21 January 2021 and names a 12-month employment/mainstream education outcome, but no dated preanalysis plan is available. Article definitions differ in duration and 15 hour threshold presentation, creating possible multiplicity/selection concern. These facts do not establish that the extracted EET result was chosen because of its effect estimate. Absence of separate arm-level competitive-job counts concerns missing employment evidence, not proof of biased selection of this EET result. Some concerns is supported; a categorical high judgement is not established. Independent AI verification; does not satisfy a named human/non-author verification requirement. Applicability: these stored arm-specific counts are not themselves a comparative effect estimate; tool judgement applies provisionally to the source comparison and cannot certify whole-cohort prevalence eligibility. Original signalling responses remain absent."
F08_jackel2025_tau_t12m_eet15h_rob2_overall,jackel2025_tau_t12m_eet15h,rob2_overall,high,some_concerns,no,"Abstract and Results 3.2, pp. 1 and 4; Figure 1, p. 6; Figure 1 visually inspected; DRKS00018107 current record https://drks.de/search/en/trial/DRKS00018107 (accessed 2026-10-01)",Codex AI independent verification agent 2,2026-10-01,corrected_judgement_and_rationale,"Randomisation method/concealment are unreported, the analysis omits 20 of 110 randomised participants, the registry/article blinding accounts differ, and prospective outcome specification cannot be confirmed. These support some concerns across domains. The earlier high rating was driven by unsupported proof-of-selection claims and/or threshold definition conflict; no high domain is established for this whole-sample EET comparison after source check. This is a provisional comparative judgement pending completed signalling responses and resolved definitions. Independent AI verification; does not satisfy a named human/non-author verification requirement. Applicability: these stored arm-specific counts are not themselves a comparative effect estimate; tool judgement applies provisionally to the source comparison and cannot certify whole-cohort prevalence eligibility. Original signalling responses remain absent."
F08_jackel2025_ips_t12m_eetany_rob2_1_randomisation,jackel2025_ips_t12m_eetany,rob2_1_randomisation,some_concerns,some_concerns,yes,"Methods, 2.1 Study Design, Setting, and Participants, p. 2; Figure 1 CONSORT study flowchart, p. 6; Table 1, pp. 5-6; Figure 1 visually inspected; DRKS00018107 current record https://drks.de/search/en/trial/DRKS00018107 (accessed 2026-10-01)",Codex AI independent verification agent 2,2026-10-01,corrected_rationale_only,"Random allocation is stated, but sequence generation and allocation concealment are unreported in both article and registry. DRKS00018107 was registered retrospectively on 21 January 2021, after recruitment began 23 August 2017; the identifier does not establish a 2019 registration. Retrospective registration cannot establish allocation concealment either way. Figure 1 is inconsistent upstream (502-369=133 rather than 119; 133-23=110), but the 110 randomised and 56/54 allocated counts reconcile. Baseline negative-symptom imbalance and missing randomisation details support some concerns. Independent AI verification; does not satisfy a named human/non-author verification requirement. Applicability: these stored arm-specific counts are not themselves a comparative effect estimate; tool judgement applies provisionally to the source comparison and cannot certify whole-cohort prevalence eligibility. Original signalling responses remain absent."
F08_jackel2025_ips_t12m_eetany_rob2_2_deviations,jackel2025_ips_t12m_eetany,rob2_2_deviations,some_concerns,some_concerns,yes,"Results, opening paragraph, p. 4; Methods, 2.3.3 Treatment as Usual, p. 2; Results, 3.5 IPS Fidelity, p. 4; Figure 1 visually inspected; DRKS00018107 current record https://drks.de/search/en/trial/DRKS00018107 (accessed 2026-10-01)",Codex AI independent verification agent 2,2026-10-01,source_checked_agreement,"The analysis is described as intention to treat, but it is ITT relative to the 94 with baseline data rather than to the 110 randomised: 16 were lost before T0 and 4 more excluded for early dropout, so 90 of 110 (82%) are analysed. Delivery of the intervention was itself variable, with IPS-Y fidelity moving between 104 (good) and 88 (moderate) out of 125 across the trial. The control arm was not inert for this outcome: 'Social workers and counseling staff in the outpatient psychiatric services refer patients to traditional vocational rehabilitation programs', so both arms had a vocational pathway. Independent AI verification; does not satisfy a named human/non-author verification requirement. Applicability: these stored arm-specific counts are not themselves a comparative effect estimate; tool judgement applies provisionally to the source comparison and cannot certify whole-cohort prevalence eligibility. Original signalling responses remain absent."
F08_jackel2025_ips_t12m_eetany_rob2_3_missing_outcome_data,jackel2025_ips_t12m_eetany,rob2_3_missing_outcome_data,some_concerns,some_concerns,yes,"Results, opening paragraph, p. 4; Figure 1, p. 6; Figure 1 visually inspected; DRKS00018107 current record https://drks.de/search/en/trial/DRKS00018107 (accessed 2026-10-01)",Codex AI independent verification agent 2,2026-10-01,source_checked_agreement,"Vocational and educational outcome data were available for 90 of 94 (95.7%) of those reaching baseline, which is good, but for only 90 of 110 randomised (81.8%) once the 16 lost before T0 are counted. Loss before T0 was identical in the two arms (8 and 8), which is reassuring, and the reasons for the four post-baseline exclusions are given. No sensitivity analysis for missing outcome data is reported. Independent AI verification; does not satisfy a named human/non-author verification requirement. Applicability: these stored arm-specific counts are not themselves a comparative effect estimate; tool judgement applies provisionally to the source comparison and cannot certify whole-cohort prevalence eligibility. Original signalling responses remain absent."
F08_jackel2025_ips_t12m_eetany_rob2_4_outcome_measurement,jackel2025_ips_t12m_eetany,rob2_4_outcome_measurement,high,some_concerns,no,"Methods, 2.1 Study Design, p. 2 and 2.4.1 Data Sources, p. 3; Table 2, p. 7; Abstract, p. 1; Figure 1 visually inspected; DRKS00018107 current record https://drks.de/search/en/trial/DRKS00018107 (accessed 2026-10-01)",Codex AI independent verification agent 2,2026-10-01,corrected_judgement_and_rationale,"Table 2 labels 38/46 IPS and 26/44 TAU as EET at least one day while abstract/methods state at least one week. The construct duration is uncertain and needs author clarification. The report states blinded raters, but trained clinical staff also assess outcomes and the registry states no blinding. These raise some concerns; a text definition conflict alone does not establish intervention-dependent misclassification or likely substantial measurement bias sufficient for high. Independent AI verification; does not satisfy a named human/non-author verification requirement. Applicability: these stored arm-specific counts are not themselves a comparative effect estimate; tool judgement applies provisionally to the source comparison and cannot certify whole-cohort prevalence eligibility. Original signalling responses remain absent."
F08_jackel2025_ips_t12m_eetany_rob2_5_selective_reporting,jackel2025_ips_t12m_eetany,rob2_5_selective_reporting,high,some_concerns,no,"Abstract, p. 1; Aims, 1.1, p. 2; Methods, 2.4.3, p. 3; Results, 3.2, p. 4; Figure 2, p. 7; Figure 1 visually inspected; DRKS00018107 current record https://drks.de/search/en/trial/DRKS00018107 (accessed 2026-10-01)",Codex AI independent verification agent 2,2026-10-01,corrected_judgement_and_rationale,"Official DRKS00018107 was retrospectively registered 21 January 2021 and names a 12-month employment/mainstream education outcome, but no dated preanalysis plan is available. Article definitions differ in duration and 15 hour threshold presentation, creating possible multiplicity/selection concern. These facts do not establish that the extracted EET result was chosen because of its effect estimate. Absence of separate arm-level competitive-job counts concerns missing employment evidence, not proof of biased selection of this EET result. Some concerns is supported; a categorical high judgement is not established. Independent AI verification; does not satisfy a named human/non-author verification requirement. Applicability: these stored arm-specific counts are not themselves a comparative effect estimate; tool judgement applies provisionally to the source comparison and cannot certify whole-cohort prevalence eligibility. Original signalling responses remain absent."
F08_jackel2025_ips_t12m_eetany_rob2_overall,jackel2025_ips_t12m_eetany,rob2_overall,high,some_concerns,no,"Table 2, p. 7; Abstract, p. 1; Figure 1 visually inspected; DRKS00018107 current record https://drks.de/search/en/trial/DRKS00018107 (accessed 2026-10-01)",Codex AI independent verification agent 2,2026-10-01,corrected_judgement_and_rationale,"Randomisation method/concealment are unreported, the analysis omits 20 of 110 randomised participants, the registry/article blinding accounts differ, and prospective outcome specification cannot be confirmed. These support some concerns across domains. The earlier high rating was driven by unsupported proof-of-selection claims and/or threshold definition conflict; no high domain is established for this whole-sample EET comparison after source check. This is a provisional comparative judgement pending completed signalling responses and resolved definitions. Independent AI verification; does not satisfy a named human/non-author verification requirement. Applicability: these stored arm-specific counts are not themselves a comparative effect estimate; tool judgement applies provisionally to the source comparison and cannot certify whole-cohort prevalence eligibility. Original signalling responses remain absent."
F08_jackel2025_tau_t12m_eetany_rob2_1_randomisation,jackel2025_tau_t12m_eetany,rob2_1_randomisation,some_concerns,some_concerns,yes,"Methods, 2.1 Study Design, Setting, and Participants, p. 2; Figure 1 CONSORT study flowchart, p. 6; Table 1, pp. 5-6; Figure 1 visually inspected; DRKS00018107 current record https://drks.de/search/en/trial/DRKS00018107 (accessed 2026-10-01)",Codex AI independent verification agent 2,2026-10-01,corrected_rationale_only,"Random allocation is stated, but sequence generation and allocation concealment are unreported in both article and registry. DRKS00018107 was registered retrospectively on 21 January 2021, after recruitment began 23 August 2017; the identifier does not establish a 2019 registration. Retrospective registration cannot establish allocation concealment either way. Figure 1 is inconsistent upstream (502-369=133 rather than 119; 133-23=110), but the 110 randomised and 56/54 allocated counts reconcile. Baseline negative-symptom imbalance and missing randomisation details support some concerns. Independent AI verification; does not satisfy a named human/non-author verification requirement. Applicability: these stored arm-specific counts are not themselves a comparative effect estimate; tool judgement applies provisionally to the source comparison and cannot certify whole-cohort prevalence eligibility. Original signalling responses remain absent."
F08_jackel2025_tau_t12m_eetany_rob2_2_deviations,jackel2025_tau_t12m_eetany,rob2_2_deviations,some_concerns,some_concerns,yes,"Results, opening paragraph, p. 4; Methods, 2.3.3 Treatment as Usual, p. 2; Results, 3.5 IPS Fidelity, p. 4; Figure 1 visually inspected; DRKS00018107 current record https://drks.de/search/en/trial/DRKS00018107 (accessed 2026-10-01)",Codex AI independent verification agent 2,2026-10-01,source_checked_agreement,"The analysis is described as intention to treat, but it is ITT relative to the 94 with baseline data rather than to the 110 randomised: 16 were lost before T0 and 4 more excluded for early dropout, so 90 of 110 (82%) are analysed. Delivery of the intervention was itself variable, with IPS-Y fidelity moving between 104 (good) and 88 (moderate) out of 125 across the trial. The control arm was not inert for this outcome: 'Social workers and counseling staff in the outpatient psychiatric services refer patients to traditional vocational rehabilitation programs', so both arms had a vocational pathway. Independent AI verification; does not satisfy a named human/non-author verification requirement. Applicability: these stored arm-specific counts are not themselves a comparative effect estimate; tool judgement applies provisionally to the source comparison and cannot certify whole-cohort prevalence eligibility. Original signalling responses remain absent."
F08_jackel2025_tau_t12m_eetany_rob2_3_missing_outcome_data,jackel2025_tau_t12m_eetany,rob2_3_missing_outcome_data,some_concerns,some_concerns,yes,"Results, opening paragraph, p. 4; Figure 1, p. 6; Figure 1 visually inspected; DRKS00018107 current record https://drks.de/search/en/trial/DRKS00018107 (accessed 2026-10-01)",Codex AI independent verification agent 2,2026-10-01,source_checked_agreement,"Vocational and educational outcome data were available for 90 of 94 (95.7%) of those reaching baseline, which is good, but for only 90 of 110 randomised (81.8%) once the 16 lost before T0 are counted. Loss before T0 was identical in the two arms (8 and 8), which is reassuring, and the reasons for the four post-baseline exclusions are given. No sensitivity analysis for missing outcome data is reported. Independent AI verification; does not satisfy a named human/non-author verification requirement. Applicability: these stored arm-specific counts are not themselves a comparative effect estimate; tool judgement applies provisionally to the source comparison and cannot certify whole-cohort prevalence eligibility. Original signalling responses remain absent."
F08_jackel2025_tau_t12m_eetany_rob2_4_outcome_measurement,jackel2025_tau_t12m_eetany,rob2_4_outcome_measurement,high,some_concerns,no,"Methods, 2.1 Study Design, p. 2 and 2.4.1 Data Sources, p. 3; Table 2, p. 7; Abstract, p. 1; Figure 1 visually inspected; DRKS00018107 current record https://drks.de/search/en/trial/DRKS00018107 (accessed 2026-10-01)",Codex AI independent verification agent 2,2026-10-01,corrected_judgement_and_rationale,"Table 2 labels 38/46 IPS and 26/44 TAU as EET at least one day while abstract/methods state at least one week. The construct duration is uncertain and needs author clarification. The report states blinded raters, but trained clinical staff also assess outcomes and the registry states no blinding. These raise some concerns; a text definition conflict alone does not establish intervention-dependent misclassification or likely substantial measurement bias sufficient for high. Independent AI verification; does not satisfy a named human/non-author verification requirement. Applicability: these stored arm-specific counts are not themselves a comparative effect estimate; tool judgement applies provisionally to the source comparison and cannot certify whole-cohort prevalence eligibility. Original signalling responses remain absent."
F08_jackel2025_tau_t12m_eetany_rob2_5_selective_reporting,jackel2025_tau_t12m_eetany,rob2_5_selective_reporting,high,some_concerns,no,"Abstract, p. 1; Aims, 1.1, p. 2; Methods, 2.4.3, p. 3; Results, 3.2, p. 4; Figure 2, p. 7; Figure 1 visually inspected; DRKS00018107 current record https://drks.de/search/en/trial/DRKS00018107 (accessed 2026-10-01)",Codex AI independent verification agent 2,2026-10-01,corrected_judgement_and_rationale,"Official DRKS00018107 was retrospectively registered 21 January 2021 and names a 12-month employment/mainstream education outcome, but no dated preanalysis plan is available. Article definitions differ in duration and 15 hour threshold presentation, creating possible multiplicity/selection concern. These facts do not establish that the extracted EET result was chosen because of its effect estimate. Absence of separate arm-level competitive-job counts concerns missing employment evidence, not proof of biased selection of this EET result. Some concerns is supported; a categorical high judgement is not established. Independent AI verification; does not satisfy a named human/non-author verification requirement. Applicability: these stored arm-specific counts are not themselves a comparative effect estimate; tool judgement applies provisionally to the source comparison and cannot certify whole-cohort prevalence eligibility. Original signalling responses remain absent."
F08_jackel2025_tau_t12m_eetany_rob2_overall,jackel2025_tau_t12m_eetany,rob2_overall,high,some_concerns,no,"Table 2, p. 7; Abstract, p. 1; Figure 1 visually inspected; DRKS00018107 current record https://drks.de/search/en/trial/DRKS00018107 (accessed 2026-10-01)",Codex AI independent verification agent 2,2026-10-01,corrected_judgement_and_rationale,"Randomisation method/concealment are unreported, the analysis omits 20 of 110 randomised participants, the registry/article blinding accounts differ, and prospective outcome specification cannot be confirmed. These support some concerns across domains. The earlier high rating was driven by unsupported proof-of-selection claims and/or threshold definition conflict; no high domain is established for this whole-sample EET comparison after source check. This is a provisional comparative judgement pending completed signalling responses and resolved definitions. Independent AI verification; does not satisfy a named human/non-author verification requirement. Applicability: these stored arm-specific counts are not themselves a comparative effect estimate; tool judgement applies provisionally to the source comparison and cannot certify whole-cohort prevalence eligibility. Original signalling responses remain absent."
F08_jackel2025_ipsedu_t12m_edutrain_rob2_1_randomisation,jackel2025_ipsedu_t12m_edutrain,rob2_1_randomisation,some_concerns,some_concerns,yes,"Methods, 2.1 Study Design, Setting, and Participants, p. 2; Figure 1 CONSORT study flowchart, p. 6; Table 1, pp. 5-6; Figure 1 visually inspected; DRKS00018107 current record https://drks.de/search/en/trial/DRKS00018107 (accessed 2026-10-01)",Codex AI independent verification agent 2,2026-10-01,corrected_rationale_only,"Random allocation is stated, but sequence generation and allocation concealment are unreported in both article and registry. DRKS00018107 was registered retrospectively on 21 January 2021, after recruitment began 23 August 2017; the identifier does not establish a 2019 registration. Retrospective registration cannot establish allocation concealment either way. Figure 1 is inconsistent upstream (502-369=133 rather than 119; 133-23=110), but the 110 randomised and 56/54 allocated counts reconcile. Baseline negative-symptom imbalance and missing randomisation details support some concerns. Independent AI verification; does not satisfy a named human/non-author verification requirement. Applicability: these stored arm-specific counts are not themselves a comparative effect estimate; tool judgement applies provisionally to the source comparison and cannot certify whole-cohort prevalence eligibility. Original signalling responses remain absent."
F08_jackel2025_ipsedu_t12m_edutrain_rob2_2_deviations,jackel2025_ipsedu_t12m_edutrain,rob2_2_deviations,high,high,yes,"Results, opening paragraph, p. 4; Methods, 2.3.3 Treatment as Usual, p. 2; Results, 3.5 IPS Fidelity, p. 4; Figure 1 visually inspected; DRKS00018107 current record https://drks.de/search/en/trial/DRKS00018107 (accessed 2026-10-01)",Codex AI independent verification agent 2,2026-10-01,source_checked_agreement,"Raised to high for this result. It is not an intention-to-treat comparison at all: the education/training subsamples were formed after randomisation by 'excluding all participants who never received education or training during the follow-up period', which is a selection on an event occurring during follow-up that the intervention is designed to cause. Restricting on a post-randomisation, intervention-affected variable removes the protection randomisation gives, so the 25 versus 29 comparison is a non-randomised one presented inside a randomised trial. The analysis is described as intention to treat, but it is ITT relative to the 94 with baseline data rather than to the 110 randomised: 16 were lost before T0 and 4 more excluded for early dropout, so 90 of 110 (82%) are analysed. Delivery of the intervention was itself variable, with IPS-Y fidelity moving between 104 (good) and 88 (moderate) out of 125 across the trial. The control arm was not inert for this outcome: 'Social workers and counseling staff in the outpatient psychiatric services refer patients to traditional vocational rehabilitation programs', so both arms had a vocational pathway. Independent AI verification; does not satisfy a named human/non-author verification requirement. Applicability: these stored arm-specific counts are not themselves a comparative effect estimate; tool judgement applies provisionally to the source comparison and cannot certify whole-cohort prevalence eligibility. Original signalling responses remain absent."
F08_jackel2025_ipsedu_t12m_edutrain_rob2_3_missing_outcome_data,jackel2025_ipsedu_t12m_edutrain,rob2_3_missing_outcome_data,high,high,yes,"Results, opening paragraph, p. 4; Figure 1, p. 6; Figure 1 visually inspected; DRKS00018107 current record https://drks.de/search/en/trial/DRKS00018107 (accessed 2026-10-01)",Codex AI independent verification agent 2,2026-10-01,source_checked_agreement,"Raised to high. Beyond the trial-level attrition, the subsample sizes are unexplained and internally inconsistent with the table built on them: the subsamples are defined as containing only people who received education or training during follow-up, yet Table 3 reports that only 17 of 25 and 11 of 29 were in education or training for at least one day. The section then reports 11 of 14 and 6 of 18 for a further education outcome, using denominators that appear nowhere else and are never defined. Vocational and educational outcome data were available for 90 of 94 (95.7%) of those reaching baseline, which is good, but for only 90 of 110 randomised (81.8%) once the 16 lost before T0 are counted. Loss before T0 was identical in the two arms (8 and 8), which is reassuring, and the reasons for the four post-baseline exclusions are given. No sensitivity analysis for missing outcome data is reported. Independent AI verification; does not satisfy a named human/non-author verification requirement. Applicability: these stored arm-specific counts are not themselves a comparative effect estimate; tool judgement applies provisionally to the source comparison and cannot certify whole-cohort prevalence eligibility. Original signalling responses remain absent."
F08_jackel2025_ipsedu_t12m_edutrain_rob2_4_outcome_measurement,jackel2025_ipsedu_t12m_edutrain,rob2_4_outcome_measurement,some_concerns,some_concerns,yes,"Methods, 2.1 Study Design, p. 2 and 2.4.1 Data Sources, p. 3; Table 2, p. 7; Abstract, p. 1; Figure 1 visually inspected; DRKS00018107 current record https://drks.de/search/en/trial/DRKS00018107 (accessed 2026-10-01)",Codex AI independent verification agent 2,2026-10-01,source_checked_agreement,"The outcome is objectively defined (a competitive job held for at least one day at or above the minimum wage, or mainstream education leading to a recognised qualification) and 'the raters for assessments were blinded to the group allocation'. Two concerns remain. The IPS specialists themselves recorded contacts and were the route through which IPS participants entered jobs and courses, so ascertainment in the intervention arm ran partly through the people delivering it. And the measured construct is not stably defined across the report: Table 2 labels a row 'EET at least one day' while the Abstract describes the same counts as EET 'for at least 1 week'. Independent AI verification; does not satisfy a named human/non-author verification requirement. Applicability: these stored arm-specific counts are not themselves a comparative effect estimate; tool judgement applies provisionally to the source comparison and cannot certify whole-cohort prevalence eligibility. Original signalling responses remain absent."
F08_jackel2025_ipsedu_t12m_edutrain_rob2_5_selective_reporting,jackel2025_ipsedu_t12m_edutrain,rob2_5_selective_reporting,high,some_concerns,no,"Abstract, p. 1; Aims, 1.1, p. 2; Methods, 2.4.3, p. 3; Results, 3.2, p. 4; Figure 2, p. 7; Figure 1 visually inspected; DRKS00018107 current record https://drks.de/search/en/trial/DRKS00018107 (accessed 2026-10-01)",Codex AI independent verification agent 2,2026-10-01,corrected_judgement_and_rationale,"Official DRKS00018107 was retrospectively registered 21 January 2021 and names a 12-month employment/mainstream education outcome, but no dated preanalysis plan is available. Article definitions differ in duration and 15 hour threshold presentation, creating possible multiplicity/selection concern. These facts do not establish that the extracted EET result was chosen because of its effect estimate. Absence of separate arm-level competitive-job counts concerns missing employment evidence, not proof of biased selection of this EET result. Some concerns is supported; a categorical high judgement is not established. Independent AI verification; does not satisfy a named human/non-author verification requirement. Applicability: these stored arm-specific counts are not themselves a comparative effect estimate; tool judgement applies provisionally to the source comparison and cannot certify whole-cohort prevalence eligibility. Original signalling responses remain absent."
F08_jackel2025_ipsedu_t12m_edutrain_rob2_overall,jackel2025_ipsedu_t12m_edutrain,rob2_overall,high,high,yes,"Results, 3.4 Educational Outcomes, p. 4; Table 3, p. 7; Figure 1 visually inspected; DRKS00018107 current record https://drks.de/search/en/trial/DRKS00018107 (accessed 2026-10-01)",Codex AI independent verification agent 2,2026-10-01,source_checked_agreement,"High. The comparison rests on a post-randomisation subsample defined by an intervention-affected event, its size is inconsistent with the table reporting it, and a second analysis in the same section uses undefined denominators. Blocked from every synthesis by conflict_status = unresolved. Independent AI verification; does not satisfy a named human/non-author verification requirement. Applicability: these stored arm-specific counts are not themselves a comparative effect estimate; tool judgement applies provisionally to the source comparison and cannot certify whole-cohort prevalence eligibility. Original signalling responses remain absent."
F08_jackel2025_tauedu_t12m_edutrain_rob2_1_randomisation,jackel2025_tauedu_t12m_edutrain,rob2_1_randomisation,some_concerns,some_concerns,yes,"Methods, 2.1 Study Design, Setting, and Participants, p. 2; Figure 1 CONSORT study flowchart, p. 6; Table 1, pp. 5-6; Figure 1 visually inspected; DRKS00018107 current record https://drks.de/search/en/trial/DRKS00018107 (accessed 2026-10-01)",Codex AI independent verification agent 2,2026-10-01,corrected_rationale_only,"Random allocation is stated, but sequence generation and allocation concealment are unreported in both article and registry. DRKS00018107 was registered retrospectively on 21 January 2021, after recruitment began 23 August 2017; the identifier does not establish a 2019 registration. Retrospective registration cannot establish allocation concealment either way. Figure 1 is inconsistent upstream (502-369=133 rather than 119; 133-23=110), but the 110 randomised and 56/54 allocated counts reconcile. Baseline negative-symptom imbalance and missing randomisation details support some concerns. Independent AI verification; does not satisfy a named human/non-author verification requirement. Applicability: these stored arm-specific counts are not themselves a comparative effect estimate; tool judgement applies provisionally to the source comparison and cannot certify whole-cohort prevalence eligibility. Original signalling responses remain absent."
F08_jackel2025_tauedu_t12m_edutrain_rob2_2_deviations,jackel2025_tauedu_t12m_edutrain,rob2_2_deviations,high,high,yes,"Results, opening paragraph, p. 4; Methods, 2.3.3 Treatment as Usual, p. 2; Results, 3.5 IPS Fidelity, p. 4; Figure 1 visually inspected; DRKS00018107 current record https://drks.de/search/en/trial/DRKS00018107 (accessed 2026-10-01)",Codex AI independent verification agent 2,2026-10-01,source_checked_agreement,"Raised to high for this result. It is not an intention-to-treat comparison at all: the education/training subsamples were formed after randomisation by 'excluding all participants who never received education or training during the follow-up period', which is a selection on an event occurring during follow-up that the intervention is designed to cause. Restricting on a post-randomisation, intervention-affected variable removes the protection randomisation gives, so the 25 versus 29 comparison is a non-randomised one presented inside a randomised trial. The analysis is described as intention to treat, but it is ITT relative to the 94 with baseline data rather than to the 110 randomised: 16 were lost before T0 and 4 more excluded for early dropout, so 90 of 110 (82%) are analysed. Delivery of the intervention was itself variable, with IPS-Y fidelity moving between 104 (good) and 88 (moderate) out of 125 across the trial. The control arm was not inert for this outcome: 'Social workers and counseling staff in the outpatient psychiatric services refer patients to traditional vocational rehabilitation programs', so both arms had a vocational pathway. Independent AI verification; does not satisfy a named human/non-author verification requirement. Applicability: these stored arm-specific counts are not themselves a comparative effect estimate; tool judgement applies provisionally to the source comparison and cannot certify whole-cohort prevalence eligibility. Original signalling responses remain absent."
F08_jackel2025_tauedu_t12m_edutrain_rob2_3_missing_outcome_data,jackel2025_tauedu_t12m_edutrain,rob2_3_missing_outcome_data,high,high,yes,"Results, opening paragraph, p. 4; Figure 1, p. 6; Figure 1 visually inspected; DRKS00018107 current record https://drks.de/search/en/trial/DRKS00018107 (accessed 2026-10-01)",Codex AI independent verification agent 2,2026-10-01,source_checked_agreement,"Raised to high. Beyond the trial-level attrition, the subsample sizes are unexplained and internally inconsistent with the table built on them: the subsamples are defined as containing only people who received education or training during follow-up, yet Table 3 reports that only 17 of 25 and 11 of 29 were in education or training for at least one day. The section then reports 11 of 14 and 6 of 18 for a further education outcome, using denominators that appear nowhere else and are never defined. Vocational and educational outcome data were available for 90 of 94 (95.7%) of those reaching baseline, which is good, but for only 90 of 110 randomised (81.8%) once the 16 lost before T0 are counted. Loss before T0 was identical in the two arms (8 and 8), which is reassuring, and the reasons for the four post-baseline exclusions are given. No sensitivity analysis for missing outcome data is reported. Independent AI verification; does not satisfy a named human/non-author verification requirement. Applicability: these stored arm-specific counts are not themselves a comparative effect estimate; tool judgement applies provisionally to the source comparison and cannot certify whole-cohort prevalence eligibility. Original signalling responses remain absent."
F08_jackel2025_tauedu_t12m_edutrain_rob2_4_outcome_measurement,jackel2025_tauedu_t12m_edutrain,rob2_4_outcome_measurement,some_concerns,some_concerns,yes,"Methods, 2.1 Study Design, p. 2 and 2.4.1 Data Sources, p. 3; Table 2, p. 7; Abstract, p. 1; Figure 1 visually inspected; DRKS00018107 current record https://drks.de/search/en/trial/DRKS00018107 (accessed 2026-10-01)",Codex AI independent verification agent 2,2026-10-01,source_checked_agreement,"The outcome is objectively defined (a competitive job held for at least one day at or above the minimum wage, or mainstream education leading to a recognised qualification) and 'the raters for assessments were blinded to the group allocation'. Two concerns remain. The IPS specialists themselves recorded contacts and were the route through which IPS participants entered jobs and courses, so ascertainment in the intervention arm ran partly through the people delivering it. And the measured construct is not stably defined across the report: Table 2 labels a row 'EET at least one day' while the Abstract describes the same counts as EET 'for at least 1 week'. Independent AI verification; does not satisfy a named human/non-author verification requirement. Applicability: these stored arm-specific counts are not themselves a comparative effect estimate; tool judgement applies provisionally to the source comparison and cannot certify whole-cohort prevalence eligibility. Original signalling responses remain absent."
F08_jackel2025_tauedu_t12m_edutrain_rob2_5_selective_reporting,jackel2025_tauedu_t12m_edutrain,rob2_5_selective_reporting,high,some_concerns,no,"Abstract, p. 1; Aims, 1.1, p. 2; Methods, 2.4.3, p. 3; Results, 3.2, p. 4; Figure 2, p. 7; Figure 1 visually inspected; DRKS00018107 current record https://drks.de/search/en/trial/DRKS00018107 (accessed 2026-10-01)",Codex AI independent verification agent 2,2026-10-01,corrected_judgement_and_rationale,"Official DRKS00018107 was retrospectively registered 21 January 2021 and names a 12-month employment/mainstream education outcome, but no dated preanalysis plan is available. Article definitions differ in duration and 15 hour threshold presentation, creating possible multiplicity/selection concern. These facts do not establish that the extracted EET result was chosen because of its effect estimate. Absence of separate arm-level competitive-job counts concerns missing employment evidence, not proof of biased selection of this EET result. Some concerns is supported; a categorical high judgement is not established. Independent AI verification; does not satisfy a named human/non-author verification requirement. Applicability: these stored arm-specific counts are not themselves a comparative effect estimate; tool judgement applies provisionally to the source comparison and cannot certify whole-cohort prevalence eligibility. Original signalling responses remain absent."
F08_jackel2025_tauedu_t12m_edutrain_rob2_overall,jackel2025_tauedu_t12m_edutrain,rob2_overall,high,high,yes,"Results, 3.4 Educational Outcomes, p. 4; Table 3, p. 7; Figure 1 visually inspected; DRKS00018107 current record https://drks.de/search/en/trial/DRKS00018107 (accessed 2026-10-01)",Codex AI independent verification agent 2,2026-10-01,source_checked_agreement,"High. The comparison rests on a post-randomisation subsample defined by an intervention-affected event, its size is inconsistent with the table reporting it, and a second analysis in the same section uses undefined denominators. Blocked from every synthesis by conflict_status = unresolved. Independent AI verification; does not satisfy a named human/non-author verification requirement. Applicability: these stored arm-specific counts are not themselves a comparative effect estimate; tool judgement applies provisionally to the source comparison and cannot certify whole-cohort prevalence eligibility. Original signalling responses remain absent."
liangrong2021_cohort_t67m_paidany__jbi1_sample_frame,liangrong2021_cohort_t67m_paidany,jbi1_sample_frame,unclear,unclear,yes,"Methods, Participants, p. 2",Codex AI independent verification agent 2,2026-10-01,source_checked_agreement,"Interpretation applied consistently across every JBI assessment in this shard: the estimand is employment prevalence, so items 6 and 7 are read as covering ascertainment of the EMPLOYMENT outcome, and adequacy of the diagnostic sampling is carried by items 1 and 4. The frame is every first admission to the Department of Psychiatry of one tertiary hospital, the Third Affiliated Hospital of Sun Yat-sen University, with onset at or before age 14, over fourteen years. For a disorder with an incidence below 0.04 per cent a single specialist centre is a defensible frame and the recruitment window is long, but the estimate cannot speak for childhood-onset schizophrenia in China generally, and admission to a tertiary centre selects on severity and on family resources. Independent AI verification; does not satisfy a named human/non-author verification requirement."
liangrong2021_cohort_t67m_paidany__jbi2_participant_sampling,liangrong2021_cohort_t67m_paidany,jbi2_participant_sampling,unclear,unclear,yes,"Methods, Participants, p. 2; Figure 1, p. 2",Codex AI independent verification agent 2,2026-10-01,source_checked_agreement,"All 276 patients meeting the criteria over 2000 to 2013 appear to have been taken, which would be census sampling within the frame, but the report never says the 276 are consecutive or complete, and it does not describe how they were identified from hospital records. Independent AI verification; does not satisfy a named human/non-author verification requirement."
liangrong2021_cohort_t67m_paidany__jbi3_sample_size,liangrong2021_cohort_t67m_paidany,jbi3_sample_size,yes,yes,yes,"Results, p. 5; Table 2, p. 4",Codex AI independent verification agent 2,2026-10-01,source_checked_agreement,170 followed up is large for childhood-onset schizophrenia and gives 70/170 a 95 per cent binomial interval of roughly plus or minus 7 percentage points. Independent AI verification; does not satisfy a named human/non-author verification requirement.
liangrong2021_cohort_t67m_paidany__jbi4_subjects_setting_described,liangrong2021_cohort_t67m_paidany,jbi4_subjects_setting_described,yes,yes,yes,"Table 2, p. 4",Codex AI independent verification agent 2,2026-10-01,source_checked_agreement,"Table 2 describes the followed-up sample on sex, family history, age at first onset and first admission, age at end of follow-up, duration to first admission, duration of first admission, length of follow-up, DUP, hallucinations, delusions, negative symptoms, comorbid symptoms and medication, each with range, median and interquartile range where continuous. Independent AI verification; does not satisfy a named human/non-author verification requirement."
liangrong2021_cohort_t67m_paidany__jbi5_coverage_of_sample,liangrong2021_cohort_t67m_paidany,jbi5_coverage_of_sample,no,no,yes,"Methods, p. 3; Table 1, p. 3",Codex AI independent verification agent 2,2026-10-01,source_checked_agreement,"Only 170 of 276 (61.6 per cent) were followed up. The 106 excluded are grouped under four different reasons without counts for each, and drop-outs were compared with completers on just three variables: sex, age of first onset and family history of psychiatric illness. Nothing compares them on severity, treatment or social circumstances, which are the variables most likely to predict both dropping out and not working. Independent AI verification; does not satisfy a named human/non-author verification requirement."
liangrong2021_cohort_t67m_paidany__jbi6_condition_identification,liangrong2021_cohort_t67m_paidany,jbi6_condition_identification,unclear,unclear,yes,"Methods, Outcome Measures, p. 3; Methods, Assessment, p. 3; employment/education outcome definition and ascertainment section independently checked in full local PDF text",Codex AI independent verification agent 2,2026-10-01,corrected_rationale_only,"Occupational/educational status is classified from inpatient, outpatient and face-to-face follow-up records as school/employed versus school dropout/unemployed, with clinical extraction checked by two specialists. Paid employment is not defined and remuneration is not stated, so identifying paid-any status remains unclear. School-only and the work/study composite require their own operational interpretation rather than importing psychosis diagnosis validity. Independent AI verification; does not satisfy a named human/non-author verification requirement."
liangrong2021_cohort_t67m_paidany__jbi7_condition_measurement,liangrong2021_cohort_t67m_paidany,jbi7_condition_measurement,no,unclear,no,"Table 2, p. 4; Methods, p. 3; Abstract, p. 1; employment/education outcome definition and ascertainment section independently checked in full local PDF text",Codex AI independent verification agent 2,2026-10-01,corrected_judgement_and_rationale,"Two experienced clinicians abstract hospital, outpatient and face-to-face records, and two specialists check extraction. The record protocol provides some standardisation, but no employment-item reliability estimate or explicit paid-work definition is reported. Follow-up varying 0. 2-16. 8 years limits landmark applicability; it does not on its own show that records were measured by different methods. Reliability remains unclear rather than no solely because of timing. Independent AI verification; does not satisfy a named human/non-author verification requirement."
liangrong2021_cohort_t67m_paidany__jbi8_statistical_analysis,liangrong2021_cohort_t67m_paidany,jbi8_statistical_analysis,yes,yes,yes,"Table 4, p. 6",Codex AI independent verification agent 2,2026-10-01,source_checked_agreement,"Table 4 is arithmetically exact throughout: 89 at school plus 70 employed equals the printed 159 at school or employed, 159 plus 11 equals 170, and every percentage reproduces on 170. The admission table also reconciles, with 34+7+2+1 = 44 readmitted against a printed 44. Independent AI verification; does not satisfy a named human/non-author verification requirement."
liangrong2021_cohort_t67m_paidany__jbi9_response_rate,liangrong2021_cohort_t67m_paidany,jbi9_response_rate,no,no,yes,"Methods, p. 3; Table 1, p. 3",Codex AI independent verification agent 2,2026-10-01,source_checked_agreement,"61.6 per cent followed up over a median of 5.6 years. Loss of nearly four in ten, with only a three-variable drop-out comparison and no counts by reason, is a substantial and inadequately managed shortfall for a prevalence estimate. Independent AI verification; does not satisfy a named human/non-author verification requirement."
liangrong2021_cohort_t67m_paidoredu__jbi1_sample_frame,liangrong2021_cohort_t67m_paidoredu,jbi1_sample_frame,unclear,unclear,yes,"Methods, Participants, p. 2",Codex AI independent verification agent 2,2026-10-01,source_checked_agreement,"Interpretation applied consistently across every JBI assessment in this shard: the estimand is employment prevalence, so items 6 and 7 are read as covering ascertainment of the EMPLOYMENT outcome, and adequacy of the diagnostic sampling is carried by items 1 and 4. The frame is every first admission to the Department of Psychiatry of one tertiary hospital, the Third Affiliated Hospital of Sun Yat-sen University, with onset at or before age 14, over fourteen years. For a disorder with an incidence below 0.04 per cent a single specialist centre is a defensible frame and the recruitment window is long, but the estimate cannot speak for childhood-onset schizophrenia in China generally, and admission to a tertiary centre selects on severity and on family resources. Independent AI verification; does not satisfy a named human/non-author verification requirement."
liangrong2021_cohort_t67m_paidoredu__jbi2_participant_sampling,liangrong2021_cohort_t67m_paidoredu,jbi2_participant_sampling,unclear,unclear,yes,"Methods, Participants, p. 2; Figure 1, p. 2",Codex AI independent verification agent 2,2026-10-01,source_checked_agreement,"All 276 patients meeting the criteria over 2000 to 2013 appear to have been taken, which would be census sampling within the frame, but the report never says the 276 are consecutive or complete, and it does not describe how they were identified from hospital records. Independent AI verification; does not satisfy a named human/non-author verification requirement."
liangrong2021_cohort_t67m_paidoredu__jbi3_sample_size,liangrong2021_cohort_t67m_paidoredu,jbi3_sample_size,yes,yes,yes,"Results, p. 5; Table 2, p. 4",Codex AI independent verification agent 2,2026-10-01,source_checked_agreement,170 followed up is large for childhood-onset schizophrenia and gives 70/170 a 95 per cent binomial interval of roughly plus or minus 7 percentage points. Independent AI verification; does not satisfy a named human/non-author verification requirement.
liangrong2021_cohort_t67m_paidoredu__jbi4_subjects_setting_described,liangrong2021_cohort_t67m_paidoredu,jbi4_subjects_setting_described,yes,yes,yes,"Table 2, p. 4",Codex AI independent verification agent 2,2026-10-01,source_checked_agreement,"Table 2 describes the followed-up sample on sex, family history, age at first onset and first admission, age at end of follow-up, duration to first admission, duration of first admission, length of follow-up, DUP, hallucinations, delusions, negative symptoms, comorbid symptoms and medication, each with range, median and interquartile range where continuous. Independent AI verification; does not satisfy a named human/non-author verification requirement."
liangrong2021_cohort_t67m_paidoredu__jbi5_coverage_of_sample,liangrong2021_cohort_t67m_paidoredu,jbi5_coverage_of_sample,no,no,yes,"Methods, p. 3; Table 1, p. 3",Codex AI independent verification agent 2,2026-10-01,source_checked_agreement,"Only 170 of 276 (61.6 per cent) were followed up. The 106 excluded are grouped under four different reasons without counts for each, and drop-outs were compared with completers on just three variables: sex, age of first onset and family history of psychiatric illness. Nothing compares them on severity, treatment or social circumstances, which are the variables most likely to predict both dropping out and not working. Independent AI verification; does not satisfy a named human/non-author verification requirement."
liangrong2021_cohort_t67m_paidoredu__jbi6_condition_identification,liangrong2021_cohort_t67m_paidoredu,jbi6_condition_identification,unclear,unclear,yes,"Methods, Outcome Measures, p. 3; Methods, Assessment, p. 3; employment/education outcome definition and ascertainment section independently checked in full local PDF text",Codex AI independent verification agent 2,2026-10-01,corrected_rationale_only,"Occupational/educational status is classified from inpatient, outpatient and face-to-face follow-up records as school/employed versus school dropout/unemployed, with clinical extraction checked by two specialists. Paid employment is not defined and remuneration is not stated, so identifying paid-any status remains unclear. School-only and the work/study composite require their own operational interpretation rather than importing psychosis diagnosis validity. Independent AI verification; does not satisfy a named human/non-author verification requirement."
liangrong2021_cohort_t67m_paidoredu__jbi7_condition_measurement,liangrong2021_cohort_t67m_paidoredu,jbi7_condition_measurement,no,unclear,no,"Table 2, p. 4; Methods, p. 3; Abstract, p. 1; employment/education outcome definition and ascertainment section independently checked in full local PDF text",Codex AI independent verification agent 2,2026-10-01,corrected_judgement_and_rationale,"Two experienced clinicians abstract hospital, outpatient and face-to-face records, and two specialists check extraction. The record protocol provides some standardisation, but no employment-item reliability estimate or explicit paid-work definition is reported. Follow-up varying 0. 2-16. 8 years limits landmark applicability; it does not on its own show that records were measured by different methods. Reliability remains unclear rather than no solely because of timing. Independent AI verification; does not satisfy a named human/non-author verification requirement."
liangrong2021_cohort_t67m_paidoredu__jbi8_statistical_analysis,liangrong2021_cohort_t67m_paidoredu,jbi8_statistical_analysis,yes,yes,yes,"Table 4, p. 6",Codex AI independent verification agent 2,2026-10-01,source_checked_agreement,"Table 4 is arithmetically exact throughout: 89 at school plus 70 employed equals the printed 159 at school or employed, 159 plus 11 equals 170, and every percentage reproduces on 170. The admission table also reconciles, with 34+7+2+1 = 44 readmitted against a printed 44. Independent AI verification; does not satisfy a named human/non-author verification requirement."
liangrong2021_cohort_t67m_paidoredu__jbi9_response_rate,liangrong2021_cohort_t67m_paidoredu,jbi9_response_rate,no,no,yes,"Methods, p. 3; Table 1, p. 3",Codex AI independent verification agent 2,2026-10-01,source_checked_agreement,"61.6 per cent followed up over a median of 5.6 years. Loss of nearly four in ten, with only a three-variable drop-out comparison and no counts by reason, is a substantial and inadequately managed shortfall for a prevalence estimate. Independent AI verification; does not satisfy a named human/non-author verification requirement."
liangrong2021_cohort_t67m_edu__jbi1_sample_frame,liangrong2021_cohort_t67m_edu,jbi1_sample_frame,unclear,unclear,yes,"Methods, Participants, p. 2",Codex AI independent verification agent 2,2026-10-01,source_checked_agreement,"Interpretation applied consistently across every JBI assessment in this shard: the estimand is employment prevalence, so items 6 and 7 are read as covering ascertainment of the EMPLOYMENT outcome, and adequacy of the diagnostic sampling is carried by items 1 and 4. The frame is every first admission to the Department of Psychiatry of one tertiary hospital, the Third Affiliated Hospital of Sun Yat-sen University, with onset at or before age 14, over fourteen years. For a disorder with an incidence below 0.04 per cent a single specialist centre is a defensible frame and the recruitment window is long, but the estimate cannot speak for childhood-onset schizophrenia in China generally, and admission to a tertiary centre selects on severity and on family resources. Independent AI verification; does not satisfy a named human/non-author verification requirement."
liangrong2021_cohort_t67m_edu__jbi2_participant_sampling,liangrong2021_cohort_t67m_edu,jbi2_participant_sampling,unclear,unclear,yes,"Methods, Participants, p. 2; Figure 1, p. 2",Codex AI independent verification agent 2,2026-10-01,source_checked_agreement,"All 276 patients meeting the criteria over 2000 to 2013 appear to have been taken, which would be census sampling within the frame, but the report never says the 276 are consecutive or complete, and it does not describe how they were identified from hospital records. Independent AI verification; does not satisfy a named human/non-author verification requirement."
liangrong2021_cohort_t67m_edu__jbi3_sample_size,liangrong2021_cohort_t67m_edu,jbi3_sample_size,yes,yes,yes,"Results, p. 5; Table 2, p. 4",Codex AI independent verification agent 2,2026-10-01,source_checked_agreement,170 followed up is large for childhood-onset schizophrenia and gives 70/170 a 95 per cent binomial interval of roughly plus or minus 7 percentage points. Independent AI verification; does not satisfy a named human/non-author verification requirement.
liangrong2021_cohort_t67m_edu__jbi4_subjects_setting_described,liangrong2021_cohort_t67m_edu,jbi4_subjects_setting_described,yes,yes,yes,"Table 2, p. 4",Codex AI independent verification agent 2,2026-10-01,source_checked_agreement,"Table 2 describes the followed-up sample on sex, family history, age at first onset and first admission, age at end of follow-up, duration to first admission, duration of first admission, length of follow-up, DUP, hallucinations, delusions, negative symptoms, comorbid symptoms and medication, each with range, median and interquartile range where continuous. Independent AI verification; does not satisfy a named human/non-author verification requirement."
liangrong2021_cohort_t67m_edu__jbi5_coverage_of_sample,liangrong2021_cohort_t67m_edu,jbi5_coverage_of_sample,no,no,yes,"Methods, p. 3; Table 1, p. 3",Codex AI independent verification agent 2,2026-10-01,source_checked_agreement,"Only 170 of 276 (61.6 per cent) were followed up. The 106 excluded are grouped under four different reasons without counts for each, and drop-outs were compared with completers on just three variables: sex, age of first onset and family history of psychiatric illness. Nothing compares them on severity, treatment or social circumstances, which are the variables most likely to predict both dropping out and not working. Independent AI verification; does not satisfy a named human/non-author verification requirement."
liangrong2021_cohort_t67m_edu__jbi6_condition_identification,liangrong2021_cohort_t67m_edu,jbi6_condition_identification,unclear,unclear,yes,"Methods, Outcome Measures, p. 3; Methods, Assessment, p. 3; employment/education outcome definition and ascertainment section independently checked in full local PDF text",Codex AI independent verification agent 2,2026-10-01,corrected_rationale_only,"Occupational/educational status is classified from inpatient, outpatient and face-to-face follow-up records as school/employed versus school dropout/unemployed, with clinical extraction checked by two specialists. Paid employment is not defined and remuneration is not stated, so identifying paid-any status remains unclear. School-only and the work/study composite require their own operational interpretation rather than importing psychosis diagnosis validity. Independent AI verification; does not satisfy a named human/non-author verification requirement."
liangrong2021_cohort_t67m_edu__jbi7_condition_measurement,liangrong2021_cohort_t67m_edu,jbi7_condition_measurement,no,unclear,no,"Table 2, p. 4; Methods, p. 3; Abstract, p. 1; employment/education outcome definition and ascertainment section independently checked in full local PDF text",Codex AI independent verification agent 2,2026-10-01,corrected_judgement_and_rationale,"Two experienced clinicians abstract hospital, outpatient and face-to-face records, and two specialists check extraction. The record protocol provides some standardisation, but no employment-item reliability estimate or explicit paid-work definition is reported. Follow-up varying 0. 2-16. 8 years limits landmark applicability; it does not on its own show that records were measured by different methods. Reliability remains unclear rather than no solely because of timing. Independent AI verification; does not satisfy a named human/non-author verification requirement."
liangrong2021_cohort_t67m_edu__jbi8_statistical_analysis,liangrong2021_cohort_t67m_edu,jbi8_statistical_analysis,yes,yes,yes,"Table 4, p. 6",Codex AI independent verification agent 2,2026-10-01,source_checked_agreement,"Table 4 is arithmetically exact throughout: 89 at school plus 70 employed equals the printed 159 at school or employed, 159 plus 11 equals 170, and every percentage reproduces on 170. The admission table also reconciles, with 34+7+2+1 = 44 readmitted against a printed 44. Independent AI verification; does not satisfy a named human/non-author verification requirement."
liangrong2021_cohort_t67m_edu__jbi9_response_rate,liangrong2021_cohort_t67m_edu,jbi9_response_rate,no,no,yes,"Methods, p. 3; Table 1, p. 3",Codex AI independent verification agent 2,2026-10-01,source_checked_agreement,"61.6 per cent followed up over a median of 5.6 years. Loss of nearly four in ten, with only a three-variable drop-out comparison and no counts by reason, is a substantial and inadequately managed shortfall for a prevalence estimate. Independent AI verification; does not satisfy a named human/non-author verification requirement."
lindgren2020_cohort_t12m_paidoredu__jbi1_sample_frame,lindgren2020_cohort_t12m_paidoredu,jbi1_sample_frame,yes,yes,yes,"Methods, Participants, p. 2",Codex AI independent verification agent 2,2026-10-01,source_checked_agreement,"Interpretation applied consistently across every JBI assessment in this shard: the estimand is employment prevalence, so items 6 and 7 are read as covering ascertainment of the EMPLOYMENT outcome, and adequacy of the diagnostic sampling is carried by items 1 and 4. Adults making their first psychiatric treatment contact for psychosis in the hospitals and outpatient clinics of the city of Helsinki and Helsinki University Hospital, which is an appropriate catchment-based frame for a first-episode population. Independent AI verification; does not satisfy a named human/non-author verification requirement."
lindgren2020_cohort_t12m_paidoredu__jbi2_participant_sampling,lindgren2020_cohort_t12m_paidoredu,jbi2_participant_sampling,unclear,unclear,yes,"Methods, Participants, p. 2",Codex AI independent verification agent 2,2026-10-01,source_checked_agreement,"Participants were interviewed ""as soon as possible after they had commenced treatment and were able to provide informed consent, as judged by the treating personnel"", so entry was gated by clinical judgement of capacity and by the timing of contact. Neither the number approached nor the number recruited to the parent study is reported. Independent AI verification; does not satisfy a named human/non-author verification requirement."
lindgren2020_cohort_t12m_paidoredu__jbi3_sample_size,lindgren2020_cohort_t12m_paidoredu,jbi3_sample_size,no,no,yes,"Table 1, p. 4; Results, p. 3",Codex AI independent verification agent 2,2026-10-01,source_checked_agreement,"53 contribute the occupational outcome. 26/53 carries a 95 per cent binomial interval of roughly plus or minus 13 percentage points, and no power calculation is offered for the prevalence question. Small sample confirmed. Independent AI verification; does not satisfy a named human/non-author verification requirement."
lindgren2020_cohort_t12m_paidoredu__jbi4_subjects_setting_described,lindgren2020_cohort_t12m_paidoredu,jbi4_subjects_setting_described,yes,yes,yes,"Table 1, p. 4",Codex AI independent verification agent 2,2026-10-01,source_checked_agreement,"Table 1 gives age, sex, years of education, baseline SOFAS, inpatient status, antipsychotic use and dose, and the diagnostic breakdown into schizophrenia spectrum, affective psychosis and other psychotic disorder, with the composition of each diagnostic group spelled out in a footnote. Independent AI verification; does not satisfy a named human/non-author verification requirement."
lindgren2020_cohort_t12m_paidoredu__jbi5_coverage_of_sample,lindgren2020_cohort_t12m_paidoredu,jbi5_coverage_of_sample,no,no,yes,"Results, p. 3; Table 1, p. 4",Codex AI independent verification agent 2,2026-10-01,source_checked_agreement,"The analysed sample is defined by data availability, not by recruitment: 67 had baseline cognitive data, 54 had both baseline cognitive and 1-year clinical data, and Table 1 is titled for that 54. The size of the recruited Helsinki Early Psychosis Study cohort is never printed, so the fraction of the identified sample covered cannot be computed at all, and the 13 with baseline cognitive data but no 1-year data are not characterised. Independent AI verification; does not satisfy a named human/non-author verification requirement."
lindgren2020_cohort_t12m_paidoredu__jbi6_condition_identification,lindgren2020_cohort_t12m_paidoredu,jbi6_condition_identification,unclear,yes,no,"Methods, outcome definitions, p. 3; employment/education outcome definition and ascertainment section independently checked in full local PDF text",Codex AI independent verification agent 2,2026-10-01,corrected_judgement_and_rationale,"The stated outcome is working full/part-time or studying and not being on sick leave at the one-year interview, ascertained from self-report and case records. This provides valid identification of the reported work/study-without-sick leave composite. It does not identify separate paid employment, which is a construct/applicability limitation rather than a reason to invalidate identification of the composite itself. Independent AI verification; does not satisfy a named human/non-author verification requirement."
lindgren2020_cohort_t12m_paidoredu__jbi7_condition_measurement,lindgren2020_cohort_t12m_paidoredu,jbi7_condition_measurement,yes,yes,yes,"Methods, Participants, p. 2; Methods, outcome definitions, p. 3; employment/education outcome definition and ascertainment section independently checked in full local PDF text",Codex AI independent verification agent 2,2026-10-01,source_checked_agreement,"One stated definition applied to all participants at one common point, the 1-year interview, using both self-report and case records. Unlike the timepoint problem in other reports in this batch, the measurement moment here is fixed by protocol. Independent AI verification; does not satisfy a named human/non-author verification requirement."
lindgren2020_cohort_t12m_paidoredu__jbi8_statistical_analysis,lindgren2020_cohort_t12m_paidoredu,jbi8_statistical_analysis,yes,yes,yes,"Table 1, p. 4",Codex AI independent verification agent 2,2026-10-01,source_checked_agreement,"The proportion is printed directly as 26/53 (49.1%) and reproduces exactly. Note that the neighbouring remission row in the same table does not reproduce, 28/53 being printed as 51.9 per cent when 28/53 is 52.8 and 28/54 is 51.9, so the table is not uniformly reliable even though this row is; see inconsistencies.md. Independent AI verification; does not satisfy a named human/non-author verification requirement."
lindgren2020_cohort_t12m_paidoredu__jbi9_response_rate,lindgren2020_cohort_t12m_paidoredu,jbi9_response_rate,unclear,unclear,yes,"Table 1, p. 4; Results, p. 3",Codex AI independent verification agent 2,2026-10-01,source_checked_agreement,"Within the 54-patient table the outcome is nearly complete, 53 of 54, but with the recruited cohort size unreported there is no denominator against which to judge a response rate. Independent AI verification; does not satisfy a named human/non-author verification requirement."
mervis2017_ivip_t12m_unclear__rob2_1_randomisation,mervis2017_ivip_t12m_unclear,rob2_1_randomisation,some_concerns,some_concerns,yes,"2.2 Procedures, p. 130; 3. Results and Table 1, p. 132",Codex AI independent verification agent 2,2026-10-01,source_checked_agreement,"The report says only that participants were 'randomized to concurrently participate in IVIP or a support group (SG)'. No sequence-generation method, no allocation concealment and no stratification are described. The resulting arms are unequal, 29 against 35 out of 64, which simple randomisation can easily produce but which is left unexplained. Table 1 shows no significant baseline differences, and the authors state 'there were no differences between groups at baseline'. Independent AI verification; does not satisfy a named human/non-author verification requirement. Applicability: these stored arm-specific counts are not themselves a comparative effect estimate; tool judgement applies provisionally to the source comparison and cannot certify whole-cohort prevalence eligibility. Original signalling responses remain absent."
mervis2017_ivip_t12m_unclear__rob2_2_deviations,mervis2017_ivip_t12m_unclear,rob2_2_deviations,some_concerns,some_concerns,yes,"2.3 and 2.4, pp. 130-131; 2.1 Participants, p. 130",Codex AI independent verification agent 2,2026-10-01,source_checked_agreement,"Open-label: participants knew which group they attended and both therapists delivered their own condition. The report states therapists were 'blind to study hypotheses' and that different therapists led the two groups, which limits some contamination, but it says nothing about whether the referring clinicians or the vocational counsellors who later placed people into supported employment knew the allocation. That matters more here than usual, because the outcome is entry to a service those same clinicians control. No intention-to-treat statement is made. Independent AI verification; does not satisfy a named human/non-author verification requirement. Applicability: these stored arm-specific counts are not themselves a comparative effect estimate; tool judgement applies provisionally to the source comparison and cannot certify whole-cohort prevalence eligibility. Original signalling responses remain absent."
mervis2017_ivip_t12m_unclear__rob2_3_missing_outcome_data,mervis2017_ivip_t12m_unclear,rob2_3_missing_outcome_data,some_concerns,low,no,"3. Results, p. 132; Table 2, p. 132",Codex AI independent verification agent 2,2026-10-01,corrected_judgement_and_rationale,At 12 months supported-employment status is reported for the full 64 randomised participants: 14 of 29 IVIP and 6 of 35 support-group participants. There is no demonstrated missingness in this result. Impossible ANCOVA degrees of freedom refer to other cognitive/work-rating analyses and cannot establish missingness for this tally. Construct/source uncertainty remains in outcome measurement. Independent AI verification; does not satisfy a named human/non-author verification requirement. Applicability: these stored arm-specific counts are not themselves a comparative effect estimate; tool judgement applies provisionally to the source comparison and cannot certify whole-cohort prevalence eligibility. Original signalling responses remain absent.
mervis2017_ivip_t12m_unclear__rob2_4_outcome_measurement,mervis2017_ivip_t12m_unclear,rob2_4_outcome_measurement,high,high,yes,"2.5.1.3 Supported employment, p. 131; 2.6 Statistical analyses, p. 131; 3. Results, p. 132",Codex AI independent verification agent 2,2026-10-01,source_checked_agreement,"The outcome is defined in one sentence, 'At follow-up, the number of participants in supported employment was tallied as an external validator', with no data source, no informant, no definition of supported employment, no wage or employer information and no statement that the assessor was blind. The report then uses two different constructs interchangeably for the same number: 'enrolled in supported employment' and 'supported employment enrollment status' describe entry to a service, while 'went on to secure supported employment' describes obtaining a job. In an unblinded trial whose intervention explicitly aims at 'critical steps towards functional improvement goals', an outcome that may be service enrolment recorded by unblinded staff is at high risk. Independent AI verification; does not satisfy a named human/non-author verification requirement. Applicability: these stored arm-specific counts are not themselves a comparative effect estimate; tool judgement applies provisionally to the source comparison and cannot certify whole-cohort prevalence eligibility. Original signalling responses remain absent."
mervis2017_ivip_t12m_unclear__rob2_5_selective_reporting,mervis2017_ivip_t12m_unclear,rob2_5_selective_reporting,some_concerns,some_concerns,yes,"2.6 Statistical analyses, p. 131; 2.5.2, p. 131; 3. Results, p. 132",Codex AI independent verification agent 2,2026-10-01,source_checked_agreement,"No protocol or trial registration is cited. Two different alpha levels are used in the same paper, 0.05 for the primary between-group comparisons and 'a more conservative 0.01' for the correlations and chi-square tests, and the supported-employment result is then declared significant at p = 0.007, which clears both. Twelve-month WBI ratings were not collected and the reason given is practical. The supported-employment comparison is reported without a confidence interval or effect size, unlike every other headline result in the paper. Independent AI verification; does not satisfy a named human/non-author verification requirement. Applicability: these stored arm-specific counts are not themselves a comparative effect estimate; tool judgement applies provisionally to the source comparison and cannot certify whole-cohort prevalence eligibility. Original signalling responses remain absent."
mervis2017_ivip_t12m_unclear__rob2_overall,mervis2017_ivip_t12m_unclear,rob2_overall,high,high,yes,"2.1 to 3, pp. 130-132",Codex AI independent verification agent 2,2026-10-01,source_checked_agreement,"Driven by outcome measurement. The trial's headline real-world finding rests on a tally whose construct the report itself does not hold constant, collected in an unblinded trial with no stated source or assessor, and it is not established that the thing counted is paid work at all. The remaining domains carry some concerns each: undescribed randomisation, no ITT statement, and analysis degrees of freedom that cannot be reconciled with the sample size. Independent AI verification; does not satisfy a named human/non-author verification requirement. Applicability: these stored arm-specific counts are not themselves a comparative effect estimate; tool judgement applies provisionally to the source comparison and cannot certify whole-cohort prevalence eligibility. Original signalling responses remain absent."
mervis2017_sg_t12m_unclear__rob2_1_randomisation,mervis2017_sg_t12m_unclear,rob2_1_randomisation,some_concerns,some_concerns,yes,"2.2 Procedures, p. 130; 3. Results and Table 1, p. 132",Codex AI independent verification agent 2,2026-10-01,source_checked_agreement,"The report says only that participants were 'randomized to concurrently participate in IVIP or a support group (SG)'. No sequence-generation method, no allocation concealment and no stratification are described. The resulting arms are unequal, 29 against 35 out of 64, which simple randomisation can easily produce but which is left unexplained. Table 1 shows no significant baseline differences, and the authors state 'there were no differences between groups at baseline'. Independent AI verification; does not satisfy a named human/non-author verification requirement. Applicability: these stored arm-specific counts are not themselves a comparative effect estimate; tool judgement applies provisionally to the source comparison and cannot certify whole-cohort prevalence eligibility. Original signalling responses remain absent."
mervis2017_sg_t12m_unclear__rob2_2_deviations,mervis2017_sg_t12m_unclear,rob2_2_deviations,some_concerns,some_concerns,yes,"2.3 and 2.4, pp. 130-131; 2.1 Participants, p. 130",Codex AI independent verification agent 2,2026-10-01,source_checked_agreement,"Open-label: participants knew which group they attended and both therapists delivered their own condition. The report states therapists were 'blind to study hypotheses' and that different therapists led the two groups, which limits some contamination, but it says nothing about whether the referring clinicians or the vocational counsellors who later placed people into supported employment knew the allocation. That matters more here than usual, because the outcome is entry to a service those same clinicians control. No intention-to-treat statement is made. Independent AI verification; does not satisfy a named human/non-author verification requirement. Applicability: these stored arm-specific counts are not themselves a comparative effect estimate; tool judgement applies provisionally to the source comparison and cannot certify whole-cohort prevalence eligibility. Original signalling responses remain absent."
mervis2017_sg_t12m_unclear__rob2_3_missing_outcome_data,mervis2017_sg_t12m_unclear,rob2_3_missing_outcome_data,some_concerns,low,no,"3. Results, p. 132; Table 2, p. 132",Codex AI independent verification agent 2,2026-10-01,corrected_judgement_and_rationale,At 12 months supported-employment status is reported for the full 64 randomised participants: 14 of 29 IVIP and 6 of 35 support-group participants. There is no demonstrated missingness in this result. Impossible ANCOVA degrees of freedom refer to other cognitive/work-rating analyses and cannot establish missingness for this tally. Construct/source uncertainty remains in outcome measurement. Independent AI verification; does not satisfy a named human/non-author verification requirement. Applicability: these stored arm-specific counts are not themselves a comparative effect estimate; tool judgement applies provisionally to the source comparison and cannot certify whole-cohort prevalence eligibility. Original signalling responses remain absent.
mervis2017_sg_t12m_unclear__rob2_4_outcome_measurement,mervis2017_sg_t12m_unclear,rob2_4_outcome_measurement,high,high,yes,"2.5.1.3 Supported employment, p. 131; 2.6 Statistical analyses, p. 131; 3. Results, p. 132",Codex AI independent verification agent 2,2026-10-01,source_checked_agreement,"The outcome is defined in one sentence, 'At follow-up, the number of participants in supported employment was tallied as an external validator', with no data source, no informant, no definition of supported employment, no wage or employer information and no statement that the assessor was blind. The report then uses two different constructs interchangeably for the same number: 'enrolled in supported employment' and 'supported employment enrollment status' describe entry to a service, while 'went on to secure supported employment' describes obtaining a job. In an unblinded trial whose intervention explicitly aims at 'critical steps towards functional improvement goals', an outcome that may be service enrolment recorded by unblinded staff is at high risk. Independent AI verification; does not satisfy a named human/non-author verification requirement. Applicability: these stored arm-specific counts are not themselves a comparative effect estimate; tool judgement applies provisionally to the source comparison and cannot certify whole-cohort prevalence eligibility. Original signalling responses remain absent."
mervis2017_sg_t12m_unclear__rob2_5_selective_reporting,mervis2017_sg_t12m_unclear,rob2_5_selective_reporting,some_concerns,some_concerns,yes,"2.6 Statistical analyses, p. 131; 2.5.2, p. 131; 3. Results, p. 132",Codex AI independent verification agent 2,2026-10-01,source_checked_agreement,"No protocol or trial registration is cited. Two different alpha levels are used in the same paper, 0.05 for the primary between-group comparisons and 'a more conservative 0.01' for the correlations and chi-square tests, and the supported-employment result is then declared significant at p = 0.007, which clears both. Twelve-month WBI ratings were not collected and the reason given is practical. The supported-employment comparison is reported without a confidence interval or effect size, unlike every other headline result in the paper. Independent AI verification; does not satisfy a named human/non-author verification requirement. Applicability: these stored arm-specific counts are not themselves a comparative effect estimate; tool judgement applies provisionally to the source comparison and cannot certify whole-cohort prevalence eligibility. Original signalling responses remain absent."
mervis2017_sg_t12m_unclear__rob2_overall,mervis2017_sg_t12m_unclear,rob2_overall,high,high,yes,"2.1 to 3, pp. 130-132",Codex AI independent verification agent 2,2026-10-01,source_checked_agreement,"Driven by outcome measurement. The trial's headline real-world finding rests on a tally whose construct the report itself does not hold constant, collected in an unblinded trial with no stated source or assessor, and it is not established that the thing counted is paid work at all. The remaining domains carry some concerns each: undescribed randomisation, no ITT statement, and analysis degrees of freedom that cannot be reconciled with the sample size. Independent AI verification; does not satisfy a named human/non-author verification requirement. Applicability: these stored arm-specific counts are not themselves a comparative effect estimate; tool judgement applies provisionally to the source comparison and cannot certify whole-cohort prevalence eligibility. Original signalling responses remain absent."
moncrieff2025_cohort_t24m_eet__jbi1_sample_frame,moncrieff2025_cohort_t24m_eet,jbi1_sample_frame,no,no,yes,"Method, p. 674",Codex AI independent verification agent 2,2026-10-01,source_checked_agreement,"Trial-origin applicability, recorded as D2 requires. The frame is people who consented to a randomised trial of antipsychotic dose reduction, which excluded anyone with 'an admission to a psychiatric hospital or a mental health crisis within the preceding month', anyone 'being mandated to take their medication through the Mental Health Act' and anyone 'considered to pose a serious risk to themselves or others'. Those exclusions remove the most unwell, who are also the least likely to be employed, so the frame is not a catchment or population frame for a prevalence estimand even though it carries no employment-related restriction and passes the D9 gate. Independent AI verification; does not satisfy a named human/non-author verification requirement."
moncrieff2025_cohort_t24m_eet__jbi2_participant_sampling,moncrieff2025_cohort_t24m_eet,jbi2_participant_sampling,unclear,unclear,yes,"Method, p. 674",Codex AI independent verification agent 2,2026-10-01,source_checked_agreement,"This report does not describe how participants were identified, approached or consented; it refers the reader to the trial methods published elsewhere ('The trial methods have been described in detail elsewhere') and gives only eligibility criteria. Whether recruitment was consecutive across sites cannot be judged from this paper. Independent AI verification; does not satisfy a named human/non-author verification requirement."
moncrieff2025_cohort_t24m_eet__jbi3_sample_size,moncrieff2025_cohort_t24m_eet,jbi3_sample_size,yes,yes,yes,"Results, p. 674; Discussion, p. 676",Codex AI independent verification agent 2,2026-10-01,source_checked_agreement,"253 randomised and 190 assessed at 24 months. Adequate for a prevalence estimate; the authors note the analysis may be underpowered for the ASSOCIATION they test, which is a different question. Independent AI verification; does not satisfy a named human/non-author verification requirement."
moncrieff2025_cohort_t24m_eet__jbi4_subjects_setting_described,moncrieff2025_cohort_t24m_eet,jbi4_subjects_setting_described,yes,yes,yes,"Table 1, p. 675",Codex AI independent verification agent 2,2026-10-01,source_checked_agreement,"Table 1 describes age, gender including transgender participants, marital status, ethnicity, years of education, baseline employment/education/training, diagnosis split, duration of contact with services, previous admissions, recreational drug and alcohol use, antipsychotic dose in chlorpromazine equivalents, digit span, allocation and baseline SFS, MANSA and PANSS. Independent AI verification; does not satisfy a named human/non-author verification requirement."
moncrieff2025_cohort_t24m_eet__jbi5_coverage_of_sample,moncrieff2025_cohort_t24m_eet,jbi5_coverage_of_sample,no,no,yes,"Results, p. 674; Table 2, pp. 675-676; Table 4, p. 676",Codex AI independent verification agent 2,2026-10-01,source_checked_agreement,"The employment outcome is available for 190 of 253 randomised, 75.1 per cent, and the report gives three mutually incompatible accounts of how those 190 are distributed: Table 2's 66 and 124, the Results text's 70.7 and 77.2 per cent of 82 and 171 which give 58 and 132, and Table 4's 57, 132 and 189. Coverage of the analysed sample cannot be verified against the recruited sample. Independent AI verification; does not satisfy a named human/non-author verification requirement."
moncrieff2025_cohort_t24m_eet__jbi6_condition_identification,moncrieff2025_cohort_t24m_eet,jbi6_condition_identification,unclear,unclear,yes,"Method, p. 674; employment/education outcome definition and ascertainment section independently checked in full local PDF text",Codex AI independent verification agent 2,2026-10-01,source_checked_agreement,"Read as ascertainment of the EMPLOYMENT outcome. The category is stated clearly, 'employment status, categorised as being or not being in employment, education or training', but no instrument, item wording, informant or data source is given for it, and paid work is not separable from education or training. As a measure of EET it is defined; as a measure of paid employment it identifies nothing. Independent AI verification; does not satisfy a named human/non-author verification requirement."
moncrieff2025_cohort_t24m_eet__jbi7_condition_measurement,moncrieff2025_cohort_t24m_eet,jbi7_condition_measurement,unclear,unclear,yes,"Method, pp. 673-674; Table 4, p. 676; employment/education outcome definition and ascertainment section independently checked in full local PDF text",Codex AI independent verification agent 2,2026-10-01,source_checked_agreement,"The same silence: no instrument is named, no assessor described and no statement that the baseline and 24-month measurements used the same question, although Table 4's within-person change analysis presupposes that they did. Research assessments were conducted at 6, 12 and 24 months in an OPEN trial, so assessors were not blind to allocation, although allocation is not the exposure in this analysis. Independent AI verification; does not satisfy a named human/non-author verification requirement."
moncrieff2025_cohort_t24m_eet__jbi8_statistical_analysis,moncrieff2025_cohort_t24m_eet,jbi8_statistical_analysis,unclear,unclear,yes,"Method, pp. 674-675; Table 2, pp. 675-676",Codex AI independent verification agent 2,2026-10-01,source_checked_agreement,"Logistic regression with robust standard errors clustered by site, with a prespecified analysis plan and a sensible adjustment sequence, is appropriate for the association the paper tests. For the prevalence itself no whole-cohort rate and no confidence interval are printed at all: the reader has to add two subgroup cells whose denominators the same paper contradicts elsewhere. Independent AI verification; does not satisfy a named human/non-author verification requirement."
moncrieff2025_cohort_t24m_eet__jbi9_response_rate,moncrieff2025_cohort_t24m_eet,jbi9_response_rate,no,no,yes,"Results, p. 674; Discussion, p. 676",Codex AI independent verification agent 2,2026-10-01,source_checked_agreement,"Roughly a quarter of the randomised cohort has no 24-month employment status, the rate differs by relapse group on the report's own figures (70.7 against 77.2 per cent), and the authors themselves note selective completion for another measure, 'completion rates were lower for the PANSS, and this likely reflects selective completion of this long questionnaire by people who had milder symptoms'. The available-case denominator is therefore not safely missing-at-random. Independent AI verification; does not satisfy a named human/non-author verification requirement."
nossel2018_cohort_t6m_paidany__jbi1_sample_frame,nossel2018_cohort_t6m_paidany,jbi1_sample_frame,yes,yes,yes,"Methods, Participants and Study Design, p. 864; Discussion, p. 866",Codex AI independent verification agent 2,2026-10-01,source_checked_agreement,"The frame is everyone enrolled in OnTrackNY, the New York State coordinated specialty care programme, at ten sites during a defined window, which is an appropriate real-world early psychosis population; the paper is explicit that this is service delivery rather than a research protocol. Independent AI verification; does not satisfy a named human/non-author verification requirement."
nossel2018_cohort_t6m_paidany__jbi2_participant_sampling,nossel2018_cohort_t6m_paidany,jbi2_participant_sampling,yes,yes,yes,"Methods, Participants and Study Design, p. 864; Results, p. 866",Codex AI independent verification agent 2,2026-10-01,source_checked_agreement,"Consecutive programme enrolees rather than a selected sample. Requiring at least one three-month follow-up excludes very early leavers, but the programme's own quality-improvement data show 99 per cent (329 of 334) were retained at three months, so the restriction removes about one per cent. Independent AI verification; does not satisfy a named human/non-author verification requirement."
nossel2018_cohort_t6m_paidany__jbi3_sample_size,nossel2018_cohort_t6m_paidany,jbi3_sample_size,yes,yes,yes,"Results, p. 865-866",Codex AI independent verification agent 2,2026-10-01,source_checked_agreement,325 enrolled and 260 with six-month data; a proportion near 48 per cent is estimated to within about six percentage points. Independent AI verification; does not satisfy a named human/non-author verification requirement.
nossel2018_cohort_t6m_paidany__jbi4_subjects_setting_described,nossel2018_cohort_t6m_paidany,jbi4_subjects_setting_described,yes,yes,yes,"Table 1, p. 865; Methods, Intervention, p. 864",Codex AI independent verification agent 2,2026-10-01,source_checked_agreement,"Table 1 gives age band, gender, education, parental education, race-ethnicity, insurance, time to intervention, substance use, adherence, suicidality, violence, baseline GAF and baseline education or employment; the intervention, staffing and sites are described. Independent AI verification; does not satisfy a named human/non-author verification requirement."
nossel2018_cohort_t6m_paidany__jbi5_coverage_of_sample,nossel2018_cohort_t6m_paidany,jbi5_coverage_of_sample,unclear,unclear,yes,"Table 2, p. 866; Results, p. 866",Codex AI independent verification agent 2,2026-10-01,source_checked_agreement,"260 of 325 (80 per cent) have six-month data. The shortfall mixes genuine dropout with administrative censoring from staggered enrolment (43 per cent were censored before 12 months), and the paper does not separate the two at the six-month point. Independent AI verification; does not satisfy a named human/non-author verification requirement."
nossel2018_cohort_t6m_paidany__jbi6_condition_identification,nossel2018_cohort_t6m_paidany,jbi6_condition_identification,yes,yes,yes,"Methods, Measures, p. 864; employment/education outcome definition and ascertainment section independently checked in full local PDF text",Codex AI independent verification agent 2,2026-10-01,source_checked_agreement,"Paid work is explicitly defined and the definition matches the primary construct: 'Participation in work included any paid employment, including competitive or noncompetitive work, self-employment, or internship'. It is reported separately from school participation, so paid work is not merged with education. Independent AI verification; does not satisfy a named human/non-author verification requirement."
nossel2018_cohort_t6m_paidany__jbi7_condition_measurement,nossel2018_cohort_t6m_paidany,jbi7_condition_measurement,unclear,unclear,yes,"Methods, Participants and Study Design, p. 864; Measures, p. 864; employment/education outcome definition and ascertainment section independently checked in full local PDF text",Codex AI independent verification agent 2,2026-10-01,source_checked_agreement,"The same standardised quarterly form is completed for every client, which is consistent, but it is completed by the treating clinician from chart review and reports from the participant and family, with no independent verification and no reliability data for the employment item; unlike the GAF, no training to criterion is described for it. The measurement window at follow-up is not stated. Independent AI verification; does not satisfy a named human/non-author verification requirement."
nossel2018_cohort_t6m_paidany__jbi8_statistical_analysis,nossel2018_cohort_t6m_paidany,jbi8_statistical_analysis,unclear,unclear,yes,Results p. 866; Table 2 p. 866; Table 3 p. 867,Codex AI independent verification agent 2,2026-10-01,source_checked_agreement,"The descriptive proportion is a simple count over a stated denominator, which is appropriate, but the paper gives three different figures for the six-month sample: 260 in the Results text, 261 as 'N at follow-up' in Table 3 and 262 implied by Table 2's discharge flow, without reconciling them. Independent AI verification; does not satisfy a named human/non-author verification requirement."
nossel2018_cohort_t6m_paidany__jbi9_response_rate,nossel2018_cohort_t6m_paidany,jbi9_response_rate,yes,yes,yes,"Results, p. 864-866; Data Analysis, p. 864",Codex AI independent verification agent 2,2026-10-01,source_checked_agreement,"80 per cent at six months, and non-response was examined: baseline characteristics of those discharged before 12 months differed only in medication adherence (p = .049) and GAF symptom score (p = .044), on the basis of which the authors treated unobserved values as missing at random. Independent AI verification; does not satisfy a named human/non-author verification requirement."
nossel2018_cohort_t6m_paidcomp__jbi1_sample_frame,nossel2018_cohort_t6m_paidcomp,jbi1_sample_frame,yes,yes,yes,"Methods, Participants and Study Design, p. 864; Discussion, p. 866",Codex AI independent verification agent 2,2026-10-01,source_checked_agreement,"The frame is everyone enrolled in OnTrackNY, the New York State coordinated specialty care programme, at ten sites during a defined window, which is an appropriate real-world early psychosis population; the paper is explicit that this is service delivery rather than a research protocol. Independent AI verification; does not satisfy a named human/non-author verification requirement."
nossel2018_cohort_t6m_paidcomp__jbi2_participant_sampling,nossel2018_cohort_t6m_paidcomp,jbi2_participant_sampling,yes,yes,yes,"Methods, Participants and Study Design, p. 864; Results, p. 866",Codex AI independent verification agent 2,2026-10-01,source_checked_agreement,"Consecutive programme enrolees rather than a selected sample. Requiring at least one three-month follow-up excludes very early leavers, but the programme's own quality-improvement data show 99 per cent (329 of 334) were retained at three months, so the restriction removes about one per cent. Independent AI verification; does not satisfy a named human/non-author verification requirement."
nossel2018_cohort_t6m_paidcomp__jbi3_sample_size,nossel2018_cohort_t6m_paidcomp,jbi3_sample_size,yes,yes,yes,"Results, p. 865-866",Codex AI independent verification agent 2,2026-10-01,source_checked_agreement,325 enrolled and 260 with six-month data; a proportion near 48 per cent is estimated to within about six percentage points. Independent AI verification; does not satisfy a named human/non-author verification requirement.
nossel2018_cohort_t6m_paidcomp__jbi4_subjects_setting_described,nossel2018_cohort_t6m_paidcomp,jbi4_subjects_setting_described,yes,yes,yes,"Table 1, p. 865; Methods, Intervention, p. 864",Codex AI independent verification agent 2,2026-10-01,source_checked_agreement,"Table 1 gives age band, gender, education, parental education, race-ethnicity, insurance, time to intervention, substance use, adherence, suicidality, violence, baseline GAF and baseline education or employment; the intervention, staffing and sites are described. Independent AI verification; does not satisfy a named human/non-author verification requirement."
nossel2018_cohort_t6m_paidcomp__jbi5_coverage_of_sample,nossel2018_cohort_t6m_paidcomp,jbi5_coverage_of_sample,unclear,unclear,yes,"Table 2, p. 866; Results, p. 866",Codex AI independent verification agent 2,2026-10-01,source_checked_agreement,"260 of 325 (80 per cent) have six-month data. The shortfall mixes genuine dropout with administrative censoring from staggered enrolment (43 per cent were censored before 12 months), and the paper does not separate the two at the six-month point. Independent AI verification; does not satisfy a named human/non-author verification requirement."
nossel2018_cohort_t6m_paidcomp__jbi6_condition_identification,nossel2018_cohort_t6m_paidcomp,jbi6_condition_identification,yes,yes,yes,"Methods, Measures, p. 864; employment/education outcome definition and ascertainment section independently checked in full local PDF text",Codex AI independent verification agent 2,2026-10-01,source_checked_agreement,"Competitive work is defined operationally: 'work that pays at least minimum wage, involves a paycheck from the employer, and is not reserved for those with behavioral health problems', which distinguishes labour market setting from support received, as this review requires. Independent AI verification; does not satisfy a named human/non-author verification requirement."
nossel2018_cohort_t6m_paidcomp__jbi7_condition_measurement,nossel2018_cohort_t6m_paidcomp,jbi7_condition_measurement,unclear,unclear,yes,"Methods, Participants and Study Design, p. 864; Measures, p. 864; employment/education outcome definition and ascertainment section independently checked in full local PDF text",Codex AI independent verification agent 2,2026-10-01,source_checked_agreement,"The same standardised quarterly form is completed for every client, which is consistent, but it is completed by the treating clinician from chart review and reports from the participant and family, with no independent verification and no reliability data for the employment item; unlike the GAF, no training to criterion is described for it. The measurement window at follow-up is not stated. Independent AI verification; does not satisfy a named human/non-author verification requirement."
nossel2018_cohort_t6m_paidcomp__jbi8_statistical_analysis,nossel2018_cohort_t6m_paidcomp,jbi8_statistical_analysis,unclear,unclear,yes,Results p. 866; Table 2 p. 866; Table 3 p. 867,Codex AI independent verification agent 2,2026-10-01,source_checked_agreement,"The descriptive proportion is a simple count over a stated denominator, which is appropriate, but the paper gives three different figures for the six-month sample: 260 in the Results text, 261 as 'N at follow-up' in Table 3 and 262 implied by Table 2's discharge flow, without reconciling them. Independent AI verification; does not satisfy a named human/non-author verification requirement."
nossel2018_cohort_t6m_paidcomp__jbi9_response_rate,nossel2018_cohort_t6m_paidcomp,jbi9_response_rate,yes,yes,yes,"Results, p. 864-866; Data Analysis, p. 864",Codex AI independent verification agent 2,2026-10-01,source_checked_agreement,"80 per cent at six months, and non-response was examined: baseline characteristics of those discharged before 12 months differed only in medication adherence (p = .049) and GAF symptom score (p = .044), on the basis of which the authors treated unobserved values as missing at random. Independent AI verification; does not satisfy a named human/non-author verification requirement."
F11_rob_0165,peebo2022_cohort_t12m_employment_completers,jbi1_sample_frame,yes,no,no,"Participants and methods, Participants, p. 208",Codex AI independent verification agent 2,2026-10-01,corrected_judgement_and_rationale,"This result is restricted to 107 participants who completed all reassessments through 24 months, out of 199 initial FEP participants. Especially at 12 months, the population is selected on future treatment/follow-up completion rather than representing all first episode patients at that point. The initial single department frame is defined, but this completer-selected analysis frame is inappropriate for a whole-cohort prevalence estimand. Independent AI verification; does not satisfy a named human/non-author verification requirement."
F11_rob_0166,peebo2022_cohort_t12m_employment_completers,jbi2_participant_sampling,yes,unclear,no,"Participants and methods, Participants, p. 208",Codex AI independent verification agent 2,2026-10-01,corrected_judgement_and_rationale,"Methods identify 199 FEP department patients recruited in March 2004-February 2008 and require signed consent, but do not expressly state that all eligible admissions were included or that recruitment was consecutive. A complete census cannot be verified. Completion-based selection is evaluated separately under frame/coverage. Independent AI verification; does not satisfy a named human/non-author verification requirement."
F11_rob_0167,peebo2022_cohort_t12m_employment_completers,jbi3_sample_size,unclear,unclear,yes,"Results, p. 209; Discussion, Limitations, p. 213",Codex AI independent verification agent 2,2026-10-01,source_checked_agreement,"199 entered and 107 were followed to 24 months. Adequate to describe a single service, small for a prevalence estimate, and the authors list ""the small sample size"" among the study's limitations. Independent AI verification; does not satisfy a named human/non-author verification requirement."
F11_rob_0168,peebo2022_cohort_t12m_employment_completers,jbi4_subjects_setting_described,yes,yes,yes,"Table 1, p. 209; Intervention, p. 208",Codex AI independent verification agent 2,2026-10-01,source_checked_agreement,"Table 1 gives age, sex, education, employment status, ICD-10 diagnosis and duration of untreated psychosis, and the service and its treatment components are described in detail. Independent AI verification; does not satisfy a named human/non-author verification requirement."
F11_rob_0169,peebo2022_cohort_t12m_employment_completers,jbi5_coverage_of_sample,no,no,yes,"Figure 1, p. 212; Results, Ten-year follow-up, p. 211; Table 2b, p. 210",Codex AI independent verification agent 2,2026-10-01,source_checked_agreement,"107 of 199 (53.8%) attended all reassessments. The report compares BPRS, GAF and diagnosis between the 107 who stayed and the 42 who dropped out after 12 months and finds no difference, which is reassuring but does not cover the 92 lost overall, and the analysis base changes at every timepoint in Table 2b. Independent AI verification; does not satisfy a named human/non-author verification requirement."
F11_rob_0170,peebo2022_cohort_t12m_employment_completers,jbi6_condition_identification,unclear,unclear,yes,"Table 1, p. 209; Table 3, p. 211; Discussion, p. 211; employment/education outcome definition and ascertainment section independently checked in full local PDF text",Codex AI independent verification agent 2,2026-10-01,corrected_rationale_only,"Employment percentages are reported without defining employment, remuneration, hours, reference period or the precise interview item. Psychiatrists interviewed patients/relatives for sociodemographic information, but this does not establish valid identification of the vocational condition. Unclear is retained for employment identification; psychosis diagnostic stability is an eligibility issue. Independent AI verification; does not satisfy a named human/non-author verification requirement."
F11_rob_0171,peebo2022_cohort_t12m_employment_completers,jbi7_condition_measurement,no,no,yes,"Assessments, p. 208; Long-term follow-up, p. 209; Table 4, p. 211; employment/education outcome definition and ascertainment section independently checked in full local PDF text",Codex AI independent verification agent 2,2026-10-01,source_checked_agreement,"""Employment%"" is never defined. The report states only that socio-demographic factors including employment status were collected by psychiatrists during interviews, and gives no construct, threshold or ascertainment window; the 10-year outcome switches to a different measure entirely (total duration of employment in months from the tax register). Independent AI verification; does not satisfy a named human/non-author verification requirement."
F11_rob_0172,peebo2022_cohort_t12m_employment_completers,jbi8_statistical_analysis,no,no,yes,"Table 2b, p. 210",Codex AI independent verification agent 2,2026-10-01,source_checked_agreement,"Every follow-up employment figure is a percentage with no numerator anywhere in the report, so no proportion can be verified or pooled. At least one printed percentage is unattainable on its stated base: Table 2b's 12-month employment of 47.7% on n = 154 lies between 73/154 = 47.40% and 74/154 = 48.05%, and the same table's 6-month unemployment of 9.9% on n = 166 lies between 16/166 = 9.64% and 17/166 = 10.24%. Independent AI verification; does not satisfy a named human/non-author verification requirement."
F11_rob_0173,peebo2022_cohort_t12m_employment_completers,jbi9_response_rate,no,no,yes,"Figure 1, p. 212; Results, Ten-year follow-up, p. 209; Discussion, Limitations, p. 213",Codex AI independent verification agent 2,2026-10-01,source_checked_agreement,"46% attrition by 24 months, with the analysis base changing from 199 to 166 to 154 to 107 across Table 2b and no imputation or sensitivity analysis. The 10-year follow-up compounds this by deliberately restricting to the 116 who completed the full two-year intervention, on the stated ground that dropouts ""did not receive the full possible benefits"". Independent AI verification; does not satisfy a named human/non-author verification requirement."
F11_rob_0174,peebo2022_cohort_t24m_employment_completers,jbi1_sample_frame,yes,no,no,"Participants and methods, Participants, p. 208",Codex AI independent verification agent 2,2026-10-01,corrected_judgement_and_rationale,"This result is restricted to 107 participants who completed all reassessments through 24 months, out of 199 initial FEP participants. Especially at 12 months, the population is selected on future treatment/follow-up completion rather than representing all first episode patients at that point. The initial single department frame is defined, but this completer-selected analysis frame is inappropriate for a whole-cohort prevalence estimand. Independent AI verification; does not satisfy a named human/non-author verification requirement."
F11_rob_0175,peebo2022_cohort_t24m_employment_completers,jbi2_participant_sampling,yes,unclear,no,"Participants and methods, Participants, p. 208",Codex AI independent verification agent 2,2026-10-01,corrected_judgement_and_rationale,"Methods identify 199 FEP department patients recruited in March 2004-February 2008 and require signed consent, but do not expressly state that all eligible admissions were included or that recruitment was consecutive. A complete census cannot be verified. Completion-based selection is evaluated separately under frame/coverage. Independent AI verification; does not satisfy a named human/non-author verification requirement."
F11_rob_0176,peebo2022_cohort_t24m_employment_completers,jbi3_sample_size,unclear,unclear,yes,"Results, p. 209; Discussion, Limitations, p. 213",Codex AI independent verification agent 2,2026-10-01,source_checked_agreement,"199 entered and 107 were followed to 24 months. Adequate to describe a single service, small for a prevalence estimate, and the authors list ""the small sample size"" among the study's limitations. Independent AI verification; does not satisfy a named human/non-author verification requirement."
F11_rob_0177,peebo2022_cohort_t24m_employment_completers,jbi4_subjects_setting_described,yes,yes,yes,"Table 1, p. 209; Intervention, p. 208",Codex AI independent verification agent 2,2026-10-01,source_checked_agreement,"Table 1 gives age, sex, education, employment status, ICD-10 diagnosis and duration of untreated psychosis, and the service and its treatment components are described in detail. Independent AI verification; does not satisfy a named human/non-author verification requirement."
F11_rob_0178,peebo2022_cohort_t24m_employment_completers,jbi5_coverage_of_sample,no,no,yes,"Figure 1, p. 212; Results, Ten-year follow-up, p. 211; Table 2b, p. 210",Codex AI independent verification agent 2,2026-10-01,source_checked_agreement,"107 of 199 (53.8%) attended all reassessments. The report compares BPRS, GAF and diagnosis between the 107 who stayed and the 42 who dropped out after 12 months and finds no difference, which is reassuring but does not cover the 92 lost overall, and the analysis base changes at every timepoint in Table 2b. Independent AI verification; does not satisfy a named human/non-author verification requirement."
F11_rob_0179,peebo2022_cohort_t24m_employment_completers,jbi6_condition_identification,unclear,unclear,yes,"Table 1, p. 209; Table 3, p. 211; Discussion, p. 211; employment/education outcome definition and ascertainment section independently checked in full local PDF text",Codex AI independent verification agent 2,2026-10-01,corrected_rationale_only,"Employment percentages are reported without defining employment, remuneration, hours, reference period or the precise interview item. Psychiatrists interviewed patients/relatives for sociodemographic information, but this does not establish valid identification of the vocational condition. Unclear is retained for employment identification; psychosis diagnostic stability is an eligibility issue. Independent AI verification; does not satisfy a named human/non-author verification requirement."
F11_rob_0180,peebo2022_cohort_t24m_employment_completers,jbi7_condition_measurement,no,no,yes,"Assessments, p. 208; Long-term follow-up, p. 209; Table 4, p. 211; employment/education outcome definition and ascertainment section independently checked in full local PDF text",Codex AI independent verification agent 2,2026-10-01,source_checked_agreement,"""Employment%"" is never defined. The report states only that socio-demographic factors including employment status were collected by psychiatrists during interviews, and gives no construct, threshold or ascertainment window; the 10-year outcome switches to a different measure entirely (total duration of employment in months from the tax register). Independent AI verification; does not satisfy a named human/non-author verification requirement."
F11_rob_0181,peebo2022_cohort_t24m_employment_completers,jbi8_statistical_analysis,no,no,yes,"Table 2b, p. 210",Codex AI independent verification agent 2,2026-10-01,source_checked_agreement,"Every follow-up employment figure is a percentage with no numerator anywhere in the report, so no proportion can be verified or pooled. At least one printed percentage is unattainable on its stated base: Table 2b's 12-month employment of 47.7% on n = 154 lies between 73/154 = 47.40% and 74/154 = 48.05%, and the same table's 6-month unemployment of 9.9% on n = 166 lies between 16/166 = 9.64% and 17/166 = 10.24%. Independent AI verification; does not satisfy a named human/non-author verification requirement."
F11_rob_0182,peebo2022_cohort_t24m_employment_completers,jbi9_response_rate,no,no,yes,"Figure 1, p. 212; Results, Ten-year follow-up, p. 209; Discussion, Limitations, p. 213",Codex AI independent verification agent 2,2026-10-01,source_checked_agreement,"46% attrition by 24 months, with the analysis base changing from 199 to 166 to 154 to 107 across Table 2b and no imputation or sensitivity analysis. The 10-year follow-up compounds this by deliberately restricting to the 116 who completed the full two-year intervention, on the stated ground that dropouts ""did not receive the full possible benefits"". Independent AI verification; does not satisfy a named human/non-author verification requirement."
F11_rob_0183,peebo2022_cohort_t12m_employment_all154,jbi1_sample_frame,yes,yes,yes,"Participants and methods, Participants, p. 208",Codex AI independent verification agent 2,2026-10-01,corrected_rationale_only,"The initial frame comprises first-episode psychosis patients admitted to a defined psychiatric department during the stated recruitment period. For the all-available 12-month row, future completion is not an entry restriction. This supports an appropriate treated clinical-cohort frame. Whether every eligible admission was included is unreported and is considered separately under participant sampling. Independent AI verification; does not satisfy a named human/non-author verification requirement."
F11_rob_0184,peebo2022_cohort_t12m_employment_all154,jbi2_participant_sampling,yes,unclear,no,"Participants and methods, Participants, p. 208",Codex AI independent verification agent 2,2026-10-01,corrected_judgement_and_rationale,"Methods identify 199 FEP department patients recruited in March 2004-February 2008 and require signed consent, but do not expressly state that all eligible admissions were included or that recruitment was consecutive. A complete census cannot be verified. Completion-based selection is evaluated separately under frame/coverage. Independent AI verification; does not satisfy a named human/non-author verification requirement."
F11_rob_0185,peebo2022_cohort_t12m_employment_all154,jbi3_sample_size,unclear,unclear,yes,"Results, p. 209; Discussion, Limitations, p. 213",Codex AI independent verification agent 2,2026-10-01,source_checked_agreement,"199 entered and 107 were followed to 24 months. Adequate to describe a single service, small for a prevalence estimate, and the authors list ""the small sample size"" among the study's limitations. Independent AI verification; does not satisfy a named human/non-author verification requirement."
F11_rob_0186,peebo2022_cohort_t12m_employment_all154,jbi4_subjects_setting_described,yes,yes,yes,"Table 1, p. 209; Intervention, p. 208",Codex AI independent verification agent 2,2026-10-01,source_checked_agreement,"Table 1 gives age, sex, education, employment status, ICD-10 diagnosis and duration of untreated psychosis, and the service and its treatment components are described in detail. Independent AI verification; does not satisfy a named human/non-author verification requirement."
F11_rob_0187,peebo2022_cohort_t12m_employment_all154,jbi5_coverage_of_sample,no,no,yes,"Figure 1, p. 212; Results, Ten-year follow-up, p. 211; Table 2b, p. 210",Codex AI independent verification agent 2,2026-10-01,corrected_rationale_only,"The 12 month all available participant row uses 154 of 199 initial participants (77. 4%), rather than 107 completers or the 24 month 53. 8% coverage. Attrition is not imputed or weighted, and baseline 25 missing employment statuses show item-level missingness. Completer-versus-later-dropout comparison does not fully address this 12 month outcome analysis base; inadequately managed/undocumented missingness supports no. Independent AI verification; does not satisfy a named human/non-author verification requirement."
F11_rob_0188,peebo2022_cohort_t12m_employment_all154,jbi6_condition_identification,unclear,unclear,yes,"Table 1, p. 209; Table 3, p. 211; Discussion, p. 211; employment/education outcome definition and ascertainment section independently checked in full local PDF text",Codex AI independent verification agent 2,2026-10-01,corrected_rationale_only,"Employment percentages are reported without defining employment, remuneration, hours, reference period or the precise interview item. Psychiatrists interviewed patients/relatives for sociodemographic information, but this does not establish valid identification of the vocational condition. Unclear is retained for employment identification; psychosis diagnostic stability is an eligibility issue. Independent AI verification; does not satisfy a named human/non-author verification requirement."
F11_rob_0189,peebo2022_cohort_t12m_employment_all154,jbi7_condition_measurement,no,no,yes,"Assessments, p. 208; Long-term follow-up, p. 209; Table 4, p. 211; employment/education outcome definition and ascertainment section independently checked in full local PDF text",Codex AI independent verification agent 2,2026-10-01,source_checked_agreement,"""Employment%"" is never defined. The report states only that socio-demographic factors including employment status were collected by psychiatrists during interviews, and gives no construct, threshold or ascertainment window; the 10-year outcome switches to a different measure entirely (total duration of employment in months from the tax register). Independent AI verification; does not satisfy a named human/non-author verification requirement."
F11_rob_0190,peebo2022_cohort_t12m_employment_all154,jbi8_statistical_analysis,no,no,yes,"Table 2b, p. 210",Codex AI independent verification agent 2,2026-10-01,source_checked_agreement,"Every follow-up employment figure is a percentage with no numerator anywhere in the report, so no proportion can be verified or pooled. At least one printed percentage is unattainable on its stated base: Table 2b's 12-month employment of 47.7% on n = 154 lies between 73/154 = 47.40% and 74/154 = 48.05%, and the same table's 6-month unemployment of 9.9% on n = 166 lies between 16/166 = 9.64% and 17/166 = 10.24%. Independent AI verification; does not satisfy a named human/non-author verification requirement."
F11_rob_0191,peebo2022_cohort_t12m_employment_all154,jbi9_response_rate,no,no,yes,"Figure 1, p. 212; Results, Ten-year follow-up, p. 209; Discussion, Limitations, p. 213",Codex AI independent verification agent 2,2026-10-01,corrected_rationale_only,"The 12 month all available participant row uses 154 of 199 initial participants (77. 4%), rather than 107 completers or the 24 month 53. 8% coverage. Attrition is not imputed or weighted, and baseline 25 missing employment statuses show item-level missingness. Completer-versus-later-dropout comparison does not fully address this 12 month outcome analysis base; inadequately managed/undocumented missingness supports no. Independent AI verification; does not satisfy a named human/non-author verification requirement."
F11_rob_0192,petrakis2019_cohort_prog_vocact_any,jbi1_sample_frame,no,no,yes,"Methods, The featured program, p. 537",Codex AI independent verification agent 2,2026-10-01,source_checked_agreement,"The frame is an IPS programme caseload whose eligibility required an ""expressed wish to gain competitive employment"" and assessment as ""capable of working at least eight hours per week"". It is a valid frame for describing a vocational service and an inappropriate one for estimating employment in a psychosis population. Independent AI verification; does not satisfy a named human/non-author verification requirement."
F11_rob_0193,petrakis2019_cohort_prog_vocact_any,jbi2_participant_sampling,yes,yes,yes,"Methods, Program Participants, p. 537",Codex AI independent verification agent 2,2026-10-01,source_checked_agreement,"A census rather than a sample: ""The program cohort included all participants who were referred and engaged in the program (N = 137) during the seven years of operation."" Independent AI verification; does not satisfy a named human/non-author verification requirement."
F11_rob_0194,petrakis2019_cohort_prog_vocact_any,jbi3_sample_size,unclear,unclear,yes,"Results, Participant demographics and characteristics, p. 539",Codex AI independent verification agent 2,2026-10-01,source_checked_agreement,"136 analysed. Reasonable for describing a seven-year service, thin for the bivariate subgroup comparisons the report also runs. Independent AI verification; does not satisfy a named human/non-author verification requirement."
F11_rob_0195,petrakis2019_cohort_prog_vocact_any,jbi4_subjects_setting_described,yes,yes,yes,"Tables 1 and 2, pp. 540-541; Methods, Services involved, p. 537",Codex AI independent verification agent 2,2026-10-01,source_checked_agreement,"Tables 1 and 2 give sex, age band, marital status, country of birth, education, accommodation and diagnosis, and both the area mental health service and the Disability Employment Service provider are described in detail. Independent AI verification; does not satisfy a named human/non-author verification requirement."
F11_rob_0196,petrakis2019_cohort_prog_vocact_any,jbi5_coverage_of_sample,yes,yes,yes,"Results, Participant demographics and characteristics, p. 539",Codex AI independent verification agent 2,2026-10-01,source_checked_agreement,136 of 137 (99.3%); one participant could not be matched across the two data sources. Independent AI verification; does not satisfy a named human/non-author verification requirement.
F11_rob_0197,petrakis2019_cohort_prog_vocact_any,jbi6_condition_identification,no,unclear,no,"Methods, Program Participants, p. 538; Table 2, p. 541; employment/education outcome definition and ascertainment section independently checked in full local PDF text",Codex AI independent verification agent 2,2026-10-01,corrected_judgement_and_rationale,"Vocational outcomes are coded from participant files, DES datasheets and monthly reports using a piloted audit tool. Competitive, noncompetitive and unspecified categories are distinguished, but paid-work criteria are not specified and volunteer/unpaid placements enter broad vocational outcomes. Missing type information prevents valid identification of a consistent paid-work construct. Routine psychiatric diagnosis is not the target of this item. Independent AI verification; does not satisfy a named human/non-author verification requirement."
F11_rob_0198,petrakis2019_cohort_prog_vocact_any,jbi7_condition_measurement,no,no,yes,"Methods, Participants' employment outcomes, p. 538; Table 4, p. 542; Discussion, p. 541; employment/education outcome definition and ascertainment section independently checked in full local PDF text",Codex AI independent verification agent 2,2026-10-01,source_checked_agreement,"The outcome is retrospectively mined from file notes, service datasheets and monthly reports, and the report states that ""organisational processes interrupted the consistent recording of data on this variable"": type of employment is unspecified for 17.6% of participants and 42.4% of placements, and the headline ""employment outcome"" category demonstrably includes volunteer and unpaid work-experience placements. Independent AI verification; does not satisfy a named human/non-author verification requirement."
F11_rob_0199,petrakis2019_cohort_prog_vocact_any,jbi8_statistical_analysis,unclear,unclear,yes,"Methods, Data analysis, p. 538",Codex AI independent verification agent 2,2026-10-01,source_checked_agreement,"Univariate frequencies on a stated denominator, which is appropriate as far as it goes, but exposure time is not accounted for although engagement periods differ by up to seven years, and no interval is reported around any proportion. Independent AI verification; does not satisfy a named human/non-author verification requirement."
F11_rob_0200,petrakis2019_cohort_prog_vocact_any,jbi9_response_rate,unclear,unclear,yes,"Discussion, Limitations, p. 543; Results, p. 539; Table 2, p. 541",Codex AI independent verification agent 2,2026-10-01,source_checked_agreement,"Not a survey, so non-response does not arise in the usual sense, but missing records are a substantial and acknowledged problem for the outcome variables (duration, hours worked, income, entry and exit dates), and the text's ""15 of 126 participants"" contradicts Table 2's denominator of 136 for the same 15. Independent AI verification; does not satisfy a named human/non-author verification requirement."
F11_rob_0201,petrakis2019_cohort_prog_paidcomp,jbi1_sample_frame,no,no,yes,"Methods, The featured program, p. 537",Codex AI independent verification agent 2,2026-10-01,source_checked_agreement,"The frame is an IPS programme caseload whose eligibility required an ""expressed wish to gain competitive employment"" and assessment as ""capable of working at least eight hours per week"". It is a valid frame for describing a vocational service and an inappropriate one for estimating employment in a psychosis population. Independent AI verification; does not satisfy a named human/non-author verification requirement."
F11_rob_0202,petrakis2019_cohort_prog_paidcomp,jbi2_participant_sampling,yes,yes,yes,"Methods, Program Participants, p. 537",Codex AI independent verification agent 2,2026-10-01,source_checked_agreement,"A census rather than a sample: ""The program cohort included all participants who were referred and engaged in the program (N = 137) during the seven years of operation."" Independent AI verification; does not satisfy a named human/non-author verification requirement."
F11_rob_0203,petrakis2019_cohort_prog_paidcomp,jbi3_sample_size,unclear,unclear,yes,"Results, Participant demographics and characteristics, p. 539",Codex AI independent verification agent 2,2026-10-01,source_checked_agreement,"136 analysed. Reasonable for describing a seven-year service, thin for the bivariate subgroup comparisons the report also runs. Independent AI verification; does not satisfy a named human/non-author verification requirement."
F11_rob_0204,petrakis2019_cohort_prog_paidcomp,jbi4_subjects_setting_described,yes,yes,yes,"Tables 1 and 2, pp. 540-541; Methods, Services involved, p. 537",Codex AI independent verification agent 2,2026-10-01,source_checked_agreement,"Tables 1 and 2 give sex, age band, marital status, country of birth, education, accommodation and diagnosis, and both the area mental health service and the Disability Employment Service provider are described in detail. Independent AI verification; does not satisfy a named human/non-author verification requirement."
F11_rob_0205,petrakis2019_cohort_prog_paidcomp,jbi5_coverage_of_sample,yes,yes,yes,"Results, Participant demographics and characteristics, p. 539",Codex AI independent verification agent 2,2026-10-01,source_checked_agreement,136 of 137 (99.3%); one participant could not be matched across the two data sources. Independent AI verification; does not satisfy a named human/non-author verification requirement.
F11_rob_0206,petrakis2019_cohort_prog_paidcomp,jbi6_condition_identification,no,unclear,no,"Methods, Program Participants, p. 538; Table 2, p. 541; employment/education outcome definition and ascertainment section independently checked in full local PDF text",Codex AI independent verification agent 2,2026-10-01,corrected_judgement_and_rationale,"Vocational outcomes are coded from participant files, DES datasheets and monthly reports using a piloted audit tool. Competitive, noncompetitive and unspecified categories are distinguished, but paid-work criteria are not specified and volunteer/unpaid placements enter broad vocational outcomes. Missing type information prevents valid identification of a consistent paid-work construct. Routine psychiatric diagnosis is not the target of this item. Independent AI verification; does not satisfy a named human/non-author verification requirement."
F11_rob_0207,petrakis2019_cohort_prog_paidcomp,jbi7_condition_measurement,no,no,yes,"Methods, Participants' employment outcomes, p. 538; Table 4, p. 542; Discussion, p. 541; employment/education outcome definition and ascertainment section independently checked in full local PDF text",Codex AI independent verification agent 2,2026-10-01,source_checked_agreement,"The outcome is retrospectively mined from file notes, service datasheets and monthly reports, and the report states that ""organisational processes interrupted the consistent recording of data on this variable"": type of employment is unspecified for 17.6% of participants and 42.4% of placements, and the headline ""employment outcome"" category demonstrably includes volunteer and unpaid work-experience placements. Independent AI verification; does not satisfy a named human/non-author verification requirement."
F11_rob_0208,petrakis2019_cohort_prog_paidcomp,jbi8_statistical_analysis,unclear,unclear,yes,"Methods, Data analysis, p. 538",Codex AI independent verification agent 2,2026-10-01,source_checked_agreement,"Univariate frequencies on a stated denominator, which is appropriate as far as it goes, but exposure time is not accounted for although engagement periods differ by up to seven years, and no interval is reported around any proportion. Independent AI verification; does not satisfy a named human/non-author verification requirement."
F11_rob_0209,petrakis2019_cohort_prog_paidcomp,jbi9_response_rate,unclear,unclear,yes,"Discussion, Limitations, p. 543; Results, p. 539; Table 2, p. 541",Codex AI independent verification agent 2,2026-10-01,source_checked_agreement,"Not a survey, so non-response does not arise in the usual sense, but missing records are a substantial and acknowledged problem for the outcome variables (duration, hours worked, income, entry and exit dates), and the text's ""15 of 126 participants"" contradicts Table 2's denominator of 136 for the same 15. Independent AI verification; does not satisfy a named human/non-author verification requirement."
F11_rob_0210,petrakis2019_cohort_prog_vocact_noncomp,jbi1_sample_frame,no,no,yes,"Methods, The featured program, p. 537",Codex AI independent verification agent 2,2026-10-01,source_checked_agreement,"The frame is an IPS programme caseload whose eligibility required an ""expressed wish to gain competitive employment"" and assessment as ""capable of working at least eight hours per week"". It is a valid frame for describing a vocational service and an inappropriate one for estimating employment in a psychosis population. Independent AI verification; does not satisfy a named human/non-author verification requirement."
F11_rob_0211,petrakis2019_cohort_prog_vocact_noncomp,jbi2_participant_sampling,yes,yes,yes,"Methods, Program Participants, p. 537",Codex AI independent verification agent 2,2026-10-01,source_checked_agreement,"A census rather than a sample: ""The program cohort included all participants who were referred and engaged in the program (N = 137) during the seven years of operation."" Independent AI verification; does not satisfy a named human/non-author verification requirement."
F11_rob_0212,petrakis2019_cohort_prog_vocact_noncomp,jbi3_sample_size,unclear,unclear,yes,"Results, Participant demographics and characteristics, p. 539",Codex AI independent verification agent 2,2026-10-01,source_checked_agreement,"136 analysed. Reasonable for describing a seven-year service, thin for the bivariate subgroup comparisons the report also runs. Independent AI verification; does not satisfy a named human/non-author verification requirement."
F11_rob_0213,petrakis2019_cohort_prog_vocact_noncomp,jbi4_subjects_setting_described,yes,yes,yes,"Tables 1 and 2, pp. 540-541; Methods, Services involved, p. 537",Codex AI independent verification agent 2,2026-10-01,source_checked_agreement,"Tables 1 and 2 give sex, age band, marital status, country of birth, education, accommodation and diagnosis, and both the area mental health service and the Disability Employment Service provider are described in detail. Independent AI verification; does not satisfy a named human/non-author verification requirement."
F11_rob_0214,petrakis2019_cohort_prog_vocact_noncomp,jbi5_coverage_of_sample,yes,yes,yes,"Results, Participant demographics and characteristics, p. 539",Codex AI independent verification agent 2,2026-10-01,source_checked_agreement,136 of 137 (99.3%); one participant could not be matched across the two data sources. Independent AI verification; does not satisfy a named human/non-author verification requirement.
F11_rob_0215,petrakis2019_cohort_prog_vocact_noncomp,jbi6_condition_identification,no,unclear,no,"Methods, Program Participants, p. 538; Table 2, p. 541; employment/education outcome definition and ascertainment section independently checked in full local PDF text",Codex AI independent verification agent 2,2026-10-01,corrected_judgement_and_rationale,"Vocational outcomes are coded from participant files, DES datasheets and monthly reports using a piloted audit tool. Competitive, noncompetitive and unspecified categories are distinguished, but paid-work criteria are not specified and volunteer/unpaid placements enter broad vocational outcomes. Missing type information prevents valid identification of a consistent paid-work construct. Routine psychiatric diagnosis is not the target of this item. Independent AI verification; does not satisfy a named human/non-author verification requirement."
F11_rob_0216,petrakis2019_cohort_prog_vocact_noncomp,jbi7_condition_measurement,no,no,yes,"Methods, Participants' employment outcomes, p. 538; Table 4, p. 542; Discussion, p. 541; employment/education outcome definition and ascertainment section independently checked in full local PDF text",Codex AI independent verification agent 2,2026-10-01,source_checked_agreement,"The outcome is retrospectively mined from file notes, service datasheets and monthly reports, and the report states that ""organisational processes interrupted the consistent recording of data on this variable"": type of employment is unspecified for 17.6% of participants and 42.4% of placements, and the headline ""employment outcome"" category demonstrably includes volunteer and unpaid work-experience placements. Independent AI verification; does not satisfy a named human/non-author verification requirement."
F11_rob_0217,petrakis2019_cohort_prog_vocact_noncomp,jbi8_statistical_analysis,unclear,unclear,yes,"Methods, Data analysis, p. 538",Codex AI independent verification agent 2,2026-10-01,source_checked_agreement,"Univariate frequencies on a stated denominator, which is appropriate as far as it goes, but exposure time is not accounted for although engagement periods differ by up to seven years, and no interval is reported around any proportion. Independent AI verification; does not satisfy a named human/non-author verification requirement."
F11_rob_0218,petrakis2019_cohort_prog_vocact_noncomp,jbi9_response_rate,unclear,unclear,yes,"Discussion, Limitations, p. 543; Results, p. 539; Table 2, p. 541",Codex AI independent verification agent 2,2026-10-01,source_checked_agreement,"Not a survey, so non-response does not arise in the usual sense, but missing records are a substantial and acknowledged problem for the outcome variables (duration, hours worked, income, entry and exit dates), and the text's ""15 of 126 participants"" contradicts Table 2's denominator of 136 for the same 15. Independent AI verification; does not satisfy a named human/non-author verification requirement."
F11_rob_0219,petrakis2019_cohort_prog_unclear_notspec,jbi1_sample_frame,no,no,yes,"Methods, The featured program, p. 537",Codex AI independent verification agent 2,2026-10-01,source_checked_agreement,"The frame is an IPS programme caseload whose eligibility required an ""expressed wish to gain competitive employment"" and assessment as ""capable of working at least eight hours per week"". It is a valid frame for describing a vocational service and an inappropriate one for estimating employment in a psychosis population. Independent AI verification; does not satisfy a named human/non-author verification requirement."
F11_rob_0220,petrakis2019_cohort_prog_unclear_notspec,jbi2_participant_sampling,yes,yes,yes,"Methods, Program Participants, p. 537",Codex AI independent verification agent 2,2026-10-01,source_checked_agreement,"A census rather than a sample: ""The program cohort included all participants who were referred and engaged in the program (N = 137) during the seven years of operation."" Independent AI verification; does not satisfy a named human/non-author verification requirement."
F11_rob_0221,petrakis2019_cohort_prog_unclear_notspec,jbi3_sample_size,unclear,unclear,yes,"Results, Participant demographics and characteristics, p. 539",Codex AI independent verification agent 2,2026-10-01,source_checked_agreement,"136 analysed. Reasonable for describing a seven-year service, thin for the bivariate subgroup comparisons the report also runs. Independent AI verification; does not satisfy a named human/non-author verification requirement."
F11_rob_0222,petrakis2019_cohort_prog_unclear_notspec,jbi4_subjects_setting_described,yes,yes,yes,"Tables 1 and 2, pp. 540-541; Methods, Services involved, p. 537",Codex AI independent verification agent 2,2026-10-01,source_checked_agreement,"Tables 1 and 2 give sex, age band, marital status, country of birth, education, accommodation and diagnosis, and both the area mental health service and the Disability Employment Service provider are described in detail. Independent AI verification; does not satisfy a named human/non-author verification requirement."
F11_rob_0223,petrakis2019_cohort_prog_unclear_notspec,jbi5_coverage_of_sample,yes,yes,yes,"Results, Participant demographics and characteristics, p. 539",Codex AI independent verification agent 2,2026-10-01,source_checked_agreement,136 of 137 (99.3%); one participant could not be matched across the two data sources. Independent AI verification; does not satisfy a named human/non-author verification requirement.
F11_rob_0224,petrakis2019_cohort_prog_unclear_notspec,jbi6_condition_identification,no,unclear,no,"Methods, Program Participants, p. 538; Table 2, p. 541; employment/education outcome definition and ascertainment section independently checked in full local PDF text",Codex AI independent verification agent 2,2026-10-01,corrected_judgement_and_rationale,"Vocational outcomes are coded from participant files, DES datasheets and monthly reports using a piloted audit tool. Competitive, noncompetitive and unspecified categories are distinguished, but paid-work criteria are not specified and volunteer/unpaid placements enter broad vocational outcomes. Missing type information prevents valid identification of a consistent paid-work construct. Routine psychiatric diagnosis is not the target of this item. Independent AI verification; does not satisfy a named human/non-author verification requirement."
F11_rob_0225,petrakis2019_cohort_prog_unclear_notspec,jbi7_condition_measurement,no,no,yes,"Methods, Participants' employment outcomes, p. 538; Table 4, p. 542; Discussion, p. 541; employment/education outcome definition and ascertainment section independently checked in full local PDF text",Codex AI independent verification agent 2,2026-10-01,source_checked_agreement,"The outcome is retrospectively mined from file notes, service datasheets and monthly reports, and the report states that ""organisational processes interrupted the consistent recording of data on this variable"": type of employment is unspecified for 17.6% of participants and 42.4% of placements, and the headline ""employment outcome"" category demonstrably includes volunteer and unpaid work-experience placements. Independent AI verification; does not satisfy a named human/non-author verification requirement."
F11_rob_0226,petrakis2019_cohort_prog_unclear_notspec,jbi8_statistical_analysis,unclear,unclear,yes,"Methods, Data analysis, p. 538",Codex AI independent verification agent 2,2026-10-01,source_checked_agreement,"Univariate frequencies on a stated denominator, which is appropriate as far as it goes, but exposure time is not accounted for although engagement periods differ by up to seven years, and no interval is reported around any proportion. Independent AI verification; does not satisfy a named human/non-author verification requirement."
F11_rob_0227,petrakis2019_cohort_prog_unclear_notspec,jbi9_response_rate,unclear,unclear,yes,"Discussion, Limitations, p. 543; Results, p. 539; Table 2, p. 541",Codex AI independent verification agent 2,2026-10-01,source_checked_agreement,"Not a survey, so non-response does not arise in the usual sense, but missing records are a substantial and acknowledged problem for the outcome variables (duration, hours worked, income, entry and exit dates), and the text's ""15 of 126 participants"" contradicts Table 2's denominator of 136 for the same 15. Independent AI verification; does not satisfy a named human/non-author verification requirement."
F11_rob_0228,petrakis2019_cohort_prog_edu,jbi1_sample_frame,no,no,yes,"Methods, The featured program, p. 537",Codex AI independent verification agent 2,2026-10-01,source_checked_agreement,"The frame is an IPS programme caseload whose eligibility required an ""expressed wish to gain competitive employment"" and assessment as ""capable of working at least eight hours per week"". It is a valid frame for describing a vocational service and an inappropriate one for estimating employment in a psychosis population. Independent AI verification; does not satisfy a named human/non-author verification requirement."
F11_rob_0229,petrakis2019_cohort_prog_edu,jbi2_participant_sampling,yes,yes,yes,"Methods, Program Participants, p. 537",Codex AI independent verification agent 2,2026-10-01,source_checked_agreement,"A census rather than a sample: ""The program cohort included all participants who were referred and engaged in the program (N = 137) during the seven years of operation."" Independent AI verification; does not satisfy a named human/non-author verification requirement."
F11_rob_0230,petrakis2019_cohort_prog_edu,jbi3_sample_size,unclear,unclear,yes,"Results, Participant demographics and characteristics, p. 539",Codex AI independent verification agent 2,2026-10-01,source_checked_agreement,"136 analysed. Reasonable for describing a seven-year service, thin for the bivariate subgroup comparisons the report also runs. Independent AI verification; does not satisfy a named human/non-author verification requirement."
F11_rob_0231,petrakis2019_cohort_prog_edu,jbi4_subjects_setting_described,yes,yes,yes,"Tables 1 and 2, pp. 540-541; Methods, Services involved, p. 537",Codex AI independent verification agent 2,2026-10-01,source_checked_agreement,"Tables 1 and 2 give sex, age band, marital status, country of birth, education, accommodation and diagnosis, and both the area mental health service and the Disability Employment Service provider are described in detail. Independent AI verification; does not satisfy a named human/non-author verification requirement."
F11_rob_0232,petrakis2019_cohort_prog_edu,jbi5_coverage_of_sample,yes,yes,yes,"Results, Participant demographics and characteristics, p. 539",Codex AI independent verification agent 2,2026-10-01,source_checked_agreement,136 of 137 (99.3%); one participant could not be matched across the two data sources. Independent AI verification; does not satisfy a named human/non-author verification requirement.
F11_rob_0233,petrakis2019_cohort_prog_edu,jbi6_condition_identification,no,unclear,no,"Methods, Program Participants, p. 538; Table 2, p. 541; employment/education outcome definition and ascertainment section independently checked in full local PDF text",Codex AI independent verification agent 2,2026-10-01,corrected_judgement_and_rationale,"The audit records 17 education outcomes,15 certificate/diploma and 2 university. Educational level is described, but education outcome is not operationalised as enrolment, attendance or completion, and the item/data-source validity is not reported. Unclear identification is therefore appropriate; psychiatric diagnosis quality and volunteer work classification do not establish validity of this education result. Independent AI verification; does not satisfy a named human/non-author verification requirement."
F11_rob_0234,petrakis2019_cohort_prog_edu,jbi7_condition_measurement,no,unclear,no,"Methods, Participants' employment outcomes, p. 538; Table 4, p. 542; Discussion, p. 541; employment/education outcome definition and ascertainment section independently checked in full local PDF text",Codex AI independent verification agent 2,2026-10-01,corrected_judgement_and_rationale,"Education outcomes derive from retrospectively mined service files and datasheets, with a piloted coding tool and 17 classified outcomes. No education-item reliability or completion/enrolment criterion is reported. The reported interruption of employment-type recording and inclusion of unpaid placements are not direct evidence of invalid education measurement. Standardisation/reliability remains unclear rather than definitively no. Independent AI verification; does not satisfy a named human/non-author verification requirement."
F11_rob_0235,petrakis2019_cohort_prog_edu,jbi8_statistical_analysis,unclear,unclear,yes,"Methods, Data analysis, p. 538",Codex AI independent verification agent 2,2026-10-01,source_checked_agreement,"Univariate frequencies on a stated denominator, which is appropriate as far as it goes, but exposure time is not accounted for although engagement periods differ by up to seven years, and no interval is reported around any proportion. Independent AI verification; does not satisfy a named human/non-author verification requirement."
F11_rob_0236,petrakis2019_cohort_prog_edu,jbi9_response_rate,unclear,unclear,yes,"Discussion, Limitations, p. 543; Results, p. 539; Table 2, p. 541",Codex AI independent verification agent 2,2026-10-01,source_checked_agreement,"Not a survey, so non-response does not arise in the usual sense, but missing records are a substantial and acknowledged problem for the outcome variables (duration, hours worked, income, entry and exit dates), and the text's ""15 of 126 participants"" contradicts Table 2's denominator of 136 for the same 15. Independent AI verification; does not satisfy a named human/non-author verification requirement."
F11_rob_0237,ringbom2023_cohort_age28_paidany,jbi1_sample_frame,yes,yes,yes,"Methods, Study Design, p. 91; Discussion, Strengths and Limitations, p. 96",Codex AI independent verification agent 2,2026-10-01,source_checked_agreement,"Every live birth in Finland in 1987, followed by national register linkage. The strongest available frame; the authors correctly name it as the main strength. Independent AI verification; does not satisfy a named human/non-author verification requirement."
F11_rob_0238,ringbom2023_cohort_age28_paidany,jbi2_participant_sampling,yes,yes,yes,"Methods, Study Design, p. 91",Codex AI independent verification agent 2,2026-10-01,source_checked_agreement,"Total population, no sampling and no consent-based selection (""Informed consent was not required, because none of the individuals who were included were contacted""). Independent AI verification; does not satisfy a named human/non-author verification requirement."
F11_rob_0239,ringbom2023_cohort_age28_paidany,jbi3_sample_size,yes,yes,yes,"Results, Participants and Setting, p. 93; Table 1, p. 93",Codex AI independent verification agent 2,2026-10-01,source_checked_agreement,"288 with a psychotic disorder within a cohort of 55 171, with every band reported as a count. Independent AI verification; does not satisfy a named human/non-author verification requirement."
F11_rob_0240,ringbom2023_cohort_age28_paidany,jbi4_subjects_setting_described,yes,yes,yes,"Tables 1 and 2, pp. 93-94; Results, Clinical Characteristics, p. 95",Codex AI independent verification agent 2,2026-10-01,source_checked_agreement,"Tables 1 and 2 describe the diagnostic composition, parental socioeconomic markers, educational markers, comorbidities and treatment received, separately for those with and without psychosis. Independent AI verification; does not satisfy a named human/non-author verification requirement."
F11_rob_0241,ringbom2023_cohort_age28_paidany,jbi5_coverage_of_sample,yes,yes,yes,"Results, Participants and Setting, p. 93",Codex AI independent verification agent 2,2026-10-01,source_checked_agreement,"55 171 of 59 476 (92.8%) retained, with every exclusion enumerated (756 died, 2 913 emigrated, 534 intellectual disability, 117 psychosis before 2004). Register coverage for those included is complete. Independent AI verification; does not satisfy a named human/non-author verification requirement."
F11_rob_0242,ringbom2023_cohort_age28_paidany,jbi6_condition_identification,unclear,yes,no,"Methods, Description of the Registers, p. 91; Methods, Definition of Service Use, p. 92; Results, p. 93; employment/education outcome definition and ascertainment section independently checked in full local PDF text",Codex AI independent verification agent 2,2026-10-01,corrected_judgement_and_rationale,"Outcome definitions and administrative sources are explicit: work means salary contributing to a pension scheme, study means student benefits, and jobseekers-programme participation is treated as training. Uniform national registers validly identify these source outcomes. Psychiatric diagnosis coding establishes cohort eligibility separately. The source NEET complement additionally includes parental leave and cannot be assumed to equal the review EET construct. Independent AI verification; does not satisfy a named human/non-author verification requirement."
F11_rob_0243,ringbom2023_cohort_age28_paidany,jbi7_condition_measurement,yes,yes,yes,"Methods, Definitions of Outcomes, p. 92; employment/education outcome definition and ascertainment section independently checked in full local PDF text",Codex AI independent verification agent 2,2026-10-01,source_checked_agreement,"Outcomes come from national administrative records applied identically to everyone: salary contributing to a pension scheme, student benefits, childcare benefits and jobseeker programme participation, each defined explicitly. The one caveat, recorded rather than penalised here, is that the source composite counts parental leave as not-NEET although it is neither employment, education nor training. Independent AI verification; does not satisfy a named human/non-author verification requirement."
F11_rob_0244,ringbom2023_cohort_age28_paidany,jbi8_statistical_analysis,yes,yes,yes,"Table 1, p. 93; Methods, Statistical Methods, pp. 92-93; Results, p. 94",Codex AI independent verification agent 2,2026-10-01,source_checked_agreement,"Counts and denominators are printed for every band, the bands are mutually exclusive and exhaustive and sum exactly to the group totals, and the univariate logistic models carry a Bonferroni correction for the interaction tests. Independent AI verification; does not satisfy a named human/non-author verification requirement."
F11_rob_0245,ringbom2023_cohort_age28_paidany,jbi9_response_rate,yes,yes,yes,"Methods, Study Design, p. 91",Codex AI independent verification agent 2,2026-10-01,source_checked_agreement,"Register-based with no participant contact, so no non-response arises; follow-up to the end of 2015 is complete for everyone retained. Independent AI verification; does not satisfy a named human/non-author verification requirement."
F11_rob_0246,ringbom2023_cohort_age28_paidthresh,jbi1_sample_frame,yes,yes,yes,"Methods, Study Design, p. 91; Discussion, Strengths and Limitations, p. 96",Codex AI independent verification agent 2,2026-10-01,source_checked_agreement,"Every live birth in Finland in 1987, followed by national register linkage. The strongest available frame; the authors correctly name it as the main strength. Independent AI verification; does not satisfy a named human/non-author verification requirement."
F11_rob_0247,ringbom2023_cohort_age28_paidthresh,jbi2_participant_sampling,yes,yes,yes,"Methods, Study Design, p. 91",Codex AI independent verification agent 2,2026-10-01,source_checked_agreement,"Total population, no sampling and no consent-based selection (""Informed consent was not required, because none of the individuals who were included were contacted""). Independent AI verification; does not satisfy a named human/non-author verification requirement."
F11_rob_0248,ringbom2023_cohort_age28_paidthresh,jbi3_sample_size,yes,yes,yes,"Results, Participants and Setting, p. 93; Table 1, p. 93",Codex AI independent verification agent 2,2026-10-01,source_checked_agreement,"288 with a psychotic disorder within a cohort of 55 171, with every band reported as a count. Independent AI verification; does not satisfy a named human/non-author verification requirement."
F11_rob_0249,ringbom2023_cohort_age28_paidthresh,jbi4_subjects_setting_described,yes,yes,yes,"Tables 1 and 2, pp. 93-94; Results, Clinical Characteristics, p. 95",Codex AI independent verification agent 2,2026-10-01,source_checked_agreement,"Tables 1 and 2 describe the diagnostic composition, parental socioeconomic markers, educational markers, comorbidities and treatment received, separately for those with and without psychosis. Independent AI verification; does not satisfy a named human/non-author verification requirement."
F11_rob_0250,ringbom2023_cohort_age28_paidthresh,jbi5_coverage_of_sample,yes,yes,yes,"Results, Participants and Setting, p. 93",Codex AI independent verification agent 2,2026-10-01,source_checked_agreement,"55 171 of 59 476 (92.8%) retained, with every exclusion enumerated (756 died, 2 913 emigrated, 534 intellectual disability, 117 psychosis before 2004). Register coverage for those included is complete. Independent AI verification; does not satisfy a named human/non-author verification requirement."
F11_rob_0251,ringbom2023_cohort_age28_paidthresh,jbi6_condition_identification,unclear,yes,no,"Methods, Description of the Registers, p. 91; Methods, Definition of Service Use, p. 92; Results, p. 93; employment/education outcome definition and ascertainment section independently checked in full local PDF text",Codex AI independent verification agent 2,2026-10-01,corrected_judgement_and_rationale,"Outcome definitions and administrative sources are explicit: work means salary contributing to a pension scheme, study means student benefits, and jobseekers-programme participation is treated as training. Uniform national registers validly identify these source outcomes. Psychiatric diagnosis coding establishes cohort eligibility separately. The source NEET complement additionally includes parental leave and cannot be assumed to equal the review EET construct. Independent AI verification; does not satisfy a named human/non-author verification requirement."
F11_rob_0252,ringbom2023_cohort_age28_paidthresh,jbi7_condition_measurement,yes,yes,yes,"Methods, Definitions of Outcomes, p. 92; employment/education outcome definition and ascertainment section independently checked in full local PDF text",Codex AI independent verification agent 2,2026-10-01,source_checked_agreement,"Outcomes come from national administrative records applied identically to everyone: salary contributing to a pension scheme, student benefits, childcare benefits and jobseeker programme participation, each defined explicitly. The one caveat, recorded rather than penalised here, is that the source composite counts parental leave as not-NEET although it is neither employment, education nor training. Independent AI verification; does not satisfy a named human/non-author verification requirement."
F11_rob_0253,ringbom2023_cohort_age28_paidthresh,jbi8_statistical_analysis,yes,yes,yes,"Table 1, p. 93; Methods, Statistical Methods, pp. 92-93; Results, p. 94",Codex AI independent verification agent 2,2026-10-01,source_checked_agreement,"Counts and denominators are printed for every band, the bands are mutually exclusive and exhaustive and sum exactly to the group totals, and the univariate logistic models carry a Bonferroni correction for the interaction tests. Independent AI verification; does not satisfy a named human/non-author verification requirement."
F11_rob_0254,ringbom2023_cohort_age28_paidthresh,jbi9_response_rate,yes,yes,yes,"Methods, Study Design, p. 91",Codex AI independent verification agent 2,2026-10-01,source_checked_agreement,"Register-based with no participant contact, so no non-response arises; follow-up to the end of 2015 is complete for everyone retained. Independent AI verification; does not satisfy a named human/non-author verification requirement."
F11_rob_0255,ringbom2023_cohort_age28_eet,jbi1_sample_frame,yes,yes,yes,"Methods, Study Design, p. 91; Discussion, Strengths and Limitations, p. 96",Codex AI independent verification agent 2,2026-10-01,source_checked_agreement,"Every live birth in Finland in 1987, followed by national register linkage. The strongest available frame; the authors correctly name it as the main strength. Independent AI verification; does not satisfy a named human/non-author verification requirement."
F11_rob_0256,ringbom2023_cohort_age28_eet,jbi2_participant_sampling,yes,yes,yes,"Methods, Study Design, p. 91",Codex AI independent verification agent 2,2026-10-01,source_checked_agreement,"Total population, no sampling and no consent-based selection (""Informed consent was not required, because none of the individuals who were included were contacted""). Independent AI verification; does not satisfy a named human/non-author verification requirement."
F11_rob_0257,ringbom2023_cohort_age28_eet,jbi3_sample_size,yes,yes,yes,"Results, Participants and Setting, p. 93; Table 1, p. 93",Codex AI independent verification agent 2,2026-10-01,source_checked_agreement,"288 with a psychotic disorder within a cohort of 55 171, with every band reported as a count. Independent AI verification; does not satisfy a named human/non-author verification requirement."
F11_rob_0258,ringbom2023_cohort_age28_eet,jbi4_subjects_setting_described,yes,yes,yes,"Tables 1 and 2, pp. 93-94; Results, Clinical Characteristics, p. 95",Codex AI independent verification agent 2,2026-10-01,source_checked_agreement,"Tables 1 and 2 describe the diagnostic composition, parental socioeconomic markers, educational markers, comorbidities and treatment received, separately for those with and without psychosis. Independent AI verification; does not satisfy a named human/non-author verification requirement."
F11_rob_0259,ringbom2023_cohort_age28_eet,jbi5_coverage_of_sample,yes,yes,yes,"Results, Participants and Setting, p. 93",Codex AI independent verification agent 2,2026-10-01,source_checked_agreement,"55 171 of 59 476 (92.8%) retained, with every exclusion enumerated (756 died, 2 913 emigrated, 534 intellectual disability, 117 psychosis before 2004). Register coverage for those included is complete. Independent AI verification; does not satisfy a named human/non-author verification requirement."
F11_rob_0260,ringbom2023_cohort_age28_eet,jbi6_condition_identification,unclear,unclear,yes,"Methods, Description of the Registers, p. 91; Methods, Definition of Service Use, p. 92; Results, p. 93; employment/education outcome definition and ascertainment section independently checked in full local PDF text",Codex AI independent verification agent 2,2026-10-01,corrected_rationale_only,"The source NEET definition includes parental leave among activities preventing NEET status. Therefore zero NEET years does not validly identify employment/education/training alone as coded here: childcare benefit recipients may contribute without any EET. The register definition is clear, but construct identification for the review EET outcome remains unclear unless parental leave can be separated. Independent AI verification; does not satisfy a named human/non-author verification requirement."
F11_rob_0261,ringbom2023_cohort_age28_eet,jbi7_condition_measurement,yes,yes,yes,"Methods, Definitions of Outcomes, p. 92; employment/education outcome definition and ascertainment section independently checked in full local PDF text",Codex AI independent verification agent 2,2026-10-01,source_checked_agreement,"Outcomes come from national administrative records applied identically to everyone: salary contributing to a pension scheme, student benefits, childcare benefits and jobseeker programme participation, each defined explicitly. The one caveat, recorded rather than penalised here, is that the source composite counts parental leave as not-NEET although it is neither employment, education nor training. Independent AI verification; does not satisfy a named human/non-author verification requirement."
F11_rob_0262,ringbom2023_cohort_age28_eet,jbi8_statistical_analysis,yes,yes,yes,"Table 1, p. 93; Methods, Statistical Methods, pp. 92-93; Results, p. 94",Codex AI independent verification agent 2,2026-10-01,source_checked_agreement,"Counts and denominators are printed for every band, the bands are mutually exclusive and exhaustive and sum exactly to the group totals, and the univariate logistic models carry a Bonferroni correction for the interaction tests. Independent AI verification; does not satisfy a named human/non-author verification requirement."
F11_rob_0263,ringbom2023_cohort_age28_eet,jbi9_response_rate,yes,yes,yes,"Methods, Study Design, p. 91",Codex AI independent verification agent 2,2026-10-01,source_checked_agreement,"Register-based with no participant contact, so no non-response arises; follow-up to the end of 2015 is complete for everyone retained. Independent AI verification; does not satisfy a named human/non-author verification requirement."
F11_rob_0264,ringbom2023_cohort_age28_training,jbi1_sample_frame,yes,yes,yes,"Methods, Study Design, p. 91; Discussion, Strengths and Limitations, p. 96",Codex AI independent verification agent 2,2026-10-01,source_checked_agreement,"Every live birth in Finland in 1987, followed by national register linkage. The strongest available frame; the authors correctly name it as the main strength. Independent AI verification; does not satisfy a named human/non-author verification requirement."
F11_rob_0265,ringbom2023_cohort_age28_training,jbi2_participant_sampling,yes,yes,yes,"Methods, Study Design, p. 91",Codex AI independent verification agent 2,2026-10-01,source_checked_agreement,"Total population, no sampling and no consent-based selection (""Informed consent was not required, because none of the individuals who were included were contacted""). Independent AI verification; does not satisfy a named human/non-author verification requirement."
F11_rob_0266,ringbom2023_cohort_age28_training,jbi3_sample_size,yes,yes,yes,"Results, Participants and Setting, p. 93; Table 1, p. 93",Codex AI independent verification agent 2,2026-10-01,source_checked_agreement,"288 with a psychotic disorder within a cohort of 55 171, with every band reported as a count. Independent AI verification; does not satisfy a named human/non-author verification requirement."
F11_rob_0267,ringbom2023_cohort_age28_training,jbi4_subjects_setting_described,yes,yes,yes,"Tables 1 and 2, pp. 93-94; Results, Clinical Characteristics, p. 95",Codex AI independent verification agent 2,2026-10-01,source_checked_agreement,"Tables 1 and 2 describe the diagnostic composition, parental socioeconomic markers, educational markers, comorbidities and treatment received, separately for those with and without psychosis. Independent AI verification; does not satisfy a named human/non-author verification requirement."
F11_rob_0268,ringbom2023_cohort_age28_training,jbi5_coverage_of_sample,yes,yes,yes,"Results, Participants and Setting, p. 93",Codex AI independent verification agent 2,2026-10-01,source_checked_agreement,"55 171 of 59 476 (92.8%) retained, with every exclusion enumerated (756 died, 2 913 emigrated, 534 intellectual disability, 117 psychosis before 2004). Register coverage for those included is complete. Independent AI verification; does not satisfy a named human/non-author verification requirement."
F11_rob_0269,ringbom2023_cohort_age28_training,jbi6_condition_identification,unclear,yes,no,"Methods, Description of the Registers, p. 91; Methods, Definition of Service Use, p. 92; Results, p. 93; employment/education outcome definition and ascertainment section independently checked in full local PDF text",Codex AI independent verification agent 2,2026-10-01,corrected_judgement_and_rationale,"Outcome definitions and administrative sources are explicit: work means salary contributing to a pension scheme, study means student benefits, and jobseekers-programme participation is treated as training. Uniform national registers validly identify these source outcomes. Psychiatric diagnosis coding establishes cohort eligibility separately. The source NEET complement additionally includes parental leave and cannot be assumed to equal the review EET construct. Independent AI verification; does not satisfy a named human/non-author verification requirement."
F11_rob_0270,ringbom2023_cohort_age28_training,jbi7_condition_measurement,yes,yes,yes,"Methods, Definitions of Outcomes, p. 92; employment/education outcome definition and ascertainment section independently checked in full local PDF text",Codex AI independent verification agent 2,2026-10-01,source_checked_agreement,"Outcomes come from national administrative records applied identically to everyone: salary contributing to a pension scheme, student benefits, childcare benefits and jobseeker programme participation, each defined explicitly. The one caveat, recorded rather than penalised here, is that the source composite counts parental leave as not-NEET although it is neither employment, education nor training. Independent AI verification; does not satisfy a named human/non-author verification requirement."
F11_rob_0271,ringbom2023_cohort_age28_training,jbi8_statistical_analysis,yes,yes,yes,"Table 1, p. 93; Methods, Statistical Methods, pp. 92-93; Results, p. 94",Codex AI independent verification agent 2,2026-10-01,source_checked_agreement,"Counts and denominators are printed for every band, the bands are mutually exclusive and exhaustive and sum exactly to the group totals, and the univariate logistic models carry a Bonferroni correction for the interaction tests. Independent AI verification; does not satisfy a named human/non-author verification requirement."
F11_rob_0272,ringbom2023_cohort_age28_training,jbi9_response_rate,yes,yes,yes,"Methods, Study Design, p. 91",Codex AI independent verification agent 2,2026-10-01,source_checked_agreement,"Register-based with no participant contact, so no non-response arises; follow-up to the end of 2015 is complete for everyone retained. Independent AI verification; does not satisfy a named human/non-author verification requirement."
F11_rob_0273,ringbom2023_cohort_age28_education,jbi1_sample_frame,yes,yes,yes,"Methods, Study Design, p. 91; Discussion, Strengths and Limitations, p. 96",Codex AI independent verification agent 2,2026-10-01,source_checked_agreement,"Every live birth in Finland in 1987, followed by national register linkage. The strongest available frame; the authors correctly name it as the main strength. Independent AI verification; does not satisfy a named human/non-author verification requirement."
F11_rob_0274,ringbom2023_cohort_age28_education,jbi2_participant_sampling,yes,yes,yes,"Methods, Study Design, p. 91",Codex AI independent verification agent 2,2026-10-01,source_checked_agreement,"Total population, no sampling and no consent-based selection (""Informed consent was not required, because none of the individuals who were included were contacted""). Independent AI verification; does not satisfy a named human/non-author verification requirement."
F11_rob_0275,ringbom2023_cohort_age28_education,jbi3_sample_size,yes,yes,yes,"Results, Participants and Setting, p. 93; Table 1, p. 93",Codex AI independent verification agent 2,2026-10-01,source_checked_agreement,"288 with a psychotic disorder within a cohort of 55 171, with every band reported as a count. Independent AI verification; does not satisfy a named human/non-author verification requirement."
F11_rob_0276,ringbom2023_cohort_age28_education,jbi4_subjects_setting_described,yes,yes,yes,"Tables 1 and 2, pp. 93-94; Results, Clinical Characteristics, p. 95",Codex AI independent verification agent 2,2026-10-01,source_checked_agreement,"Tables 1 and 2 describe the diagnostic composition, parental socioeconomic markers, educational markers, comorbidities and treatment received, separately for those with and without psychosis. Independent AI verification; does not satisfy a named human/non-author verification requirement."
F11_rob_0277,ringbom2023_cohort_age28_education,jbi5_coverage_of_sample,yes,yes,yes,"Results, Participants and Setting, p. 93",Codex AI independent verification agent 2,2026-10-01,source_checked_agreement,"55 171 of 59 476 (92.8%) retained, with every exclusion enumerated (756 died, 2 913 emigrated, 534 intellectual disability, 117 psychosis before 2004). Register coverage for those included is complete. Independent AI verification; does not satisfy a named human/non-author verification requirement."
F11_rob_0278,ringbom2023_cohort_age28_education,jbi6_condition_identification,unclear,yes,no,"Methods, Description of the Registers, p. 91; Methods, Definition of Service Use, p. 92; Results, p. 93; employment/education outcome definition and ascertainment section independently checked in full local PDF text",Codex AI independent verification agent 2,2026-10-01,corrected_judgement_and_rationale,"Outcome definitions and administrative sources are explicit: work means salary contributing to a pension scheme, study means student benefits, and jobseekers-programme participation is treated as training. Uniform national registers validly identify these source outcomes. Psychiatric diagnosis coding establishes cohort eligibility separately. The source NEET complement additionally includes parental leave and cannot be assumed to equal the review EET construct. Independent AI verification; does not satisfy a named human/non-author verification requirement."
F11_rob_0279,ringbom2023_cohort_age28_education,jbi7_condition_measurement,yes,yes,yes,"Methods, Definitions of Outcomes, p. 92; employment/education outcome definition and ascertainment section independently checked in full local PDF text",Codex AI independent verification agent 2,2026-10-01,source_checked_agreement,"Outcomes come from national administrative records applied identically to everyone: salary contributing to a pension scheme, student benefits, childcare benefits and jobseeker programme participation, each defined explicitly. The one caveat, recorded rather than penalised here, is that the source composite counts parental leave as not-NEET although it is neither employment, education nor training. Independent AI verification; does not satisfy a named human/non-author verification requirement."
F11_rob_0280,ringbom2023_cohort_age28_education,jbi8_statistical_analysis,yes,yes,yes,"Table 1, p. 93; Methods, Statistical Methods, pp. 92-93; Results, p. 94",Codex AI independent verification agent 2,2026-10-01,source_checked_agreement,"Counts and denominators are printed for every band, the bands are mutually exclusive and exhaustive and sum exactly to the group totals, and the univariate logistic models carry a Bonferroni correction for the interaction tests. Independent AI verification; does not satisfy a named human/non-author verification requirement."
F11_rob_0281,ringbom2023_cohort_age28_education,jbi9_response_rate,yes,yes,yes,"Methods, Study Design, p. 91",Codex AI independent verification agent 2,2026-10-01,source_checked_agreement,"Register-based with no participant contact, so no non-response arises; follow-up to the end of 2015 is complete for everyone retained. Independent AI verification; does not satisfy a named human/non-author verification requirement."
F11_rob_0282,ringbom2023_sz_sza_age28_paidany,jbi1_sample_frame,yes,yes,yes,"Methods, Study Design, p. 91; Discussion, Strengths and Limitations, p. 96",Codex AI independent verification agent 2,2026-10-01,source_checked_agreement,"Every live birth in Finland in 1987, followed by national register linkage. The strongest available frame; the authors correctly name it as the main strength. Independent AI verification; does not satisfy a named human/non-author verification requirement."
F11_rob_0283,ringbom2023_sz_sza_age28_paidany,jbi2_participant_sampling,yes,yes,yes,"Methods, Study Design, p. 91",Codex AI independent verification agent 2,2026-10-01,source_checked_agreement,"Total population, no sampling and no consent-based selection (""Informed consent was not required, because none of the individuals who were included were contacted""). Independent AI verification; does not satisfy a named human/non-author verification requirement."
F11_rob_0284,ringbom2023_sz_sza_age28_paidany,jbi3_sample_size,no,unclear,no,"Results, Labor Market Outcomes, p. 93; Table 1, p. 93; Results, Clinical Characteristics, p. 95",Codex AI independent verification agent 2,2026-10-01,corrected_judgement_and_rationale,"Table 1 subgroup counts sum to 86 and its labour-market text also states 86, but the later clinical characteristics section states 137 schizophrenia/schizoaffective cases. An 86 person sample yields imprecise but describable proportions; no review precision threshold or sample-size justification is provided, and subgroup identity is unresolved. Unclear adequacy is more defensible than no solely because a subgroup is relatively small or its diagnostic base is uncertain. Independent AI verification; does not satisfy a named human/non-author verification requirement."
F11_rob_0285,ringbom2023_sz_sza_age28_paidany,jbi4_subjects_setting_described,yes,yes,yes,"Tables 1 and 2, pp. 93-94; Results, Clinical Characteristics, p. 95",Codex AI independent verification agent 2,2026-10-01,source_checked_agreement,"Tables 1 and 2 describe the diagnostic composition, parental socioeconomic markers, educational markers, comorbidities and treatment received, separately for those with and without psychosis. Independent AI verification; does not satisfy a named human/non-author verification requirement."
F11_rob_0286,ringbom2023_sz_sza_age28_paidany,jbi5_coverage_of_sample,yes,yes,yes,"Results, Participants and Setting, p. 93",Codex AI independent verification agent 2,2026-10-01,source_checked_agreement,"55 171 of 59 476 (92.8%) retained, with every exclusion enumerated (756 died, 2 913 emigrated, 534 intellectual disability, 117 psychosis before 2004). Register coverage for those included is complete. Independent AI verification; does not satisfy a named human/non-author verification requirement."
F11_rob_0287,ringbom2023_sz_sza_age28_paidany,jbi6_condition_identification,unclear,yes,no,"Methods, Description of the Registers, p. 91; Methods, Definition of Service Use, p. 92; Results, p. 93; employment/education outcome definition and ascertainment section independently checked in full local PDF text",Codex AI independent verification agent 2,2026-10-01,corrected_judgement_and_rationale,"Outcome definitions and administrative sources are explicit: work means salary contributing to a pension scheme, study means student benefits, and jobseekers-programme participation is treated as training. Uniform national registers validly identify these source outcomes. Psychiatric diagnosis coding establishes cohort eligibility separately. The source NEET complement additionally includes parental leave and cannot be assumed to equal the review EET construct. Independent AI verification; does not satisfy a named human/non-author verification requirement."
F11_rob_0288,ringbom2023_sz_sza_age28_paidany,jbi7_condition_measurement,yes,yes,yes,"Methods, Definitions of Outcomes, p. 92; employment/education outcome definition and ascertainment section independently checked in full local PDF text",Codex AI independent verification agent 2,2026-10-01,source_checked_agreement,"Outcomes come from national administrative records applied identically to everyone: salary contributing to a pension scheme, student benefits, childcare benefits and jobseeker programme participation, each defined explicitly. The one caveat, recorded rather than penalised here, is that the source composite counts parental leave as not-NEET although it is neither employment, education nor training. Independent AI verification; does not satisfy a named human/non-author verification requirement."
F11_rob_0289,ringbom2023_sz_sza_age28_paidany,jbi8_statistical_analysis,unclear,unclear,yes,"Table 1, p. 93; Results, Clinical Characteristics, p. 95",Codex AI independent verification agent 2,2026-10-01,source_checked_agreement,"The bands themselves sum exactly to 86, but the report elsewhere states that 137 (47.6%) had schizophrenia or a schizoaffective disorder, so two mutually exclusive denominators are in use for one named group and the proportions cannot both be right. Independent AI verification; does not satisfy a named human/non-author verification requirement."
F11_rob_0290,ringbom2023_sz_sza_age28_paidany,jbi9_response_rate,yes,yes,yes,"Methods, Study Design, p. 91",Codex AI independent verification agent 2,2026-10-01,source_checked_agreement,"Register-based with no participant contact, so no non-response arises; follow-up to the end of 2015 is complete for everyone retained. Independent AI verification; does not satisfy a named human/non-author verification requirement."
F11_rob_0291,ringbom2023_sz_sza_age28_paidthresh,jbi1_sample_frame,yes,yes,yes,"Methods, Study Design, p. 91; Discussion, Strengths and Limitations, p. 96",Codex AI independent verification agent 2,2026-10-01,source_checked_agreement,"Every live birth in Finland in 1987, followed by national register linkage. The strongest available frame; the authors correctly name it as the main strength. Independent AI verification; does not satisfy a named human/non-author verification requirement."
F11_rob_0292,ringbom2023_sz_sza_age28_paidthresh,jbi2_participant_sampling,yes,yes,yes,"Methods, Study Design, p. 91",Codex AI independent verification agent 2,2026-10-01,source_checked_agreement,"Total population, no sampling and no consent-based selection (""Informed consent was not required, because none of the individuals who were included were contacted""). Independent AI verification; does not satisfy a named human/non-author verification requirement."
F11_rob_0293,ringbom2023_sz_sza_age28_paidthresh,jbi3_sample_size,no,unclear,no,"Results, Labor Market Outcomes, p. 93; Table 1, p. 93; Results, Clinical Characteristics, p. 95",Codex AI independent verification agent 2,2026-10-01,corrected_judgement_and_rationale,"Table 1 subgroup counts sum to 86 and its labour-market text also states 86, but the later clinical characteristics section states 137 schizophrenia/schizoaffective cases. An 86 person sample yields imprecise but describable proportions; no review precision threshold or sample-size justification is provided, and subgroup identity is unresolved. Unclear adequacy is more defensible than no solely because a subgroup is relatively small or its diagnostic base is uncertain. Independent AI verification; does not satisfy a named human/non-author verification requirement."
F11_rob_0294,ringbom2023_sz_sza_age28_paidthresh,jbi4_subjects_setting_described,yes,yes,yes,"Tables 1 and 2, pp. 93-94; Results, Clinical Characteristics, p. 95",Codex AI independent verification agent 2,2026-10-01,source_checked_agreement,"Tables 1 and 2 describe the diagnostic composition, parental socioeconomic markers, educational markers, comorbidities and treatment received, separately for those with and without psychosis. Independent AI verification; does not satisfy a named human/non-author verification requirement."
F11_rob_0295,ringbom2023_sz_sza_age28_paidthresh,jbi5_coverage_of_sample,yes,yes,yes,"Results, Participants and Setting, p. 93",Codex AI independent verification agent 2,2026-10-01,source_checked_agreement,"55 171 of 59 476 (92.8%) retained, with every exclusion enumerated (756 died, 2 913 emigrated, 534 intellectual disability, 117 psychosis before 2004). Register coverage for those included is complete. Independent AI verification; does not satisfy a named human/non-author verification requirement."
F11_rob_0296,ringbom2023_sz_sza_age28_paidthresh,jbi6_condition_identification,unclear,yes,no,"Methods, Description of the Registers, p. 91; Methods, Definition of Service Use, p. 92; Results, p. 93; employment/education outcome definition and ascertainment section independently checked in full local PDF text",Codex AI independent verification agent 2,2026-10-01,corrected_judgement_and_rationale,"Outcome definitions and administrative sources are explicit: work means salary contributing to a pension scheme, study means student benefits, and jobseekers-programme participation is treated as training. Uniform national registers validly identify these source outcomes. Psychiatric diagnosis coding establishes cohort eligibility separately. The source NEET complement additionally includes parental leave and cannot be assumed to equal the review EET construct. Independent AI verification; does not satisfy a named human/non-author verification requirement."
F11_rob_0297,ringbom2023_sz_sza_age28_paidthresh,jbi7_condition_measurement,yes,yes,yes,"Methods, Definitions of Outcomes, p. 92; employment/education outcome definition and ascertainment section independently checked in full local PDF text",Codex AI independent verification agent 2,2026-10-01,source_checked_agreement,"Outcomes come from national administrative records applied identically to everyone: salary contributing to a pension scheme, student benefits, childcare benefits and jobseeker programme participation, each defined explicitly. The one caveat, recorded rather than penalised here, is that the source composite counts parental leave as not-NEET although it is neither employment, education nor training. Independent AI verification; does not satisfy a named human/non-author verification requirement."
F11_rob_0298,ringbom2023_sz_sza_age28_paidthresh,jbi8_statistical_analysis,unclear,unclear,yes,"Table 1, p. 93; Results, Clinical Characteristics, p. 95",Codex AI independent verification agent 2,2026-10-01,source_checked_agreement,"The bands themselves sum exactly to 86, but the report elsewhere states that 137 (47.6%) had schizophrenia or a schizoaffective disorder, so two mutually exclusive denominators are in use for one named group and the proportions cannot both be right. Independent AI verification; does not satisfy a named human/non-author verification requirement."
F11_rob_0299,ringbom2023_sz_sza_age28_paidthresh,jbi9_response_rate,yes,yes,yes,"Methods, Study Design, p. 91",Codex AI independent verification agent 2,2026-10-01,source_checked_agreement,"Register-based with no participant contact, so no non-response arises; follow-up to the end of 2015 is complete for everyone retained. Independent AI verification; does not satisfy a named human/non-author verification requirement."
F11_rob_0300,ringbom2023_sz_sza_age28_eet,jbi1_sample_frame,yes,yes,yes,"Methods, Study Design, p. 91; Discussion, Strengths and Limitations, p. 96",Codex AI independent verification agent 2,2026-10-01,source_checked_agreement,"Every live birth in Finland in 1987, followed by national register linkage. The strongest available frame; the authors correctly name it as the main strength. Independent AI verification; does not satisfy a named human/non-author verification requirement."
F11_rob_0301,ringbom2023_sz_sza_age28_eet,jbi2_participant_sampling,yes,yes,yes,"Methods, Study Design, p. 91",Codex AI independent verification agent 2,2026-10-01,source_checked_agreement,"Total population, no sampling and no consent-based selection (""Informed consent was not required, because none of the individuals who were included were contacted""). Independent AI verification; does not satisfy a named human/non-author verification requirement."
F11_rob_0302,ringbom2023_sz_sza_age28_eet,jbi3_sample_size,no,unclear,no,"Results, Labor Market Outcomes, p. 93; Table 1, p. 93; Results, Clinical Characteristics, p. 95",Codex AI independent verification agent 2,2026-10-01,corrected_judgement_and_rationale,"Table 1 subgroup counts sum to 86 and its labour-market text also states 86, but the later clinical characteristics section states 137 schizophrenia/schizoaffective cases. An 86 person sample yields imprecise but describable proportions; no review precision threshold or sample-size justification is provided, and subgroup identity is unresolved. Unclear adequacy is more defensible than no solely because a subgroup is relatively small or its diagnostic base is uncertain. Independent AI verification; does not satisfy a named human/non-author verification requirement."
F11_rob_0303,ringbom2023_sz_sza_age28_eet,jbi4_subjects_setting_described,yes,yes,yes,"Tables 1 and 2, pp. 93-94; Results, Clinical Characteristics, p. 95",Codex AI independent verification agent 2,2026-10-01,source_checked_agreement,"Tables 1 and 2 describe the diagnostic composition, parental socioeconomic markers, educational markers, comorbidities and treatment received, separately for those with and without psychosis. Independent AI verification; does not satisfy a named human/non-author verification requirement."
F11_rob_0304,ringbom2023_sz_sza_age28_eet,jbi5_coverage_of_sample,yes,yes,yes,"Results, Participants and Setting, p. 93",Codex AI independent verification agent 2,2026-10-01,source_checked_agreement,"55 171 of 59 476 (92.8%) retained, with every exclusion enumerated (756 died, 2 913 emigrated, 534 intellectual disability, 117 psychosis before 2004). Register coverage for those included is complete. Independent AI verification; does not satisfy a named human/non-author verification requirement."
F11_rob_0305,ringbom2023_sz_sza_age28_eet,jbi6_condition_identification,unclear,unclear,yes,"Methods, Description of the Registers, p. 91; Methods, Definition of Service Use, p. 92; Results, p. 93; employment/education outcome definition and ascertainment section independently checked in full local PDF text",Codex AI independent verification agent 2,2026-10-01,corrected_rationale_only,"The source NEET definition includes parental leave among activities preventing NEET status. Therefore zero NEET years does not validly identify employment/education/training alone as coded here: childcare benefit recipients may contribute without any EET. The register definition is clear, but construct identification for the review EET outcome remains unclear unless parental leave can be separated. Independent AI verification; does not satisfy a named human/non-author verification requirement."
F11_rob_0306,ringbom2023_sz_sza_age28_eet,jbi7_condition_measurement,yes,yes,yes,"Methods, Definitions of Outcomes, p. 92; employment/education outcome definition and ascertainment section independently checked in full local PDF text",Codex AI independent verification agent 2,2026-10-01,source_checked_agreement,"Outcomes come from national administrative records applied identically to everyone: salary contributing to a pension scheme, student benefits, childcare benefits and jobseeker programme participation, each defined explicitly. The one caveat, recorded rather than penalised here, is that the source composite counts parental leave as not-NEET although it is neither employment, education nor training. Independent AI verification; does not satisfy a named human/non-author verification requirement."
F11_rob_0307,ringbom2023_sz_sza_age28_eet,jbi8_statistical_analysis,unclear,unclear,yes,"Table 1, p. 93; Results, Clinical Characteristics, p. 95",Codex AI independent verification agent 2,2026-10-01,source_checked_agreement,"The bands themselves sum exactly to 86, but the report elsewhere states that 137 (47.6%) had schizophrenia or a schizoaffective disorder, so two mutually exclusive denominators are in use for one named group and the proportions cannot both be right. Independent AI verification; does not satisfy a named human/non-author verification requirement."
F11_rob_0308,ringbom2023_sz_sza_age28_eet,jbi9_response_rate,yes,yes,yes,"Methods, Study Design, p. 91",Codex AI independent verification agent 2,2026-10-01,source_checked_agreement,"Register-based with no participant contact, so no non-response arises; follow-up to the end of 2015 is complete for everyone retained. Independent AI verification; does not satisfy a named human/non-author verification requirement."
F11_rob_0309,ringbom2023_sz_sza_age28_training,jbi1_sample_frame,yes,yes,yes,"Methods, Study Design, p. 91; Discussion, Strengths and Limitations, p. 96",Codex AI independent verification agent 2,2026-10-01,source_checked_agreement,"Every live birth in Finland in 1987, followed by national register linkage. The strongest available frame; the authors correctly name it as the main strength. Independent AI verification; does not satisfy a named human/non-author verification requirement."
F11_rob_0310,ringbom2023_sz_sza_age28_training,jbi2_participant_sampling,yes,yes,yes,"Methods, Study Design, p. 91",Codex AI independent verification agent 2,2026-10-01,source_checked_agreement,"Total population, no sampling and no consent-based selection (""Informed consent was not required, because none of the individuals who were included were contacted""). Independent AI verification; does not satisfy a named human/non-author verification requirement."
F11_rob_0311,ringbom2023_sz_sza_age28_training,jbi3_sample_size,no,unclear,no,"Results, Labor Market Outcomes, p. 93; Table 1, p. 93; Results, Clinical Characteristics, p. 95",Codex AI independent verification agent 2,2026-10-01,corrected_judgement_and_rationale,"Table 1 subgroup counts sum to 86 and its labour-market text also states 86, but the later clinical characteristics section states 137 schizophrenia/schizoaffective cases. An 86 person sample yields imprecise but describable proportions; no review precision threshold or sample-size justification is provided, and subgroup identity is unresolved. Unclear adequacy is more defensible than no solely because a subgroup is relatively small or its diagnostic base is uncertain. Independent AI verification; does not satisfy a named human/non-author verification requirement."
F11_rob_0312,ringbom2023_sz_sza_age28_training,jbi4_subjects_setting_described,yes,yes,yes,"Tables 1 and 2, pp. 93-94; Results, Clinical Characteristics, p. 95",Codex AI independent verification agent 2,2026-10-01,source_checked_agreement,"Tables 1 and 2 describe the diagnostic composition, parental socioeconomic markers, educational markers, comorbidities and treatment received, separately for those with and without psychosis. Independent AI verification; does not satisfy a named human/non-author verification requirement."
F11_rob_0313,ringbom2023_sz_sza_age28_training,jbi5_coverage_of_sample,yes,yes,yes,"Results, Participants and Setting, p. 93",Codex AI independent verification agent 2,2026-10-01,source_checked_agreement,"55 171 of 59 476 (92.8%) retained, with every exclusion enumerated (756 died, 2 913 emigrated, 534 intellectual disability, 117 psychosis before 2004). Register coverage for those included is complete. Independent AI verification; does not satisfy a named human/non-author verification requirement."
F11_rob_0314,ringbom2023_sz_sza_age28_training,jbi6_condition_identification,unclear,yes,no,"Methods, Description of the Registers, p. 91; Methods, Definition of Service Use, p. 92; Results, p. 93; employment/education outcome definition and ascertainment section independently checked in full local PDF text",Codex AI independent verification agent 2,2026-10-01,corrected_judgement_and_rationale,"Outcome definitions and administrative sources are explicit: work means salary contributing to a pension scheme, study means student benefits, and jobseekers-programme participation is treated as training. Uniform national registers validly identify these source outcomes. Psychiatric diagnosis coding establishes cohort eligibility separately. The source NEET complement additionally includes parental leave and cannot be assumed to equal the review EET construct. Independent AI verification; does not satisfy a named human/non-author verification requirement."
F11_rob_0315,ringbom2023_sz_sza_age28_training,jbi7_condition_measurement,yes,yes,yes,"Methods, Definitions of Outcomes, p. 92; employment/education outcome definition and ascertainment section independently checked in full local PDF text",Codex AI independent verification agent 2,2026-10-01,source_checked_agreement,"Outcomes come from national administrative records applied identically to everyone: salary contributing to a pension scheme, student benefits, childcare benefits and jobseeker programme participation, each defined explicitly. The one caveat, recorded rather than penalised here, is that the source composite counts parental leave as not-NEET although it is neither employment, education nor training. Independent AI verification; does not satisfy a named human/non-author verification requirement."
F11_rob_0316,ringbom2023_sz_sza_age28_training,jbi8_statistical_analysis,unclear,unclear,yes,"Table 1, p. 93; Results, Clinical Characteristics, p. 95",Codex AI independent verification agent 2,2026-10-01,source_checked_agreement,"The bands themselves sum exactly to 86, but the report elsewhere states that 137 (47.6%) had schizophrenia or a schizoaffective disorder, so two mutually exclusive denominators are in use for one named group and the proportions cannot both be right. Independent AI verification; does not satisfy a named human/non-author verification requirement."
F11_rob_0317,ringbom2023_sz_sza_age28_training,jbi9_response_rate,yes,yes,yes,"Methods, Study Design, p. 91",Codex AI independent verification agent 2,2026-10-01,source_checked_agreement,"Register-based with no participant contact, so no non-response arises; follow-up to the end of 2015 is complete for everyone retained. Independent AI verification; does not satisfy a named human/non-author verification requirement."
F11_rob_0318,ringbom2023_sz_sza_age28_education,jbi1_sample_frame,yes,yes,yes,"Methods, Study Design, p. 91; Discussion, Strengths and Limitations, p. 96",Codex AI independent verification agent 2,2026-10-01,source_checked_agreement,"Every live birth in Finland in 1987, followed by national register linkage. The strongest available frame; the authors correctly name it as the main strength. Independent AI verification; does not satisfy a named human/non-author verification requirement."
F11_rob_0319,ringbom2023_sz_sza_age28_education,jbi2_participant_sampling,yes,yes,yes,"Methods, Study Design, p. 91",Codex AI independent verification agent 2,2026-10-01,source_checked_agreement,"Total population, no sampling and no consent-based selection (""Informed consent was not required, because none of the individuals who were included were contacted""). Independent AI verification; does not satisfy a named human/non-author verification requirement."
F11_rob_0320,ringbom2023_sz_sza_age28_education,jbi3_sample_size,no,unclear,no,"Results, Labor Market Outcomes, p. 93; Table 1, p. 93; Results, Clinical Characteristics, p. 95",Codex AI independent verification agent 2,2026-10-01,corrected_judgement_and_rationale,"Table 1 subgroup counts sum to 86 and its labour-market text also states 86, but the later clinical characteristics section states 137 schizophrenia/schizoaffective cases. An 86 person sample yields imprecise but describable proportions; no review precision threshold or sample-size justification is provided, and subgroup identity is unresolved. Unclear adequacy is more defensible than no solely because a subgroup is relatively small or its diagnostic base is uncertain. Independent AI verification; does not satisfy a named human/non-author verification requirement."
F11_rob_0321,ringbom2023_sz_sza_age28_education,jbi4_subjects_setting_described,yes,yes,yes,"Tables 1 and 2, pp. 93-94; Results, Clinical Characteristics, p. 95",Codex AI independent verification agent 2,2026-10-01,source_checked_agreement,"Tables 1 and 2 describe the diagnostic composition, parental socioeconomic markers, educational markers, comorbidities and treatment received, separately for those with and without psychosis. Independent AI verification; does not satisfy a named human/non-author verification requirement."
F11_rob_0322,ringbom2023_sz_sza_age28_education,jbi5_coverage_of_sample,yes,yes,yes,"Results, Participants and Setting, p. 93",Codex AI independent verification agent 2,2026-10-01,source_checked_agreement,"55 171 of 59 476 (92.8%) retained, with every exclusion enumerated (756 died, 2 913 emigrated, 534 intellectual disability, 117 psychosis before 2004). Register coverage for those included is complete. Independent AI verification; does not satisfy a named human/non-author verification requirement."
F11_rob_0323,ringbom2023_sz_sza_age28_education,jbi6_condition_identification,unclear,yes,no,"Methods, Description of the Registers, p. 91; Methods, Definition of Service Use, p. 92; Results, p. 93; employment/education outcome definition and ascertainment section independently checked in full local PDF text",Codex AI independent verification agent 2,2026-10-01,corrected_judgement_and_rationale,"Outcome definitions and administrative sources are explicit: work means salary contributing to a pension scheme, study means student benefits, and jobseekers-programme participation is treated as training. Uniform national registers validly identify these source outcomes. Psychiatric diagnosis coding establishes cohort eligibility separately. The source NEET complement additionally includes parental leave and cannot be assumed to equal the review EET construct. Independent AI verification; does not satisfy a named human/non-author verification requirement."
F11_rob_0324,ringbom2023_sz_sza_age28_education,jbi7_condition_measurement,yes,yes,yes,"Methods, Definitions of Outcomes, p. 92; employment/education outcome definition and ascertainment section independently checked in full local PDF text",Codex AI independent verification agent 2,2026-10-01,source_checked_agreement,"Outcomes come from national administrative records applied identically to everyone: salary contributing to a pension scheme, student benefits, childcare benefits and jobseeker programme participation, each defined explicitly. The one caveat, recorded rather than penalised here, is that the source composite counts parental leave as not-NEET although it is neither employment, education nor training. Independent AI verification; does not satisfy a named human/non-author verification requirement."
F11_rob_0325,ringbom2023_sz_sza_age28_education,jbi8_statistical_analysis,unclear,unclear,yes,"Table 1, p. 93; Results, Clinical Characteristics, p. 95",Codex AI independent verification agent 2,2026-10-01,source_checked_agreement,"The bands themselves sum exactly to 86, but the report elsewhere states that 137 (47.6%) had schizophrenia or a schizoaffective disorder, so two mutually exclusive denominators are in use for one named group and the proportions cannot both be right. Independent AI verification; does not satisfy a named human/non-author verification requirement."
F11_rob_0326,ringbom2023_sz_sza_age28_education,jbi9_response_rate,yes,yes,yes,"Methods, Study Design, p. 91",Codex AI independent verification agent 2,2026-10-01,source_checked_agreement,"Register-based with no participant contact, so no non-response arises; follow-up to the end of 2015 is complete for everyone retained. Independent AI verification; does not satisfy a named human/non-author verification requirement."
topor2019_instrecovery_t120m_paidany__jbi1_sample_frame,topor2019_instrecovery_t120m_paidany,jbi1_sample_frame,yes,no,no,"Method, pp. 920-921",Codex AI independent verification agent 2,2026-10-01,corrected_judgement_and_rationale,"The parent frame is 447 first diagnoses in a defined Stockholm catchment, but the salary result describes one of two extreme service-contact groups (53 institutionally recovered or 159 ongoing contact) selected on the last five years of ten-year follow-up. Together 212 of 364 working-age follow-up members are covered; 152 intermediate participants are omitted. This analysis frame is not appropriate for a whole-cohort psychosis employment prevalence. Independent AI verification; does not satisfy a named human/non-author verification requirement."
topor2019_instrecovery_t120m_paidany__jbi2_participant_sampling,topor2019_instrecovery_t120m_paidany,jbi2_participant_sampling,no,no,yes,"Method, p. 921; Table 1, p. 921",Codex AI independent verification agent 2,2026-10-01,source_checked_agreement,"The two groups whose salary proportions are reported were not sampled for a prevalence at all: they are defined by whether the person had psychiatric or social service contact during the LAST FIVE CONSECUTIVE YEARS of the ten-year follow-up, a post-baseline variable the paper itself treats as a recovery outcome and which is strongly associated with employment. Together they cover 212 of the 364 working-age follow-up group. Independent AI verification; does not satisfy a named human/non-author verification requirement."
topor2019_instrecovery_t120m_paidany__jbi3_sample_size,topor2019_instrecovery_t120m_paidany,jbi3_sample_size,no,no,yes,"Table 1, p. 921; Table 3, p. 923",Codex AI independent verification agent 2,2026-10-01,source_checked_agreement,The institutional recovery group has 53 members and no confidence interval is given for its 60% salary proportion; at that size the interval on a proportion near 0.6 is roughly plus or minus 13 percentage points. Independent AI verification; does not satisfy a named human/non-author verification requirement.
topor2019_instrecovery_t120m_paidany__jbi4_subjects_setting_described,topor2019_instrecovery_t120m_paidany,jbi4_subjects_setting_described,yes,yes,yes,"Tables 1 and 2, p. 921; Method, p. 921",Codex AI independent verification agent 2,2026-10-01,source_checked_agreement,"Table 1 gives the flow from 447 to 364 by sex, and Table 2 describes both subgroups by gender, age band, marital status, children at home, country of birth, education and years between first psychiatric contact and first psychosis diagnosis. The catchment, the registers and the income definitions are described. Independent AI verification; does not satisfy a named human/non-author verification requirement."
topor2019_instrecovery_t120m_paidany__jbi5_coverage_of_sample,topor2019_instrecovery_t120m_paidany,jbi5_coverage_of_sample,no,no,yes,"Table 1, p. 921; Table 3, p. 923",Codex AI independent verification agent 2,2026-10-01,source_checked_agreement,"No salary proportion of any kind is reported for the 364-person working-age follow-up group. The two reported subgroups cover 212 of the 364, and the remaining 152 are never described or accounted for anywhere in the report. Independent AI verification; does not satisfy a named human/non-author verification requirement."
topor2019_instrecovery_t120m_paidany__jbi6_condition_identification,topor2019_instrecovery_t120m_paidany,jbi6_condition_identification,yes,yes,yes,"Method, p. 920; employment/education outcome definition and ascertainment section independently checked in full local PDF text",Codex AI independent verification agent 2,2026-10-01,corrected_rationale_only,"Salary from work on the labour market is identified from national income registers linked using personal identifiers. This is a valid administrative identifier of salary receipt for the source income outcome. It does not establish current employment independently of salary receipt, or provide an employment reference window. Psychiatric diagnostic coding concerns eligibility separately. Independent AI verification; does not satisfy a named human/non-author verification requirement."
topor2019_instrecovery_t120m_paidany__jbi7_condition_measurement,topor2019_instrecovery_t120m_paidany,jbi7_condition_measurement,unclear,unclear,yes,"Method, p. 921; Table 3, p. 923; employment/education outcome definition and ascertainment section independently checked in full local PDF text",Codex AI independent verification agent 2,2026-10-01,source_checked_agreement,"Income data come from national registers linked by the personal identity number, so the measurement is objective and identical for everyone. But the report does not define the salary variable beyond 'salary from work on the labour market': no threshold is stated, it is not said whether any salary at all qualifies, and it is not said whether subsidised or sheltered employment counts as salary. The figures are also age-standardised for the income series but not evidently for Table 3. Independent AI verification; does not satisfy a named human/non-author verification requirement."
topor2019_instrecovery_t120m_paidany__jbi8_statistical_analysis,topor2019_instrecovery_t120m_paidany,jbi8_statistical_analysis,no,no,yes,"Table 3, p. 923; Method, p. 921",Codex AI independent verification agent 2,2026-10-01,source_checked_agreement,"Table 3 reports proportions as percentages only, across 20 cells, with no counts, no per-cell denominators, no confidence intervals and no statistical test of the salary difference between groups or over time. The only modelling in the paper concerns membership of the institutionalisation group, not income source. Independent AI verification; does not satisfy a named human/non-author verification requirement."
topor2019_instrecovery_t120m_paidany__jbi9_response_rate,topor2019_instrecovery_t120m_paidany,jbi9_response_rate,unclear,unclear,yes,"Method, pp. 920-921",Codex AI independent verification agent 2,2026-10-01,source_checked_agreement,"Register linkage largely removes non-response, but 51 deceased, 10 untraceable and 22 'retired' persons were removed from 447 to reach 364, the term 'retired' is never defined, and the report does not state for how many members of either subgroup income data were actually available. Independent AI verification; does not satisfy a named human/non-author verification requirement."
topor2019_ongoinginst_t120m_paidany__jbi1_sample_frame,topor2019_ongoinginst_t120m_paidany,jbi1_sample_frame,yes,no,no,"Method, pp. 920-921",Codex AI independent verification agent 2,2026-10-01,corrected_judgement_and_rationale,"The parent frame is 447 first diagnoses in a defined Stockholm catchment, but the salary result describes one of two extreme service-contact groups (53 institutionally recovered or 159 ongoing contact) selected on the last five years of ten-year follow-up. Together 212 of 364 working-age follow-up members are covered; 152 intermediate participants are omitted. This analysis frame is not appropriate for a whole-cohort psychosis employment prevalence. Independent AI verification; does not satisfy a named human/non-author verification requirement."
topor2019_ongoinginst_t120m_paidany__jbi2_participant_sampling,topor2019_ongoinginst_t120m_paidany,jbi2_participant_sampling,no,no,yes,"Method, p. 921; Table 1, p. 921",Codex AI independent verification agent 2,2026-10-01,source_checked_agreement,"The two groups whose salary proportions are reported were not sampled for a prevalence at all: they are defined by whether the person had psychiatric or social service contact during the LAST FIVE CONSECUTIVE YEARS of the ten-year follow-up, a post-baseline variable the paper itself treats as a recovery outcome and which is strongly associated with employment. Together they cover 212 of the 364 working-age follow-up group. Independent AI verification; does not satisfy a named human/non-author verification requirement."
topor2019_ongoinginst_t120m_paidany__jbi3_sample_size,topor2019_ongoinginst_t120m_paidany,jbi3_sample_size,unclear,unclear,yes,"Table 1, p. 921; Table 3, p. 923",Codex AI independent verification agent 2,2026-10-01,source_checked_agreement,"The ongoing institutionalisation group has 159 members, which would support a reasonably precise proportion, but no count, denominator or interval is printed for any cell so the achieved precision cannot be checked. Independent AI verification; does not satisfy a named human/non-author verification requirement."
topor2019_ongoinginst_t120m_paidany__jbi4_subjects_setting_described,topor2019_ongoinginst_t120m_paidany,jbi4_subjects_setting_described,yes,yes,yes,"Tables 1 and 2, p. 921; Method, p. 921",Codex AI independent verification agent 2,2026-10-01,source_checked_agreement,"Table 1 gives the flow from 447 to 364 by sex, and Table 2 describes both subgroups by gender, age band, marital status, children at home, country of birth, education and years between first psychiatric contact and first psychosis diagnosis. The catchment, the registers and the income definitions are described. Independent AI verification; does not satisfy a named human/non-author verification requirement."
topor2019_ongoinginst_t120m_paidany__jbi5_coverage_of_sample,topor2019_ongoinginst_t120m_paidany,jbi5_coverage_of_sample,no,no,yes,"Table 1, p. 921; Table 3, p. 923",Codex AI independent verification agent 2,2026-10-01,source_checked_agreement,"No salary proportion of any kind is reported for the 364-person working-age follow-up group. The two reported subgroups cover 212 of the 364, and the remaining 152 are never described or accounted for anywhere in the report. Independent AI verification; does not satisfy a named human/non-author verification requirement."
topor2019_ongoinginst_t120m_paidany__jbi6_condition_identification,topor2019_ongoinginst_t120m_paidany,jbi6_condition_identification,yes,yes,yes,"Method, p. 920; employment/education outcome definition and ascertainment section independently checked in full local PDF text",Codex AI independent verification agent 2,2026-10-01,corrected_rationale_only,"Salary from work on the labour market is identified from national income registers linked using personal identifiers. This is a valid administrative identifier of salary receipt for the source income outcome. It does not establish current employment independently of salary receipt, or provide an employment reference window. Psychiatric diagnostic coding concerns eligibility separately. Independent AI verification; does not satisfy a named human/non-author verification requirement."
topor2019_ongoinginst_t120m_paidany__jbi7_condition_measurement,topor2019_ongoinginst_t120m_paidany,jbi7_condition_measurement,unclear,unclear,yes,"Method, p. 921; Table 3, p. 923; employment/education outcome definition and ascertainment section independently checked in full local PDF text",Codex AI independent verification agent 2,2026-10-01,source_checked_agreement,"Income data come from national registers linked by the personal identity number, so the measurement is objective and identical for everyone. But the report does not define the salary variable beyond 'salary from work on the labour market': no threshold is stated, it is not said whether any salary at all qualifies, and it is not said whether subsidised or sheltered employment counts as salary. The figures are also age-standardised for the income series but not evidently for Table 3. Independent AI verification; does not satisfy a named human/non-author verification requirement."
topor2019_ongoinginst_t120m_paidany__jbi8_statistical_analysis,topor2019_ongoinginst_t120m_paidany,jbi8_statistical_analysis,no,no,yes,"Table 3, p. 923; Method, p. 921",Codex AI independent verification agent 2,2026-10-01,source_checked_agreement,"Table 3 reports proportions as percentages only, across 20 cells, with no counts, no per-cell denominators, no confidence intervals and no statistical test of the salary difference between groups or over time. The only modelling in the paper concerns membership of the institutionalisation group, not income source. Independent AI verification; does not satisfy a named human/non-author verification requirement."
topor2019_ongoinginst_t120m_paidany__jbi9_response_rate,topor2019_ongoinginst_t120m_paidany,jbi9_response_rate,unclear,unclear,yes,"Method, pp. 920-921",Codex AI independent verification agent 2,2026-10-01,source_checked_agreement,"Register linkage largely removes non-response, but 51 deceased, 10 untraceable and 22 'retired' persons were removed from 447 to reach 364, the term 'retired' is never defined, and the report does not state for how many members of either subgroup income data were actually available. Independent AI verification; does not satisfy a named human/non-author verification requirement."
F13_xu2020_cohort_t125m_paidany_jbi1_sample_frame,xu2020_cohort_t125m_paidany,jbi1_sample_frame,unclear,unclear,yes,"Methods, Inclusion criteria, p. 2 of 9; Limitations, p. 8 of 9",Codex AI independent verification agent 2,2026-10-01,source_checked_agreement,"The frame is consecutive under-18 admissions with a discharge diagnosis of schizophrenia at one tertiary psychiatric hospital in Beijing in 2006 (records 14,001 to 15,000). It is appropriate for treated, hospitalised early-onset schizophrenia but the authors state it does not address a broader target population: 'Our patient population is more likely to be of high socioeconomic backgrounds and to have failed previous treatments at other hospitals. Furthermore, using inpatient records precluded patients whose symptoms were not severe enough to warrant hospitalization ... our study population does not represent the whole spectrum of disease severity in EOS'. Independent AI verification; does not satisfy a named human/non-author verification requirement."
F13_xu2020_cohort_t125m_paidany_jbi2_participant_sampling,xu2020_cohort_t125m_paidany,jbi2_participant_sampling,yes,yes,yes,"Methods, Inclusion criteria, p. 2 of 9",Codex AI independent verification agent 2,2026-10-01,source_checked_agreement,"A census rather than a sample: a consecutive block of 1,000 patient records was assessed against three stated criteria and all 118 qualifying patients were included. No sampling step follows and no employment-related criterion appears at any point. Independent AI verification; does not satisfy a named human/non-author verification requirement."
F13_xu2020_cohort_t125m_paidany_jbi3_sample_size,xu2020_cohort_t125m_paidany,jbi3_sample_size,unclear,unclear,yes,"Results, p. 3 of 9; Limitations, p. 8 of 9",Codex AI independent verification agent 2,2026-10-01,source_checked_agreement,118 entered and the employment result rests on 62. The authors note that 'The relatively small sample size limited our ability to perform more in-depth statistical analyses and may have resulted in insufficient power in hypothesis testing'. No precision target is stated and no interval is given for the employment proportion; 23 of 62 carries an exact binomial interval of roughly 25 to 50 per cent. Independent AI verification; does not satisfy a named human/non-author verification requirement.
F13_xu2020_cohort_t125m_paidany_jbi4_subjects_setting_described,xu2020_cohort_t125m_paidany,jbi4_subjects_setting_described,yes,yes,yes,"Table 1, p. 4 of 9; Methods, p. 2 of 9",Codex AI independent verification agent 2,2026-10-01,source_checked_agreement,"Table 1 gives sex, age at onset of any and of psychotic symptoms, VEOS status, urban residence, family history, comorbidity, eight premorbid personality traits and antipsychotic dose at discharge, for all participants and separately for the interviewed and non-interviewed groups. The setting, the admission year and the record range are stated. Independent AI verification; does not satisfy a named human/non-author verification requirement."
F13_xu2020_cohort_t125m_paidany_jbi5_coverage_of_sample,xu2020_cohort_t125m_paidany,jbi5_coverage_of_sample,no,no,yes,"Methods, Data collection, p. 2 of 9; Table 1, p. 4 of 9; Limitations, p. 8 of 9",Codex AI independent verification agent 2,2026-10-01,source_checked_agreement,"65 of 118 (55 per cent) were interviewed and 62 carry the employment denominator, so 47 per cent of the entering cohort is unobserved. The loss is described (48 discontinued phone numbers, 5 refusals) and Table 1 shows no significant baseline difference between interviewed and non-interviewed groups on any of 15 characteristics, which mitigates but does not remove the concern. Independent AI verification; does not satisfy a named human/non-author verification requirement."
F13_xu2020_cohort_t125m_paidany_jbi6_condition_identification,xu2020_cohort_t125m_paidany,jbi6_condition_identification,yes,unclear,no,"Methods, Inclusion criteria, p. 2 of 9; Results, Diagnostic stability, p. 3 of 9; employment/education outcome definition and ascertainment section independently checked in full local PDF text",Codex AI independent verification agent 2,2026-10-01,corrected_judgement_and_rationale,"Current employment, school status and economic self-sufficiency are obtained mostly through parent/family telephone report using a bespoke form. No operational definitions or validation of these items are supplied. Therefore validity of identifying each vocational/economic condition is unclear. Baseline ICD schizophrenia assessment establishes population eligibility rather than outcome validity. Independent AI verification; does not satisfy a named human/non-author verification requirement."
F13_xu2020_cohort_t125m_paidany_jbi7_condition_measurement,xu2020_cohort_t125m_paidany,jbi7_condition_measurement,no,no,yes,"Methods, Data collection, p. 2 of 9; Results, Social outcomes, p. 4 of 9; Limitations, p. 8 of 9; employment/education outcome definition and ascertainment section independently checked in full local PDF text",Codex AI independent verification agent 2,2026-10-01,source_checked_agreement,"Employment status was ascertained by telephone from a proxy informant, a parent for 59 of the 65 subjects, using a bespoke data collection form, and 'Interviewees were asked to provide information to their best knowledge'. The authors state that 'this study relied heavily on proxy report, which is influenced by various subjective factors and thus may result in inaccurate information' and that 'most parents refused to allow us to directly contact patients'. 'Currently employed' is never defined: neither remuneration, hours nor the labour-market setting is specified. This is the principal limitation of the extracted count. Independent AI verification; does not satisfy a named human/non-author verification requirement."
F13_xu2020_cohort_t125m_paidany_jbi8_statistical_analysis,xu2020_cohort_t125m_paidany,jbi8_statistical_analysis,unclear,unclear,yes,"Results, Social outcomes, pp. 4-5 of 9; Results, Mortality, suicide and depression, p. 3 of 9",Codex AI independent verification agent 2,2026-10-01,corrected_rationale_only,"Social-status counts 34 unemployed,23 employed and 5 school sum to 62 and percentages reproduce; the mortality section explicitly states that 65 interviewed subjects include 3 deceased and 62 survivors. The original assertion that survivors were silently excluded is incorrect. No confidence intervals are reported and the social outcome paragraph itself does not restate the denominator, so reporting adequacy remains unclear. Economic self-sufficiency 16/62 is consistent with 26%. Independent AI verification; does not satisfy a named human/non-author verification requirement."
F13_xu2020_cohort_t125m_paidany_jbi9_response_rate,xu2020_cohort_t125m_paidany,jbi9_response_rate,no,no,yes,"Methods, Data collection, p. 2 of 9; Table 1, p. 4 of 9; Limitations, p. 8 of 9",Codex AI independent verification agent 2,2026-10-01,source_checked_agreement,"The response rate is 55 per cent (65 of 118) for interview and 53 per cent (62 of 118) for this outcome. Management is appropriate as far as it goes: the authors compare baseline characteristics of the interviewed and non-interviewed groups, find no significant difference, and argue that discontinued phone numbers are a non-differential cause of loss. That is an argument, not a correction, and no weighting or sensitivity analysis is applied. Independent AI verification; does not satisfy a named human/non-author verification requirement."
F13_xu2020_cohort_t125m_eduonly_jbi1_sample_frame,xu2020_cohort_t125m_eduonly,jbi1_sample_frame,unclear,unclear,yes,"Methods, Inclusion criteria, p. 2 of 9; Limitations, p. 8 of 9",Codex AI independent verification agent 2,2026-10-01,source_checked_agreement,"The frame is consecutive under-18 admissions with a discharge diagnosis of schizophrenia at one tertiary psychiatric hospital in Beijing in 2006 (records 14,001 to 15,000). It is appropriate for treated, hospitalised early-onset schizophrenia but the authors state it does not address a broader target population: 'Our patient population is more likely to be of high socioeconomic backgrounds and to have failed previous treatments at other hospitals. Furthermore, using inpatient records precluded patients whose symptoms were not severe enough to warrant hospitalization ... our study population does not represent the whole spectrum of disease severity in EOS'. Independent AI verification; does not satisfy a named human/non-author verification requirement."
F13_xu2020_cohort_t125m_eduonly_jbi2_participant_sampling,xu2020_cohort_t125m_eduonly,jbi2_participant_sampling,yes,yes,yes,"Methods, Inclusion criteria, p. 2 of 9",Codex AI independent verification agent 2,2026-10-01,source_checked_agreement,"A census rather than a sample: a consecutive block of 1,000 patient records was assessed against three stated criteria and all 118 qualifying patients were included. No sampling step follows and no employment-related criterion appears at any point. Independent AI verification; does not satisfy a named human/non-author verification requirement."
F13_xu2020_cohort_t125m_eduonly_jbi3_sample_size,xu2020_cohort_t125m_eduonly,jbi3_sample_size,unclear,unclear,yes,"Results, p. 3 of 9; Limitations, p. 8 of 9",Codex AI independent verification agent 2,2026-10-01,source_checked_agreement,118 entered and the employment result rests on 62. The authors note that 'The relatively small sample size limited our ability to perform more in-depth statistical analyses and may have resulted in insufficient power in hypothesis testing'. No precision target is stated and no interval is given for the employment proportion; 23 of 62 carries an exact binomial interval of roughly 25 to 50 per cent. Independent AI verification; does not satisfy a named human/non-author verification requirement.
F13_xu2020_cohort_t125m_eduonly_jbi4_subjects_setting_described,xu2020_cohort_t125m_eduonly,jbi4_subjects_setting_described,yes,yes,yes,"Table 1, p. 4 of 9; Methods, p. 2 of 9",Codex AI independent verification agent 2,2026-10-01,source_checked_agreement,"Table 1 gives sex, age at onset of any and of psychotic symptoms, VEOS status, urban residence, family history, comorbidity, eight premorbid personality traits and antipsychotic dose at discharge, for all participants and separately for the interviewed and non-interviewed groups. The setting, the admission year and the record range are stated. Independent AI verification; does not satisfy a named human/non-author verification requirement."
F13_xu2020_cohort_t125m_eduonly_jbi5_coverage_of_sample,xu2020_cohort_t125m_eduonly,jbi5_coverage_of_sample,no,no,yes,"Methods, Data collection, p. 2 of 9; Table 1, p. 4 of 9; Limitations, p. 8 of 9",Codex AI independent verification agent 2,2026-10-01,source_checked_agreement,"65 of 118 (55 per cent) were interviewed and 62 carry the employment denominator, so 47 per cent of the entering cohort is unobserved. The loss is described (48 discontinued phone numbers, 5 refusals) and Table 1 shows no significant baseline difference between interviewed and non-interviewed groups on any of 15 characteristics, which mitigates but does not remove the concern. Independent AI verification; does not satisfy a named human/non-author verification requirement."
F13_xu2020_cohort_t125m_eduonly_jbi6_condition_identification,xu2020_cohort_t125m_eduonly,jbi6_condition_identification,yes,unclear,no,"Methods, Inclusion criteria, p. 2 of 9; Results, Diagnostic stability, p. 3 of 9; employment/education outcome definition and ascertainment section independently checked in full local PDF text",Codex AI independent verification agent 2,2026-10-01,corrected_judgement_and_rationale,"Current employment, school status and economic self-sufficiency are obtained mostly through parent/family telephone report using a bespoke form. No operational definitions or validation of these items are supplied. Therefore validity of identifying each vocational/economic condition is unclear. Baseline ICD schizophrenia assessment establishes population eligibility rather than outcome validity. Independent AI verification; does not satisfy a named human/non-author verification requirement."
F13_xu2020_cohort_t125m_eduonly_jbi7_condition_measurement,xu2020_cohort_t125m_eduonly,jbi7_condition_measurement,no,no,yes,"Methods, Data collection, p. 2 of 9; Results, Social outcomes, pp. 4-5 of 9; employment/education outcome definition and ascertainment section independently checked in full local PDF text",Codex AI independent verification agent 2,2026-10-01,source_checked_agreement,"'Currently in school' is proxy-reported by telephone, in the same undefined three-category question as employment, with a parent as informant for 59 of the 65 subjects. Whether vocational training counts as school is not stated, which matters in a sample where mid-level and high-level vocational training are separate education categories elsewhere in the same section. Independent AI verification; does not satisfy a named human/non-author verification requirement."
F13_xu2020_cohort_t125m_eduonly_jbi8_statistical_analysis,xu2020_cohort_t125m_eduonly,jbi8_statistical_analysis,unclear,unclear,yes,"Results, Social outcomes, pp. 4-5 of 9; Results, Mortality, suicide and depression, p. 3 of 9",Codex AI independent verification agent 2,2026-10-01,corrected_rationale_only,"Social-status counts 34 unemployed,23 employed and 5 school sum to 62 and percentages reproduce; the mortality section explicitly states that 65 interviewed subjects include 3 deceased and 62 survivors. The original assertion that survivors were silently excluded is incorrect. No confidence intervals are reported and the social outcome paragraph itself does not restate the denominator, so reporting adequacy remains unclear. Economic self-sufficiency 16/62 is consistent with 26%. Independent AI verification; does not satisfy a named human/non-author verification requirement."
F13_xu2020_cohort_t125m_eduonly_jbi9_response_rate,xu2020_cohort_t125m_eduonly,jbi9_response_rate,no,no,yes,"Methods, Data collection, p. 2 of 9; Table 1, p. 4 of 9; Limitations, p. 8 of 9",Codex AI independent verification agent 2,2026-10-01,source_checked_agreement,"The response rate is 55 per cent (65 of 118) for interview and 53 per cent (62 of 118) for this outcome. Management is appropriate as far as it goes: the authors compare baseline characteristics of the interviewed and non-interviewed groups, find no significant difference, and argue that discontinued phone numbers are a non-differential cause of loss. That is an argument, not a correction, and no weighting or sensitivity analysis is applied. Independent AI verification; does not satisfy a named human/non-author verification requirement."
F13_xu2020_cohort_t125m_selfsufficient_jbi1_sample_frame,xu2020_cohort_t125m_selfsufficient,jbi1_sample_frame,unclear,unclear,yes,"Methods, Inclusion criteria, p. 2 of 9; Limitations, p. 8 of 9",Codex AI independent verification agent 2,2026-10-01,source_checked_agreement,"The frame is consecutive under-18 admissions with a discharge diagnosis of schizophrenia at one tertiary psychiatric hospital in Beijing in 2006 (records 14,001 to 15,000). It is appropriate for treated, hospitalised early-onset schizophrenia but the authors state it does not address a broader target population: 'Our patient population is more likely to be of high socioeconomic backgrounds and to have failed previous treatments at other hospitals. Furthermore, using inpatient records precluded patients whose symptoms were not severe enough to warrant hospitalization ... our study population does not represent the whole spectrum of disease severity in EOS'. Independent AI verification; does not satisfy a named human/non-author verification requirement."
F13_xu2020_cohort_t125m_selfsufficient_jbi2_participant_sampling,xu2020_cohort_t125m_selfsufficient,jbi2_participant_sampling,yes,yes,yes,"Methods, Inclusion criteria, p. 2 of 9",Codex AI independent verification agent 2,2026-10-01,source_checked_agreement,"A census rather than a sample: a consecutive block of 1,000 patient records was assessed against three stated criteria and all 118 qualifying patients were included. No sampling step follows and no employment-related criterion appears at any point. Independent AI verification; does not satisfy a named human/non-author verification requirement."
F13_xu2020_cohort_t125m_selfsufficient_jbi3_sample_size,xu2020_cohort_t125m_selfsufficient,jbi3_sample_size,unclear,unclear,yes,"Results, p. 3 of 9; Limitations, p. 8 of 9",Codex AI independent verification agent 2,2026-10-01,source_checked_agreement,118 entered and the employment result rests on 62. The authors note that 'The relatively small sample size limited our ability to perform more in-depth statistical analyses and may have resulted in insufficient power in hypothesis testing'. No precision target is stated and no interval is given for the employment proportion; 23 of 62 carries an exact binomial interval of roughly 25 to 50 per cent. Independent AI verification; does not satisfy a named human/non-author verification requirement.
F13_xu2020_cohort_t125m_selfsufficient_jbi4_subjects_setting_described,xu2020_cohort_t125m_selfsufficient,jbi4_subjects_setting_described,yes,yes,yes,"Table 1, p. 4 of 9; Methods, p. 2 of 9",Codex AI independent verification agent 2,2026-10-01,source_checked_agreement,"Table 1 gives sex, age at onset of any and of psychotic symptoms, VEOS status, urban residence, family history, comorbidity, eight premorbid personality traits and antipsychotic dose at discharge, for all participants and separately for the interviewed and non-interviewed groups. The setting, the admission year and the record range are stated. Independent AI verification; does not satisfy a named human/non-author verification requirement."
F13_xu2020_cohort_t125m_selfsufficient_jbi5_coverage_of_sample,xu2020_cohort_t125m_selfsufficient,jbi5_coverage_of_sample,no,no,yes,"Methods, Data collection, p. 2 of 9; Table 1, p. 4 of 9; Limitations, p. 8 of 9",Codex AI independent verification agent 2,2026-10-01,source_checked_agreement,"65 of 118 (55 per cent) were interviewed and 62 carry the employment denominator, so 47 per cent of the entering cohort is unobserved. The loss is described (48 discontinued phone numbers, 5 refusals) and Table 1 shows no significant baseline difference between interviewed and non-interviewed groups on any of 15 characteristics, which mitigates but does not remove the concern. Independent AI verification; does not satisfy a named human/non-author verification requirement."
F13_xu2020_cohort_t125m_selfsufficient_jbi6_condition_identification,xu2020_cohort_t125m_selfsufficient,jbi6_condition_identification,yes,unclear,no,"Methods, Inclusion criteria, p. 2 of 9; Results, Diagnostic stability, p. 3 of 9; employment/education outcome definition and ascertainment section independently checked in full local PDF text",Codex AI independent verification agent 2,2026-10-01,corrected_judgement_and_rationale,"Current employment, school status and economic self-sufficiency are obtained mostly through parent/family telephone report using a bespoke form. No operational definitions or validation of these items are supplied. Therefore validity of identifying each vocational/economic condition is unclear. Baseline ICD schizophrenia assessment establishes population eligibility rather than outcome validity. Independent AI verification; does not satisfy a named human/non-author verification requirement."
F13_xu2020_cohort_t125m_selfsufficient_jbi7_condition_measurement,xu2020_cohort_t125m_selfsufficient,jbi7_condition_measurement,no,no,yes,"Results, Social outcomes, p. 4 of 9; Methods, Data collection, p. 2 of 9; employment/education outcome definition and ascertainment section independently checked in full local PDF text",Codex AI independent verification agent 2,2026-10-01,source_checked_agreement,"'Sixteen (26%) reported that the patient was economically self-sufficient' is a proxy judgement by a family member with no definition, no threshold and no stated relation to earnings, benefits or family transfers. It is recorded as outcome_construct = unclear for that reason. Independent AI verification; does not satisfy a named human/non-author verification requirement."
F13_xu2020_cohort_t125m_selfsufficient_jbi8_statistical_analysis,xu2020_cohort_t125m_selfsufficient,jbi8_statistical_analysis,unclear,unclear,yes,"Results, Social outcomes, pp. 4-5 of 9; Results, Mortality, suicide and depression, p. 3 of 9",Codex AI independent verification agent 2,2026-10-01,corrected_rationale_only,"Social-status counts 34 unemployed,23 employed and 5 school sum to 62 and percentages reproduce; the mortality section explicitly states that 65 interviewed subjects include 3 deceased and 62 survivors. The original assertion that survivors were silently excluded is incorrect. No confidence intervals are reported and the social outcome paragraph itself does not restate the denominator, so reporting adequacy remains unclear. Economic self-sufficiency 16/62 is consistent with 26%. Independent AI verification; does not satisfy a named human/non-author verification requirement."
F13_xu2020_cohort_t125m_selfsufficient_jbi9_response_rate,xu2020_cohort_t125m_selfsufficient,jbi9_response_rate,no,no,yes,"Methods, Data collection, p. 2 of 9; Table 1, p. 4 of 9; Limitations, p. 8 of 9",Codex AI independent verification agent 2,2026-10-01,source_checked_agreement,"The response rate is 55 per cent (65 of 118) for interview and 53 per cent (62 of 118) for this outcome. Management is appropriate as far as it goes: the authors compare baseline characteristics of the interviewed and non-interviewed groups, find no significant difference, and argue that discontinued phone numbers are a non-differential cause of loss. That is an argument, not a correction, and no weighting or sensitivity analysis is applied. Independent AI verification; does not satisfy a named human/non-author verification requirement."
