rob_assessment_id,result_id,domain,original_judgement,verified_judgement,agreement,source_locator,verifier,verified_date,adjudication,notes
andersen2026_cohort_fu_paidcomp__jbi1_sample_frame,andersen2026_cohort_fu_paidcomp,jbi1_sample_frame,yes,yes,agree,"dissertation_shared_folder/Data Extraction Papers/1-s2.0-S0920996426000940-main.pdf; Methods section 2.1, p. 49; Discussion section 4.1, p. 52",Codex AI independent verification agent 1,2026-10-01,source_checked_judgement_retained,First-episode early-onset psychosis participants aged 10 to 17 pooled from four Danish clinical studies recruited from inpatient and outpatient psychiatric units between 1998 and 2016. Appropriate for an EOP clinical population; the authors note it is a smaller Capital-Region sample and less representative than a nationwide register cohort.
andersen2026_cohort_fu_paidcomp__jbi2_participant_sampling,andersen2026_cohort_fu_paidcomp,jbi2_participant_sampling,unclear,unclear,agree,"dissertation_shared_folder/Data Extraction Papers/1-s2.0-S0920996426000940-main.pdf; Methods section 2.1, p. 49 ('Detailed information on recruitment, study design and in- and exclusion criteria in the individual clinical studies is reported elsewhere [...] and summarized in Table A.1')",Codex AI independent verification agent 1,2026-10-01,source_checked_judgement_retained,"Participants entered through four separate clinical studies with different designs, one of them a randomised antipsychotic trial, and the individual studies' inclusion and exclusion criteria are given only in supplementary Table A.1, which is not in the article PDF."
andersen2026_cohort_fu_paidcomp__jbi3_sample_size,andersen2026_cohort_fu_paidcomp,jbi3_sample_size,yes,unclear,disagree,"dissertation_shared_folder/Data Extraction Papers/1-s2.0-S0920996426000940-main.pdf; PDF p5, Table2, printed p52",Codex AI independent verification agent 1,2026-10-01,source_based_judgement_correction_proposed,"The source supports 198 observed employment categories, but reports no prevalence-specific precision target or sample-size justification. Adequacy for these descriptive proportions cannot be verified solely from sample size or power limitations of separate regression analyses. A clear yes would require an explicit, consistently applied precision criterion."
andersen2026_cohort_fu_paidcomp__jbi4_subjects_setting_described,andersen2026_cohort_fu_paidcomp,jbi4_subjects_setting_described,yes,yes,agree,"dissertation_shared_folder/Data Extraction Papers/1-s2.0-S0920996426000940-main.pdf; Table 1, p. 51",Codex AI independent verification agent 1,2026-10-01,source_checked_judgement_retained,"Age, sex, cohort of origin, parental employment, education and household income, the full ICD-10 diagnostic distribution, PANSS, duration of untreated psychosis, IQ, cognitive measures and substance use are tabulated."
andersen2026_cohort_fu_paidcomp__jbi5_coverage_of_sample,andersen2026_cohort_fu_paidcomp,jbi5_coverage_of_sample,yes,yes,agree,"dissertation_shared_folder/Data Extraction Papers/1-s2.0-S0920996426000940-main.pdf; Table 2, p. 52 and its footnotes a and c; Strengths and limitations, p. 55",Codex AI independent verification agent 1,2026-10-01,source_checked_judgement_retained,"Outcome data were retrieved from national registers for every participant clinically assessed at baseline; primary source of income was missing for only 3 EOP participants, and 4 who had died are excluded from the denominator."
andersen2026_cohort_fu_paidcomp__jbi6_condition_identification,andersen2026_cohort_fu_paidcomp,jbi6_condition_identification,yes,yes,agree,"dissertation_shared_folder/Data Extraction Papers/1-s2.0-S0920996426000940-main.pdf; PDF pp2-3, Methods 2.3, printed pp49-50; PDF p5, Table 2, printed p52",Codex AI independent verification agent 1,2026-10-01,rationale_repaired_judgement_retained,"Item 6 concerns the employment/education outcome, not the eligibility diagnosis. National register main-source-of-income categories define competitive employment, education and social benefits consistently; supported employment remains in the latter category. Identification of these stated categories is supported, but this does not identify any paid work or point prevalence."
andersen2026_cohort_fu_paidcomp__jbi7_condition_measurement,andersen2026_cohort_fu_paidcomp,jbi7_condition_measurement,unclear,yes,disagree,"dissertation_shared_folder/Data Extraction Papers/1-s2.0-S0920996426000940-main.pdf; PDF pp2-3, Methods2.3, printed pp49-50; PDF p5, Table2, printed p52",Codex AI independent verification agent 1,2026-10-01,source_based_judgement_correction_proposed,"The same Statistics Denmark register main-source-of-income classification is applied to all observed participants. This supports standardised objective measurement of the explicitly defined annual categories. Classifying supported employment with benefits and using variable elapsed follow-up affects construct/window compatibility, rather than establishing unreliable or differential recording of these categories."
andersen2026_cohort_fu_paidcomp__jbi8_statistical_analysis,andersen2026_cohort_fu_paidcomp,jbi8_statistical_analysis,unclear,unclear,agree,"dissertation_shared_folder/Data Extraction Papers/1-s2.0-S0920996426000940-main.pdf; Results sections 3.1 and 3.2, pp. 51-52; Table 2, p. 52",Codex AI independent verification agent 1,2026-10-01,source_checked_judgement_retained,"The employment cells are internally consistent (106 + 43 + 49 = 198, and 46% in competitive employment or education reproduces exactly), but the report carries arithmetic discrepancies elsewhere that bear on its general reporting accuracy: mean follow-up is 11.1 years in the text against 11.6 in Table 2, and 93.4% is stated for any psychiatric inpatient day against 171 of 205 (83.4%) in Table 2. No confidence interval is given for the proportion."
andersen2026_cohort_fu_paidcomp__jbi9_response_rate,andersen2026_cohort_fu_paidcomp,jbi9_response_rate,yes,yes,agree,"dissertation_shared_folder/Data Extraction Papers/1-s2.0-S0920996426000940-main.pdf; Strengths and limitations, p. 55; Table 2, p. 52",Codex AI independent verification agent 1,2026-10-01,source_checked_judgement_retained,"Register linkage delivered near-complete follow-up: the authors state that follow-up data were obtained on all participants clinically assessed at baseline, and 198 of the 201 alive participants (98.5%) have a recorded primary source of income."
andersen2026_cohort_fu_paideduc__jbi1_sample_frame,andersen2026_cohort_fu_paideduc,jbi1_sample_frame,yes,yes,agree,"dissertation_shared_folder/Data Extraction Papers/1-s2.0-S0920996426000940-main.pdf; Methods section 2.1, p. 49; Discussion section 4.1, p. 52",Codex AI independent verification agent 1,2026-10-01,source_checked_judgement_retained,First-episode early-onset psychosis participants aged 10 to 17 pooled from four Danish clinical studies recruited from inpatient and outpatient psychiatric units between 1998 and 2016. Appropriate for an EOP clinical population; the authors note it is a smaller Capital-Region sample and less representative than a nationwide register cohort.
andersen2026_cohort_fu_paideduc__jbi2_participant_sampling,andersen2026_cohort_fu_paideduc,jbi2_participant_sampling,unclear,unclear,agree,"dissertation_shared_folder/Data Extraction Papers/1-s2.0-S0920996426000940-main.pdf; Methods section 2.1, p. 49 ('Detailed information on recruitment, study design and in- and exclusion criteria in the individual clinical studies is reported elsewhere [...] and summarized in Table A.1')",Codex AI independent verification agent 1,2026-10-01,source_checked_judgement_retained,"Participants entered through four separate clinical studies with different designs, one of them a randomised antipsychotic trial, and the individual studies' inclusion and exclusion criteria are given only in supplementary Table A.1, which is not in the article PDF."
andersen2026_cohort_fu_paideduc__jbi3_sample_size,andersen2026_cohort_fu_paideduc,jbi3_sample_size,yes,unclear,disagree,"dissertation_shared_folder/Data Extraction Papers/1-s2.0-S0920996426000940-main.pdf; PDF p5, Table2, printed p52",Codex AI independent verification agent 1,2026-10-01,source_based_judgement_correction_proposed,"The source supports 198 observed employment categories, but reports no prevalence-specific precision target or sample-size justification. Adequacy for these descriptive proportions cannot be verified solely from sample size or power limitations of separate regression analyses. A clear yes would require an explicit, consistently applied precision criterion."
andersen2026_cohort_fu_paideduc__jbi4_subjects_setting_described,andersen2026_cohort_fu_paideduc,jbi4_subjects_setting_described,yes,yes,agree,"dissertation_shared_folder/Data Extraction Papers/1-s2.0-S0920996426000940-main.pdf; Table 1, p. 51",Codex AI independent verification agent 1,2026-10-01,source_checked_judgement_retained,"Age, sex, cohort of origin, parental employment, education and household income, the full ICD-10 diagnostic distribution, PANSS, duration of untreated psychosis, IQ, cognitive measures and substance use are tabulated."
andersen2026_cohort_fu_paideduc__jbi5_coverage_of_sample,andersen2026_cohort_fu_paideduc,jbi5_coverage_of_sample,yes,yes,agree,"dissertation_shared_folder/Data Extraction Papers/1-s2.0-S0920996426000940-main.pdf; Table 2, p. 52 and its footnotes a and c; Strengths and limitations, p. 55",Codex AI independent verification agent 1,2026-10-01,source_checked_judgement_retained,"Outcome data were retrieved from national registers for every participant clinically assessed at baseline; primary source of income was missing for only 3 EOP participants, and 4 who had died are excluded from the denominator."
andersen2026_cohort_fu_paideduc__jbi6_condition_identification,andersen2026_cohort_fu_paideduc,jbi6_condition_identification,yes,yes,agree,"dissertation_shared_folder/Data Extraction Papers/1-s2.0-S0920996426000940-main.pdf; PDF pp2-3, Methods 2.3, printed pp49-50; PDF p5, Table 2, printed p52",Codex AI independent verification agent 1,2026-10-01,rationale_repaired_judgement_retained,"Item 6 concerns the employment/education outcome, not the eligibility diagnosis. National register main-source-of-income categories define competitive employment, education and social benefits consistently; supported employment remains in the latter category. Identification of these stated categories is supported, but this does not identify any paid work or point prevalence."
andersen2026_cohort_fu_paideduc__jbi7_condition_measurement,andersen2026_cohort_fu_paideduc,jbi7_condition_measurement,unclear,yes,disagree,"dissertation_shared_folder/Data Extraction Papers/1-s2.0-S0920996426000940-main.pdf; PDF pp2-3, Methods2.3, printed pp49-50; PDF p5, Table2, printed p52",Codex AI independent verification agent 1,2026-10-01,source_based_judgement_correction_proposed,"The same Statistics Denmark register main-source-of-income classification is applied to all observed participants. This supports standardised objective measurement of the explicitly defined annual categories. Classifying supported employment with benefits and using variable elapsed follow-up affects construct/window compatibility, rather than establishing unreliable or differential recording of these categories."
andersen2026_cohort_fu_paideduc__jbi8_statistical_analysis,andersen2026_cohort_fu_paideduc,jbi8_statistical_analysis,unclear,unclear,agree,"dissertation_shared_folder/Data Extraction Papers/1-s2.0-S0920996426000940-main.pdf; Results sections 3.1 and 3.2, pp. 51-52; Table 2, p. 52",Codex AI independent verification agent 1,2026-10-01,source_checked_judgement_retained,"The employment cells are internally consistent (106 + 43 + 49 = 198, and 46% in competitive employment or education reproduces exactly), but the report carries arithmetic discrepancies elsewhere that bear on its general reporting accuracy: mean follow-up is 11.1 years in the text against 11.6 in Table 2, and 93.4% is stated for any psychiatric inpatient day against 171 of 205 (83.4%) in Table 2. No confidence interval is given for the proportion."
andersen2026_cohort_fu_paideduc__jbi9_response_rate,andersen2026_cohort_fu_paideduc,jbi9_response_rate,yes,yes,agree,"dissertation_shared_folder/Data Extraction Papers/1-s2.0-S0920996426000940-main.pdf; Strengths and limitations, p. 55; Table 2, p. 52",Codex AI independent verification agent 1,2026-10-01,source_checked_judgement_retained,"Register linkage delivered near-complete follow-up: the authors state that follow-up data were obtained on all participants clinically assessed at baseline, and 198 of the 201 alive participants (98.5%) have a recorded primary source of income."
andersen2026_cohort_fu_educonly__jbi1_sample_frame,andersen2026_cohort_fu_educonly,jbi1_sample_frame,yes,yes,agree,"dissertation_shared_folder/Data Extraction Papers/1-s2.0-S0920996426000940-main.pdf; Methods section 2.1, p. 49; Discussion section 4.1, p. 52",Codex AI independent verification agent 1,2026-10-01,source_checked_judgement_retained,First-episode early-onset psychosis participants aged 10 to 17 pooled from four Danish clinical studies recruited from inpatient and outpatient psychiatric units between 1998 and 2016. Appropriate for an EOP clinical population; the authors note it is a smaller Capital-Region sample and less representative than a nationwide register cohort.
andersen2026_cohort_fu_educonly__jbi2_participant_sampling,andersen2026_cohort_fu_educonly,jbi2_participant_sampling,unclear,unclear,agree,"dissertation_shared_folder/Data Extraction Papers/1-s2.0-S0920996426000940-main.pdf; Methods section 2.1, p. 49 ('Detailed information on recruitment, study design and in- and exclusion criteria in the individual clinical studies is reported elsewhere [...] and summarized in Table A.1')",Codex AI independent verification agent 1,2026-10-01,source_checked_judgement_retained,"Participants entered through four separate clinical studies with different designs, one of them a randomised antipsychotic trial, and the individual studies' inclusion and exclusion criteria are given only in supplementary Table A.1, which is not in the article PDF."
andersen2026_cohort_fu_educonly__jbi3_sample_size,andersen2026_cohort_fu_educonly,jbi3_sample_size,yes,unclear,disagree,"dissertation_shared_folder/Data Extraction Papers/1-s2.0-S0920996426000940-main.pdf; PDF p5, Table2, printed p52",Codex AI independent verification agent 1,2026-10-01,source_based_judgement_correction_proposed,"The source supports 198 observed employment categories, but reports no prevalence-specific precision target or sample-size justification. Adequacy for these descriptive proportions cannot be verified solely from sample size or power limitations of separate regression analyses. A clear yes would require an explicit, consistently applied precision criterion."
andersen2026_cohort_fu_educonly__jbi4_subjects_setting_described,andersen2026_cohort_fu_educonly,jbi4_subjects_setting_described,yes,yes,agree,"dissertation_shared_folder/Data Extraction Papers/1-s2.0-S0920996426000940-main.pdf; Table 1, p. 51",Codex AI independent verification agent 1,2026-10-01,source_checked_judgement_retained,"Age, sex, cohort of origin, parental employment, education and household income, the full ICD-10 diagnostic distribution, PANSS, duration of untreated psychosis, IQ, cognitive measures and substance use are tabulated."
andersen2026_cohort_fu_educonly__jbi5_coverage_of_sample,andersen2026_cohort_fu_educonly,jbi5_coverage_of_sample,yes,yes,agree,"dissertation_shared_folder/Data Extraction Papers/1-s2.0-S0920996426000940-main.pdf; Table 2, p. 52 and its footnotes a and c; Strengths and limitations, p. 55",Codex AI independent verification agent 1,2026-10-01,source_checked_judgement_retained,"Outcome data were retrieved from national registers for every participant clinically assessed at baseline; primary source of income was missing for only 3 EOP participants, and 4 who had died are excluded from the denominator."
andersen2026_cohort_fu_educonly__jbi6_condition_identification,andersen2026_cohort_fu_educonly,jbi6_condition_identification,yes,yes,agree,"dissertation_shared_folder/Data Extraction Papers/1-s2.0-S0920996426000940-main.pdf; PDF pp2-3, Methods 2.3, printed pp49-50; PDF p5, Table 2, printed p52",Codex AI independent verification agent 1,2026-10-01,rationale_repaired_judgement_retained,"Item 6 concerns the employment/education outcome, not the eligibility diagnosis. National register main-source-of-income categories define competitive employment, education and social benefits consistently; supported employment remains in the latter category. Identification of these stated categories is supported, but this does not identify any paid work or point prevalence."
andersen2026_cohort_fu_educonly__jbi7_condition_measurement,andersen2026_cohort_fu_educonly,jbi7_condition_measurement,unclear,yes,disagree,"dissertation_shared_folder/Data Extraction Papers/1-s2.0-S0920996426000940-main.pdf; PDF pp2-3, Methods2.3, printed pp49-50; PDF p5, Table2, printed p52",Codex AI independent verification agent 1,2026-10-01,source_based_judgement_correction_proposed,"The same Statistics Denmark register main-source-of-income classification is applied to all observed participants. This supports standardised objective measurement of the explicitly defined annual categories. Classifying supported employment with benefits and using variable elapsed follow-up affects construct/window compatibility, rather than establishing unreliable or differential recording of these categories."
andersen2026_cohort_fu_educonly__jbi8_statistical_analysis,andersen2026_cohort_fu_educonly,jbi8_statistical_analysis,unclear,unclear,agree,"dissertation_shared_folder/Data Extraction Papers/1-s2.0-S0920996426000940-main.pdf; Results sections 3.1 and 3.2, pp. 51-52; Table 2, p. 52",Codex AI independent verification agent 1,2026-10-01,source_checked_judgement_retained,"The employment cells are internally consistent (106 + 43 + 49 = 198, and 46% in competitive employment or education reproduces exactly), but the report carries arithmetic discrepancies elsewhere that bear on its general reporting accuracy: mean follow-up is 11.1 years in the text against 11.6 in Table 2, and 93.4% is stated for any psychiatric inpatient day against 171 of 205 (83.4%) in Table 2. No confidence interval is given for the proportion."
andersen2026_cohort_fu_educonly__jbi9_response_rate,andersen2026_cohort_fu_educonly,jbi9_response_rate,yes,yes,agree,"dissertation_shared_folder/Data Extraction Papers/1-s2.0-S0920996426000940-main.pdf; Strengths and limitations, p. 55; Table 2, p. 52",Codex AI independent verification agent 1,2026-10-01,source_checked_judgement_retained,"Register linkage delivered near-complete follow-up: the authors state that follow-up data were obtained on all participants clinically assessed at baseline, and 198 of the 201 alive participants (98.5%) have a recorded primary source of income."
F06_bonnesen2026_cohort_t36m_paidoredu_jbi1_sample_frame,bonnesen2026_cohort_t36m_paidoredu,jbi1_sample_frame,yes,no,disagree,"dissertation_shared_folder/Data Extraction Papers/s00127-026-03085-5.pdf; PDF p2, Study design and population; PDF pp3-4, Study population and Fig.1",Codex AI independent verification agent 1,2026-10-01,source_based_judgement_correction_proposed,"The population-based frame is restricted by excluding 35 people already receiving disability pension at diagnosis. That exclusion depends directly on labour-market eligibility and omits part of the psychosis target population. It is appropriate only for the expressly restricted pension-free cohort, not the general employment prevalence estimand."
F06_bonnesen2026_cohort_t36m_paidoredu_jbi2_participant_sampling,bonnesen2026_cohort_t36m_paidoredu,jbi2_participant_sampling,yes,yes,agree,"dissertation_shared_folder/Data Extraction Papers/s00127-026-03085-5.pdf; Methods, Data sources",Codex AI independent verification agent 1,2026-10-01,source_checked_judgement_retained,"No sampling: complete enumeration of the register cohort, with linkage by the unique personal identification number. Neither consent nor contact is required, so refusal and traceability selection do not arise."
F06_bonnesen2026_cohort_t36m_paidoredu_jbi3_sample_size,bonnesen2026_cohort_t36m_paidoredu,jbi3_sample_size,yes,yes,agree,"dissertation_shared_folder/Data Extraction Papers/s00127-026-03085-5.pdf; Results, Study population; Discussion, strengths",Codex AI independent verification agent 1,2026-10-01,source_checked_judgement_retained,"2,577 individuals at 3 years and 2,493 at 5 years, which the authors reasonably present as a strength: 'The large cohort and reliance on national registries minimize the risk of recall and selection bias'."
F06_bonnesen2026_cohort_t36m_paidoredu_jbi4_subjects_setting_described,bonnesen2026_cohort_t36m_paidoredu,jbi4_subjects_setting_described,yes,yes,agree,dissertation_shared_folder/Data Extraction Papers/s00127-026-03085-5.pdf; Table 1; Discussion,Codex AI independent verification agent 1,2026-10-01,source_checked_judgement_retained,"Table 1 describes sex, age band, civil status, baseline employment or education, diagnostic group and healthcare utilisation over the first two years; the welfare system context is described at length in the Discussion."
F06_bonnesen2026_cohort_t36m_paidoredu_jbi5_coverage_of_sample,bonnesen2026_cohort_t36m_paidoredu,jbi5_coverage_of_sample,yes,yes,agree,"dissertation_shared_folder/Data Extraction Papers/s00127-026-03085-5.pdf; Results, Study population; Fig. 1 flow chart",Codex AI independent verification agent 1,2026-10-01,source_checked_judgement_retained,"All 2,577 individuals alive at 3 years are analysed, and the only prior removals are 35 on a disability pension at baseline (a cohort-definition restriction, recorded under D 9 at cohort level) and 21 deaths. Coverage of the cohort as defined is complete."
F06_bonnesen2026_cohort_t36m_paidoredu_jbi6_condition_identification,bonnesen2026_cohort_t36m_paidoredu,jbi6_condition_identification,unclear,yes,disagree,"dissertation_shared_folder/Data Extraction Papers/s00127-026-03085-5.pdf; PDF pp2-3, Outcomes",Codex AI independent verification agent 1,2026-10-01,source_based_judgement_correction_proposed,Item 6 assesses employment/education identification. DREAM defines employment through recorded labour-market contribution or flexible-job benefits and education through state educational grants. These explicit administrative definitions and cited validity evidence support this composite; concerns about diagnostic heterogeneity belong to population eligibility/applicability.
F06_bonnesen2026_cohort_t36m_paidoredu_jbi7_condition_measurement,bonnesen2026_cohort_t36m_paidoredu,jbi7_condition_measurement,yes,yes,agree,"dissertation_shared_folder/Data Extraction Papers/s00127-026-03085-5.pdf; Methods, Outcomes",Codex AI independent verification agent 1,2026-10-01,source_checked_judgement_retained,"The outcome comes from DREAM, which records weekly transfer-payment and labour-market status for the whole population through one administrative process applied identically to everyone, at both timepoints, with no reliance on recall or on participant contact. 'The validity of DREAM data has been validated through comparison with workplace-registered sick leave and self-reported income data.' The measure is a composite of employment and education, which is a construct question rather than a measurement-quality one."
F06_bonnesen2026_cohort_t36m_paidoredu_jbi8_statistical_analysis,bonnesen2026_cohort_t36m_paidoredu,jbi8_statistical_analysis,unclear,unclear,agree,dissertation_shared_folder/Data Extraction Papers/s00127-026-03085-5.pdf; Table 2; Results,Codex AI independent verification agent 1,2026-10-01,source_checked_judgement_retained,"Descriptive frequencies with crude and adjusted logistic regression and confidence intervals throughout, which is appropriate. The judgement is held at unclear because Table 2's civil-status subgroup counts sum to 502 against its own printed total of 505 while the other nine covariate partitions each sum to exactly 505, so at least one printed cross-tabulation of this timepoint is internally inconsistent and the report does not state how many individuals had missing civil status."
F06_bonnesen2026_cohort_t36m_paidoredu_jbi9_response_rate,bonnesen2026_cohort_t36m_paidoredu,jbi9_response_rate,yes,yes,agree,"dissertation_shared_folder/Data Extraction Papers/s00127-026-03085-5.pdf; Methods, Statistical analyses; Discussion, limitations",Codex AI independent verification agent 1,2026-10-01,source_checked_judgement_retained,"Register ascertainment with effectively no non-response: everyone alive in the region is in DREAM, and the authors exclude only the 21 who died before this timepoint, noting that restricting to survivors 'may have led to an overestimation of the proportion of individuals attached to employment or education'."
F06_bonnesen2026_cohort_t60m_paidoredu_jbi1_sample_frame,bonnesen2026_cohort_t60m_paidoredu,jbi1_sample_frame,yes,no,disagree,"dissertation_shared_folder/Data Extraction Papers/s00127-026-03085-5.pdf; PDF p2, Study design and population; PDF pp3-4, Study population and Fig.1",Codex AI independent verification agent 1,2026-10-01,source_based_judgement_correction_proposed,"The population-based frame is restricted by excluding 35 people already receiving disability pension at diagnosis. That exclusion depends directly on labour-market eligibility and omits part of the psychosis target population. It is appropriate only for the expressly restricted pension-free cohort, not the general employment prevalence estimand."
F06_bonnesen2026_cohort_t60m_paidoredu_jbi2_participant_sampling,bonnesen2026_cohort_t60m_paidoredu,jbi2_participant_sampling,yes,yes,agree,"dissertation_shared_folder/Data Extraction Papers/s00127-026-03085-5.pdf; Methods, Data sources",Codex AI independent verification agent 1,2026-10-01,source_checked_judgement_retained,"No sampling: complete enumeration of the register cohort, with linkage by the unique personal identification number. Neither consent nor contact is required, so refusal and traceability selection do not arise."
F06_bonnesen2026_cohort_t60m_paidoredu_jbi3_sample_size,bonnesen2026_cohort_t60m_paidoredu,jbi3_sample_size,yes,yes,agree,"dissertation_shared_folder/Data Extraction Papers/s00127-026-03085-5.pdf; Results, Study population; Discussion, strengths",Codex AI independent verification agent 1,2026-10-01,source_checked_judgement_retained,"2,577 individuals at 3 years and 2,493 at 5 years, which the authors reasonably present as a strength: 'The large cohort and reliance on national registries minimize the risk of recall and selection bias'."
F06_bonnesen2026_cohort_t60m_paidoredu_jbi4_subjects_setting_described,bonnesen2026_cohort_t60m_paidoredu,jbi4_subjects_setting_described,yes,yes,agree,dissertation_shared_folder/Data Extraction Papers/s00127-026-03085-5.pdf; Table 1; Discussion,Codex AI independent verification agent 1,2026-10-01,source_checked_judgement_retained,"Table 1 describes sex, age band, civil status, baseline employment or education, diagnostic group and healthcare utilisation over the first two years; the welfare system context is described at length in the Discussion."
F06_bonnesen2026_cohort_t60m_paidoredu_jbi5_coverage_of_sample,bonnesen2026_cohort_t60m_paidoredu,jbi5_coverage_of_sample,unclear,unclear,agree,"dissertation_shared_folder/Data Extraction Papers/s00127-026-03085-5.pdf; Methods, Statistical analyses; Results, Study population; Fig. 1",Codex AI independent verification agent 1,2026-10-01,source_checked_judgement_retained,"68 of the 2,561 alive at 5 years (2.7%) were excluded because 'the DREAM database ... only contains records up to November 2022', so outcome status could not be determined at the fixed timepoint. That loss is systematic in calendar time, falling on the latest-diagnosed individuals, rather than random; it is small, but Fig. 1 also labels the resulting 2,493 as 'Alive at 5-year follow-up', which conflates being alive with being observed."
F06_bonnesen2026_cohort_t60m_paidoredu_jbi6_condition_identification,bonnesen2026_cohort_t60m_paidoredu,jbi6_condition_identification,unclear,yes,disagree,"dissertation_shared_folder/Data Extraction Papers/s00127-026-03085-5.pdf; PDF pp2-3, Outcomes",Codex AI independent verification agent 1,2026-10-01,source_based_judgement_correction_proposed,Item 6 assesses employment/education identification. DREAM defines employment through recorded labour-market contribution or flexible-job benefits and education through state educational grants. These explicit administrative definitions and cited validity evidence support this composite; concerns about diagnostic heterogeneity belong to population eligibility/applicability.
F06_bonnesen2026_cohort_t60m_paidoredu_jbi7_condition_measurement,bonnesen2026_cohort_t60m_paidoredu,jbi7_condition_measurement,yes,yes,agree,"dissertation_shared_folder/Data Extraction Papers/s00127-026-03085-5.pdf; Methods, Outcomes",Codex AI independent verification agent 1,2026-10-01,source_checked_judgement_retained,"The outcome comes from DREAM, which records weekly transfer-payment and labour-market status for the whole population through one administrative process applied identically to everyone, at both timepoints, with no reliance on recall or on participant contact. 'The validity of DREAM data has been validated through comparison with workplace-registered sick leave and self-reported income data.' The measure is a composite of employment and education, which is a construct question rather than a measurement-quality one."
F06_bonnesen2026_cohort_t60m_paidoredu_jbi8_statistical_analysis,bonnesen2026_cohort_t60m_paidoredu,jbi8_statistical_analysis,yes,yes,agree,dissertation_shared_folder/Data Extraction Papers/s00127-026-03085-5.pdf; Table 3; Results,Codex AI independent verification agent 1,2026-10-01,source_checked_judgement_retained,"Descriptive frequencies with crude and adjusted logistic regression and confidence intervals, and every one of the ten covariate partitions in Table 3 sums exactly to the printed total of 539, so the cross-tabulations of this timepoint are internally consistent."
F06_bonnesen2026_cohort_t60m_paidoredu_jbi9_response_rate,bonnesen2026_cohort_t60m_paidoredu,jbi9_response_rate,unclear,unclear,agree,"dissertation_shared_folder/Data Extraction Papers/s00127-026-03085-5.pdf; Methods, Statistical analyses; Discussion, limitations",Codex AI independent verification agent 1,2026-10-01,source_checked_judgement_retained,"Register ascertainment again means no refusal, but 2.7% of those alive have no outcome at this timepoint for a database-coverage reason, and the report offers no comparison of the 68 excluded with the rest. Emigration is separately discussed as 'likely to capture a subgroup with limited attachment to employment or education rather than representing true loss to follow-up'."
detore2019_ips_t24m_paidcomp__jbi1_sample_frame,detore2019_ips_t24m_paidcomp,jbi1_sample_frame,no,no,agree,"dissertation_shared_folder/Data Extraction Papers/1-s2.0-S0165178118320961-main.pdf; Method 2.1 Participants, p. 313",Codex AI independent verification agent 1,2026-10-01,source_checked_judgement_retained,"The frame is one allocated arm of a vocational trial whose entry required being unemployed at study start and interested in competitive employment, so it conditions directly on the factors that determine employment and cannot represent a psychosis population."
detore2019_ips_t24m_paidcomp__jbi2_participant_sampling,detore2019_ips_t24m_paidcomp,jbi2_participant_sampling,no,no,agree,"dissertation_shared_folder/Data Extraction Papers/1-s2.0-S0165178118320961-main.pdf; Method 2.1 Participants and Method overview, p. 313",Codex AI independent verification agent 1,2026-10-01,source_checked_judgement_retained,"Participants were volunteers who additionally had to attend two or more research introduction groups before being eligible, and only the 68 randomised to IPS are described; no sampling frame or approach rate is given."
detore2019_ips_t24m_paidcomp__jbi3_sample_size,detore2019_ips_t24m_paidcomp,jbi3_sample_size,no,no,agree,"dissertation_shared_folder/Data Extraction Papers/1-s2.0-S0165178118320961-main.pdf; Method 2.1, p. 313; Limitations, p. 316",Codex AI independent verification agent 1,2026-10-01,source_checked_judgement_retained,"68 allocated, of whom 51 obtained work, gives a 95% interval on 75% of roughly 63% to 85%, and the authors note that 'the sample size of clients who obtained employment was modest'."
detore2019_ips_t24m_paidcomp__jbi4_subjects_setting_described,detore2019_ips_t24m_paidcomp,jbi4_subjects_setting_described,unclear,unclear,agree,"dissertation_shared_folder/Data Extraction Papers/1-s2.0-S0165178118320961-main.pdf; Table 1, p. 313; Method 2.1, p. 313",Codex AI independent verification agent 1,2026-10-01,source_checked_judgement_retained,"Table 1 describes only the 51 who obtained competitive work, not the 68 allocated to IPS on whom the proportion is computed, and the recruitment period is not stated anywhere in this report."
detore2019_ips_t24m_paidcomp__jbi5_coverage_of_sample,detore2019_ips_t24m_paidcomp,jbi5_coverage_of_sample,yes,yes,agree,"dissertation_shared_folder/Data Extraction Papers/1-s2.0-S0165178118320961-main.pdf; Method 2.1 Participants, p. 313",Codex AI independent verification agent 1,2026-10-01,source_checked_judgement_retained,"For this particular result the numerator and denominator cover the whole allocated IPS arm: 51 of the 68 assigned obtained competitive work, so no one allocated is omitted from the proportion. Every other analysis in the report is restricted to the 51, which is selection on the outcome."
detore2019_ips_t24m_paidcomp__jbi6_condition_identification,detore2019_ips_t24m_paidcomp,jbi6_condition_identification,yes,yes,agree,"dissertation_shared_folder/Data Extraction Papers/1-s2.0-S0165178118320961-main.pdf; PDF pp2-3, Methods 2.1 and 2.3.3, printed pp313-314",Codex AI independent verification agent 1,2026-10-01,rationale_repaired_judgement_retained,"The employment outcome, rather than the SCID eligibility diagnosis, is the item-6 condition. Competitive jobs were prospectively ascertained with job type, paid hours and wages recorded and weekly participant/specialist/informant triangulation. This supports identification of the reported competitive-work outcome."
detore2019_ips_t24m_paidcomp__jbi7_condition_measurement,detore2019_ips_t24m_paidcomp,jbi7_condition_measurement,yes,yes,agree,"dissertation_shared_folder/Data Extraction Papers/1-s2.0-S0165178118320961-main.pdf; Method 2.3.3, p. 314",Codex AI independent verification agent 1,2026-10-01,source_checked_judgement_retained,"For each new job the employment specialist recorded job type, hours, wages and disclosure, and hours and wages were tracked weekly through participant interviews, employment specialist logs or other informants, which is stronger ascertainment than a single self-report."
detore2019_ips_t24m_paidcomp__jbi8_statistical_analysis,detore2019_ips_t24m_paidcomp,jbi8_statistical_analysis,yes,yes,agree,"dissertation_shared_folder/Data Extraction Papers/1-s2.0-S0165178118320961-main.pdf; Method 2.1 Participants, p. 313",Codex AI independent verification agent 1,2026-10-01,source_checked_judgement_retained,The proportion is a simple count printed with its percentage and the two agree exactly: 51/68 = 75.0%.
detore2019_ips_t24m_paidcomp__jbi9_response_rate,detore2019_ips_t24m_paidcomp,jbi9_response_rate,unclear,unclear,agree,"dissertation_shared_folder/Data Extraction Papers/1-s2.0-S0165178118320961-main.pdf; Method 2.1 and Method 2.3, p. 313-314",Codex AI independent verification agent 1,2026-10-01,source_checked_judgement_retained,"The report does not say whether any of the 68 withdrew before the two years elapsed, so it is not established that the 17 counted as not obtaining competitive work were all observed for the full study period."
evensen2017_cohort_t24m_paidcomp__q1_sample_frame,evensen2017_cohort_t24m_paidcomp,jbi1_sample_frame,no,no,agree,"dissertation_shared_folder/Data Extraction Papers/Employment outcome and predictors of competitive employment at 2-year follow-up of a vocational rehabilitation programme for individuals with schizoph.pdf; PDF pp3-4, Participants, printed pp181-182",Codex AI independent verification agent 1,2026-10-01,rationale_repaired_judgement_retained,"Vocational-programme referrals and self-referrals are the frame, and 61 declined mainly for motivation/timing/research reluctance while 25 did not start rehabilitation. This selects on vocational engagement and is inappropriate for a general schizophrenia employment prevalence. This judgement is verified from this report alone; related-report assertions are not required."
evensen2017_cohort_t24m_paidcomp__q2_sampling_method,evensen2017_cohort_t24m_paidcomp,jbi2_participant_sampling,no,no,agree,"dissertation_shared_folder/Data Extraction Papers/Employment outcome and predictors of competitive employment at 2-year follow-up of a vocational rehabilitation programme for individuals with schizoph.pdf; PDF pp3-4, Participants and Fig.1, printed pp181-182",Codex AI independent verification agent 1,2026-10-01,rationale_repaired_judgement_retained,"Referral recruitment, including self-referral, and subsequent exclusion of non-starters constitute non-probability selection into vocational rehabilitation. The report provides a referral flow but no representative enumeration of the underlying psychosis population."
evensen2017_cohort_t24m_paidcomp__q3_sample_size,evensen2017_cohort_t24m_paidcomp,jbi3_sample_size,yes,unclear,disagree,"dissertation_shared_folder/Data Extraction Papers/Employment outcome and predictors of competitive employment at 2-year follow-up of a vocational rehabilitation programme for individuals with schizoph.pdf; PDF pp4-5, participant flow and employment outcomes, printed pp182-183",Codex AI independent verification agent 1,2026-10-01,source_based_judgement_correction_proposed,"The source supports 139 directly observed survivors versus 146 after classifying losses, but reports no prevalence-specific precision target or sample-size justification. Adequacy for these descriptive proportions cannot be verified solely from sample size or power limitations of separate regression analyses. A clear yes would require an explicit, consistently applied precision criterion."
evensen2017_cohort_t24m_paidcomp__q4_subjects_and_setting,evensen2017_cohort_t24m_paidcomp,jbi4_subjects_setting_described,yes,yes,agree,"dissertation_shared_folder/Data Extraction Papers/Employment outcome and predictors of competitive employment at 2-year follow-up of a vocational rehabilitation programme for individuals with schizoph.pdf; PDF pp3-5, Materials and methods and Table1, printed pp181-183",Codex AI independent verification agent 1,2026-10-01,rationale_repaired_judgement_retained,"Table 1 describes the 148 participants by intervention group, including diagnosis, age, sex, education, prior work, symptom/function measures and illness duration. Six Norwegian counties and the rehabilitation setting are described. IQ assertions from another report are not required for this judgement."
evensen2017_cohort_t24m_paidcomp__q5_coverage_of_identified_sample,evensen2017_cohort_t24m_paidcomp,jbi5_coverage_of_sample,yes,yes,agree,"dissertation_shared_folder/Data Extraction Papers/Employment outcome and predictors of competitive employment at 2-year follow-up of a vocational rehabilitation programme for individuals with schizoph.pdf; evensen2017, Figure 1 p. 182 (78 + 61) and Results p. 183",Codex AI independent verification agent 1,2026-10-01,source_checked_judgement_retained,"139 of the 148 who entered, and 139 of the 146 alive, had 2-year employment status observed (95.2 per cent of survivors). The 7 not reached are identified and their handling is stated."
evensen2017_cohort_t24m_paidcomp__q6_condition_identification_valid,evensen2017_cohort_t24m_paidcomp,jbi6_condition_identification,yes,yes,agree,"dissertation_shared_folder/Data Extraction Papers/Employment outcome and predictors of competitive employment at 2-year follow-up of a vocational rehabilitation programme for individuals with schizoph.pdf; PDF p5, Outcome measures and Employment outcome, printed p183",Codex AI independent verification agent 1,2026-10-01,rationale_repaired_judgement_retained,Competitive employment is explicitly at least five hours of paid work weekly; wage-primary and part-time-wage categories are distinguished. This employment definition supports item 6; MINI diagnostic procedures support eligibility separately.
evensen2017_cohort_t24m_paidcomp__q7_condition_measured_reliably,evensen2017_cohort_t24m_paidcomp,jbi7_condition_measurement,yes,yes,agree,"dissertation_shared_folder/Data Extraction Papers/Employment outcome and predictors of competitive employment at 2-year follow-up of a vocational rehabilitation programme for individuals with schizoph.pdf; PDF p5, Outcome measures and Employment outcome, printed p183",Codex AI independent verification agent 1,2026-10-01,rationale_repaired_judgement_retained,"The same four employment categories were recorded at baseline, intervention end and two-year follow-up for each participant, with competitive work explicitly defined as at least five paid hours weekly. This report supports standardised recording; a claim of register corroboration would require the separately cited later report."
evensen2017_cohort_t24m_paidcomp__q8_statistical_analysis,evensen2017_cohort_t24m_paidcomp,jbi8_statistical_analysis,unclear,unclear,agree,"dissertation_shared_folder/Data Extraction Papers/Employment outcome and predictors of competitive employment at 2-year follow-up of a vocational rehabilitation programme for individuals with schizoph.pdf; evensen2017, Results / Employment outcome p. 183",Codex AI independent verification agent 1,2026-10-01,source_checked_judgement_retained,"The proportion is a simple percentage with no confidence interval, and the denominator is not held constant across the four printed categories: competitive, work placement and sheltered work are percentages of 146 while the unemployed 39.2 per cent is 58/148. The counts themselves are internally consistent and reconcile against evensen 2019 Table 1, so the defect is in the reporting rather than the numerator."
evensen2017_cohort_t24m_paidcomp__q9_response_rate,evensen2017_cohort_t24m_paidcomp,jbi9_response_rate,yes,yes,agree,"dissertation_shared_folder/Data Extraction Papers/Employment outcome and predictors of competitive employment at 2-year follow-up of a vocational rehabilitation programme for individuals with schizoph.pdf; PDF p5, Employment outcome, printed p183",Codex AI independent verification agent 1,2026-10-01,rationale_repaired_judgement_retained,"Seven survivors could not be reached, representing 7/146 or 4.8%, so response was high. The article says those losses were conservatively classified unemployed at the end of the intervention period; it does not unambiguously say all were observed at two years. Keep the observed denominator separate from the imputed 146-person distribution."
F08_greenwood2025_eye2_t12m_vocact_rob2_1_randomisation,greenwood2025_eye2_t12m_vocact,rob2_1_randomisation,some_concerns,some_concerns,agree,"dissertation_shared_folder/Data Extraction Papers/the-early-youth-engagement-eye-2-intervention-in-first-episode-psychosis-services-pragmatic-cluster-randomised-controlled-trial-and-cost-effectiveness-evaluation.pdf; Method, Study design and Randomisation and masking, p. 145; Results, p. 146; Table 1, p. 148",Codex AI independent verification agent 1,2026-10-01,source_checked_judgement_retained,"Twenty consenting EIP teams were allocated 1:1 online through Sealed Envelope with a randomly generated sequence produced by the Brighton and Sussex Clinical Trials Unit, permuted blocks of length 2, stratified by site, so the sequence generation and concealment are adequate at cluster level. Two cluster-specific concerns remain. Participants were identified after their team was allocated, from consecutive referrals, which leaves scope for identification bias, and the arms came out markedly unequal in size (652 versus 375 from 11 versus 9 teams). Baseline characteristics were 'relatively well balanced' but deprivation and non-White ethnicity were higher and educational attainment lower in the EYE-2 arm."
F08_greenwood2025_eye2_t12m_vocact_rob2_2_deviations,greenwood2025_eye2_t12m_vocact,rob2_2_deviations,some_concerns,low,disagree,"dissertation_shared_folder/Data Extraction Papers/the-early-youth-engagement-eye-2-intervention-in-first-episode-psychosis-services-pragmatic-cluster-randomised-controlled-trial-and-cost-effectiveness-evaluation.pdf; PDF pp2-3, Procedures and Statistical analysis, printed pp145-146; PDF pp6-7, fidelity and Discussion, printed pp149-150",Codex AI independent verification agent 1,2026-10-01,source_based_judgement_correction_proposed,"For the effect of assignment, ITT analysis is stated. Moderate fidelity and COVID-related limits describe implementation of allocated care; they do not establish deviations arising from trial participation that bias an assignment effect. No such differential experimental-context deviation is evidenced in the article. Lower fidelity alone is insufficient to rate this domain above low. Full RoB 2 signalling answers still require documentation."
F08_greenwood2025_eye2_t12m_vocact_rob2_3_missing_outcome_data,greenwood2025_eye2_t12m_vocact,rob2_3_missing_outcome_data,high,high,agree,"dissertation_shared_folder/Data Extraction Papers/the-early-youth-engagement-eye-2-intervention-in-first-episode-psychosis-services-pragmatic-cluster-randomised-controlled-trial-and-cost-effectiveness-evaluation.pdf; Results, p. 149; Discussion and Limitations, p. 150; Supplementary information pp. 16-19 as cited at Results, p. 146",Codex AI independent verification agent 1,2026-10-01,source_checked_judgement_retained,"This is the dominant problem for this result. Socio-occupational data were collected only from the 232 of 1027 participants (22.6%) who consented to the societal cost-effectiveness interview: 456 did not consent and 339 were lost to follow-up or not approached. The estimate comes from multiple imputation over that base, and the authors themselves say the findings 'must be viewed cautiously as only 22% consented to provide data'. The consenting subsample was demonstrably unrepresentative, with a higher proportion of White ethnicity (59.7%) and fewer males (59.5%) than the whole sample. For the secondary outcomes analysed in the same way the report states that conclusions 'were not robust to departures from the missing-at-random assumption'."
F08_greenwood2025_eye2_t12m_vocact_rob2_4_outcome_measurement,greenwood2025_eye2_t12m_vocact,rob2_4_outcome_measurement,some_concerns,some_concerns,agree,"dissertation_shared_folder/Data Extraction Papers/the-early-youth-engagement-eye-2-intervention-in-first-episode-psychosis-services-pragmatic-cluster-randomised-controlled-trial-and-cost-effectiveness-evaluation.pdf; Method, Outcomes, p. 145",Codex AI independent verification agent 1,2026-10-01,source_checked_judgement_retained,"Days in employment were collected retrospectively at 12 months with the Adult Service Use Schedule by research assistants masked to group allocation, which protects against assessor bias. The measure is nonetheless participant-recalled over a full year, so error is likely to be substantial for a day-count, and no reliability or validation evidence is given for this component of the schedule. Masking of participants was not possible in a pragmatic engagement trial."
F08_greenwood2025_eye2_t12m_vocact_rob2_5_selective_reporting,greenwood2025_eye2_t12m_vocact,rob2_5_selective_reporting,some_concerns,some_concerns,agree,"dissertation_shared_folder/Data Extraction Papers/the-early-youth-engagement-eye-2-intervention-in-first-episode-psychosis-services-pragmatic-cluster-randomised-controlled-trial-and-cost-effectiveness-evaluation.pdf; PDF pp1-3, Study design and Statistical analysis, printed pp144-146; PDF p6, Table2, printed p149",Codex AI independent verification agent 1,2026-10-01,rationale_repaired_judgement_retained,"The trial prospectively registered and published protocol/SAP/HEAP; the source alone does not permit a complete comparison against their specified socio-occupational analyses. Some concerns therefore remains provisional. The altered Cox model concerns disengagement, not these outcomes; absence of arm means or a P value is incomplete reporting and does not itself demonstrate selective reporting."
F08_greenwood2025_eye2_t12m_vocact_rob2_overall,greenwood2025_eye2_t12m_vocact,rob2_overall,high,high,agree,"dissertation_shared_folder/Data Extraction Papers/the-early-youth-engagement-eye-2-intervention-in-first-episode-psychosis-services-pragmatic-cluster-randomised-controlled-trial-and-cost-effectiveness-evaluation.pdf; Results, p. 149; Discussion, p. 150",Codex AI independent verification agent 1,2026-10-01,source_checked_judgement_retained,"High, driven by the missing outcome data domain: a 22.6% consenting subsample, imputed, with demonstrated differences from the whole sample. The randomisation, deviations, measurement and reporting domains each raise some concerns. The result is in any case an adjusted difference in mean days with no numerator or denominator, so it cannot enter a count model whatever its risk of bias."
F08_greenwood2025_eye2_t12m_edutrain_rob2_1_randomisation,greenwood2025_eye2_t12m_edutrain,rob2_1_randomisation,some_concerns,some_concerns,agree,"dissertation_shared_folder/Data Extraction Papers/the-early-youth-engagement-eye-2-intervention-in-first-episode-psychosis-services-pragmatic-cluster-randomised-controlled-trial-and-cost-effectiveness-evaluation.pdf; Method, Study design and Randomisation and masking, p. 145; Results, p. 146; Table 1, p. 148",Codex AI independent verification agent 1,2026-10-01,source_checked_judgement_retained,"Twenty consenting EIP teams were allocated 1:1 online through Sealed Envelope with a randomly generated sequence produced by the Brighton and Sussex Clinical Trials Unit, permuted blocks of length 2, stratified by site, so the sequence generation and concealment are adequate at cluster level. Two cluster-specific concerns remain. Participants were identified after their team was allocated, from consecutive referrals, which leaves scope for identification bias, and the arms came out markedly unequal in size (652 versus 375 from 11 versus 9 teams). Baseline characteristics were 'relatively well balanced' but deprivation and non-White ethnicity were higher and educational attainment lower in the EYE-2 arm."
F08_greenwood2025_eye2_t12m_edutrain_rob2_2_deviations,greenwood2025_eye2_t12m_edutrain,rob2_2_deviations,some_concerns,low,disagree,"dissertation_shared_folder/Data Extraction Papers/the-early-youth-engagement-eye-2-intervention-in-first-episode-psychosis-services-pragmatic-cluster-randomised-controlled-trial-and-cost-effectiveness-evaluation.pdf; PDF pp2-3, Procedures and Statistical analysis, printed pp145-146; PDF pp6-7, fidelity and Discussion, printed pp149-150",Codex AI independent verification agent 1,2026-10-01,source_based_judgement_correction_proposed,"For the effect of assignment, ITT analysis is stated. Moderate fidelity and COVID-related limits describe implementation of allocated care; they do not establish deviations arising from trial participation that bias an assignment effect. No such differential experimental-context deviation is evidenced in the article. Lower fidelity alone is insufficient to rate this domain above low. Full RoB 2 signalling answers still require documentation."
F08_greenwood2025_eye2_t12m_edutrain_rob2_3_missing_outcome_data,greenwood2025_eye2_t12m_edutrain,rob2_3_missing_outcome_data,high,high,agree,"dissertation_shared_folder/Data Extraction Papers/the-early-youth-engagement-eye-2-intervention-in-first-episode-psychosis-services-pragmatic-cluster-randomised-controlled-trial-and-cost-effectiveness-evaluation.pdf; Results, p. 149; Discussion and Limitations, p. 150; Supplementary information pp. 16-19 as cited at Results, p. 146",Codex AI independent verification agent 1,2026-10-01,source_checked_judgement_retained,"This is the dominant problem for this result. Socio-occupational data were collected only from the 232 of 1027 participants (22.6%) who consented to the societal cost-effectiveness interview: 456 did not consent and 339 were lost to follow-up or not approached. The estimate comes from multiple imputation over that base, and the authors themselves say the findings 'must be viewed cautiously as only 22% consented to provide data'. The consenting subsample was demonstrably unrepresentative, with a higher proportion of White ethnicity (59.7%) and fewer males (59.5%) than the whole sample. For the secondary outcomes analysed in the same way the report states that conclusions 'were not robust to departures from the missing-at-random assumption'."
F08_greenwood2025_eye2_t12m_edutrain_rob2_4_outcome_measurement,greenwood2025_eye2_t12m_edutrain,rob2_4_outcome_measurement,some_concerns,some_concerns,agree,"dissertation_shared_folder/Data Extraction Papers/the-early-youth-engagement-eye-2-intervention-in-first-episode-psychosis-services-pragmatic-cluster-randomised-controlled-trial-and-cost-effectiveness-evaluation.pdf; Method, Outcomes, p. 145",Codex AI independent verification agent 1,2026-10-01,source_checked_judgement_retained,"Days in employment were collected retrospectively at 12 months with the Adult Service Use Schedule by research assistants masked to group allocation, which protects against assessor bias. The measure is nonetheless participant-recalled over a full year, so error is likely to be substantial for a day-count, and no reliability or validation evidence is given for this component of the schedule. Masking of participants was not possible in a pragmatic engagement trial."
F08_greenwood2025_eye2_t12m_edutrain_rob2_5_selective_reporting,greenwood2025_eye2_t12m_edutrain,rob2_5_selective_reporting,some_concerns,some_concerns,agree,"dissertation_shared_folder/Data Extraction Papers/the-early-youth-engagement-eye-2-intervention-in-first-episode-psychosis-services-pragmatic-cluster-randomised-controlled-trial-and-cost-effectiveness-evaluation.pdf; PDF pp1-3, Study design and Statistical analysis, printed pp144-146; PDF p6, Table2, printed p149",Codex AI independent verification agent 1,2026-10-01,rationale_repaired_judgement_retained,"The trial prospectively registered and published protocol/SAP/HEAP; the source alone does not permit a complete comparison against their specified socio-occupational analyses. Some concerns therefore remains provisional. The altered Cox model concerns disengagement, not these outcomes; absence of arm means or a P value is incomplete reporting and does not itself demonstrate selective reporting."
F08_greenwood2025_eye2_t12m_edutrain_rob2_overall,greenwood2025_eye2_t12m_edutrain,rob2_overall,high,high,agree,"dissertation_shared_folder/Data Extraction Papers/the-early-youth-engagement-eye-2-intervention-in-first-episode-psychosis-services-pragmatic-cluster-randomised-controlled-trial-and-cost-effectiveness-evaluation.pdf; Results, p. 149; Discussion, p. 150",Codex AI independent verification agent 1,2026-10-01,source_checked_judgement_retained,"High, driven by the missing outcome data domain: a 22.6% consenting subsample, imputed, with demonstrated differences from the whole sample. The randomisation, deviations, measurement and reporting domains each raise some concerns. The result is in any case an adjusted difference in mean days with no numerator or denominator, so it cannot enter a count model whatever its risk of bias."
F08_hakulinen2019_cohort_age25_paidthresh_jbi1_sample_frame,hakulinen2019_cohort_age25_paidthresh,jbi1_sample_frame,yes,yes,agree,"dissertation_shared_folder/Data Extraction Papers/s00127-019-01756-0.pdf; Materials and methods, Study population, p. 1344",Codex AI independent verification agent 1,2026-10-01,source_checked_judgement_retained,"The frame is the whole Danish population born between 1 January 1955 and 31 December 1991 and alive at the 25 th birthday (n = 2,390,127), within which the 9,448 with a first schizophrenia diagnosis between ages 15 and 25 are identified by complete national register linkage. For treated early-onset schizophrenia in Denmark this is the target population itself rather than a sample of it."
F08_hakulinen2019_cohort_age25_paidthresh_jbi2_participant_sampling,hakulinen2019_cohort_age25_paidthresh,jbi2_participant_sampling,yes,yes,agree,"dissertation_shared_folder/Data Extraction Papers/s00127-019-01756-0.pdf; Materials and methods, Study population and Schizophrenia assessment, p. 1344",Codex AI independent verification agent 1,2026-10-01,source_checked_judgement_retained,No sampling took place: every individual meeting the birth-cohort and diagnosis criteria is included through the Danish Civil Registration System and the Danish Psychiatric Central Research Register. There is therefore no sampling mechanism that could select on employment.
F08_hakulinen2019_cohort_age25_paidthresh_jbi3_sample_size,hakulinen2019_cohort_age25_paidthresh,jbi3_sample_size,yes,yes,agree,"dissertation_shared_folder/Data Extraction Papers/s00127-019-01756-0.pdf; Results, Sample, p. 1346",Codex AI independent verification agent 1,2026-10-01,source_checked_judgement_retained,"9,448 individuals with schizophrenia diagnosed between ages 15 and 25, against a background population of 2,390,127. Ample for a prevalence estimate at the younger ages, although the number contributing at the oldest ages is much smaller because only the earliest birth years reach age 60 within the 1980-2016 observation window."
F08_hakulinen2019_cohort_age25_paidthresh_jbi4_subjects_setting_described,hakulinen2019_cohort_age25_paidthresh,jbi4_subjects_setting_described,unclear,unclear,agree,"dissertation_shared_folder/Data Extraction Papers/s00127-019-01756-0.pdf; Results, Sample, p. 1346 ('Descriptive statistics, number of participants, and labour market outcomes ... are reported in Online Appendix Tables 1 and 2')",Codex AI independent verification agent 1,2026-10-01,source_checked_judgement_retained,"The setting and the register infrastructure are described well, but the article prints no characteristics of the schizophrenia group at all: no sex distribution, no age at diagnosis, no birth-year distribution, no treatment information. The descriptive statistics are relegated to Online Appendix Tables 1 and 2, which are cited in the Results but are not present in the PDF held in the review's evidence folder, so they could not be appraised."
F08_hakulinen2019_cohort_age25_paidthresh_jbi5_coverage_of_sample,hakulinen2019_cohort_age25_paidthresh,jbi5_coverage_of_sample,unclear,unclear,agree,"dissertation_shared_folder/Data Extraction Papers/s00127-019-01756-0.pdf; Materials and methods, Labour market and social exclusion outcomes, pp. 1344-1345; absence of denominators throughout Results, p. 1346",Codex AI independent verification agent 1,2026-10-01,source_checked_judgement_retained,"Coverage cannot be judged from the article because no denominator is printed at any age. Register coverage should in principle be near-complete for residents, but emigration, death and the truncation of younger birth cohorts all reduce the number contributing at each successive age, and the article gives no account of how many that leaves. Earnings, separately, were 'measured from all individuals who had permanent residence in Denmark at the 31 th of December', which is a further restriction whose size is not stated."
F08_hakulinen2019_cohort_age25_paidthresh_jbi6_condition_identification,hakulinen2019_cohort_age25_paidthresh,jbi6_condition_identification,yes,yes,agree,"dissertation_shared_folder/Data Extraction Papers/s00127-019-01756-0.pdf; PDF pp2-3, Labour market and social exclusion outcomes, printed pp1344-1345",Codex AI independent verification agent 1,2026-10-01,rationale_repaired_judgement_retained,"Item 6 concerns employment, not the schizophrenia diagnosis. The AKM register classifies annual principal employment/main income, explicitly excluding unemployment, retirement/disability pension and other non-work. This supports the operational annual main-employment construct; it does not establish any-work point prevalence."
F08_hakulinen2019_cohort_age25_paidthresh_jbi7_condition_measurement,hakulinen2019_cohort_age25_paidthresh,jbi7_condition_measurement,yes,yes,agree,"dissertation_shared_folder/Data Extraction Papers/s00127-019-01756-0.pdf; PDF pp2-3, Labour market and social exclusion outcomes, printed pp1344-1345",Codex AI independent verification agent 1,2026-10-01,rationale_repaired_judgement_retained,"Uniform annual AKM administrative classification of principal employment is applied across the cohort. There is no participant interview or differential outcome ascertainment reported. Psychiatric-register coverage changes concern eligibility/diagnosis, not employment measurement."
F08_hakulinen2019_cohort_age25_paidthresh_jbi8_statistical_analysis,hakulinen2019_cohort_age25_paidthresh,jbi8_statistical_analysis,no,no,agree,"dissertation_shared_folder/Data Extraction Papers/s00127-019-01756-0.pdf; Results, Employment, p. 1346; Fig. 1, p. 1345; Introduction, closing paragraph, p. 1344",Codex AI independent verification agent 1,2026-10-01,source_checked_judgement_retained,"Appropriate for the association question the paper asks, and inadequate for a prevalence estimate. The employment proportions appear only as a line in the right-hand panel of Fig. 1 and as two whole-number percentages in the text, with no numerator, no denominator and no confidence interval at any age. The paper explicitly sets out to report absolute proportions because they 'are more informative for service planning and general public', yet reports them in a form from which no count can be recovered without back-calculation."
F08_hakulinen2019_cohort_age25_paidthresh_jbi9_response_rate,hakulinen2019_cohort_age25_paidthresh,jbi9_response_rate,not_applicable,not_applicable,agree,"dissertation_shared_folder/Data Extraction Papers/s00127-019-01756-0.pdf; Materials and methods, Study population, p. 1344; Strengths and limitations, p. 1349",Codex AI independent verification agent 1,2026-10-01,source_checked_judgement_retained,"There is no response process to rate. Participation was not sought, no consent was required, and the authors note that the design 'does not suffer from selective non-response, which likely biases survey studies conducted on the topic'. Loss of coverage through death, emigration and cohort truncation is real but is a coverage question and is appraised under item 5."
F08_hakulinen2019_cohort_age60_paidthresh_jbi1_sample_frame,hakulinen2019_cohort_age60_paidthresh,jbi1_sample_frame,yes,yes,agree,"dissertation_shared_folder/Data Extraction Papers/s00127-019-01756-0.pdf; Materials and methods, Study population, p. 1344",Codex AI independent verification agent 1,2026-10-01,source_checked_judgement_retained,"The frame is the whole Danish population born between 1 January 1955 and 31 December 1991 and alive at the 25 th birthday (n = 2,390,127), within which the 9,448 with a first schizophrenia diagnosis between ages 15 and 25 are identified by complete national register linkage. For treated early-onset schizophrenia in Denmark this is the target population itself rather than a sample of it."
F08_hakulinen2019_cohort_age60_paidthresh_jbi2_participant_sampling,hakulinen2019_cohort_age60_paidthresh,jbi2_participant_sampling,yes,yes,agree,"dissertation_shared_folder/Data Extraction Papers/s00127-019-01756-0.pdf; Materials and methods, Study population and Schizophrenia assessment, p. 1344",Codex AI independent verification agent 1,2026-10-01,source_checked_judgement_retained,No sampling took place: every individual meeting the birth-cohort and diagnosis criteria is included through the Danish Civil Registration System and the Danish Psychiatric Central Research Register. There is therefore no sampling mechanism that could select on employment.
F08_hakulinen2019_cohort_age60_paidthresh_jbi3_sample_size,hakulinen2019_cohort_age60_paidthresh,jbi3_sample_size,yes,unclear,disagree,"dissertation_shared_folder/Data Extraction Papers/s00127-019-01756-0.pdf; PDF p4, Sample, printed p1346; PDF pp2-3, Study population and Statistical analyses, printed pp1344-1345",Codex AI independent verification agent 1,2026-10-01,source_based_judgement_correction_proposed,"The whole onset-before-25 cohort comprises 9448 people, but the article does not give the number observed at age 60. Birth-cohort truncation makes the oldest-age sample substantially smaller. Adequacy for the age-60 result cannot be inferred from baseline cohort size."
F08_hakulinen2019_cohort_age60_paidthresh_jbi4_subjects_setting_described,hakulinen2019_cohort_age60_paidthresh,jbi4_subjects_setting_described,unclear,unclear,agree,"dissertation_shared_folder/Data Extraction Papers/s00127-019-01756-0.pdf; Results, Sample, p. 1346 ('Descriptive statistics, number of participants, and labour market outcomes ... are reported in Online Appendix Tables 1 and 2')",Codex AI independent verification agent 1,2026-10-01,source_checked_judgement_retained,"The setting and the register infrastructure are described well, but the article prints no characteristics of the schizophrenia group at all: no sex distribution, no age at diagnosis, no birth-year distribution, no treatment information. The descriptive statistics are relegated to Online Appendix Tables 1 and 2, which are cited in the Results but are not present in the PDF held in the review's evidence folder, so they could not be appraised."
F08_hakulinen2019_cohort_age60_paidthresh_jbi5_coverage_of_sample,hakulinen2019_cohort_age60_paidthresh,jbi5_coverage_of_sample,unclear,unclear,agree,"dissertation_shared_folder/Data Extraction Papers/s00127-019-01756-0.pdf; Materials and methods, Labour market and social exclusion outcomes, pp. 1344-1345; absence of denominators throughout Results, p. 1346",Codex AI independent verification agent 1,2026-10-01,source_checked_judgement_retained,"Coverage cannot be judged from the article because no denominator is printed at any age. Register coverage should in principle be near-complete for residents, but emigration, death and the truncation of younger birth cohorts all reduce the number contributing at each successive age, and the article gives no account of how many that leaves. Earnings, separately, were 'measured from all individuals who had permanent residence in Denmark at the 31 th of December', which is a further restriction whose size is not stated."
F08_hakulinen2019_cohort_age60_paidthresh_jbi6_condition_identification,hakulinen2019_cohort_age60_paidthresh,jbi6_condition_identification,yes,yes,agree,"dissertation_shared_folder/Data Extraction Papers/s00127-019-01756-0.pdf; PDF pp2-3, Labour market and social exclusion outcomes, printed pp1344-1345",Codex AI independent verification agent 1,2026-10-01,rationale_repaired_judgement_retained,"Item 6 concerns employment, not the schizophrenia diagnosis. The AKM register classifies annual principal employment/main income, explicitly excluding unemployment, retirement/disability pension and other non-work. This supports the operational annual main-employment construct; it does not establish any-work point prevalence."
F08_hakulinen2019_cohort_age60_paidthresh_jbi7_condition_measurement,hakulinen2019_cohort_age60_paidthresh,jbi7_condition_measurement,yes,yes,agree,"dissertation_shared_folder/Data Extraction Papers/s00127-019-01756-0.pdf; PDF pp2-3, Labour market and social exclusion outcomes, printed pp1344-1345",Codex AI independent verification agent 1,2026-10-01,rationale_repaired_judgement_retained,"Uniform annual AKM administrative classification of principal employment is applied across the cohort. There is no participant interview or differential outcome ascertainment reported. Psychiatric-register coverage changes concern eligibility/diagnosis, not employment measurement."
F08_hakulinen2019_cohort_age60_paidthresh_jbi8_statistical_analysis,hakulinen2019_cohort_age60_paidthresh,jbi8_statistical_analysis,no,no,agree,"dissertation_shared_folder/Data Extraction Papers/s00127-019-01756-0.pdf; Results, Employment, p. 1346; Fig. 1, p. 1345; Introduction, closing paragraph, p. 1344",Codex AI independent verification agent 1,2026-10-01,source_checked_judgement_retained,"Appropriate for the association question the paper asks, and inadequate for a prevalence estimate. The employment proportions appear only as a line in the right-hand panel of Fig. 1 and as two whole-number percentages in the text, with no numerator, no denominator and no confidence interval at any age. The paper explicitly sets out to report absolute proportions because they 'are more informative for service planning and general public', yet reports them in a form from which no count can be recovered without back-calculation."
F08_hakulinen2019_cohort_age60_paidthresh_jbi9_response_rate,hakulinen2019_cohort_age60_paidthresh,jbi9_response_rate,not_applicable,not_applicable,agree,"dissertation_shared_folder/Data Extraction Papers/s00127-019-01756-0.pdf; Materials and methods, Study population, p. 1344; Strengths and limitations, p. 1349",Codex AI independent verification agent 1,2026-10-01,source_checked_judgement_retained,"There is no response process to rate. Participation was not sought, no consent was required, and the authors note that the design 'does not suffer from selective non-response, which likely biases survey studies conducted on the topic'. Loss of coverage through death, emigration and cohort truncation is real but is a coverage question and is appraised under item 5."
F08_jirapramukpitak2022_early_t12m_paidany_jbi1_sample_frame,jirapramukpitak2022_early_t12m_paidany,jbi1_sample_frame,yes,unclear,disagree,"dissertation_shared_folder/Data Extraction Papers/12888_2022_Article_3888.pdf; PDF p3, Recruitment of study participants; PDF p5, Sample description",Codex AI independent verification agent 1,2026-10-01,source_based_judgement_correction_proposed,"The frame broadens beyond clinical services using community screens and self-reported psychotic symptoms, but those methods do not establish psychotic-disorder diagnoses for roughly half the recruitment. Applicability to the target diagnosed-psychosis population is therefore uncertain even though the catchment itself is well defined."
F08_jirapramukpitak2022_early_t12m_paidany_jbi2_participant_sampling,jirapramukpitak2022_early_t12m_paidany,jbi2_participant_sampling,unclear,unclear,agree,"dissertation_shared_folder/Data Extraction Papers/12888_2022_Article_3888.pdf; Results, Sample description, p. 5",Codex AI independent verification agent 1,2026-10-01,source_checked_judgement_retained,"Three recruitment routes were used, of which the largest two are not probability samples: 277 from hospital and primary care records, 253 by key informants using a psychosis screening questionnaire through a modified chain-referral method, and 21 from an earlier catchment-area survey. Chain referral reaches people services miss, which is the point, but its coverage of the catchment population is unknown and unknowable from the report, and there is no denominator for the catchment area against which to judge it."
F08_jirapramukpitak2022_early_t12m_paidany_jbi3_sample_size,jirapramukpitak2022_early_t12m_paidany,jbi3_sample_size,yes,unclear,disagree,"dissertation_shared_folder/Data Extraction Papers/12888_2022_Article_3888.pdf; PDF p5, Sample description; local DOCX supplement TableS3",Codex AI independent verification agent 1,2026-10-01,source_based_judgement_correction_proposed,"The source supports 372 early-stage and 177 later-stage participants, but reports no prevalence-specific precision target or sample-size justification. Adequacy for these descriptive proportions cannot be verified solely from sample size or power limitations of separate regression analyses. A clear yes would require an explicit, consistently applied precision criterion."
F08_jirapramukpitak2022_early_t12m_paidany_jbi4_subjects_setting_described,jirapramukpitak2022_early_t12m_paidany,jbi4_subjects_setting_described,yes,yes,agree,"dissertation_shared_folder/Data Extraction Papers/12888_2022_Article_3888.pdf; Table 1, p. 4; Table 2, p. 7; Additional file 1, Table S2",Codex AI independent verification agent 1,2026-10-01,source_checked_judgement_retained,"Table 2 gives gender, age, education, marital status, baseline employment, current psychotic symptoms, hospitalisation history, illicit drug use and relapse history for the whole cohort and by programme attendance, and Table S 2 repeats employment and service use by illness stage. The setting, the service system and the programme are described at length, including a table contrasting LICM with non-LICM care."
F08_jirapramukpitak2022_early_t12m_paidany_jbi5_coverage_of_sample,jirapramukpitak2022_early_t12m_paidany,jbi5_coverage_of_sample,yes,yes,agree,"dissertation_shared_folder/Data Extraction Papers/12888_2022_Article_3888.pdf; Results, Sample description, p. 5; Additional file 1, Table S3",Codex AI independent verification agent 1,2026-10-01,source_checked_judgement_retained,"Coverage is essentially complete: 549 of the 551 recruited were analysed, the two exclusions being for incomplete data, and the authors report 'low levels of attrition'. In Table S 3 the employment Yes and No cells sum exactly to the full stratum sizes of 372 and 177, so the outcome was recorded for every analysed participant at one year."
F08_jirapramukpitak2022_early_t12m_paidany_jbi6_condition_identification,jirapramukpitak2022_early_t12m_paidany,jbi6_condition_identification,no,yes,disagree,"dissertation_shared_folder/Data Extraction Papers/12888_2022_Article_3888.pdf; PDF p5, Outcome variables",Codex AI independent verification agent 1,2026-10-01,source_based_judgement_correction_proposed,"Item 6 concerns employment. Employment is explicitly defined as any self-reported personal earnings in the prior 12 months from wages/employment stipends, excluding pensions, investment and other assistance. This gives a valid operational paid-work identification rule. Diagnostic uncertainty belongs to population eligibility/frame, not this outcome item."
F08_jirapramukpitak2022_early_t12m_paidany_jbi7_condition_measurement,jirapramukpitak2022_early_t12m_paidany,jbi7_condition_measurement,unclear,unclear,agree,"dissertation_shared_folder/Data Extraction Papers/12888_2022_Article_3888.pdf; PDF pp3-5, LICM, Measurement and Outcome variables; PDF p10, Ethics declarations",Codex AI independent verification agent 1,2026-10-01,rationale_repaired_judgement_retained,"All groups were assessed using the same annual personal-earnings definition at the endpoint. However, employment is self/proxy reported, coordinators delivered the intervention and assessed outcomes, and no employment-specific validation/reliability check is reported. The original rationale about differing diagnostic methods is not a rationale for employment measurement; retain unclear on these employment-specific grounds."
F08_jirapramukpitak2022_early_t12m_paidany_jbi8_statistical_analysis,jirapramukpitak2022_early_t12m_paidany,jbi8_statistical_analysis,yes,yes,agree,"dissertation_shared_folder/Data Extraction Papers/12888_2022_Article_3888.pdf; Local DOCX supplement, TableS3; PDF p5, Statistical analysis; PDF p7, Table2",Codex AI independent verification agent 1,2026-10-01,rationale_repaired_judgement_retained,"Supplement Table S 3 was independently inspected. Employment cells reconcile within early stage:140+6=146 employed and 206+20=226 non-employed, total 372; later stage:36+7=43 employed and 103+31=134 non-employed, total 177. Complete descriptive counts support the prevalence analysis, although no proportion confidence intervals are supplied. Treatment-effect modelling is a separate estimand."
F08_jirapramukpitak2022_early_t12m_paidany_jbi9_response_rate,jirapramukpitak2022_early_t12m_paidany,jbi9_response_rate,yes,yes,agree,"dissertation_shared_folder/Data Extraction Papers/12888_2022_Article_3888.pdf; Results, Sample description, p. 5; Declarations, Ethics approval and consent to participate, p. 10; Additional file 1, Table S3",Codex AI independent verification agent 1,2026-10-01,source_checked_judgement_retained,"2 of 551 were excluded for incomplete data, giving 99.6% retention, and employment status is present for every analysed participant at one year. Eight participants (1.5%) died during follow-up and are still counted, with information supplied by legally authorised representatives, which keeps the denominator complete but means a small number of the 'not employed' are decedents."
F08_jirapramukpitak2022_later_t12m_paidany_jbi1_sample_frame,jirapramukpitak2022_later_t12m_paidany,jbi1_sample_frame,yes,unclear,disagree,"dissertation_shared_folder/Data Extraction Papers/12888_2022_Article_3888.pdf; PDF p3, Recruitment of study participants; PDF p5, Sample description",Codex AI independent verification agent 1,2026-10-01,source_based_judgement_correction_proposed,"The frame broadens beyond clinical services using community screens and self-reported psychotic symptoms, but those methods do not establish psychotic-disorder diagnoses for roughly half the recruitment. Applicability to the target diagnosed-psychosis population is therefore uncertain even though the catchment itself is well defined."
F08_jirapramukpitak2022_later_t12m_paidany_jbi2_participant_sampling,jirapramukpitak2022_later_t12m_paidany,jbi2_participant_sampling,unclear,unclear,agree,"dissertation_shared_folder/Data Extraction Papers/12888_2022_Article_3888.pdf; Results, Sample description, p. 5",Codex AI independent verification agent 1,2026-10-01,source_checked_judgement_retained,"Three recruitment routes were used, of which the largest two are not probability samples: 277 from hospital and primary care records, 253 by key informants using a psychosis screening questionnaire through a modified chain-referral method, and 21 from an earlier catchment-area survey. Chain referral reaches people services miss, which is the point, but its coverage of the catchment population is unknown and unknowable from the report, and there is no denominator for the catchment area against which to judge it."
F08_jirapramukpitak2022_later_t12m_paidany_jbi3_sample_size,jirapramukpitak2022_later_t12m_paidany,jbi3_sample_size,yes,unclear,disagree,"dissertation_shared_folder/Data Extraction Papers/12888_2022_Article_3888.pdf; PDF p5, Sample description; local DOCX supplement TableS3",Codex AI independent verification agent 1,2026-10-01,source_based_judgement_correction_proposed,"The source supports 372 early-stage and 177 later-stage participants, but reports no prevalence-specific precision target or sample-size justification. Adequacy for these descriptive proportions cannot be verified solely from sample size or power limitations of separate regression analyses. A clear yes would require an explicit, consistently applied precision criterion."
F08_jirapramukpitak2022_later_t12m_paidany_jbi4_subjects_setting_described,jirapramukpitak2022_later_t12m_paidany,jbi4_subjects_setting_described,yes,yes,agree,"dissertation_shared_folder/Data Extraction Papers/12888_2022_Article_3888.pdf; Table 1, p. 4; Table 2, p. 7; Additional file 1, Table S2",Codex AI independent verification agent 1,2026-10-01,source_checked_judgement_retained,"Table 2 gives gender, age, education, marital status, baseline employment, current psychotic symptoms, hospitalisation history, illicit drug use and relapse history for the whole cohort and by programme attendance, and Table S 2 repeats employment and service use by illness stage. The setting, the service system and the programme are described at length, including a table contrasting LICM with non-LICM care."
F08_jirapramukpitak2022_later_t12m_paidany_jbi5_coverage_of_sample,jirapramukpitak2022_later_t12m_paidany,jbi5_coverage_of_sample,yes,yes,agree,"dissertation_shared_folder/Data Extraction Papers/12888_2022_Article_3888.pdf; Results, Sample description, p. 5; Additional file 1, Table S3",Codex AI independent verification agent 1,2026-10-01,source_checked_judgement_retained,"Coverage is essentially complete: 549 of the 551 recruited were analysed, the two exclusions being for incomplete data, and the authors report 'low levels of attrition'. In Table S 3 the employment Yes and No cells sum exactly to the full stratum sizes of 372 and 177, so the outcome was recorded for every analysed participant at one year."
F08_jirapramukpitak2022_later_t12m_paidany_jbi6_condition_identification,jirapramukpitak2022_later_t12m_paidany,jbi6_condition_identification,no,yes,disagree,"dissertation_shared_folder/Data Extraction Papers/12888_2022_Article_3888.pdf; PDF p5, Outcome variables",Codex AI independent verification agent 1,2026-10-01,source_based_judgement_correction_proposed,"Item 6 concerns employment. Employment is explicitly defined as any self-reported personal earnings in the prior 12 months from wages/employment stipends, excluding pensions, investment and other assistance. This gives a valid operational paid-work identification rule. Diagnostic uncertainty belongs to population eligibility/frame, not this outcome item."
F08_jirapramukpitak2022_later_t12m_paidany_jbi7_condition_measurement,jirapramukpitak2022_later_t12m_paidany,jbi7_condition_measurement,unclear,unclear,agree,"dissertation_shared_folder/Data Extraction Papers/12888_2022_Article_3888.pdf; PDF pp3-5, LICM, Measurement and Outcome variables; PDF p10, Ethics declarations",Codex AI independent verification agent 1,2026-10-01,rationale_repaired_judgement_retained,"All groups were assessed using the same annual personal-earnings definition at the endpoint. However, employment is self/proxy reported, coordinators delivered the intervention and assessed outcomes, and no employment-specific validation/reliability check is reported. The original rationale about differing diagnostic methods is not a rationale for employment measurement; retain unclear on these employment-specific grounds."
F08_jirapramukpitak2022_later_t12m_paidany_jbi8_statistical_analysis,jirapramukpitak2022_later_t12m_paidany,jbi8_statistical_analysis,yes,yes,agree,"dissertation_shared_folder/Data Extraction Papers/12888_2022_Article_3888.pdf; Local DOCX supplement, TableS3; PDF p5, Statistical analysis; PDF p7, Table2",Codex AI independent verification agent 1,2026-10-01,rationale_repaired_judgement_retained,"Supplement Table S 3 was independently inspected. Employment cells reconcile within early stage:140+6=146 employed and 206+20=226 non-employed, total 372; later stage:36+7=43 employed and 103+31=134 non-employed, total 177. Complete descriptive counts support the prevalence analysis, although no proportion confidence intervals are supplied. Treatment-effect modelling is a separate estimand."
F08_jirapramukpitak2022_later_t12m_paidany_jbi9_response_rate,jirapramukpitak2022_later_t12m_paidany,jbi9_response_rate,yes,yes,agree,"dissertation_shared_folder/Data Extraction Papers/12888_2022_Article_3888.pdf; Results, Sample description, p. 5; Declarations, Ethics approval and consent to participate, p. 10; Additional file 1, Table S3",Codex AI independent verification agent 1,2026-10-01,source_checked_judgement_retained,"2 of 551 were excluded for incomplete data, giving 99.6% retention, and employment status is present for every analysed participant at one year. Eight participants (1.5%) died during follow-up and are still counted, with information supplied by legally authorised representatives, which keeps the denominator complete but means a small number of the 'not employed' are decedents."
F08_jirapramukpitak2022_earlynonlicm_t12m_paidany_robinsi_1_confounding,jirapramukpitak2022_earlynonlicm_t12m_paidany,robinsi_1_confounding,serious,serious,agree,"dissertation_shared_folder/Data Extraction Papers/12888_2022_Article_3888.pdf; Materials and methods, Description of the service programme, p. 3 and Control variables, p. 4; Results, Sample description, pp. 5-6; Table 2, p. 7; Discussion, limitations, p. 10",Codex AI independent verification agent 1,2026-10-01,source_checked_judgement_retained,"Assignment to LICM was made by the programme on clinical grounds, and the groups differ sharply on almost everything that predicts employment. LICM participants were younger (42.6 versus 50.7 years), far more likely to have active psychotic symptoms (62.5% versus 21.4%), more likely to have a lifetime psychiatric admission (60.9% versus 22.7%) and an admission in the past year (17.5% versus 2.0%), more likely to have used illicit drugs (23.4% versus 6.8%), and much less likely to be employed at baseline (23.4% versus 48.9%). The authors state the selection rule explicitly: 'those with current severe symptoms, poor adherence to medication, problem behaviors ... and no or little support from family members were more likely to be selected for the programme'. Augmented inverse probability weighting on five covariates with the overlap assumption checked is a serious attempt to handle this, but symptom severity enters only as a binary indicator of current active psychosis, medication adherence is not measured at all, and the authors themselves concede that 'these results remain subject to residual confounding'."
F08_jirapramukpitak2022_earlynonlicm_t12m_paidany_robinsi_2_selection,jirapramukpitak2022_earlynonlicm_t12m_paidany,robinsi_2_selection,moderate,moderate,agree,"dissertation_shared_folder/Data Extraction Papers/12888_2022_Article_3888.pdf; Materials and methods, Recruitment of study participants, p. 3; Results, Sample description, p. 5",Codex AI independent verification agent 1,2026-10-01,source_checked_judgement_retained,"Selection into the study preceded and is separate from selection into LICM, and both groups were followed from the same baseline assessment, so there is no immortal-time or post-exposure selection into the analysis. The concern is that the three recruitment routes may have fed the two groups unevenly, since people found by chain referral in the community are likely to differ from those on hospital records, and the report does not cross-tabulate recruitment source against LICM attendance."
F08_jirapramukpitak2022_earlynonlicm_t12m_paidany_robinsi_3_classification,jirapramukpitak2022_earlynonlicm_t12m_paidany,robinsi_3_classification,low,low,agree,"dissertation_shared_folder/Data Extraction Papers/12888_2022_Article_3888.pdf; Materials and methods, LICM and Non-LICM (control), pp. 3-4; Table 1, p. 4",Codex AI independent verification agent 1,2026-10-01,source_checked_judgement_retained,"Attendance at the LICM programme is an administrative fact recorded at the time, defined by receipt of a clearly specified package of home visits, and it cannot be misclassified by outcome status because it was fixed at baseline and delivered over the study year."
F08_jirapramukpitak2022_earlynonlicm_t12m_paidany_robinsi_4_deviations,jirapramukpitak2022_earlynonlicm_t12m_paidany,robinsi_4_deviations,moderate,moderate,agree,"dissertation_shared_folder/Data Extraction Papers/12888_2022_Article_3888.pdf; PDF p4, Non-LICM and Table1",Codex AI independent verification agent 1,2026-10-01,rationale_repaired_judgement_retained,Small fractions of non-LICM participants received some constituent assistance and none received the home-visit core. A moderate concern is retained because adherence/co-interventions are incompletely documented. The overlapping components describe the real comparator and are not automatically trial-related deviations; an asserted direction towards the null is not guaranteed.
F08_jirapramukpitak2022_earlynonlicm_t12m_paidany_robinsi_5_missing_data,jirapramukpitak2022_earlynonlicm_t12m_paidany,robinsi_5_missing_data,low,low,agree,"dissertation_shared_folder/Data Extraction Papers/12888_2022_Article_3888.pdf; Local DOCX supplement, TableS3; PDF p5, Sample description; PDF p10, Ethics declarations",Codex AI independent verification agent 1,2026-10-01,rationale_repaired_judgement_retained,"Only 2/551 participants were excluded for incomplete data. Independently inspected TableS 3 has complete employment cells for non-LICM/LICM early strata 346/26 and later strata 139/38. Proxy information for deaths/incapacity is described, so these data are recorded over the annual period rather than a survivor point-prevalence endpoint."
F08_jirapramukpitak2022_earlynonlicm_t12m_paidany_robinsi_6_outcome_measurement,jirapramukpitak2022_earlynonlicm_t12m_paidany,robinsi_6_outcome_measurement,moderate,moderate,agree,"dissertation_shared_folder/Data Extraction Papers/12888_2022_Article_3888.pdf; Materials and methods, LICM, p. 3; Outcome variables, p. 5",Codex AI independent verification agent 1,2026-10-01,source_checked_judgement_retained,"Employment was self-reported as the presence of 12-month personal earnings, which is a clearly specified and identically defined measure in both groups, and its objective character limits differential misclassification. The endpoint assessments, however, were made by 'two program coordinators ... who supervised the CHWs, coordinated the programme, and made assessments at baseline and one-year endpoint', so the outcome assessors delivered and supervised the intervention and cannot have been blind to exposure."
F08_jirapramukpitak2022_earlynonlicm_t12m_paidany_robinsi_7_selective_reporting,jirapramukpitak2022_earlynonlicm_t12m_paidany,robinsi_7_selective_reporting,moderate,moderate,agree,"dissertation_shared_folder/Data Extraction Papers/12888_2022_Article_3888.pdf; Materials and methods, Statistical analysis, p. 5; Table 3, p. 8; Additional file 1, Table S3",Codex AI independent verification agent 1,2026-10-01,source_checked_judgement_retained,"No protocol, registration or analysis plan is cited, so the prespecification of the stage-stratified analysis cannot be checked, and stratification by relapse number is the analysis that produces the paper's headline employment finding. The employment counts themselves appear only in a supplementary table while the main paper reports model-based potential outcome means and average treatment effects; that is a presentational choice rather than suppression, since the supplement is freely available, but it means the crude numbers behind the effect are not visible to a reader of the article alone."
F08_jirapramukpitak2022_earlynonlicm_t12m_paidany_robinsi_overall,jirapramukpitak2022_earlynonlicm_t12m_paidany,robinsi_overall,serious,serious,agree,"dissertation_shared_folder/Data Extraction Papers/12888_2022_Article_3888.pdf; Discussion, limitations, p. 10; Table 2, p. 7",Codex AI independent verification agent 1,2026-10-01,source_checked_judgement_retained,"Serious, driven by confounding. The programme deliberately selected people who were more symptomatic, more often hospitalised and half as likely to be employed at baseline, and the propensity model can only adjust for what was measured. The authors reach the same conclusion themselves: 'A randomized control trial design would be the standard approach to address this issue.' No domain reaches critical: exposure classification and missing data are sound and contamination is minor."
F08_jirapramukpitak2022_earlylicm_t12m_paidany_robinsi_1_confounding,jirapramukpitak2022_earlylicm_t12m_paidany,robinsi_1_confounding,serious,serious,agree,"dissertation_shared_folder/Data Extraction Papers/12888_2022_Article_3888.pdf; Materials and methods, Description of the service programme, p. 3 and Control variables, p. 4; Results, Sample description, pp. 5-6; Table 2, p. 7; Discussion, limitations, p. 10",Codex AI independent verification agent 1,2026-10-01,source_checked_judgement_retained,"Assignment to LICM was made by the programme on clinical grounds, and the groups differ sharply on almost everything that predicts employment. LICM participants were younger (42.6 versus 50.7 years), far more likely to have active psychotic symptoms (62.5% versus 21.4%), more likely to have a lifetime psychiatric admission (60.9% versus 22.7%) and an admission in the past year (17.5% versus 2.0%), more likely to have used illicit drugs (23.4% versus 6.8%), and much less likely to be employed at baseline (23.4% versus 48.9%). The authors state the selection rule explicitly: 'those with current severe symptoms, poor adherence to medication, problem behaviors ... and no or little support from family members were more likely to be selected for the programme'. Augmented inverse probability weighting on five covariates with the overlap assumption checked is a serious attempt to handle this, but symptom severity enters only as a binary indicator of current active psychosis, medication adherence is not measured at all, and the authors themselves concede that 'these results remain subject to residual confounding'."
F08_jirapramukpitak2022_earlylicm_t12m_paidany_robinsi_2_selection,jirapramukpitak2022_earlylicm_t12m_paidany,robinsi_2_selection,moderate,moderate,agree,"dissertation_shared_folder/Data Extraction Papers/12888_2022_Article_3888.pdf; Materials and methods, Recruitment of study participants, p. 3; Results, Sample description, p. 5",Codex AI independent verification agent 1,2026-10-01,source_checked_judgement_retained,"Selection into the study preceded and is separate from selection into LICM, and both groups were followed from the same baseline assessment, so there is no immortal-time or post-exposure selection into the analysis. The concern is that the three recruitment routes may have fed the two groups unevenly, since people found by chain referral in the community are likely to differ from those on hospital records, and the report does not cross-tabulate recruitment source against LICM attendance."
F08_jirapramukpitak2022_earlylicm_t12m_paidany_robinsi_3_classification,jirapramukpitak2022_earlylicm_t12m_paidany,robinsi_3_classification,low,low,agree,"dissertation_shared_folder/Data Extraction Papers/12888_2022_Article_3888.pdf; Materials and methods, LICM and Non-LICM (control), pp. 3-4; Table 1, p. 4",Codex AI independent verification agent 1,2026-10-01,source_checked_judgement_retained,"Attendance at the LICM programme is an administrative fact recorded at the time, defined by receipt of a clearly specified package of home visits, and it cannot be misclassified by outcome status because it was fixed at baseline and delivered over the study year."
F08_jirapramukpitak2022_earlylicm_t12m_paidany_robinsi_4_deviations,jirapramukpitak2022_earlylicm_t12m_paidany,robinsi_4_deviations,moderate,moderate,agree,"dissertation_shared_folder/Data Extraction Papers/12888_2022_Article_3888.pdf; PDF p4, Non-LICM and Table1",Codex AI independent verification agent 1,2026-10-01,rationale_repaired_judgement_retained,Small fractions of non-LICM participants received some constituent assistance and none received the home-visit core. A moderate concern is retained because adherence/co-interventions are incompletely documented. The overlapping components describe the real comparator and are not automatically trial-related deviations; an asserted direction towards the null is not guaranteed.
F08_jirapramukpitak2022_earlylicm_t12m_paidany_robinsi_5_missing_data,jirapramukpitak2022_earlylicm_t12m_paidany,robinsi_5_missing_data,low,low,agree,"dissertation_shared_folder/Data Extraction Papers/12888_2022_Article_3888.pdf; Local DOCX supplement, TableS3; PDF p5, Sample description; PDF p10, Ethics declarations",Codex AI independent verification agent 1,2026-10-01,rationale_repaired_judgement_retained,"Only 2/551 participants were excluded for incomplete data. Independently inspected TableS 3 has complete employment cells for non-LICM/LICM early strata 346/26 and later strata 139/38. Proxy information for deaths/incapacity is described, so these data are recorded over the annual period rather than a survivor point-prevalence endpoint."
F08_jirapramukpitak2022_earlylicm_t12m_paidany_robinsi_6_outcome_measurement,jirapramukpitak2022_earlylicm_t12m_paidany,robinsi_6_outcome_measurement,moderate,moderate,agree,"dissertation_shared_folder/Data Extraction Papers/12888_2022_Article_3888.pdf; Materials and methods, LICM, p. 3; Outcome variables, p. 5",Codex AI independent verification agent 1,2026-10-01,source_checked_judgement_retained,"Employment was self-reported as the presence of 12-month personal earnings, which is a clearly specified and identically defined measure in both groups, and its objective character limits differential misclassification. The endpoint assessments, however, were made by 'two program coordinators ... who supervised the CHWs, coordinated the programme, and made assessments at baseline and one-year endpoint', so the outcome assessors delivered and supervised the intervention and cannot have been blind to exposure."
F08_jirapramukpitak2022_earlylicm_t12m_paidany_robinsi_7_selective_reporting,jirapramukpitak2022_earlylicm_t12m_paidany,robinsi_7_selective_reporting,moderate,moderate,agree,"dissertation_shared_folder/Data Extraction Papers/12888_2022_Article_3888.pdf; Materials and methods, Statistical analysis, p. 5; Table 3, p. 8; Additional file 1, Table S3",Codex AI independent verification agent 1,2026-10-01,source_checked_judgement_retained,"No protocol, registration or analysis plan is cited, so the prespecification of the stage-stratified analysis cannot be checked, and stratification by relapse number is the analysis that produces the paper's headline employment finding. The employment counts themselves appear only in a supplementary table while the main paper reports model-based potential outcome means and average treatment effects; that is a presentational choice rather than suppression, since the supplement is freely available, but it means the crude numbers behind the effect are not visible to a reader of the article alone."
F08_jirapramukpitak2022_earlylicm_t12m_paidany_robinsi_overall,jirapramukpitak2022_earlylicm_t12m_paidany,robinsi_overall,serious,serious,agree,"dissertation_shared_folder/Data Extraction Papers/12888_2022_Article_3888.pdf; Discussion, limitations, p. 10; Table 2, p. 7",Codex AI independent verification agent 1,2026-10-01,source_checked_judgement_retained,"Serious, driven by confounding. The programme deliberately selected people who were more symptomatic, more often hospitalised and half as likely to be employed at baseline, and the propensity model can only adjust for what was measured. The authors reach the same conclusion themselves: 'A randomized control trial design would be the standard approach to address this issue.' No domain reaches critical: exposure classification and missing data are sound and contamination is minor."
F08_jirapramukpitak2022_laternonlicm_t12m_paidany_robinsi_1_confounding,jirapramukpitak2022_laternonlicm_t12m_paidany,robinsi_1_confounding,serious,serious,agree,"dissertation_shared_folder/Data Extraction Papers/12888_2022_Article_3888.pdf; Materials and methods, Description of the service programme, p. 3 and Control variables, p. 4; Results, Sample description, pp. 5-6; Table 2, p. 7; Discussion, limitations, p. 10",Codex AI independent verification agent 1,2026-10-01,source_checked_judgement_retained,"Assignment to LICM was made by the programme on clinical grounds, and the groups differ sharply on almost everything that predicts employment. LICM participants were younger (42.6 versus 50.7 years), far more likely to have active psychotic symptoms (62.5% versus 21.4%), more likely to have a lifetime psychiatric admission (60.9% versus 22.7%) and an admission in the past year (17.5% versus 2.0%), more likely to have used illicit drugs (23.4% versus 6.8%), and much less likely to be employed at baseline (23.4% versus 48.9%). The authors state the selection rule explicitly: 'those with current severe symptoms, poor adherence to medication, problem behaviors ... and no or little support from family members were more likely to be selected for the programme'. Augmented inverse probability weighting on five covariates with the overlap assumption checked is a serious attempt to handle this, but symptom severity enters only as a binary indicator of current active psychosis, medication adherence is not measured at all, and the authors themselves concede that 'these results remain subject to residual confounding'."
F08_jirapramukpitak2022_laternonlicm_t12m_paidany_robinsi_2_selection,jirapramukpitak2022_laternonlicm_t12m_paidany,robinsi_2_selection,moderate,moderate,agree,"dissertation_shared_folder/Data Extraction Papers/12888_2022_Article_3888.pdf; Materials and methods, Recruitment of study participants, p. 3; Results, Sample description, p. 5",Codex AI independent verification agent 1,2026-10-01,source_checked_judgement_retained,"Selection into the study preceded and is separate from selection into LICM, and both groups were followed from the same baseline assessment, so there is no immortal-time or post-exposure selection into the analysis. The concern is that the three recruitment routes may have fed the two groups unevenly, since people found by chain referral in the community are likely to differ from those on hospital records, and the report does not cross-tabulate recruitment source against LICM attendance."
F08_jirapramukpitak2022_laternonlicm_t12m_paidany_robinsi_3_classification,jirapramukpitak2022_laternonlicm_t12m_paidany,robinsi_3_classification,low,low,agree,"dissertation_shared_folder/Data Extraction Papers/12888_2022_Article_3888.pdf; Materials and methods, LICM and Non-LICM (control), pp. 3-4; Table 1, p. 4",Codex AI independent verification agent 1,2026-10-01,source_checked_judgement_retained,"Attendance at the LICM programme is an administrative fact recorded at the time, defined by receipt of a clearly specified package of home visits, and it cannot be misclassified by outcome status because it was fixed at baseline and delivered over the study year."
F08_jirapramukpitak2022_laternonlicm_t12m_paidany_robinsi_4_deviations,jirapramukpitak2022_laternonlicm_t12m_paidany,robinsi_4_deviations,moderate,moderate,agree,"dissertation_shared_folder/Data Extraction Papers/12888_2022_Article_3888.pdf; PDF p4, Non-LICM and Table1",Codex AI independent verification agent 1,2026-10-01,rationale_repaired_judgement_retained,Small fractions of non-LICM participants received some constituent assistance and none received the home-visit core. A moderate concern is retained because adherence/co-interventions are incompletely documented. The overlapping components describe the real comparator and are not automatically trial-related deviations; an asserted direction towards the null is not guaranteed.
F08_jirapramukpitak2022_laternonlicm_t12m_paidany_robinsi_5_missing_data,jirapramukpitak2022_laternonlicm_t12m_paidany,robinsi_5_missing_data,low,low,agree,"dissertation_shared_folder/Data Extraction Papers/12888_2022_Article_3888.pdf; Local DOCX supplement, TableS3; PDF p5, Sample description; PDF p10, Ethics declarations",Codex AI independent verification agent 1,2026-10-01,rationale_repaired_judgement_retained,"Only 2/551 participants were excluded for incomplete data. Independently inspected TableS 3 has complete employment cells for non-LICM/LICM early strata 346/26 and later strata 139/38. Proxy information for deaths/incapacity is described, so these data are recorded over the annual period rather than a survivor point-prevalence endpoint."
F08_jirapramukpitak2022_laternonlicm_t12m_paidany_robinsi_6_outcome_measurement,jirapramukpitak2022_laternonlicm_t12m_paidany,robinsi_6_outcome_measurement,moderate,moderate,agree,"dissertation_shared_folder/Data Extraction Papers/12888_2022_Article_3888.pdf; Materials and methods, LICM, p. 3; Outcome variables, p. 5",Codex AI independent verification agent 1,2026-10-01,source_checked_judgement_retained,"Employment was self-reported as the presence of 12-month personal earnings, which is a clearly specified and identically defined measure in both groups, and its objective character limits differential misclassification. The endpoint assessments, however, were made by 'two program coordinators ... who supervised the CHWs, coordinated the programme, and made assessments at baseline and one-year endpoint', so the outcome assessors delivered and supervised the intervention and cannot have been blind to exposure."
F08_jirapramukpitak2022_laternonlicm_t12m_paidany_robinsi_7_selective_reporting,jirapramukpitak2022_laternonlicm_t12m_paidany,robinsi_7_selective_reporting,moderate,moderate,agree,"dissertation_shared_folder/Data Extraction Papers/12888_2022_Article_3888.pdf; Materials and methods, Statistical analysis, p. 5; Table 3, p. 8; Additional file 1, Table S3",Codex AI independent verification agent 1,2026-10-01,source_checked_judgement_retained,"No protocol, registration or analysis plan is cited, so the prespecification of the stage-stratified analysis cannot be checked, and stratification by relapse number is the analysis that produces the paper's headline employment finding. The employment counts themselves appear only in a supplementary table while the main paper reports model-based potential outcome means and average treatment effects; that is a presentational choice rather than suppression, since the supplement is freely available, but it means the crude numbers behind the effect are not visible to a reader of the article alone."
F08_jirapramukpitak2022_laternonlicm_t12m_paidany_robinsi_overall,jirapramukpitak2022_laternonlicm_t12m_paidany,robinsi_overall,serious,serious,agree,"dissertation_shared_folder/Data Extraction Papers/12888_2022_Article_3888.pdf; Discussion, limitations, p. 10; Table 2, p. 7",Codex AI independent verification agent 1,2026-10-01,source_checked_judgement_retained,"Serious, driven by confounding. The programme deliberately selected people who were more symptomatic, more often hospitalised and half as likely to be employed at baseline, and the propensity model can only adjust for what was measured. The authors reach the same conclusion themselves: 'A randomized control trial design would be the standard approach to address this issue.' No domain reaches critical: exposure classification and missing data are sound and contamination is minor."
F08_jirapramukpitak2022_laterlicm_t12m_paidany_robinsi_1_confounding,jirapramukpitak2022_laterlicm_t12m_paidany,robinsi_1_confounding,serious,serious,agree,"dissertation_shared_folder/Data Extraction Papers/12888_2022_Article_3888.pdf; Materials and methods, Description of the service programme, p. 3 and Control variables, p. 4; Results, Sample description, pp. 5-6; Table 2, p. 7; Discussion, limitations, p. 10",Codex AI independent verification agent 1,2026-10-01,source_checked_judgement_retained,"Assignment to LICM was made by the programme on clinical grounds, and the groups differ sharply on almost everything that predicts employment. LICM participants were younger (42.6 versus 50.7 years), far more likely to have active psychotic symptoms (62.5% versus 21.4%), more likely to have a lifetime psychiatric admission (60.9% versus 22.7%) and an admission in the past year (17.5% versus 2.0%), more likely to have used illicit drugs (23.4% versus 6.8%), and much less likely to be employed at baseline (23.4% versus 48.9%). The authors state the selection rule explicitly: 'those with current severe symptoms, poor adherence to medication, problem behaviors ... and no or little support from family members were more likely to be selected for the programme'. Augmented inverse probability weighting on five covariates with the overlap assumption checked is a serious attempt to handle this, but symptom severity enters only as a binary indicator of current active psychosis, medication adherence is not measured at all, and the authors themselves concede that 'these results remain subject to residual confounding'."
F08_jirapramukpitak2022_laterlicm_t12m_paidany_robinsi_2_selection,jirapramukpitak2022_laterlicm_t12m_paidany,robinsi_2_selection,moderate,moderate,agree,"dissertation_shared_folder/Data Extraction Papers/12888_2022_Article_3888.pdf; Materials and methods, Recruitment of study participants, p. 3; Results, Sample description, p. 5",Codex AI independent verification agent 1,2026-10-01,source_checked_judgement_retained,"Selection into the study preceded and is separate from selection into LICM, and both groups were followed from the same baseline assessment, so there is no immortal-time or post-exposure selection into the analysis. The concern is that the three recruitment routes may have fed the two groups unevenly, since people found by chain referral in the community are likely to differ from those on hospital records, and the report does not cross-tabulate recruitment source against LICM attendance."
F08_jirapramukpitak2022_laterlicm_t12m_paidany_robinsi_3_classification,jirapramukpitak2022_laterlicm_t12m_paidany,robinsi_3_classification,low,low,agree,"dissertation_shared_folder/Data Extraction Papers/12888_2022_Article_3888.pdf; Materials and methods, LICM and Non-LICM (control), pp. 3-4; Table 1, p. 4",Codex AI independent verification agent 1,2026-10-01,source_checked_judgement_retained,"Attendance at the LICM programme is an administrative fact recorded at the time, defined by receipt of a clearly specified package of home visits, and it cannot be misclassified by outcome status because it was fixed at baseline and delivered over the study year."
F08_jirapramukpitak2022_laterlicm_t12m_paidany_robinsi_4_deviations,jirapramukpitak2022_laterlicm_t12m_paidany,robinsi_4_deviations,moderate,moderate,agree,"dissertation_shared_folder/Data Extraction Papers/12888_2022_Article_3888.pdf; PDF p4, Non-LICM and Table1",Codex AI independent verification agent 1,2026-10-01,rationale_repaired_judgement_retained,Small fractions of non-LICM participants received some constituent assistance and none received the home-visit core. A moderate concern is retained because adherence/co-interventions are incompletely documented. The overlapping components describe the real comparator and are not automatically trial-related deviations; an asserted direction towards the null is not guaranteed.
F08_jirapramukpitak2022_laterlicm_t12m_paidany_robinsi_5_missing_data,jirapramukpitak2022_laterlicm_t12m_paidany,robinsi_5_missing_data,low,low,agree,"dissertation_shared_folder/Data Extraction Papers/12888_2022_Article_3888.pdf; Local DOCX supplement, TableS3; PDF p5, Sample description; PDF p10, Ethics declarations",Codex AI independent verification agent 1,2026-10-01,rationale_repaired_judgement_retained,"Only 2/551 participants were excluded for incomplete data. Independently inspected TableS 3 has complete employment cells for non-LICM/LICM early strata 346/26 and later strata 139/38. Proxy information for deaths/incapacity is described, so these data are recorded over the annual period rather than a survivor point-prevalence endpoint."
F08_jirapramukpitak2022_laterlicm_t12m_paidany_robinsi_6_outcome_measurement,jirapramukpitak2022_laterlicm_t12m_paidany,robinsi_6_outcome_measurement,moderate,moderate,agree,"dissertation_shared_folder/Data Extraction Papers/12888_2022_Article_3888.pdf; Materials and methods, LICM, p. 3; Outcome variables, p. 5",Codex AI independent verification agent 1,2026-10-01,source_checked_judgement_retained,"Employment was self-reported as the presence of 12-month personal earnings, which is a clearly specified and identically defined measure in both groups, and its objective character limits differential misclassification. The endpoint assessments, however, were made by 'two program coordinators ... who supervised the CHWs, coordinated the programme, and made assessments at baseline and one-year endpoint', so the outcome assessors delivered and supervised the intervention and cannot have been blind to exposure."
F08_jirapramukpitak2022_laterlicm_t12m_paidany_robinsi_7_selective_reporting,jirapramukpitak2022_laterlicm_t12m_paidany,robinsi_7_selective_reporting,moderate,moderate,agree,"dissertation_shared_folder/Data Extraction Papers/12888_2022_Article_3888.pdf; Materials and methods, Statistical analysis, p. 5; Table 3, p. 8; Additional file 1, Table S3",Codex AI independent verification agent 1,2026-10-01,source_checked_judgement_retained,"No protocol, registration or analysis plan is cited, so the prespecification of the stage-stratified analysis cannot be checked, and stratification by relapse number is the analysis that produces the paper's headline employment finding. The employment counts themselves appear only in a supplementary table while the main paper reports model-based potential outcome means and average treatment effects; that is a presentational choice rather than suppression, since the supplement is freely available, but it means the crude numbers behind the effect are not visible to a reader of the article alone."
F08_jirapramukpitak2022_laterlicm_t12m_paidany_robinsi_overall,jirapramukpitak2022_laterlicm_t12m_paidany,robinsi_overall,serious,serious,agree,"dissertation_shared_folder/Data Extraction Papers/12888_2022_Article_3888.pdf; Discussion, limitations, p. 10; Table 2, p. 7",Codex AI independent verification agent 1,2026-10-01,source_checked_judgement_retained,"Serious, driven by confounding. The programme deliberately selected people who were more symptomatic, more often hospitalised and half as likely to be employed at baseline, and the propensity model can only adjust for what was measured. The authors reach the same conclusion themselves: 'A randomized control trial design would be the standard approach to address this issue.' No domain reaches critical: exposure classification and missing data are sound and contamination is minor."
killackey2019_ips_t6m_paidcomp_rob2_1_randomisation,killackey2019_ips_t6m_paidcomp,rob2_1_randomisation,some_concerns,some_concerns,agree,"dissertation_shared_folder/Data Extraction Papers/individual-placement-and-support-for-vocational-recovery-in-first-episode-psychosis-randomised-controlled-trial.pdf; killackey2019, Method, Trial design, p. 76; Results, Baseline characteristics, p. 78; Table 1, p. 78; Table 2, p. 79",Codex AI independent verification agent 1,2026-10-01,source_checked_judgement_retained,"Estimand: the effect of ASSIGNMENT to individual placement and support versus treatment as usual on being employed (at least one day of work at the legislated minimum wage) over the first 6 months. The same assessment attaches to both arm rows because RoB 2 appraises the randomised comparison they form. The sequence was computer-generated in random permuted blocks of four and eight at a 1:1 ratio by the study statistician, who was not associated with assessments or treatment and was the only person aware of the sequence, so generation and concealment are adequately described. Baseline differences are the concern: the groups differ significantly on sex (42.5% v. 19.2% female, chi-square 9.28, P = 0.002), depressive symptoms (P = 0.019), psychological and physical quality of life (P = 0.025 and 0.021) and time already spent in the EPPIC service (302 v. 216 days, P = 0.008), and baseline paid work, the outcome variable itself, differs at 21.9% v. 11.0% (P = 0.074). Chance imbalance is possible with n = 146, but the number and pattern of imbalances, all favouring neither arm consistently, warrant some concerns rather than low risk."
killackey2019_ips_t6m_paidcomp_rob2_2_deviations,killackey2019_ips_t6m_paidcomp,rob2_2_deviations,some_concerns,low,disagree,"dissertation_shared_folder/Data Extraction Papers/individual-placement-and-support-for-vocational-recovery-in-first-episode-psychosis-randomised-controlled-trial.pdf; PDF pp1-2, Randomisation and masking and Procedures; PDF p5, Discussion, printed p348",Codex AI independent verification agent 1,2026-10-01,source_based_judgement_correction_proposed,"Participants and clinicians were unmasked, but no differential deviations arising from participation in this trial are established. The workshops and clinical IPS-post conversion occurred in the two-year interval BEFORE this trial, following the earlier RCT, and describe background usual-care evolution rather than current-trial contamination. Excluding participants without observed outcomes belongs principally to the missing-data domain. These facts do not justify the original escalation above low for an assignment effect."
killackey2019_ips_t6m_paidcomp_rob2_3_missing_outcome_data,killackey2019_ips_t6m_paidcomp,rob2_3_missing_outcome_data,high,high,agree,"dissertation_shared_folder/Data Extraction Papers/individual-placement-and-support-for-vocational-recovery-in-first-episode-psychosis-randomised-controlled-trial.pdf; killackey2019, Results, Participant flow, p. 78; Primary outcome, pp. 78-79",Codex AI independent verification agent 1,2026-10-01,source_checked_judgement_retained,"Outcome data at 6 months are missing for 7 of 73 in the IPS arm (9.6%) and 13 of 73 in the TAU arm (17.8%), so the reported counts rest on 66 and 60 participants. Fifteen participants had no post-randomisation data at all and the imbalance is significant (TAU 16.4%, n = 12; IPS 4.1%, n = 3; chi-square 6.02, P = 0.014). Decisively, TWO of those participants 'withdrew participation as a result of having employment': missingness that depends directly on the true value of the outcome, in the direction of removing employed participants. No imputation was used for the reported rates, which are complete-case at 6 months. The authors' mitigation (no significant differences between those with and without data on baseline demographic, vocational and clinical variables) does not address outcome-dependent withdrawal."
killackey2019_ips_t6m_paidcomp_rob2_4_outcome_measurement,killackey2019_ips_t6m_paidcomp,rob2_4_outcome_measurement,some_concerns,some_concerns,agree,"dissertation_shared_folder/Data Extraction Papers/individual-placement-and-support-for-vocational-recovery-in-first-episode-psychosis-randomised-controlled-trial.pdf; killackey2019, Method, Trial design, p. 76 and Outcomes, p. 77",Codex AI independent verification agent 1,2026-10-01,source_checked_judgement_retained,"Employment was ascertained at interview by research assistants who were masked to allocation, who had no contact with the employment consultant, and participants were reminded at each assessment not to reveal whether they had been working with the employment consultant, so assessor blinding was actively maintained. However the outcome is participant self-report over a 6-month recall window with no register, payslip or employer verification, and the participants themselves were unmasked, so reporting of a single day of paid work could plausibly differ by arm. The threshold itself is objective and applied identically to both arms."
killackey2019_ips_t6m_paidcomp_rob2_5_selective_reporting,killackey2019_ips_t6m_paidcomp,rob2_5_selective_reporting,some_concerns,some_concerns,agree,"dissertation_shared_folder/Data Extraction Papers/individual-placement-and-support-for-vocational-recovery-in-first-episode-psychosis-randomised-controlled-trial.pdf; PDF pp1-2, Methods; PDF pp3-5, Results and Figs2-3, printed pp346-348",Codex AI independent verification agent 1,2026-10-01,rationale_repaired_judgement_retained,"Prospective registration and an advance methods paper are cited, with employment during 0-6 months identified and reported for both arms. The underlying registry/protocol was not inspected, so analysis prespecification cannot be fully verified and some concerns is provisional. Reporting later intervals only as plots/model results is incomplete reporting, not sufficient evidence by itself of selective result choice."
killackey2019_ips_t6m_paidcomp_rob2_overall,killackey2019_ips_t6m_paidcomp,rob2_overall,high,high,agree,"dissertation_shared_folder/Data Extraction Papers/individual-placement-and-support-for-vocational-recovery-in-first-episode-psychosis-randomised-controlled-trial.pdf; PDF p3, missing data, printed p346; domain1-5 source evidence",Codex AI independent verification agent 1,2026-10-01,rationale_repaired_judgement_retained,High overall remains driven by domain 3: missingness differs by allocation and at least two participants withdrew because they obtained employment. The verified domain 2 is low; other domains remain some concerns. This appraisal concerns the randomised assignment effect and does not validate allocated-arm counts as general cohort prevalence.
killackey2019_tau_t6m_paidcomp_rob2_1_randomisation,killackey2019_tau_t6m_paidcomp,rob2_1_randomisation,some_concerns,some_concerns,agree,"dissertation_shared_folder/Data Extraction Papers/individual-placement-and-support-for-vocational-recovery-in-first-episode-psychosis-randomised-controlled-trial.pdf; killackey2019, Method, Trial design, p. 76; Results, Baseline characteristics, p. 78; Table 1, p. 78; Table 2, p. 79",Codex AI independent verification agent 1,2026-10-01,source_checked_judgement_retained,"Estimand: the effect of ASSIGNMENT to individual placement and support versus treatment as usual on being employed (at least one day of work at the legislated minimum wage) over the first 6 months. The same assessment attaches to both arm rows because RoB 2 appraises the randomised comparison they form. The sequence was computer-generated in random permuted blocks of four and eight at a 1:1 ratio by the study statistician, who was not associated with assessments or treatment and was the only person aware of the sequence, so generation and concealment are adequately described. Baseline differences are the concern: the groups differ significantly on sex (42.5% v. 19.2% female, chi-square 9.28, P = 0.002), depressive symptoms (P = 0.019), psychological and physical quality of life (P = 0.025 and 0.021) and time already spent in the EPPIC service (302 v. 216 days, P = 0.008), and baseline paid work, the outcome variable itself, differs at 21.9% v. 11.0% (P = 0.074). Chance imbalance is possible with n = 146, but the number and pattern of imbalances, all favouring neither arm consistently, warrant some concerns rather than low risk."
killackey2019_tau_t6m_paidcomp_rob2_2_deviations,killackey2019_tau_t6m_paidcomp,rob2_2_deviations,some_concerns,low,disagree,"dissertation_shared_folder/Data Extraction Papers/individual-placement-and-support-for-vocational-recovery-in-first-episode-psychosis-randomised-controlled-trial.pdf; PDF pp1-2, Randomisation and masking and Procedures; PDF p5, Discussion, printed p348",Codex AI independent verification agent 1,2026-10-01,source_based_judgement_correction_proposed,"Participants and clinicians were unmasked, but no differential deviations arising from participation in this trial are established. The workshops and clinical IPS-post conversion occurred in the two-year interval BEFORE this trial, following the earlier RCT, and describe background usual-care evolution rather than current-trial contamination. Excluding participants without observed outcomes belongs principally to the missing-data domain. These facts do not justify the original escalation above low for an assignment effect."
killackey2019_tau_t6m_paidcomp_rob2_3_missing_outcome_data,killackey2019_tau_t6m_paidcomp,rob2_3_missing_outcome_data,high,high,agree,"dissertation_shared_folder/Data Extraction Papers/individual-placement-and-support-for-vocational-recovery-in-first-episode-psychosis-randomised-controlled-trial.pdf; killackey2019, Results, Participant flow, p. 78; Primary outcome, pp. 78-79",Codex AI independent verification agent 1,2026-10-01,source_checked_judgement_retained,"Outcome data at 6 months are missing for 7 of 73 in the IPS arm (9.6%) and 13 of 73 in the TAU arm (17.8%), so the reported counts rest on 66 and 60 participants. Fifteen participants had no post-randomisation data at all and the imbalance is significant (TAU 16.4%, n = 12; IPS 4.1%, n = 3; chi-square 6.02, P = 0.014). Decisively, TWO of those participants 'withdrew participation as a result of having employment': missingness that depends directly on the true value of the outcome, in the direction of removing employed participants. No imputation was used for the reported rates, which are complete-case at 6 months. The authors' mitigation (no significant differences between those with and without data on baseline demographic, vocational and clinical variables) does not address outcome-dependent withdrawal."
killackey2019_tau_t6m_paidcomp_rob2_4_outcome_measurement,killackey2019_tau_t6m_paidcomp,rob2_4_outcome_measurement,some_concerns,some_concerns,agree,"dissertation_shared_folder/Data Extraction Papers/individual-placement-and-support-for-vocational-recovery-in-first-episode-psychosis-randomised-controlled-trial.pdf; killackey2019, Method, Trial design, p. 76 and Outcomes, p. 77",Codex AI independent verification agent 1,2026-10-01,source_checked_judgement_retained,"Employment was ascertained at interview by research assistants who were masked to allocation, who had no contact with the employment consultant, and participants were reminded at each assessment not to reveal whether they had been working with the employment consultant, so assessor blinding was actively maintained. However the outcome is participant self-report over a 6-month recall window with no register, payslip or employer verification, and the participants themselves were unmasked, so reporting of a single day of paid work could plausibly differ by arm. The threshold itself is objective and applied identically to both arms."
killackey2019_tau_t6m_paidcomp_rob2_5_selective_reporting,killackey2019_tau_t6m_paidcomp,rob2_5_selective_reporting,some_concerns,some_concerns,agree,"dissertation_shared_folder/Data Extraction Papers/individual-placement-and-support-for-vocational-recovery-in-first-episode-psychosis-randomised-controlled-trial.pdf; PDF pp1-2, Methods; PDF pp3-5, Results and Figs2-3, printed pp346-348",Codex AI independent verification agent 1,2026-10-01,rationale_repaired_judgement_retained,"Prospective registration and an advance methods paper are cited, with employment during 0-6 months identified and reported for both arms. The underlying registry/protocol was not inspected, so analysis prespecification cannot be fully verified and some concerns is provisional. Reporting later intervals only as plots/model results is incomplete reporting, not sufficient evidence by itself of selective result choice."
killackey2019_tau_t6m_paidcomp_rob2_overall,killackey2019_tau_t6m_paidcomp,rob2_overall,high,high,agree,"dissertation_shared_folder/Data Extraction Papers/individual-placement-and-support-for-vocational-recovery-in-first-episode-psychosis-randomised-controlled-trial.pdf; PDF p3, missing data, printed p346; domain1-5 source evidence",Codex AI independent verification agent 1,2026-10-01,rationale_repaired_judgement_retained,High overall remains driven by domain 3: missingness differs by allocation and at least two participants withdrew because they obtained employment. The verified domain 2 is low; other domains remain some concerns. This appraisal concerns the randomised assignment effect and does not validate allocated-arm counts as general cohort prevalence.
leighton2019_nationaleden_t12m_eet__jbi1_sample_frame,leighton2019_nationaleden_t12m_eet,jbi1_sample_frame,yes,yes,agree,"dissertation_shared_folder/Data Extraction Papers/1-s2.0-S2589750019301219-main.pdf; Methods, Study design and sources of data, p. e263",Codex AI independent verification agent 1,2026-10-01,source_checked_judgement_retained,"Interpretation applied consistently across every JBI assessment in this shard: the estimand is employment prevalence, so items 6 and 7 are read as covering ascertainment of the EMPLOYMENT outcome, and adequacy of the diagnostic sampling is carried by items 1 and 4. 1027 patients with first-episode psychosis recruited from 14 early intervention services across NHS England between 2005 and 2010, which is an appropriate and unusually broad frame for the EIP first-episode population the estimate speaks to."
leighton2019_nationaleden_t12m_eet__jbi2_participant_sampling,leighton2019_nationaleden_t12m_eet,jbi2_participant_sampling,unclear,unclear,agree,"dissertation_shared_folder/Data Extraction Papers/1-s2.0-S2589750019301219-main.pdf; Discussion, Limitations, p. e268",Codex AI independent verification agent 1,2026-10-01,source_checked_judgement_retained,"How patients were approached within the 14 services is not described in this report, and only ""About 49% of eligible patients consented to participate in the EDEN study"". The report states that non-consenters had largely similar baseline characteristics but cites another publication for the evidence, so it cannot be checked here."
leighton2019_nationaleden_t12m_eet__jbi3_sample_size,leighton2019_nationaleden_t12m_eet,jbi3_sample_size,yes,yes,agree,"dissertation_shared_folder/Data Extraction Papers/1-s2.0-S2589750019301219-main.pdf; PDF p4, Results and Table1, printed pe265",Codex AI independent verification agent 1,2026-10-01,rationale_repaired_judgement_retained,"There are 807 observed vocational outcomes, supporting relatively precise description compared with smaller clinical samples. The original description as the largest sample in this allocation is false because other assigned register series exceed this size. The yes judgement is retained as a qualitative assessment of this large sample; a common target-precision criterion is still unverified across the review."
leighton2019_nationaleden_t12m_eet__jbi4_subjects_setting_described,leighton2019_nationaleden_t12m_eet,jbi4_subjects_setting_described,unclear,unclear,agree,"dissertation_shared_folder/Data Extraction Papers/1-s2.0-S2589750019301219-main.pdf; Methods, p. e263; Statistical analysis, p. e265; online appendix pp 1-2, NOT HELD",Codex AI independent verification agent 1,2026-10-01,source_checked_judgement_retained,"The setting is well described but the participants are not: the only baseline characteristics given in the article are the age range 14 to 35 and first presentation of psychotic symptoms. The comparison of the EDEN, Scottish and OPUS samples on demographic and social variables is in the online appendix p 2, which is not part of the PDF held, as are the full inclusion and exclusion criteria (appendix p 1)."
leighton2019_nationaleden_t12m_eet__jbi5_coverage_of_sample,leighton2019_nationaleden_t12m_eet,jbi5_coverage_of_sample,unclear,unclear,agree,"dissertation_shared_folder/Data Extraction Papers/1-s2.0-S2589750019301219-main.pdf; Statistical analysis, p. e264; Results, p. e265; Discussion, Limitations, p. e268",Codex AI independent verification agent 1,2026-10-01,source_checked_judgement_retained,"807 of 1027 (78.6 per cent) had complete vocational recovery data and ""Studies with missing outcome data were removed from the analysis"". No comparison of the 220 excluded with the 807 analysed is reported, and the paper concedes the effect of missing outcome data ""was not trivial""."
leighton2019_nationaleden_t12m_eet__jbi6_condition_identification,leighton2019_nationaleden_t12m_eet,jbi6_condition_identification,unclear,unclear,agree,"dissertation_shared_folder/Data Extraction Papers/1-s2.0-S2589750019301219-main.pdf; PDF p2, Outcome variables, printed pe263",Codex AI independent verification agent 1,2026-10-01,rationale_repaired_judgement_retained,"Vocational recovery is employment, education or training, with reference to the iFEVR statement. Employment remuneration, precise operational rules and assessment window are not supplied. This employment-specific identification remains unclear; no claim is made that all other original JBI assessments applied this interpretation correctly."
leighton2019_nationaleden_t12m_eet__jbi7_condition_measurement,leighton2019_nationaleden_t12m_eet,jbi7_condition_measurement,unclear,unclear,agree,"dissertation_shared_folder/Data Extraction Papers/1-s2.0-S2589750019301219-main.pdf; Methods, Outcome variables, p. e263; Discussion, p. e268",Codex AI independent verification agent 1,2026-10-01,source_checked_judgement_retained,"In favour: ""assessments of predictors and outcomes were done by research assistants not directly involved in clinical care"", and the report states ""The measurement of vocational recovery outcomes was similar across the datasets"". Against: the measure itself is never operationalised, and no instrument, source document or reliability check is described for it."
leighton2019_nationaleden_t12m_eet__jbi8_statistical_analysis,leighton2019_nationaleden_t12m_eet,jbi8_statistical_analysis,yes,yes,agree,"dissertation_shared_folder/Data Extraction Papers/1-s2.0-S2589750019301219-main.pdf; Table 1, p. e265",Codex AI independent verification agent 1,2026-10-01,source_checked_judgement_retained,"Table 1 prints the proportion as n/N with a percentage, 436/807 (54%), which reproduces exactly. No modelling stands between the source data and the extracted count."
leighton2019_nationaleden_t12m_eet__jbi9_response_rate,leighton2019_nationaleden_t12m_eet,jbi9_response_rate,no,no,agree,"dissertation_shared_folder/Data Extraction Papers/1-s2.0-S2589750019301219-main.pdf; Results, p. e265; Discussion, Limitations, p. e268",Codex AI independent verification agent 1,2026-10-01,source_checked_judgement_retained,"Roughly half of eligible patients consented (about 49 per cent), and 21 per cent of those recruited then lost the vocational outcome. Compounded, the analysed 807 represent under 40 per cent of the eligible population, and no analysis of either non-response is presented in this report."
martini2017_cohort_t18m_paidthreshold30d__jbi1_sample_frame,martini2017_cohort_t18m_paidthreshold30d,jbi1_sample_frame,no,no,agree,"dissertation_shared_folder/Data Extraction Papers/document.pdf; Materials and methods, Participants, p. 36; Discussion, p. 39",Codex AI independent verification agent 1,2026-10-01,source_checked_judgement_retained,"The frame is not the target population. Recruitment was restricted to outpatients of two Sao Paulo university services 'who expressed a desire for employment', aged 18-45, with 'stable psychiatric symptoms for at least 2 months' and 'good treatment adherence in the psychiatrist's opinion'. The authors say so themselves: 'this is a convenience sample of individuals with high education levels and favorable symptomatology who were undergoing treatment at university outpatient clinics, which sets the analysis within a particular context'. The selection is directly on a determinant of employment."
martini2017_cohort_t18m_paidthreshold30d__jbi2_participant_sampling,martini2017_cohort_t18m_paidthreshold30d,jbi2_participant_sampling,no,no,agree,"dissertation_shared_folder/Data Extraction Papers/document.pdf; Materials and methods, Participants, p. 36",Codex AI independent verification agent 1,2026-10-01,source_checked_judgement_retained,"Convenience sampling with two further filters: psychiatrists chose whom to invite, and 'Those who had participated in at least 6 meetings were included in the study', so attendance at a prevocational group is itself an entry condition. Neither random nor consecutive."
martini2017_cohort_t18m_paidthreshold30d__jbi3_sample_size,martini2017_cohort_t18m_paidthreshold30d,jbi3_sample_size,no,no,agree,"dissertation_shared_folder/Data Extraction Papers/document.pdf; Results, Sociodemographic data, p. 38; Discussion, p. 39",Codex AI independent verification agent 1,2026-10-01,source_checked_judgement_retained,53 enrolled and 45 analysed. The authors state 'The sample size made it impossible to analyze predictors of job retention' and attribute their null cognitive findings to it. A proportion on 45 has a 95 per cent interval spanning roughly 28 to 57 per cent.
martini2017_cohort_t18m_paidthreshold30d__jbi4_subjects_setting_described,martini2017_cohort_t18m_paidthreshold30d,jbi4_subjects_setting_described,yes,yes,agree,"dissertation_shared_folder/Data Extraction Papers/document.pdf; Table 1, p. 38; Materials and methods, pp. 36-37",Codex AI independent verification agent 1,2026-10-01,source_checked_judgement_retained,"Table 1 gives sex, marital status, education, age and disorder duration for both groups; the services, diagnostic basis, age range and the content of the prevocational programme are described."
martini2017_cohort_t18m_paidthreshold30d__jbi5_coverage_of_sample,martini2017_cohort_t18m_paidthreshold30d,jbi5_coverage_of_sample,unclear,unclear,agree,"dissertation_shared_folder/Data Extraction Papers/document.pdf; PDF p3, Study design and Statistical analysis, printed p37; PDF p4, Results, printed p38",Codex AI independent verification agent 1,2026-10-01,rationale_repaired_judgement_retained,"The methods explicitly define 19 employed and 26 unemployed among 45 observed participants from 53 enrolled, establishing the observed denominator despite inconsistent printed percentages. Eight lack job-search follow-up and their reasons/baseline comparison are not reported; coverage remains unclear on this attrition basis."
martini2017_cohort_t18m_paidthreshold30d__jbi6_condition_identification,martini2017_cohort_t18m_paidthreshold30d,jbi6_condition_identification,yes,yes,agree,"dissertation_shared_folder/Data Extraction Papers/document.pdf; Materials and methods, Data analysis and Statistical analysis, p. 37",Codex AI independent verification agent 1,2026-10-01,source_checked_judgement_retained,"The condition is defined explicitly and with its threshold: 'those who obtained any kind of paid work, either formal or informal, for at least 30 days'. Informal work is deliberately included, which is appropriate in this labour market, and the 30-day rule is stated with its rationale and contrasted with the 1-day, 1-week and 3-month criteria used elsewhere."
martini2017_cohort_t18m_paidthreshold30d__jbi7_condition_measurement,martini2017_cohort_t18m_paidthreshold30d,jbi7_condition_measurement,unclear,unclear,agree,"dissertation_shared_folder/Data Extraction Papers/document.pdf; Materials and methods, Study design, p. 37",Codex AI independent verification agent 1,2026-10-01,source_checked_judgement_retained,"Ascertainment is by monthly participant self-report: 'all individuals were followed monthly through in-person meetings or telephone calls to report their participation in job interviews, study and work'. Monthly contact is a strength for a cumulative measure, but there is no employer, payroll or register verification and no statement of how conflicting reports were handled."
martini2017_cohort_t18m_paidthreshold30d__jbi8_statistical_analysis,martini2017_cohort_t18m_paidthreshold30d,jbi8_statistical_analysis,no,no,agree,"dissertation_shared_folder/Data Extraction Papers/document.pdf; PDF pp3-4, Statistical analysis and Results, printed pp37-38",Codex AI independent verification agent 1,2026-10-01,rationale_repaired_judgement_retained,"Methods and the group counts support 19/45 observed. The headline 35.8% instead equals 19/53, while job-duration percentages for 3,6,10 imply denominator 44. These unexplained discrepancies make descriptive reporting inadequate. Their location in the results does not establish whether the underlying analysis or typesetting caused them."
martini2017_cohort_t18m_paidthreshold30d__jbi9_response_rate,martini2017_cohort_t18m_paidthreshold30d,jbi9_response_rate,unclear,unclear,agree,"dissertation_shared_folder/Data Extraction Papers/document.pdf; Materials and methods, Study design, p. 37",Codex AI independent verification agent 1,2026-10-01,source_checked_judgement_retained,"8 of 53 were lost to the 18-month job-search follow-up and the report gives no reasons for them. It does account for the separate 12 who missed the final CLINICAL evaluation, of whom 'three were employed and could not miss work, and one was incarcerated', which is itself an outcome-related reason for missingness."
mayoralvanson2019_cohort_t12m_paidany__jbi1_sample_frame,mayoralvanson2019_cohort_t12m_paidany,jbi1_sample_frame,yes,yes,agree,"dissertation_shared_folder/Data Extraction Papers/Early Intervention Psych - 2018 - Mayoral‐van Son - Understanding the direct and indirect costs of a first episode of.pdf; PDF pp2-3, Methods 2.1-2.2, printed pp1183-1184",Codex AI independent verification agent 1,2026-10-01,rationale_repaired_judgement_retained,"PAFIP is an ongoing FEP clinical programme in the Cantabria catchment with inpatient and outpatient care. The source supports the broad clinical frame, but its 157-person analysis is an unspecified subsample, appraised separately under sampling. The current PDF does not itself establish that this particular sample includes all catchment incident cases."
mayoralvanson2019_cohort_t12m_paidany__jbi2_participant_sampling,mayoralvanson2019_cohort_t12m_paidany,jbi2_participant_sampling,unclear,unclear,agree,"dissertation_shared_folder/Data Extraction Papers/Early Intervention Psych - 2018 - Mayoral‐van Son - Understanding the direct and indirect costs of a first episode of.pdf; Methods 2.2 Subjects and 2.4 Study design, p. 1183",Codex AI independent verification agent 1,2026-10-01,source_checked_judgement_retained,"The report analyses 'A subsample of 157 patients within PAFIP was selected for the present study' and never says how those 157 were chosen from the programme, nor over which years. Its cross-reference for inclusion and exclusion criteria is a stray numeric citation '(15)' that cannot be resolved against the paper's author-year reference list."
mayoralvanson2019_cohort_t12m_paidany__jbi3_sample_size,mayoralvanson2019_cohort_t12m_paidany,jbi3_sample_size,yes,unclear,disagree,"dissertation_shared_folder/Data Extraction Papers/Early Intervention Psych - 2018 - Mayoral‐van Son - Understanding the direct and indirect costs of a first episode of.pdf; PDF p3, Subjects, printed p1184; PDF p5, Table3, printed p1186",Codex AI independent verification agent 1,2026-10-01,source_based_judgement_correction_proposed,"The descriptive sample is 157 entered with employment categories summing to 156. Precision is modest and no prevalence sample-size justification is reported. Without an agreed precision target, adequacy cannot be established merely because the parent study is descriptive."
mayoralvanson2019_cohort_t12m_paidany__jbi4_subjects_setting_described,mayoralvanson2019_cohort_t12m_paidany,jbi4_subjects_setting_described,yes,yes,agree,"dissertation_shared_folder/Data Extraction Papers/Early Intervention Psych - 2018 - Mayoral‐van Son - Understanding the direct and indirect costs of a first episode of.pdf; Table 1, p. 1185; Methods 2.1 Study setting, p. 1182-1183",Codex AI independent verification agent 1,2026-10-01,source_checked_judgement_retained,"Table 1 gives age at intake and onset, sex, civil status, residence, living situation, education, substance use and baseline employment; the service, city, country and care model are described."
mayoralvanson2019_cohort_t12m_paidany__jbi5_coverage_of_sample,mayoralvanson2019_cohort_t12m_paidany,jbi5_coverage_of_sample,unclear,unclear,agree,"dissertation_shared_folder/Data Extraction Papers/Early Intervention Psych - 2018 - Mayoral‐van Son - Understanding the direct and indirect costs of a first episode of.pdf; PDF pp3-5, Subjects, Results3.2, Tables2-3, printed pp1184-1186; Table3 visually inspected",Codex AI independent verification agent 1,2026-10-01,rationale_repaired_judgement_retained,"Employment categories sum to 156 at BOTH baseline (49+69+30+8) and one year (36+71+28+21), within a stated 157-person sample. The omitted status is unexplained; follow-up percentages divide by 157, while baseline percentages divide by 156. One suicide is documented but is not linked to the omitted employment status. Coverage of the wider PAFIP sample is also unstated."
mayoralvanson2019_cohort_t12m_paidany__jbi6_condition_identification,mayoralvanson2019_cohort_t12m_paidany,jbi6_condition_identification,unclear,unclear,agree,"dissertation_shared_folder/Data Extraction Papers/Early Intervention Psych - 2018 - Mayoral‐van Son - Understanding the direct and indirect costs of a first episode of.pdf; Table 3 and footnote, p. 1186; Methods 2.4, p. 1183",Codex AI independent verification agent 1,2026-10-01,source_checked_judgement_retained,"The outcome condition is employment. The four categories Employed / Unemployed / Inactive / Temporary disability are a recognisable Spanish labour-force classification and the footnote 'Students were considered as inactive' fixes the treatment of education, but no definition of 'Employed' is given, and no source for the employment data is named beyond clinical records and Cantabria Health Service records."
mayoralvanson2019_cohort_t12m_paidany__jbi7_condition_measurement,mayoralvanson2019_cohort_t12m_paidany,jbi7_condition_measurement,unclear,unclear,agree,"dissertation_shared_folder/Data Extraction Papers/Early Intervention Psych - 2018 - Mayoral‐van Son - Understanding the direct and indirect costs of a first episode of.pdf; PDF p3, Methods2.4, printed p1184; PDF p8, Author contributions, printed p1189",Codex AI independent verification agent 1,2026-10-01,rationale_repaired_judgement_retained,"Employment categories were abstracted retrospectively from clinical records using an ad hoc sheet. The author-contribution statement names the two clinicians collecting clinical data, so it is incorrect to say the collectors are wholly unspecified. However, the employment abstraction procedure and reliability validation remain insufficiently described."
mayoralvanson2019_cohort_t12m_paidany__jbi8_statistical_analysis,mayoralvanson2019_cohort_t12m_paidany,jbi8_statistical_analysis,unclear,unclear,agree,"dissertation_shared_folder/Data Extraction Papers/Early Intervention Psych - 2018 - Mayoral‐van Son - Understanding the direct and indirect costs of a first episode of.pdf; PDF p5, Table3, printed p1186; Table3 visually inspected",Codex AI independent verification agent 1,2026-10-01,rationale_repaired_judgement_retained,"Both employment category columns total 156, but baseline percentages divide by 156 and one-year percentages divide by 157. The observed-status denominator is not stated. Counts can be recovered by summation, but statistical handling and the missing category remain unclear."
mayoralvanson2019_cohort_t12m_paidany__jbi9_response_rate,mayoralvanson2019_cohort_t12m_paidany,jbi9_response_rate,yes,unclear,disagree,"dissertation_shared_folder/Data Extraction Papers/Early Intervention Psych - 2018 - Mayoral‐van Son - Understanding the direct and indirect costs of a first episode of.pdf; PDF pp4-5, Results3.2 and Tables2-3, printed pp1185-1186",Codex AI independent verification agent 1,2026-10-01,source_based_judgement_correction_proposed,"A 156/157 employment-category coverage is inferred by summing both columns, but the source does not explicitly explain the missing status. The single suicide does not establish that the missing employment observation is this person because the baseline column already totals 156. The outcome response process cannot be fully assessed."
F11_rob_0010,nakamura2025_cohort_t12m_paidany,jbi1_sample_frame,no,no,agree,"dissertation_shared_folder/Data Extraction Papers/PCN Reports - 2025 - Nakamura - Impact of negative symptom reduction on employment and vocational activity outcomes.pdf; Methods, Participants, p. 2 of 13; Discussion, p. 7 of 13",Codex AI independent verification agent 1,2026-10-01,source_checked_judgement_retained,"Twenty-six people referred for a cognitive remediation programme in one hospital day care, whom the authors describe as ""self-selected based on interest in vocational goals"". Not an appropriate frame for estimating employment in a schizophrenia population; the contrast the authors themselves draw with about 180 non-CRT attendees of the same day care (1.7% transitioning) shows how strongly the frame is selected."
F11_rob_0011,nakamura2025_cohort_t12m_paidany,jbi2_participant_sampling,no,no,agree,"dissertation_shared_folder/Data Extraction Papers/PCN Reports - 2025 - Nakamura - Impact of negative symptom reduction on employment and vocational activity outcomes.pdf; Methods, Participants, p. 2 of 13; Figure 2, p. 6 of 13",Codex AI independent verification agent 1,2026-10-01,source_checked_judgement_retained,Referral followed by voluntary enrolment; no probability or consecutive sampling is described and no source population is enumerated.
F11_rob_0012,nakamura2025_cohort_t12m_paidany,jbi3_sample_size,no,no,agree,"dissertation_shared_folder/Data Extraction Papers/PCN Reports - 2025 - Nakamura - Impact of negative symptom reduction on employment and vocational activity outcomes.pdf; Methods, Statistical analysis, p. 6 of 13; Conclusion, p. 11 of 13",Codex AI independent verification agent 1,2026-10-01,source_checked_judgement_retained,"21 analysed. The authors state the constraint repeatedly, restricting regression covariates ""to minimize the risk of overfitting due to the small sample size (n = 21)"" and concluding that ""the findings should be interpreted with caution due to the limited sample size""."
F11_rob_0013,nakamura2025_cohort_t12m_paidany,jbi4_subjects_setting_described,yes,yes,agree,"dissertation_shared_folder/Data Extraction Papers/PCN Reports - 2025 - Nakamura - Impact of negative symptom reduction on employment and vocational activity outcomes.pdf; Table 1, p. 3 of 13; Methods, Intervention setting, p. 3 of 13",Codex AI independent verification agent 1,2026-10-01,source_checked_judgement_retained,"Table 1 gives age, sex, education, illness duration, living arrangements, prior employment, medication and baseline PANSS and BACS for the total, completers and dropouts, and the day-care setting and its absence of vocational support are described."
F11_rob_0014,nakamura2025_cohort_t12m_paidany,jbi5_coverage_of_sample,unclear,unclear,agree,"dissertation_shared_folder/Data Extraction Papers/PCN Reports - 2025 - Nakamura - Impact of negative symptom reduction on employment and vocational activity outcomes.pdf; Methods, Participants, p. 2 of 13; Figure 2, p. 6 of 13; Table 1, p. 3 of 13",Codex AI independent verification agent 1,2026-10-01,source_checked_judgement_retained,"21 of 26 referred are analysed (3 excluded for neurological or psychiatric conditions, 2 lost). Coverage is high in absolute terms, but the report describes the losses inconsistently: the text says ""Among the 23 participants who completed the study"" while Table 1 and Figure 2 give 21 completers and 2 dropouts, and Figure 2 labels the same 2 ""Declined to participate"" where the text says they ""dropped out""."
F11_rob_0015,nakamura2025_cohort_t12m_paidany,jbi6_condition_identification,yes,yes,agree,"dissertation_shared_folder/Data Extraction Papers/PCN Reports - 2025 - Nakamura - Impact of negative symptom reduction on employment and vocational activity outcomes.pdf; PDF p2, Study design; PDF p6, Employment outcomes",Codex AI independent verification agent 1,2026-10-01,rationale_repaired_judgement_retained,"The item-6 condition is the vocational outcome. Formal employment requires a labour contract and legal wage/insurance provisions; TypeB activity is expressly distinguished as a structured non-formal programme. Vocational transition requires at least 3 months during 12-month follow-up. The operational definitions identify the reported categories, although TypeB must not be assumed unpaid merely from its non-formal status."
F11_rob_0016,nakamura2025_cohort_t12m_paidany,jbi7_condition_measurement,unclear,unclear,agree,"dissertation_shared_folder/Data Extraction Papers/PCN Reports - 2025 - Nakamura - Impact of negative symptom reduction on employment and vocational activity outcomes.pdf; PDF p2, Study design; PDF p6, Employment outcomes; PDF p7, Results",Codex AI independent verification agent 1,2026-10-01,rationale_repaired_judgement_retained,"Formal employment and TypeB programme participation are operationally distinguished, but the report does not sufficiently describe employment-status ascertainment at follow-up or provide its reliability/validation. TypeB is non-formal supported activity; its remuneration must not be assumed absent. Employment-specific recording remains unclear independently of that construct distinction."
F11_rob_0017,nakamura2025_cohort_t12m_paidany,jbi8_statistical_analysis,unclear,yes,disagree,"dissertation_shared_folder/Data Extraction Papers/PCN Reports - 2025 - Nakamura - Impact of negative symptom reduction on employment and vocational activity outcomes.pdf; PDF p6, Fig.2 and Employment outcomes; PDF p7, Results",Codex AI independent verification agent 1,2026-10-01,source_based_judgement_correction_proposed,"For these descriptive outcomes, the source reports 21 analysed participants,9 transitions composed of 4 formal employees and 5 TypeB participants, and 12 non-transitions. Counts and denominator reconcile. Defects in the separate exploratory cognitive-regression analyses do not demonstrate bias in these simple outcome proportions. No prevalence confidence intervals are reported."
F11_rob_0018,nakamura2025_cohort_t12m_paidany,jbi9_response_rate,unclear,unclear,agree,"dissertation_shared_folder/Data Extraction Papers/PCN Reports - 2025 - Nakamura - Impact of negative symptom reduction on employment and vocational activity outcomes.pdf; Results, Employment outcomes, p. 6 of 13",Codex AI independent verification agent 1,2026-10-01,source_checked_judgement_retained,"No participant is recorded as lost during the 12-month follow-up and status is reported for all 21, but the report does not describe how the one-year status was obtained or whether anyone was untraceable."
F11_rob_0019,nakamura2025_cohort_t12m_vocact_composite,jbi1_sample_frame,no,no,agree,"dissertation_shared_folder/Data Extraction Papers/PCN Reports - 2025 - Nakamura - Impact of negative symptom reduction on employment and vocational activity outcomes.pdf; Methods, Participants, p. 2 of 13; Discussion, p. 7 of 13",Codex AI independent verification agent 1,2026-10-01,source_checked_judgement_retained,"Twenty-six people referred for a cognitive remediation programme in one hospital day care, whom the authors describe as ""self-selected based on interest in vocational goals"". Not an appropriate frame for estimating employment in a schizophrenia population; the contrast the authors themselves draw with about 180 non-CRT attendees of the same day care (1.7% transitioning) shows how strongly the frame is selected."
F11_rob_0020,nakamura2025_cohort_t12m_vocact_composite,jbi2_participant_sampling,no,no,agree,"dissertation_shared_folder/Data Extraction Papers/PCN Reports - 2025 - Nakamura - Impact of negative symptom reduction on employment and vocational activity outcomes.pdf; Methods, Participants, p. 2 of 13; Figure 2, p. 6 of 13",Codex AI independent verification agent 1,2026-10-01,source_checked_judgement_retained,Referral followed by voluntary enrolment; no probability or consecutive sampling is described and no source population is enumerated.
F11_rob_0021,nakamura2025_cohort_t12m_vocact_composite,jbi3_sample_size,no,no,agree,"dissertation_shared_folder/Data Extraction Papers/PCN Reports - 2025 - Nakamura - Impact of negative symptom reduction on employment and vocational activity outcomes.pdf; Methods, Statistical analysis, p. 6 of 13; Conclusion, p. 11 of 13",Codex AI independent verification agent 1,2026-10-01,source_checked_judgement_retained,"21 analysed. The authors state the constraint repeatedly, restricting regression covariates ""to minimize the risk of overfitting due to the small sample size (n = 21)"" and concluding that ""the findings should be interpreted with caution due to the limited sample size""."
F11_rob_0022,nakamura2025_cohort_t12m_vocact_composite,jbi4_subjects_setting_described,yes,yes,agree,"dissertation_shared_folder/Data Extraction Papers/PCN Reports - 2025 - Nakamura - Impact of negative symptom reduction on employment and vocational activity outcomes.pdf; Table 1, p. 3 of 13; Methods, Intervention setting, p. 3 of 13",Codex AI independent verification agent 1,2026-10-01,source_checked_judgement_retained,"Table 1 gives age, sex, education, illness duration, living arrangements, prior employment, medication and baseline PANSS and BACS for the total, completers and dropouts, and the day-care setting and its absence of vocational support are described."
F11_rob_0023,nakamura2025_cohort_t12m_vocact_composite,jbi5_coverage_of_sample,unclear,unclear,agree,"dissertation_shared_folder/Data Extraction Papers/PCN Reports - 2025 - Nakamura - Impact of negative symptom reduction on employment and vocational activity outcomes.pdf; Methods, Participants, p. 2 of 13; Figure 2, p. 6 of 13; Table 1, p. 3 of 13",Codex AI independent verification agent 1,2026-10-01,source_checked_judgement_retained,"21 of 26 referred are analysed (3 excluded for neurological or psychiatric conditions, 2 lost). Coverage is high in absolute terms, but the report describes the losses inconsistently: the text says ""Among the 23 participants who completed the study"" while Table 1 and Figure 2 give 21 completers and 2 dropouts, and Figure 2 labels the same 2 ""Declined to participate"" where the text says they ""dropped out""."
F11_rob_0024,nakamura2025_cohort_t12m_vocact_composite,jbi6_condition_identification,yes,yes,agree,"dissertation_shared_folder/Data Extraction Papers/PCN Reports - 2025 - Nakamura - Impact of negative symptom reduction on employment and vocational activity outcomes.pdf; PDF p2, Study design; PDF p6, Employment outcomes",Codex AI independent verification agent 1,2026-10-01,rationale_repaired_judgement_retained,"The item-6 condition is the vocational outcome. Formal employment requires a labour contract and legal wage/insurance provisions; TypeB activity is expressly distinguished as a structured non-formal programme. Vocational transition requires at least 3 months during 12-month follow-up. The operational definitions identify the reported categories, although TypeB must not be assumed unpaid merely from its non-formal status."
F11_rob_0025,nakamura2025_cohort_t12m_vocact_composite,jbi7_condition_measurement,unclear,unclear,agree,"dissertation_shared_folder/Data Extraction Papers/PCN Reports - 2025 - Nakamura - Impact of negative symptom reduction on employment and vocational activity outcomes.pdf; PDF p2, Study design; PDF p6, Employment outcomes; PDF p7, Results",Codex AI independent verification agent 1,2026-10-01,rationale_repaired_judgement_retained,"Formal employment and TypeB programme participation are operationally distinguished, but the report does not sufficiently describe employment-status ascertainment at follow-up or provide its reliability/validation. TypeB is non-formal supported activity; its remuneration must not be assumed absent. Employment-specific recording remains unclear independently of that construct distinction."
F11_rob_0026,nakamura2025_cohort_t12m_vocact_composite,jbi8_statistical_analysis,unclear,yes,disagree,"dissertation_shared_folder/Data Extraction Papers/PCN Reports - 2025 - Nakamura - Impact of negative symptom reduction on employment and vocational activity outcomes.pdf; PDF p6, Fig.2 and Employment outcomes; PDF p7, Results",Codex AI independent verification agent 1,2026-10-01,source_based_judgement_correction_proposed,"For these descriptive outcomes, the source reports 21 analysed participants,9 transitions composed of 4 formal employees and 5 TypeB participants, and 12 non-transitions. Counts and denominator reconcile. Defects in the separate exploratory cognitive-regression analyses do not demonstrate bias in these simple outcome proportions. No prevalence confidence intervals are reported."
F11_rob_0027,nakamura2025_cohort_t12m_vocact_composite,jbi9_response_rate,unclear,unclear,agree,"dissertation_shared_folder/Data Extraction Papers/PCN Reports - 2025 - Nakamura - Impact of negative symptom reduction on employment and vocational activity outcomes.pdf; Results, Employment outcomes, p. 6 of 13",Codex AI independent verification agent 1,2026-10-01,source_checked_judgement_retained,"No participant is recorded as lost during the 12-month follow-up and status is reported for all 21, but the report does not describe how the one-year status was obtained or whether anyone was untraceable."
F11_rob_0028,nakamura2025_cohort_t12m_vocact_typeb,jbi1_sample_frame,no,no,agree,"dissertation_shared_folder/Data Extraction Papers/PCN Reports - 2025 - Nakamura - Impact of negative symptom reduction on employment and vocational activity outcomes.pdf; Methods, Participants, p. 2 of 13; Discussion, p. 7 of 13",Codex AI independent verification agent 1,2026-10-01,source_checked_judgement_retained,"Twenty-six people referred for a cognitive remediation programme in one hospital day care, whom the authors describe as ""self-selected based on interest in vocational goals"". Not an appropriate frame for estimating employment in a schizophrenia population; the contrast the authors themselves draw with about 180 non-CRT attendees of the same day care (1.7% transitioning) shows how strongly the frame is selected."
F11_rob_0029,nakamura2025_cohort_t12m_vocact_typeb,jbi2_participant_sampling,no,no,agree,"dissertation_shared_folder/Data Extraction Papers/PCN Reports - 2025 - Nakamura - Impact of negative symptom reduction on employment and vocational activity outcomes.pdf; Methods, Participants, p. 2 of 13; Figure 2, p. 6 of 13",Codex AI independent verification agent 1,2026-10-01,source_checked_judgement_retained,Referral followed by voluntary enrolment; no probability or consecutive sampling is described and no source population is enumerated.
F11_rob_0030,nakamura2025_cohort_t12m_vocact_typeb,jbi3_sample_size,no,no,agree,"dissertation_shared_folder/Data Extraction Papers/PCN Reports - 2025 - Nakamura - Impact of negative symptom reduction on employment and vocational activity outcomes.pdf; Methods, Statistical analysis, p. 6 of 13; Conclusion, p. 11 of 13",Codex AI independent verification agent 1,2026-10-01,source_checked_judgement_retained,"21 analysed. The authors state the constraint repeatedly, restricting regression covariates ""to minimize the risk of overfitting due to the small sample size (n = 21)"" and concluding that ""the findings should be interpreted with caution due to the limited sample size""."
F11_rob_0031,nakamura2025_cohort_t12m_vocact_typeb,jbi4_subjects_setting_described,yes,yes,agree,"dissertation_shared_folder/Data Extraction Papers/PCN Reports - 2025 - Nakamura - Impact of negative symptom reduction on employment and vocational activity outcomes.pdf; Table 1, p. 3 of 13; Methods, Intervention setting, p. 3 of 13",Codex AI independent verification agent 1,2026-10-01,source_checked_judgement_retained,"Table 1 gives age, sex, education, illness duration, living arrangements, prior employment, medication and baseline PANSS and BACS for the total, completers and dropouts, and the day-care setting and its absence of vocational support are described."
F11_rob_0032,nakamura2025_cohort_t12m_vocact_typeb,jbi5_coverage_of_sample,unclear,unclear,agree,"dissertation_shared_folder/Data Extraction Papers/PCN Reports - 2025 - Nakamura - Impact of negative symptom reduction on employment and vocational activity outcomes.pdf; Methods, Participants, p. 2 of 13; Figure 2, p. 6 of 13; Table 1, p. 3 of 13",Codex AI independent verification agent 1,2026-10-01,source_checked_judgement_retained,"21 of 26 referred are analysed (3 excluded for neurological or psychiatric conditions, 2 lost). Coverage is high in absolute terms, but the report describes the losses inconsistently: the text says ""Among the 23 participants who completed the study"" while Table 1 and Figure 2 give 21 completers and 2 dropouts, and Figure 2 labels the same 2 ""Declined to participate"" where the text says they ""dropped out""."
F11_rob_0033,nakamura2025_cohort_t12m_vocact_typeb,jbi6_condition_identification,yes,yes,agree,"dissertation_shared_folder/Data Extraction Papers/PCN Reports - 2025 - Nakamura - Impact of negative symptom reduction on employment and vocational activity outcomes.pdf; PDF p2, Study design; PDF p6, Employment outcomes",Codex AI independent verification agent 1,2026-10-01,rationale_repaired_judgement_retained,"The item-6 condition is the vocational outcome. Formal employment requires a labour contract and legal wage/insurance provisions; TypeB activity is expressly distinguished as a structured non-formal programme. Vocational transition requires at least 3 months during 12-month follow-up. The operational definitions identify the reported categories, although TypeB must not be assumed unpaid merely from its non-formal status."
F11_rob_0034,nakamura2025_cohort_t12m_vocact_typeb,jbi7_condition_measurement,unclear,unclear,agree,"dissertation_shared_folder/Data Extraction Papers/PCN Reports - 2025 - Nakamura - Impact of negative symptom reduction on employment and vocational activity outcomes.pdf; PDF p2, Study design; PDF p6, Employment outcomes; PDF p7, Results",Codex AI independent verification agent 1,2026-10-01,rationale_repaired_judgement_retained,"Formal employment and TypeB programme participation are operationally distinguished, but the report does not sufficiently describe employment-status ascertainment at follow-up or provide its reliability/validation. TypeB is non-formal supported activity; its remuneration must not be assumed absent. Employment-specific recording remains unclear independently of that construct distinction."
F11_rob_0035,nakamura2025_cohort_t12m_vocact_typeb,jbi8_statistical_analysis,unclear,yes,disagree,"dissertation_shared_folder/Data Extraction Papers/PCN Reports - 2025 - Nakamura - Impact of negative symptom reduction on employment and vocational activity outcomes.pdf; PDF p6, Fig.2 and Employment outcomes; PDF p7, Results",Codex AI independent verification agent 1,2026-10-01,source_based_judgement_correction_proposed,"For these descriptive outcomes, the source reports 21 analysed participants,9 transitions composed of 4 formal employees and 5 TypeB participants, and 12 non-transitions. Counts and denominator reconcile. Defects in the separate exploratory cognitive-regression analyses do not demonstrate bias in these simple outcome proportions. No prevalence confidence intervals are reported."
F11_rob_0036,nakamura2025_cohort_t12m_vocact_typeb,jbi9_response_rate,unclear,unclear,agree,"dissertation_shared_folder/Data Extraction Papers/PCN Reports - 2025 - Nakamura - Impact of negative symptom reduction on employment and vocational activity outcomes.pdf; Results, Employment outcomes, p. 6 of 13",Codex AI independent verification agent 1,2026-10-01,source_checked_judgement_retained,"No participant is recorded as lost during the 12-month follow-up and status is reported for all 21, but the report does not describe how the one-year status was obtained or whether anyone was untraceable."
F11_rob_0037,pedersen2025_morpheus_t24m_paid_any_point,robinsi_1_confounding,serious,serious,agree,"dissertation_shared_folder/Data Extraction Papers/EIP-19-0.pdf; Table 1, p. 6 of 11; Methods 2.8, p. 4 of 11; Discussion and Conclusion, pp. 9 of 11",Codex AI independent verification agent 1,2026-10-01,source_checked_judgement_retained,"Allocation is by hospital and region, not by participant. The groups differ significantly at baseline on employment status (p = 0.02) and completed education (p = 0.02), the two variables most predictive of the outcome, and on year of OPUS inclusion (p = 0.04) because the Aalborg catchment expanded in mid-2015. Adjustment covers only gender, age, education and baseline employment status; nothing adjusts for regional labour markets, symptom severity or service organisation, and the authors themselves attribute part of their findings to ""administrative differences between the two regions and hospitals""."
F11_rob_0038,pedersen2025_morpheus_t24m_paid_any_point,robinsi_2_selection,serious,serious,agree,"dissertation_shared_folder/Data Extraction Papers/EIP-19-0.pdf; PDF pp2,4-5, Design, Results and Fig.1; PDF p9, Strengths and limitations",Codex AI independent verification agent 1,2026-10-01,rationale_repaired_judgement_retained,"The comparison is selected by non-standardised prospective Morpheus assessment versus retrospective identification of potentially eligible controls. Among OPUS patients eligible by age and programme duration,116/283 in Aarhus versus 130/216 in Aalborg were selected. Additionally OPUS participation of 1-2.5 years was required, conditioning entry on post-baseline retention. These factors support serious selection concerns for the intervention effect."
F11_rob_0039,pedersen2025_morpheus_t24m_paid_any_point,robinsi_3_classification,moderate,moderate,agree,"dissertation_shared_folder/Data Extraction Papers/EIP-19-0.pdf; Methods 2.4 and 2.5, p. 3 of 11; Discussion, Strengths and Limitations, p. 9 of 11",Codex AI independent verification agent 1,2026-10-01,source_checked_judgement_retained,"Intervention status is defined by site and by a recorded Morpheus inclusion date, so it is well defined and not determined by the outcome. However, the comparator's content is unknown: ""we lacked information on the standard vocational rehabilitation received by patients, which may have included IPS, potentially blurring the distinction between the two interventions""."
F11_rob_0040,pedersen2025_morpheus_t24m_paid_any_point,robinsi_4_deviations,moderate,moderate,agree,"dissertation_shared_folder/Data Extraction Papers/EIP-19-0.pdf; PDF pp2-3, Interventions; PDF pp5,9, initiation timing and limitations",Codex AI independent verification agent 1,2026-10-01,rationale_repaired_judgement_retained,"The 24-month point status is measured after intervention initiation, a median 183.5 days after OPUS baseline. The assignment and adherence estimand is not fully specified; usual-care sites could provide overlapping vocational assistance. Moderate concern is retained provisionally because exposure/adherence and co-interventions are insufficiently documented, rather than asserting that every such overlap is a protocol deviation."
F11_rob_0041,pedersen2025_morpheus_t24m_paid_any_point,robinsi_5_missing_data,low,low,agree,"dissertation_shared_folder/Data Extraction Papers/EIP-19-0.pdf; Methods 2.6.2, p. 3 of 11; Discussion, Strengths and Limitations, p. 9 of 11",Codex AI independent verification agent 1,2026-10-01,source_checked_judgement_retained,"Outcomes come from complete national registers (DREAM, the Danish National Patient Register, the Danish National Prescription Registry and Statistics Denmark) linked by the personal identification number, and the authors describe ""complete follow-up"". No participant is lost to outcome ascertainment."
F11_rob_0042,pedersen2025_morpheus_t24m_paid_any_point,robinsi_6_outcome_measurement,low,low,agree,"dissertation_shared_folder/Data Extraction Papers/EIP-19-0.pdf; Methods 2.6.2, p. 3 of 11",Codex AI independent verification agent 1,2026-10-01,source_checked_judgement_retained,"Employment, education and non-competitive employment are read from DREAM identically for both groups, with the register validated against workplace-registered sick leave and self-reported income. Outcome ascertainment cannot be influenced by knowledge of intervention status."
F11_rob_0043,pedersen2025_morpheus_t24m_paid_any_point,robinsi_7_selective_reporting,moderate,moderate,agree,"dissertation_shared_folder/Data Extraction Papers/EIP-19-0.pdf; PDF p4, Primary Outcomes and Statistical analyses; PDF p7, Table2; PDF p9, Ethics Statement",Codex AI independent verification agent 1,2026-10-01,rationale_repaired_judgement_retained,"The methods specify employment, education and non-competitive employment at 2/4 years and any employment in separate 0-2/2-4 year periods, with crude and adjusted comparisons reported in Table 2. An administrative research-project registration is listed, but no prospective analysis protocol is supplied. Prespecification of result selection is therefore unverified; a moderate concern is retained. It is inaccurate to say no study registration is cited or the methods leave outcomes wholly unprioritised."
F11_rob_0044,pedersen2025_morpheus_t24m_paid_any_point,robinsi_overall,serious,serious,agree,dissertation_shared_folder/Data Extraction Papers/EIP-19-0.pdf; Whole report,Codex AI independent verification agent 1,2026-10-01,source_checked_judgement_retained,"Serious risk of bias, driven by domains 1 and 2: a non-randomised between-site comparison with significant baseline imbalance on the strongest predictors of the outcome, limited adjustment, and a comparator group constructed retrospectively by record review against a non-standardised eligibility judgement. Register-based outcome ascertainment is a genuine strength and keeps the missing-data and measurement domains low, but it cannot repair the allocation."
F11_rob_0045,pedersen2025_standard_t24m_paid_any_point,robinsi_1_confounding,serious,serious,agree,"dissertation_shared_folder/Data Extraction Papers/EIP-19-0.pdf; Table 1, p. 6 of 11; Methods 2.8, p. 4 of 11; Discussion and Conclusion, pp. 9 of 11",Codex AI independent verification agent 1,2026-10-01,source_checked_judgement_retained,"Allocation is by hospital and region, not by participant. The groups differ significantly at baseline on employment status (p = 0.02) and completed education (p = 0.02), the two variables most predictive of the outcome, and on year of OPUS inclusion (p = 0.04) because the Aalborg catchment expanded in mid-2015. Adjustment covers only gender, age, education and baseline employment status; nothing adjusts for regional labour markets, symptom severity or service organisation, and the authors themselves attribute part of their findings to ""administrative differences between the two regions and hospitals""."
F11_rob_0046,pedersen2025_standard_t24m_paid_any_point,robinsi_2_selection,serious,serious,agree,"dissertation_shared_folder/Data Extraction Papers/EIP-19-0.pdf; PDF pp2,4-5, Design, Results and Fig.1; PDF p9, Strengths and limitations",Codex AI independent verification agent 1,2026-10-01,rationale_repaired_judgement_retained,"The comparison is selected by non-standardised prospective Morpheus assessment versus retrospective identification of potentially eligible controls. Among OPUS patients eligible by age and programme duration,116/283 in Aarhus versus 130/216 in Aalborg were selected. Additionally OPUS participation of 1-2.5 years was required, conditioning entry on post-baseline retention. These factors support serious selection concerns for the intervention effect."
F11_rob_0047,pedersen2025_standard_t24m_paid_any_point,robinsi_3_classification,moderate,moderate,agree,"dissertation_shared_folder/Data Extraction Papers/EIP-19-0.pdf; Methods 2.4 and 2.5, p. 3 of 11; Discussion, Strengths and Limitations, p. 9 of 11",Codex AI independent verification agent 1,2026-10-01,source_checked_judgement_retained,"Intervention status is defined by site and by a recorded Morpheus inclusion date, so it is well defined and not determined by the outcome. However, the comparator's content is unknown: ""we lacked information on the standard vocational rehabilitation received by patients, which may have included IPS, potentially blurring the distinction between the two interventions""."
F11_rob_0048,pedersen2025_standard_t24m_paid_any_point,robinsi_4_deviations,moderate,moderate,agree,"dissertation_shared_folder/Data Extraction Papers/EIP-19-0.pdf; PDF pp2-3, Interventions; PDF pp5,9, initiation timing and limitations",Codex AI independent verification agent 1,2026-10-01,rationale_repaired_judgement_retained,"The 24-month point status is measured after intervention initiation, a median 183.5 days after OPUS baseline. The assignment and adherence estimand is not fully specified; usual-care sites could provide overlapping vocational assistance. Moderate concern is retained provisionally because exposure/adherence and co-interventions are insufficiently documented, rather than asserting that every such overlap is a protocol deviation."
F11_rob_0049,pedersen2025_standard_t24m_paid_any_point,robinsi_5_missing_data,low,low,agree,"dissertation_shared_folder/Data Extraction Papers/EIP-19-0.pdf; Methods 2.6.2, p. 3 of 11; Discussion, Strengths and Limitations, p. 9 of 11",Codex AI independent verification agent 1,2026-10-01,source_checked_judgement_retained,"Outcomes come from complete national registers (DREAM, the Danish National Patient Register, the Danish National Prescription Registry and Statistics Denmark) linked by the personal identification number, and the authors describe ""complete follow-up"". No participant is lost to outcome ascertainment."
F11_rob_0050,pedersen2025_standard_t24m_paid_any_point,robinsi_6_outcome_measurement,low,low,agree,"dissertation_shared_folder/Data Extraction Papers/EIP-19-0.pdf; Methods 2.6.2, p. 3 of 11",Codex AI independent verification agent 1,2026-10-01,source_checked_judgement_retained,"Employment, education and non-competitive employment are read from DREAM identically for both groups, with the register validated against workplace-registered sick leave and self-reported income. Outcome ascertainment cannot be influenced by knowledge of intervention status."
F11_rob_0051,pedersen2025_standard_t24m_paid_any_point,robinsi_7_selective_reporting,moderate,moderate,agree,"dissertation_shared_folder/Data Extraction Papers/EIP-19-0.pdf; PDF p4, Primary Outcomes and Statistical analyses; PDF p7, Table2; PDF p9, Ethics Statement",Codex AI independent verification agent 1,2026-10-01,rationale_repaired_judgement_retained,"The methods specify employment, education and non-competitive employment at 2/4 years and any employment in separate 0-2/2-4 year periods, with crude and adjusted comparisons reported in Table 2. An administrative research-project registration is listed, but no prospective analysis protocol is supplied. Prespecification of result selection is therefore unverified; a moderate concern is retained. It is inaccurate to say no study registration is cited or the methods leave outcomes wholly unprioritised."
F11_rob_0052,pedersen2025_standard_t24m_paid_any_point,robinsi_overall,serious,serious,agree,dissertation_shared_folder/Data Extraction Papers/EIP-19-0.pdf; Whole report,Codex AI independent verification agent 1,2026-10-01,source_checked_judgement_retained,"Serious risk of bias, driven by domains 1 and 2: a non-randomised between-site comparison with significant baseline imbalance on the strongest predictors of the outcome, limited adjustment, and a comparator group constructed retrospectively by record review against a non-standardised eligibility judgement. Register-based outcome ascertainment is a genuine strength and keeps the missing-data and measurement domains low, but it cannot repair the allocation."
F11_rob_0053,pedersen2025_morpheus_t48m_paid_any_point,robinsi_1_confounding,serious,serious,agree,"dissertation_shared_folder/Data Extraction Papers/EIP-19-0.pdf; Table 1, p. 6 of 11; Methods 2.8, p. 4 of 11; Discussion and Conclusion, pp. 9 of 11",Codex AI independent verification agent 1,2026-10-01,source_checked_judgement_retained,"Allocation is by hospital and region, not by participant. The groups differ significantly at baseline on employment status (p = 0.02) and completed education (p = 0.02), the two variables most predictive of the outcome, and on year of OPUS inclusion (p = 0.04) because the Aalborg catchment expanded in mid-2015. Adjustment covers only gender, age, education and baseline employment status; nothing adjusts for regional labour markets, symptom severity or service organisation, and the authors themselves attribute part of their findings to ""administrative differences between the two regions and hospitals""."
F11_rob_0054,pedersen2025_morpheus_t48m_paid_any_point,robinsi_2_selection,serious,serious,agree,"dissertation_shared_folder/Data Extraction Papers/EIP-19-0.pdf; PDF pp2,4-5, Design, Results and Fig.1; PDF p9, Strengths and limitations",Codex AI independent verification agent 1,2026-10-01,rationale_repaired_judgement_retained,"The comparison is selected by non-standardised prospective Morpheus assessment versus retrospective identification of potentially eligible controls. Among OPUS patients eligible by age and programme duration,116/283 in Aarhus versus 130/216 in Aalborg were selected. Additionally OPUS participation of 1-2.5 years was required, conditioning entry on post-baseline retention. These factors support serious selection concerns for the intervention effect."
F11_rob_0055,pedersen2025_morpheus_t48m_paid_any_point,robinsi_3_classification,moderate,moderate,agree,"dissertation_shared_folder/Data Extraction Papers/EIP-19-0.pdf; Methods 2.4 and 2.5, p. 3 of 11; Discussion, Strengths and Limitations, p. 9 of 11",Codex AI independent verification agent 1,2026-10-01,source_checked_judgement_retained,"Intervention status is defined by site and by a recorded Morpheus inclusion date, so it is well defined and not determined by the outcome. However, the comparator's content is unknown: ""we lacked information on the standard vocational rehabilitation received by patients, which may have included IPS, potentially blurring the distinction between the two interventions""."
F11_rob_0056,pedersen2025_morpheus_t48m_paid_any_point,robinsi_4_deviations,moderate,moderate,agree,"dissertation_shared_folder/Data Extraction Papers/EIP-19-0.pdf; PDF pp2-3, Interventions; PDF pp5,9, initiation timing and limitations",Codex AI independent verification agent 1,2026-10-01,rationale_repaired_judgement_retained,"The 48-month endpoint/2-4 year period occurs after intervention initiation, but continuation and additional vocational help remain incompletely documented. The assignment and adherence estimand is not fully specified; usual-care sites could provide overlapping vocational assistance. Moderate concern is retained provisionally because exposure/adherence and co-interventions are insufficiently documented, rather than asserting that every such overlap is a protocol deviation."
F11_rob_0057,pedersen2025_morpheus_t48m_paid_any_point,robinsi_5_missing_data,low,low,agree,"dissertation_shared_folder/Data Extraction Papers/EIP-19-0.pdf; Methods 2.6.2, p. 3 of 11; Discussion, Strengths and Limitations, p. 9 of 11",Codex AI independent verification agent 1,2026-10-01,source_checked_judgement_retained,"Outcomes come from complete national registers (DREAM, the Danish National Patient Register, the Danish National Prescription Registry and Statistics Denmark) linked by the personal identification number, and the authors describe ""complete follow-up"". No participant is lost to outcome ascertainment."
F11_rob_0058,pedersen2025_morpheus_t48m_paid_any_point,robinsi_6_outcome_measurement,low,low,agree,"dissertation_shared_folder/Data Extraction Papers/EIP-19-0.pdf; Methods 2.6.2, p. 3 of 11",Codex AI independent verification agent 1,2026-10-01,source_checked_judgement_retained,"Employment, education and non-competitive employment are read from DREAM identically for both groups, with the register validated against workplace-registered sick leave and self-reported income. Outcome ascertainment cannot be influenced by knowledge of intervention status."
F11_rob_0059,pedersen2025_morpheus_t48m_paid_any_point,robinsi_7_selective_reporting,moderate,moderate,agree,"dissertation_shared_folder/Data Extraction Papers/EIP-19-0.pdf; PDF p4, Primary Outcomes and Statistical analyses; PDF p7, Table2; PDF p9, Ethics Statement",Codex AI independent verification agent 1,2026-10-01,rationale_repaired_judgement_retained,"The methods specify employment, education and non-competitive employment at 2/4 years and any employment in separate 0-2/2-4 year periods, with crude and adjusted comparisons reported in Table 2. An administrative research-project registration is listed, but no prospective analysis protocol is supplied. Prespecification of result selection is therefore unverified; a moderate concern is retained. It is inaccurate to say no study registration is cited or the methods leave outcomes wholly unprioritised."
F11_rob_0060,pedersen2025_morpheus_t48m_paid_any_point,robinsi_overall,serious,serious,agree,dissertation_shared_folder/Data Extraction Papers/EIP-19-0.pdf; Whole report,Codex AI independent verification agent 1,2026-10-01,source_checked_judgement_retained,"Serious risk of bias, driven by domains 1 and 2: a non-randomised between-site comparison with significant baseline imbalance on the strongest predictors of the outcome, limited adjustment, and a comparator group constructed retrospectively by record review against a non-standardised eligibility judgement. Register-based outcome ascertainment is a genuine strength and keeps the missing-data and measurement domains low, but it cannot repair the allocation."
F11_rob_0061,pedersen2025_standard_t48m_paid_any_point,robinsi_1_confounding,serious,serious,agree,"dissertation_shared_folder/Data Extraction Papers/EIP-19-0.pdf; Table 1, p. 6 of 11; Methods 2.8, p. 4 of 11; Discussion and Conclusion, pp. 9 of 11",Codex AI independent verification agent 1,2026-10-01,source_checked_judgement_retained,"Allocation is by hospital and region, not by participant. The groups differ significantly at baseline on employment status (p = 0.02) and completed education (p = 0.02), the two variables most predictive of the outcome, and on year of OPUS inclusion (p = 0.04) because the Aalborg catchment expanded in mid-2015. Adjustment covers only gender, age, education and baseline employment status; nothing adjusts for regional labour markets, symptom severity or service organisation, and the authors themselves attribute part of their findings to ""administrative differences between the two regions and hospitals""."
F11_rob_0062,pedersen2025_standard_t48m_paid_any_point,robinsi_2_selection,serious,serious,agree,"dissertation_shared_folder/Data Extraction Papers/EIP-19-0.pdf; PDF pp2,4-5, Design, Results and Fig.1; PDF p9, Strengths and limitations",Codex AI independent verification agent 1,2026-10-01,rationale_repaired_judgement_retained,"The comparison is selected by non-standardised prospective Morpheus assessment versus retrospective identification of potentially eligible controls. Among OPUS patients eligible by age and programme duration,116/283 in Aarhus versus 130/216 in Aalborg were selected. Additionally OPUS participation of 1-2.5 years was required, conditioning entry on post-baseline retention. These factors support serious selection concerns for the intervention effect."
F11_rob_0063,pedersen2025_standard_t48m_paid_any_point,robinsi_3_classification,moderate,moderate,agree,"dissertation_shared_folder/Data Extraction Papers/EIP-19-0.pdf; Methods 2.4 and 2.5, p. 3 of 11; Discussion, Strengths and Limitations, p. 9 of 11",Codex AI independent verification agent 1,2026-10-01,source_checked_judgement_retained,"Intervention status is defined by site and by a recorded Morpheus inclusion date, so it is well defined and not determined by the outcome. However, the comparator's content is unknown: ""we lacked information on the standard vocational rehabilitation received by patients, which may have included IPS, potentially blurring the distinction between the two interventions""."
F11_rob_0064,pedersen2025_standard_t48m_paid_any_point,robinsi_4_deviations,moderate,moderate,agree,"dissertation_shared_folder/Data Extraction Papers/EIP-19-0.pdf; PDF pp2-3, Interventions; PDF pp5,9, initiation timing and limitations",Codex AI independent verification agent 1,2026-10-01,rationale_repaired_judgement_retained,"The 48-month endpoint/2-4 year period occurs after intervention initiation, but continuation and additional vocational help remain incompletely documented. The assignment and adherence estimand is not fully specified; usual-care sites could provide overlapping vocational assistance. Moderate concern is retained provisionally because exposure/adherence and co-interventions are insufficiently documented, rather than asserting that every such overlap is a protocol deviation."
F11_rob_0065,pedersen2025_standard_t48m_paid_any_point,robinsi_5_missing_data,low,low,agree,"dissertation_shared_folder/Data Extraction Papers/EIP-19-0.pdf; Methods 2.6.2, p. 3 of 11; Discussion, Strengths and Limitations, p. 9 of 11",Codex AI independent verification agent 1,2026-10-01,source_checked_judgement_retained,"Outcomes come from complete national registers (DREAM, the Danish National Patient Register, the Danish National Prescription Registry and Statistics Denmark) linked by the personal identification number, and the authors describe ""complete follow-up"". No participant is lost to outcome ascertainment."
F11_rob_0066,pedersen2025_standard_t48m_paid_any_point,robinsi_6_outcome_measurement,low,low,agree,"dissertation_shared_folder/Data Extraction Papers/EIP-19-0.pdf; Methods 2.6.2, p. 3 of 11",Codex AI independent verification agent 1,2026-10-01,source_checked_judgement_retained,"Employment, education and non-competitive employment are read from DREAM identically for both groups, with the register validated against workplace-registered sick leave and self-reported income. Outcome ascertainment cannot be influenced by knowledge of intervention status."
F11_rob_0067,pedersen2025_standard_t48m_paid_any_point,robinsi_7_selective_reporting,moderate,moderate,agree,"dissertation_shared_folder/Data Extraction Papers/EIP-19-0.pdf; PDF p4, Primary Outcomes and Statistical analyses; PDF p7, Table2; PDF p9, Ethics Statement",Codex AI independent verification agent 1,2026-10-01,rationale_repaired_judgement_retained,"The methods specify employment, education and non-competitive employment at 2/4 years and any employment in separate 0-2/2-4 year periods, with crude and adjusted comparisons reported in Table 2. An administrative research-project registration is listed, but no prospective analysis protocol is supplied. Prespecification of result selection is therefore unverified; a moderate concern is retained. It is inaccurate to say no study registration is cited or the methods leave outcomes wholly unprioritised."
F11_rob_0068,pedersen2025_standard_t48m_paid_any_point,robinsi_overall,serious,serious,agree,dissertation_shared_folder/Data Extraction Papers/EIP-19-0.pdf; Whole report,Codex AI independent verification agent 1,2026-10-01,source_checked_judgement_retained,"Serious risk of bias, driven by domains 1 and 2: a non-randomised between-site comparison with significant baseline imbalance on the strongest predictors of the outcome, limited adjustment, and a comparator group constructed retrospectively by record review against a non-standardised eligibility judgement. Register-based outcome ascertainment is a genuine strength and keeps the missing-data and measurement domains low, but it cannot repair the allocation."
F11_rob_0069,pedersen2025_morpheus_t24m_paid_any_any,robinsi_1_confounding,serious,serious,agree,"dissertation_shared_folder/Data Extraction Papers/EIP-19-0.pdf; Table 1, p. 6 of 11; Methods 2.8, p. 4 of 11; Discussion and Conclusion, pp. 9 of 11",Codex AI independent verification agent 1,2026-10-01,source_checked_judgement_retained,"Allocation is by hospital and region, not by participant. The groups differ significantly at baseline on employment status (p = 0.02) and completed education (p = 0.02), the two variables most predictive of the outcome, and on year of OPUS inclusion (p = 0.04) because the Aalborg catchment expanded in mid-2015. Adjustment covers only gender, age, education and baseline employment status; nothing adjusts for regional labour markets, symptom severity or service organisation, and the authors themselves attribute part of their findings to ""administrative differences between the two regions and hospitals""."
F11_rob_0070,pedersen2025_morpheus_t24m_paid_any_any,robinsi_2_selection,serious,serious,agree,"dissertation_shared_folder/Data Extraction Papers/EIP-19-0.pdf; PDF pp2,4-5, Design, Results and Fig.1; PDF p9, Strengths and limitations",Codex AI independent verification agent 1,2026-10-01,rationale_repaired_judgement_retained,"The comparison is selected by non-standardised prospective Morpheus assessment versus retrospective identification of potentially eligible controls. Among OPUS patients eligible by age and programme duration,116/283 in Aarhus versus 130/216 in Aalborg were selected. Additionally OPUS participation of 1-2.5 years was required, conditioning entry on post-baseline retention. These factors support serious selection concerns for the intervention effect."
F11_rob_0071,pedersen2025_morpheus_t24m_paid_any_any,robinsi_3_classification,moderate,moderate,agree,"dissertation_shared_folder/Data Extraction Papers/EIP-19-0.pdf; Methods 2.4 and 2.5, p. 3 of 11; Discussion, Strengths and Limitations, p. 9 of 11",Codex AI independent verification agent 1,2026-10-01,source_checked_judgement_retained,"Intervention status is defined by site and by a recorded Morpheus inclusion date, so it is well defined and not determined by the outcome. However, the comparator's content is unknown: ""we lacked information on the standard vocational rehabilitation received by patients, which may have included IPS, potentially blurring the distinction between the two interventions""."
F11_rob_0072,pedersen2025_morpheus_t24m_paid_any_any,robinsi_4_deviations,moderate,moderate,agree,"dissertation_shared_folder/Data Extraction Papers/EIP-19-0.pdf; PDF pp2-3, Interventions; PDF pp5,9, initiation timing and limitations",Codex AI independent verification agent 1,2026-10-01,rationale_repaired_judgement_retained,"The 0-2 year period includes time before Morpheus began, a median 183.5 days after OPUS baseline. The assignment and adherence estimand is not fully specified; usual-care sites could provide overlapping vocational assistance. Moderate concern is retained provisionally because exposure/adherence and co-interventions are insufficiently documented, rather than asserting that every such overlap is a protocol deviation."
F11_rob_0073,pedersen2025_morpheus_t24m_paid_any_any,robinsi_5_missing_data,low,low,agree,"dissertation_shared_folder/Data Extraction Papers/EIP-19-0.pdf; Methods 2.6.2, p. 3 of 11; Discussion, Strengths and Limitations, p. 9 of 11",Codex AI independent verification agent 1,2026-10-01,source_checked_judgement_retained,"Outcomes come from complete national registers (DREAM, the Danish National Patient Register, the Danish National Prescription Registry and Statistics Denmark) linked by the personal identification number, and the authors describe ""complete follow-up"". No participant is lost to outcome ascertainment."
F11_rob_0074,pedersen2025_morpheus_t24m_paid_any_any,robinsi_6_outcome_measurement,low,low,agree,"dissertation_shared_folder/Data Extraction Papers/EIP-19-0.pdf; Methods 2.6.2, p. 3 of 11",Codex AI independent verification agent 1,2026-10-01,source_checked_judgement_retained,"Employment, education and non-competitive employment are read from DREAM identically for both groups, with the register validated against workplace-registered sick leave and self-reported income. Outcome ascertainment cannot be influenced by knowledge of intervention status."
F11_rob_0075,pedersen2025_morpheus_t24m_paid_any_any,robinsi_7_selective_reporting,moderate,moderate,agree,"dissertation_shared_folder/Data Extraction Papers/EIP-19-0.pdf; PDF p4, Primary Outcomes and Statistical analyses; PDF p7, Table2; PDF p9, Ethics Statement",Codex AI independent verification agent 1,2026-10-01,rationale_repaired_judgement_retained,"The methods specify employment, education and non-competitive employment at 2/4 years and any employment in separate 0-2/2-4 year periods, with crude and adjusted comparisons reported in Table 2. An administrative research-project registration is listed, but no prospective analysis protocol is supplied. Prespecification of result selection is therefore unverified; a moderate concern is retained. It is inaccurate to say no study registration is cited or the methods leave outcomes wholly unprioritised."
F11_rob_0076,pedersen2025_morpheus_t24m_paid_any_any,robinsi_overall,serious,serious,agree,dissertation_shared_folder/Data Extraction Papers/EIP-19-0.pdf; Whole report,Codex AI independent verification agent 1,2026-10-01,source_checked_judgement_retained,"Serious risk of bias, driven by domains 1 and 2: a non-randomised between-site comparison with significant baseline imbalance on the strongest predictors of the outcome, limited adjustment, and a comparator group constructed retrospectively by record review against a non-standardised eligibility judgement. Register-based outcome ascertainment is a genuine strength and keeps the missing-data and measurement domains low, but it cannot repair the allocation."
F11_rob_0077,pedersen2025_standard_t24m_paid_any_any,robinsi_1_confounding,serious,serious,agree,"dissertation_shared_folder/Data Extraction Papers/EIP-19-0.pdf; Table 1, p. 6 of 11; Methods 2.8, p. 4 of 11; Discussion and Conclusion, pp. 9 of 11",Codex AI independent verification agent 1,2026-10-01,source_checked_judgement_retained,"Allocation is by hospital and region, not by participant. The groups differ significantly at baseline on employment status (p = 0.02) and completed education (p = 0.02), the two variables most predictive of the outcome, and on year of OPUS inclusion (p = 0.04) because the Aalborg catchment expanded in mid-2015. Adjustment covers only gender, age, education and baseline employment status; nothing adjusts for regional labour markets, symptom severity or service organisation, and the authors themselves attribute part of their findings to ""administrative differences between the two regions and hospitals""."
F11_rob_0078,pedersen2025_standard_t24m_paid_any_any,robinsi_2_selection,serious,serious,agree,"dissertation_shared_folder/Data Extraction Papers/EIP-19-0.pdf; PDF pp2,4-5, Design, Results and Fig.1; PDF p9, Strengths and limitations",Codex AI independent verification agent 1,2026-10-01,rationale_repaired_judgement_retained,"The comparison is selected by non-standardised prospective Morpheus assessment versus retrospective identification of potentially eligible controls. Among OPUS patients eligible by age and programme duration,116/283 in Aarhus versus 130/216 in Aalborg were selected. Additionally OPUS participation of 1-2.5 years was required, conditioning entry on post-baseline retention. These factors support serious selection concerns for the intervention effect."
F11_rob_0079,pedersen2025_standard_t24m_paid_any_any,robinsi_3_classification,moderate,moderate,agree,"dissertation_shared_folder/Data Extraction Papers/EIP-19-0.pdf; Methods 2.4 and 2.5, p. 3 of 11; Discussion, Strengths and Limitations, p. 9 of 11",Codex AI independent verification agent 1,2026-10-01,source_checked_judgement_retained,"Intervention status is defined by site and by a recorded Morpheus inclusion date, so it is well defined and not determined by the outcome. However, the comparator's content is unknown: ""we lacked information on the standard vocational rehabilitation received by patients, which may have included IPS, potentially blurring the distinction between the two interventions""."
F11_rob_0080,pedersen2025_standard_t24m_paid_any_any,robinsi_4_deviations,moderate,moderate,agree,"dissertation_shared_folder/Data Extraction Papers/EIP-19-0.pdf; PDF pp2-3, Interventions; PDF pp5,9, initiation timing and limitations",Codex AI independent verification agent 1,2026-10-01,rationale_repaired_judgement_retained,"The 0-2 year period includes time before Morpheus began, a median 183.5 days after OPUS baseline. The assignment and adherence estimand is not fully specified; usual-care sites could provide overlapping vocational assistance. Moderate concern is retained provisionally because exposure/adherence and co-interventions are insufficiently documented, rather than asserting that every such overlap is a protocol deviation."
F11_rob_0081,pedersen2025_standard_t24m_paid_any_any,robinsi_5_missing_data,low,low,agree,"dissertation_shared_folder/Data Extraction Papers/EIP-19-0.pdf; Methods 2.6.2, p. 3 of 11; Discussion, Strengths and Limitations, p. 9 of 11",Codex AI independent verification agent 1,2026-10-01,source_checked_judgement_retained,"Outcomes come from complete national registers (DREAM, the Danish National Patient Register, the Danish National Prescription Registry and Statistics Denmark) linked by the personal identification number, and the authors describe ""complete follow-up"". No participant is lost to outcome ascertainment."
F11_rob_0082,pedersen2025_standard_t24m_paid_any_any,robinsi_6_outcome_measurement,low,low,agree,"dissertation_shared_folder/Data Extraction Papers/EIP-19-0.pdf; Methods 2.6.2, p. 3 of 11",Codex AI independent verification agent 1,2026-10-01,source_checked_judgement_retained,"Employment, education and non-competitive employment are read from DREAM identically for both groups, with the register validated against workplace-registered sick leave and self-reported income. Outcome ascertainment cannot be influenced by knowledge of intervention status."
F11_rob_0083,pedersen2025_standard_t24m_paid_any_any,robinsi_7_selective_reporting,moderate,moderate,agree,"dissertation_shared_folder/Data Extraction Papers/EIP-19-0.pdf; PDF p4, Primary Outcomes and Statistical analyses; PDF p7, Table2; PDF p9, Ethics Statement",Codex AI independent verification agent 1,2026-10-01,rationale_repaired_judgement_retained,"The methods specify employment, education and non-competitive employment at 2/4 years and any employment in separate 0-2/2-4 year periods, with crude and adjusted comparisons reported in Table 2. An administrative research-project registration is listed, but no prospective analysis protocol is supplied. Prespecification of result selection is therefore unverified; a moderate concern is retained. It is inaccurate to say no study registration is cited or the methods leave outcomes wholly unprioritised."
F11_rob_0084,pedersen2025_standard_t24m_paid_any_any,robinsi_overall,serious,serious,agree,dissertation_shared_folder/Data Extraction Papers/EIP-19-0.pdf; Whole report,Codex AI independent verification agent 1,2026-10-01,source_checked_judgement_retained,"Serious risk of bias, driven by domains 1 and 2: a non-randomised between-site comparison with significant baseline imbalance on the strongest predictors of the outcome, limited adjustment, and a comparator group constructed retrospectively by record review against a non-standardised eligibility judgement. Register-based outcome ascertainment is a genuine strength and keeps the missing-data and measurement domains low, but it cannot repair the allocation."
F11_rob_0085,pedersen2025_morpheus_t48m_paid_any_any,robinsi_1_confounding,serious,serious,agree,"dissertation_shared_folder/Data Extraction Papers/EIP-19-0.pdf; Table 1, p. 6 of 11; Methods 2.8, p. 4 of 11; Discussion and Conclusion, pp. 9 of 11",Codex AI independent verification agent 1,2026-10-01,source_checked_judgement_retained,"Allocation is by hospital and region, not by participant. The groups differ significantly at baseline on employment status (p = 0.02) and completed education (p = 0.02), the two variables most predictive of the outcome, and on year of OPUS inclusion (p = 0.04) because the Aalborg catchment expanded in mid-2015. Adjustment covers only gender, age, education and baseline employment status; nothing adjusts for regional labour markets, symptom severity or service organisation, and the authors themselves attribute part of their findings to ""administrative differences between the two regions and hospitals""."
F11_rob_0086,pedersen2025_morpheus_t48m_paid_any_any,robinsi_2_selection,serious,serious,agree,"dissertation_shared_folder/Data Extraction Papers/EIP-19-0.pdf; PDF pp2,4-5, Design, Results and Fig.1; PDF p9, Strengths and limitations",Codex AI independent verification agent 1,2026-10-01,rationale_repaired_judgement_retained,"The comparison is selected by non-standardised prospective Morpheus assessment versus retrospective identification of potentially eligible controls. Among OPUS patients eligible by age and programme duration,116/283 in Aarhus versus 130/216 in Aalborg were selected. Additionally OPUS participation of 1-2.5 years was required, conditioning entry on post-baseline retention. These factors support serious selection concerns for the intervention effect."
F11_rob_0087,pedersen2025_morpheus_t48m_paid_any_any,robinsi_3_classification,moderate,moderate,agree,"dissertation_shared_folder/Data Extraction Papers/EIP-19-0.pdf; Methods 2.4 and 2.5, p. 3 of 11; Discussion, Strengths and Limitations, p. 9 of 11",Codex AI independent verification agent 1,2026-10-01,source_checked_judgement_retained,"Intervention status is defined by site and by a recorded Morpheus inclusion date, so it is well defined and not determined by the outcome. However, the comparator's content is unknown: ""we lacked information on the standard vocational rehabilitation received by patients, which may have included IPS, potentially blurring the distinction between the two interventions""."
F11_rob_0088,pedersen2025_morpheus_t48m_paid_any_any,robinsi_4_deviations,moderate,moderate,agree,"dissertation_shared_folder/Data Extraction Papers/EIP-19-0.pdf; PDF pp2-3, Interventions; PDF pp5,9, initiation timing and limitations",Codex AI independent verification agent 1,2026-10-01,rationale_repaired_judgement_retained,"The 48-month endpoint/2-4 year period occurs after intervention initiation, but continuation and additional vocational help remain incompletely documented. The assignment and adherence estimand is not fully specified; usual-care sites could provide overlapping vocational assistance. Moderate concern is retained provisionally because exposure/adherence and co-interventions are insufficiently documented, rather than asserting that every such overlap is a protocol deviation."
F11_rob_0089,pedersen2025_morpheus_t48m_paid_any_any,robinsi_5_missing_data,low,low,agree,"dissertation_shared_folder/Data Extraction Papers/EIP-19-0.pdf; Methods 2.6.2, p. 3 of 11; Discussion, Strengths and Limitations, p. 9 of 11",Codex AI independent verification agent 1,2026-10-01,source_checked_judgement_retained,"Outcomes come from complete national registers (DREAM, the Danish National Patient Register, the Danish National Prescription Registry and Statistics Denmark) linked by the personal identification number, and the authors describe ""complete follow-up"". No participant is lost to outcome ascertainment."
F11_rob_0090,pedersen2025_morpheus_t48m_paid_any_any,robinsi_6_outcome_measurement,low,low,agree,"dissertation_shared_folder/Data Extraction Papers/EIP-19-0.pdf; Methods 2.6.2, p. 3 of 11",Codex AI independent verification agent 1,2026-10-01,source_checked_judgement_retained,"Employment, education and non-competitive employment are read from DREAM identically for both groups, with the register validated against workplace-registered sick leave and self-reported income. Outcome ascertainment cannot be influenced by knowledge of intervention status."
F11_rob_0091,pedersen2025_morpheus_t48m_paid_any_any,robinsi_7_selective_reporting,moderate,moderate,agree,"dissertation_shared_folder/Data Extraction Papers/EIP-19-0.pdf; PDF p4, Primary Outcomes and Statistical analyses; PDF p7, Table2; PDF p9, Ethics Statement",Codex AI independent verification agent 1,2026-10-01,rationale_repaired_judgement_retained,"The methods specify employment, education and non-competitive employment at 2/4 years and any employment in separate 0-2/2-4 year periods, with crude and adjusted comparisons reported in Table 2. An administrative research-project registration is listed, but no prospective analysis protocol is supplied. Prespecification of result selection is therefore unverified; a moderate concern is retained. It is inaccurate to say no study registration is cited or the methods leave outcomes wholly unprioritised."
F11_rob_0092,pedersen2025_morpheus_t48m_paid_any_any,robinsi_overall,serious,serious,agree,dissertation_shared_folder/Data Extraction Papers/EIP-19-0.pdf; Whole report,Codex AI independent verification agent 1,2026-10-01,source_checked_judgement_retained,"Serious risk of bias, driven by domains 1 and 2: a non-randomised between-site comparison with significant baseline imbalance on the strongest predictors of the outcome, limited adjustment, and a comparator group constructed retrospectively by record review against a non-standardised eligibility judgement. Register-based outcome ascertainment is a genuine strength and keeps the missing-data and measurement domains low, but it cannot repair the allocation."
F11_rob_0093,pedersen2025_standard_t48m_paid_any_any,robinsi_1_confounding,serious,serious,agree,"dissertation_shared_folder/Data Extraction Papers/EIP-19-0.pdf; Table 1, p. 6 of 11; Methods 2.8, p. 4 of 11; Discussion and Conclusion, pp. 9 of 11",Codex AI independent verification agent 1,2026-10-01,source_checked_judgement_retained,"Allocation is by hospital and region, not by participant. The groups differ significantly at baseline on employment status (p = 0.02) and completed education (p = 0.02), the two variables most predictive of the outcome, and on year of OPUS inclusion (p = 0.04) because the Aalborg catchment expanded in mid-2015. Adjustment covers only gender, age, education and baseline employment status; nothing adjusts for regional labour markets, symptom severity or service organisation, and the authors themselves attribute part of their findings to ""administrative differences between the two regions and hospitals""."
F11_rob_0094,pedersen2025_standard_t48m_paid_any_any,robinsi_2_selection,serious,serious,agree,"dissertation_shared_folder/Data Extraction Papers/EIP-19-0.pdf; PDF pp2,4-5, Design, Results and Fig.1; PDF p9, Strengths and limitations",Codex AI independent verification agent 1,2026-10-01,rationale_repaired_judgement_retained,"The comparison is selected by non-standardised prospective Morpheus assessment versus retrospective identification of potentially eligible controls. Among OPUS patients eligible by age and programme duration,116/283 in Aarhus versus 130/216 in Aalborg were selected. Additionally OPUS participation of 1-2.5 years was required, conditioning entry on post-baseline retention. These factors support serious selection concerns for the intervention effect."
F11_rob_0095,pedersen2025_standard_t48m_paid_any_any,robinsi_3_classification,moderate,moderate,agree,"dissertation_shared_folder/Data Extraction Papers/EIP-19-0.pdf; Methods 2.4 and 2.5, p. 3 of 11; Discussion, Strengths and Limitations, p. 9 of 11",Codex AI independent verification agent 1,2026-10-01,source_checked_judgement_retained,"Intervention status is defined by site and by a recorded Morpheus inclusion date, so it is well defined and not determined by the outcome. However, the comparator's content is unknown: ""we lacked information on the standard vocational rehabilitation received by patients, which may have included IPS, potentially blurring the distinction between the two interventions""."
F11_rob_0096,pedersen2025_standard_t48m_paid_any_any,robinsi_4_deviations,moderate,moderate,agree,"dissertation_shared_folder/Data Extraction Papers/EIP-19-0.pdf; PDF pp2-3, Interventions; PDF pp5,9, initiation timing and limitations",Codex AI independent verification agent 1,2026-10-01,rationale_repaired_judgement_retained,"The 48-month endpoint/2-4 year period occurs after intervention initiation, but continuation and additional vocational help remain incompletely documented. The assignment and adherence estimand is not fully specified; usual-care sites could provide overlapping vocational assistance. Moderate concern is retained provisionally because exposure/adherence and co-interventions are insufficiently documented, rather than asserting that every such overlap is a protocol deviation."
F11_rob_0097,pedersen2025_standard_t48m_paid_any_any,robinsi_5_missing_data,low,low,agree,"dissertation_shared_folder/Data Extraction Papers/EIP-19-0.pdf; Methods 2.6.2, p. 3 of 11; Discussion, Strengths and Limitations, p. 9 of 11",Codex AI independent verification agent 1,2026-10-01,source_checked_judgement_retained,"Outcomes come from complete national registers (DREAM, the Danish National Patient Register, the Danish National Prescription Registry and Statistics Denmark) linked by the personal identification number, and the authors describe ""complete follow-up"". No participant is lost to outcome ascertainment."
F11_rob_0098,pedersen2025_standard_t48m_paid_any_any,robinsi_6_outcome_measurement,low,low,agree,"dissertation_shared_folder/Data Extraction Papers/EIP-19-0.pdf; Methods 2.6.2, p. 3 of 11",Codex AI independent verification agent 1,2026-10-01,source_checked_judgement_retained,"Employment, education and non-competitive employment are read from DREAM identically for both groups, with the register validated against workplace-registered sick leave and self-reported income. Outcome ascertainment cannot be influenced by knowledge of intervention status."
F11_rob_0099,pedersen2025_standard_t48m_paid_any_any,robinsi_7_selective_reporting,moderate,moderate,agree,"dissertation_shared_folder/Data Extraction Papers/EIP-19-0.pdf; PDF p4, Primary Outcomes and Statistical analyses; PDF p7, Table2; PDF p9, Ethics Statement",Codex AI independent verification agent 1,2026-10-01,rationale_repaired_judgement_retained,"The methods specify employment, education and non-competitive employment at 2/4 years and any employment in separate 0-2/2-4 year periods, with crude and adjusted comparisons reported in Table 2. An administrative research-project registration is listed, but no prospective analysis protocol is supplied. Prespecification of result selection is therefore unverified; a moderate concern is retained. It is inaccurate to say no study registration is cited or the methods leave outcomes wholly unprioritised."
F11_rob_0100,pedersen2025_standard_t48m_paid_any_any,robinsi_overall,serious,serious,agree,dissertation_shared_folder/Data Extraction Papers/EIP-19-0.pdf; Whole report,Codex AI independent verification agent 1,2026-10-01,source_checked_judgement_retained,"Serious risk of bias, driven by domains 1 and 2: a non-randomised between-site comparison with significant baseline imbalance on the strongest predictors of the outcome, limited adjustment, and a comparator group constructed retrospectively by record review against a non-standardised eligibility judgement. Register-based outcome ascertainment is a genuine strength and keeps the missing-data and measurement domains low, but it cannot repair the allocation."
F11_rob_0101,pedersen2025_morpheus_t24m_edu_point,robinsi_1_confounding,serious,serious,agree,"dissertation_shared_folder/Data Extraction Papers/EIP-19-0.pdf; Table 1, p. 6 of 11; Methods 2.8, p. 4 of 11; Discussion and Conclusion, pp. 9 of 11",Codex AI independent verification agent 1,2026-10-01,source_checked_judgement_retained,"Allocation is by hospital and region, not by participant. The groups differ significantly at baseline on employment status (p = 0.02) and completed education (p = 0.02), the two variables most predictive of the outcome, and on year of OPUS inclusion (p = 0.04) because the Aalborg catchment expanded in mid-2015. Adjustment covers only gender, age, education and baseline employment status; nothing adjusts for regional labour markets, symptom severity or service organisation, and the authors themselves attribute part of their findings to ""administrative differences between the two regions and hospitals""."
F11_rob_0102,pedersen2025_morpheus_t24m_edu_point,robinsi_2_selection,serious,serious,agree,"dissertation_shared_folder/Data Extraction Papers/EIP-19-0.pdf; PDF pp2,4-5, Design, Results and Fig.1; PDF p9, Strengths and limitations",Codex AI independent verification agent 1,2026-10-01,rationale_repaired_judgement_retained,"The comparison is selected by non-standardised prospective Morpheus assessment versus retrospective identification of potentially eligible controls. Among OPUS patients eligible by age and programme duration,116/283 in Aarhus versus 130/216 in Aalborg were selected. Additionally OPUS participation of 1-2.5 years was required, conditioning entry on post-baseline retention. These factors support serious selection concerns for the intervention effect."
F11_rob_0103,pedersen2025_morpheus_t24m_edu_point,robinsi_3_classification,moderate,moderate,agree,"dissertation_shared_folder/Data Extraction Papers/EIP-19-0.pdf; Methods 2.4 and 2.5, p. 3 of 11; Discussion, Strengths and Limitations, p. 9 of 11",Codex AI independent verification agent 1,2026-10-01,source_checked_judgement_retained,"Intervention status is defined by site and by a recorded Morpheus inclusion date, so it is well defined and not determined by the outcome. However, the comparator's content is unknown: ""we lacked information on the standard vocational rehabilitation received by patients, which may have included IPS, potentially blurring the distinction between the two interventions""."
F11_rob_0104,pedersen2025_morpheus_t24m_edu_point,robinsi_4_deviations,moderate,moderate,agree,"dissertation_shared_folder/Data Extraction Papers/EIP-19-0.pdf; PDF pp2-3, Interventions; PDF pp5,9, initiation timing and limitations",Codex AI independent verification agent 1,2026-10-01,rationale_repaired_judgement_retained,"The 24-month point status is measured after intervention initiation, a median 183.5 days after OPUS baseline. The assignment and adherence estimand is not fully specified; usual-care sites could provide overlapping vocational assistance. Moderate concern is retained provisionally because exposure/adherence and co-interventions are insufficiently documented, rather than asserting that every such overlap is a protocol deviation."
F11_rob_0105,pedersen2025_morpheus_t24m_edu_point,robinsi_5_missing_data,low,low,agree,"dissertation_shared_folder/Data Extraction Papers/EIP-19-0.pdf; Methods 2.6.2, p. 3 of 11; Discussion, Strengths and Limitations, p. 9 of 11",Codex AI independent verification agent 1,2026-10-01,source_checked_judgement_retained,"Outcomes come from complete national registers (DREAM, the Danish National Patient Register, the Danish National Prescription Registry and Statistics Denmark) linked by the personal identification number, and the authors describe ""complete follow-up"". No participant is lost to outcome ascertainment."
F11_rob_0106,pedersen2025_morpheus_t24m_edu_point,robinsi_6_outcome_measurement,low,low,agree,"dissertation_shared_folder/Data Extraction Papers/EIP-19-0.pdf; Methods 2.6.2, p. 3 of 11",Codex AI independent verification agent 1,2026-10-01,source_checked_judgement_retained,"Employment, education and non-competitive employment are read from DREAM identically for both groups, with the register validated against workplace-registered sick leave and self-reported income. Outcome ascertainment cannot be influenced by knowledge of intervention status."
F11_rob_0107,pedersen2025_morpheus_t24m_edu_point,robinsi_7_selective_reporting,moderate,moderate,agree,"dissertation_shared_folder/Data Extraction Papers/EIP-19-0.pdf; PDF p4, Primary Outcomes and Statistical analyses; PDF p7, Table2; PDF p9, Ethics Statement",Codex AI independent verification agent 1,2026-10-01,rationale_repaired_judgement_retained,"The methods specify employment, education and non-competitive employment at 2/4 years and any employment in separate 0-2/2-4 year periods, with crude and adjusted comparisons reported in Table 2. An administrative research-project registration is listed, but no prospective analysis protocol is supplied. Prespecification of result selection is therefore unverified; a moderate concern is retained. It is inaccurate to say no study registration is cited or the methods leave outcomes wholly unprioritised."
F11_rob_0108,pedersen2025_morpheus_t24m_edu_point,robinsi_overall,serious,serious,agree,dissertation_shared_folder/Data Extraction Papers/EIP-19-0.pdf; Whole report,Codex AI independent verification agent 1,2026-10-01,source_checked_judgement_retained,"Serious risk of bias, driven by domains 1 and 2: a non-randomised between-site comparison with significant baseline imbalance on the strongest predictors of the outcome, limited adjustment, and a comparator group constructed retrospectively by record review against a non-standardised eligibility judgement. Register-based outcome ascertainment is a genuine strength and keeps the missing-data and measurement domains low, but it cannot repair the allocation."
F11_rob_0109,pedersen2025_standard_t24m_edu_point,robinsi_1_confounding,serious,serious,agree,"dissertation_shared_folder/Data Extraction Papers/EIP-19-0.pdf; Table 1, p. 6 of 11; Methods 2.8, p. 4 of 11; Discussion and Conclusion, pp. 9 of 11",Codex AI independent verification agent 1,2026-10-01,source_checked_judgement_retained,"Allocation is by hospital and region, not by participant. The groups differ significantly at baseline on employment status (p = 0.02) and completed education (p = 0.02), the two variables most predictive of the outcome, and on year of OPUS inclusion (p = 0.04) because the Aalborg catchment expanded in mid-2015. Adjustment covers only gender, age, education and baseline employment status; nothing adjusts for regional labour markets, symptom severity or service organisation, and the authors themselves attribute part of their findings to ""administrative differences between the two regions and hospitals""."
F11_rob_0110,pedersen2025_standard_t24m_edu_point,robinsi_2_selection,serious,serious,agree,"dissertation_shared_folder/Data Extraction Papers/EIP-19-0.pdf; PDF pp2,4-5, Design, Results and Fig.1; PDF p9, Strengths and limitations",Codex AI independent verification agent 1,2026-10-01,rationale_repaired_judgement_retained,"The comparison is selected by non-standardised prospective Morpheus assessment versus retrospective identification of potentially eligible controls. Among OPUS patients eligible by age and programme duration,116/283 in Aarhus versus 130/216 in Aalborg were selected. Additionally OPUS participation of 1-2.5 years was required, conditioning entry on post-baseline retention. These factors support serious selection concerns for the intervention effect."
F11_rob_0111,pedersen2025_standard_t24m_edu_point,robinsi_3_classification,moderate,moderate,agree,"dissertation_shared_folder/Data Extraction Papers/EIP-19-0.pdf; Methods 2.4 and 2.5, p. 3 of 11; Discussion, Strengths and Limitations, p. 9 of 11",Codex AI independent verification agent 1,2026-10-01,source_checked_judgement_retained,"Intervention status is defined by site and by a recorded Morpheus inclusion date, so it is well defined and not determined by the outcome. However, the comparator's content is unknown: ""we lacked information on the standard vocational rehabilitation received by patients, which may have included IPS, potentially blurring the distinction between the two interventions""."
F11_rob_0112,pedersen2025_standard_t24m_edu_point,robinsi_4_deviations,moderate,moderate,agree,"dissertation_shared_folder/Data Extraction Papers/EIP-19-0.pdf; PDF pp2-3, Interventions; PDF pp5,9, initiation timing and limitations",Codex AI independent verification agent 1,2026-10-01,rationale_repaired_judgement_retained,"The 24-month point status is measured after intervention initiation, a median 183.5 days after OPUS baseline. The assignment and adherence estimand is not fully specified; usual-care sites could provide overlapping vocational assistance. Moderate concern is retained provisionally because exposure/adherence and co-interventions are insufficiently documented, rather than asserting that every such overlap is a protocol deviation."
F11_rob_0113,pedersen2025_standard_t24m_edu_point,robinsi_5_missing_data,low,low,agree,"dissertation_shared_folder/Data Extraction Papers/EIP-19-0.pdf; Methods 2.6.2, p. 3 of 11; Discussion, Strengths and Limitations, p. 9 of 11",Codex AI independent verification agent 1,2026-10-01,source_checked_judgement_retained,"Outcomes come from complete national registers (DREAM, the Danish National Patient Register, the Danish National Prescription Registry and Statistics Denmark) linked by the personal identification number, and the authors describe ""complete follow-up"". No participant is lost to outcome ascertainment."
F11_rob_0114,pedersen2025_standard_t24m_edu_point,robinsi_6_outcome_measurement,low,low,agree,"dissertation_shared_folder/Data Extraction Papers/EIP-19-0.pdf; Methods 2.6.2, p. 3 of 11",Codex AI independent verification agent 1,2026-10-01,source_checked_judgement_retained,"Employment, education and non-competitive employment are read from DREAM identically for both groups, with the register validated against workplace-registered sick leave and self-reported income. Outcome ascertainment cannot be influenced by knowledge of intervention status."
F11_rob_0115,pedersen2025_standard_t24m_edu_point,robinsi_7_selective_reporting,moderate,moderate,agree,"dissertation_shared_folder/Data Extraction Papers/EIP-19-0.pdf; PDF p4, Primary Outcomes and Statistical analyses; PDF p7, Table2; PDF p9, Ethics Statement",Codex AI independent verification agent 1,2026-10-01,rationale_repaired_judgement_retained,"The methods specify employment, education and non-competitive employment at 2/4 years and any employment in separate 0-2/2-4 year periods, with crude and adjusted comparisons reported in Table 2. An administrative research-project registration is listed, but no prospective analysis protocol is supplied. Prespecification of result selection is therefore unverified; a moderate concern is retained. It is inaccurate to say no study registration is cited or the methods leave outcomes wholly unprioritised."
F11_rob_0116,pedersen2025_standard_t24m_edu_point,robinsi_overall,serious,serious,agree,dissertation_shared_folder/Data Extraction Papers/EIP-19-0.pdf; Whole report,Codex AI independent verification agent 1,2026-10-01,source_checked_judgement_retained,"Serious risk of bias, driven by domains 1 and 2: a non-randomised between-site comparison with significant baseline imbalance on the strongest predictors of the outcome, limited adjustment, and a comparator group constructed retrospectively by record review against a non-standardised eligibility judgement. Register-based outcome ascertainment is a genuine strength and keeps the missing-data and measurement domains low, but it cannot repair the allocation."
F11_rob_0117,pedersen2025_morpheus_t48m_edu_point,robinsi_1_confounding,serious,serious,agree,"dissertation_shared_folder/Data Extraction Papers/EIP-19-0.pdf; Table 1, p. 6 of 11; Methods 2.8, p. 4 of 11; Discussion and Conclusion, pp. 9 of 11",Codex AI independent verification agent 1,2026-10-01,source_checked_judgement_retained,"Allocation is by hospital and region, not by participant. The groups differ significantly at baseline on employment status (p = 0.02) and completed education (p = 0.02), the two variables most predictive of the outcome, and on year of OPUS inclusion (p = 0.04) because the Aalborg catchment expanded in mid-2015. Adjustment covers only gender, age, education and baseline employment status; nothing adjusts for regional labour markets, symptom severity or service organisation, and the authors themselves attribute part of their findings to ""administrative differences between the two regions and hospitals""."
F11_rob_0118,pedersen2025_morpheus_t48m_edu_point,robinsi_2_selection,serious,serious,agree,"dissertation_shared_folder/Data Extraction Papers/EIP-19-0.pdf; PDF pp2,4-5, Design, Results and Fig.1; PDF p9, Strengths and limitations",Codex AI independent verification agent 1,2026-10-01,rationale_repaired_judgement_retained,"The comparison is selected by non-standardised prospective Morpheus assessment versus retrospective identification of potentially eligible controls. Among OPUS patients eligible by age and programme duration,116/283 in Aarhus versus 130/216 in Aalborg were selected. Additionally OPUS participation of 1-2.5 years was required, conditioning entry on post-baseline retention. These factors support serious selection concerns for the intervention effect."
F11_rob_0119,pedersen2025_morpheus_t48m_edu_point,robinsi_3_classification,moderate,moderate,agree,"dissertation_shared_folder/Data Extraction Papers/EIP-19-0.pdf; Methods 2.4 and 2.5, p. 3 of 11; Discussion, Strengths and Limitations, p. 9 of 11",Codex AI independent verification agent 1,2026-10-01,source_checked_judgement_retained,"Intervention status is defined by site and by a recorded Morpheus inclusion date, so it is well defined and not determined by the outcome. However, the comparator's content is unknown: ""we lacked information on the standard vocational rehabilitation received by patients, which may have included IPS, potentially blurring the distinction between the two interventions""."
F11_rob_0120,pedersen2025_morpheus_t48m_edu_point,robinsi_4_deviations,moderate,moderate,agree,"dissertation_shared_folder/Data Extraction Papers/EIP-19-0.pdf; PDF pp2-3, Interventions; PDF pp5,9, initiation timing and limitations",Codex AI independent verification agent 1,2026-10-01,rationale_repaired_judgement_retained,"The 48-month endpoint/2-4 year period occurs after intervention initiation, but continuation and additional vocational help remain incompletely documented. The assignment and adherence estimand is not fully specified; usual-care sites could provide overlapping vocational assistance. Moderate concern is retained provisionally because exposure/adherence and co-interventions are insufficiently documented, rather than asserting that every such overlap is a protocol deviation."
F11_rob_0121,pedersen2025_morpheus_t48m_edu_point,robinsi_5_missing_data,low,low,agree,"dissertation_shared_folder/Data Extraction Papers/EIP-19-0.pdf; Methods 2.6.2, p. 3 of 11; Discussion, Strengths and Limitations, p. 9 of 11",Codex AI independent verification agent 1,2026-10-01,source_checked_judgement_retained,"Outcomes come from complete national registers (DREAM, the Danish National Patient Register, the Danish National Prescription Registry and Statistics Denmark) linked by the personal identification number, and the authors describe ""complete follow-up"". No participant is lost to outcome ascertainment."
F11_rob_0122,pedersen2025_morpheus_t48m_edu_point,robinsi_6_outcome_measurement,low,low,agree,"dissertation_shared_folder/Data Extraction Papers/EIP-19-0.pdf; Methods 2.6.2, p. 3 of 11",Codex AI independent verification agent 1,2026-10-01,source_checked_judgement_retained,"Employment, education and non-competitive employment are read from DREAM identically for both groups, with the register validated against workplace-registered sick leave and self-reported income. Outcome ascertainment cannot be influenced by knowledge of intervention status."
F11_rob_0123,pedersen2025_morpheus_t48m_edu_point,robinsi_7_selective_reporting,moderate,moderate,agree,"dissertation_shared_folder/Data Extraction Papers/EIP-19-0.pdf; PDF p4, Primary Outcomes and Statistical analyses; PDF p7, Table2; PDF p9, Ethics Statement",Codex AI independent verification agent 1,2026-10-01,rationale_repaired_judgement_retained,"The methods specify employment, education and non-competitive employment at 2/4 years and any employment in separate 0-2/2-4 year periods, with crude and adjusted comparisons reported in Table 2. An administrative research-project registration is listed, but no prospective analysis protocol is supplied. Prespecification of result selection is therefore unverified; a moderate concern is retained. It is inaccurate to say no study registration is cited or the methods leave outcomes wholly unprioritised."
F11_rob_0124,pedersen2025_morpheus_t48m_edu_point,robinsi_overall,serious,serious,agree,dissertation_shared_folder/Data Extraction Papers/EIP-19-0.pdf; Whole report,Codex AI independent verification agent 1,2026-10-01,source_checked_judgement_retained,"Serious risk of bias, driven by domains 1 and 2: a non-randomised between-site comparison with significant baseline imbalance on the strongest predictors of the outcome, limited adjustment, and a comparator group constructed retrospectively by record review against a non-standardised eligibility judgement. Register-based outcome ascertainment is a genuine strength and keeps the missing-data and measurement domains low, but it cannot repair the allocation."
F11_rob_0125,pedersen2025_standard_t48m_edu_point,robinsi_1_confounding,serious,serious,agree,"dissertation_shared_folder/Data Extraction Papers/EIP-19-0.pdf; Table 1, p. 6 of 11; Methods 2.8, p. 4 of 11; Discussion and Conclusion, pp. 9 of 11",Codex AI independent verification agent 1,2026-10-01,source_checked_judgement_retained,"Allocation is by hospital and region, not by participant. The groups differ significantly at baseline on employment status (p = 0.02) and completed education (p = 0.02), the two variables most predictive of the outcome, and on year of OPUS inclusion (p = 0.04) because the Aalborg catchment expanded in mid-2015. Adjustment covers only gender, age, education and baseline employment status; nothing adjusts for regional labour markets, symptom severity or service organisation, and the authors themselves attribute part of their findings to ""administrative differences between the two regions and hospitals""."
F11_rob_0126,pedersen2025_standard_t48m_edu_point,robinsi_2_selection,serious,serious,agree,"dissertation_shared_folder/Data Extraction Papers/EIP-19-0.pdf; PDF pp2,4-5, Design, Results and Fig.1; PDF p9, Strengths and limitations",Codex AI independent verification agent 1,2026-10-01,rationale_repaired_judgement_retained,"The comparison is selected by non-standardised prospective Morpheus assessment versus retrospective identification of potentially eligible controls. Among OPUS patients eligible by age and programme duration,116/283 in Aarhus versus 130/216 in Aalborg were selected. Additionally OPUS participation of 1-2.5 years was required, conditioning entry on post-baseline retention. These factors support serious selection concerns for the intervention effect."
F11_rob_0127,pedersen2025_standard_t48m_edu_point,robinsi_3_classification,moderate,moderate,agree,"dissertation_shared_folder/Data Extraction Papers/EIP-19-0.pdf; Methods 2.4 and 2.5, p. 3 of 11; Discussion, Strengths and Limitations, p. 9 of 11",Codex AI independent verification agent 1,2026-10-01,source_checked_judgement_retained,"Intervention status is defined by site and by a recorded Morpheus inclusion date, so it is well defined and not determined by the outcome. However, the comparator's content is unknown: ""we lacked information on the standard vocational rehabilitation received by patients, which may have included IPS, potentially blurring the distinction between the two interventions""."
F11_rob_0128,pedersen2025_standard_t48m_edu_point,robinsi_4_deviations,moderate,moderate,agree,"dissertation_shared_folder/Data Extraction Papers/EIP-19-0.pdf; PDF pp2-3, Interventions; PDF pp5,9, initiation timing and limitations",Codex AI independent verification agent 1,2026-10-01,rationale_repaired_judgement_retained,"The 48-month endpoint/2-4 year period occurs after intervention initiation, but continuation and additional vocational help remain incompletely documented. The assignment and adherence estimand is not fully specified; usual-care sites could provide overlapping vocational assistance. Moderate concern is retained provisionally because exposure/adherence and co-interventions are insufficiently documented, rather than asserting that every such overlap is a protocol deviation."
F11_rob_0129,pedersen2025_standard_t48m_edu_point,robinsi_5_missing_data,low,low,agree,"dissertation_shared_folder/Data Extraction Papers/EIP-19-0.pdf; Methods 2.6.2, p. 3 of 11; Discussion, Strengths and Limitations, p. 9 of 11",Codex AI independent verification agent 1,2026-10-01,source_checked_judgement_retained,"Outcomes come from complete national registers (DREAM, the Danish National Patient Register, the Danish National Prescription Registry and Statistics Denmark) linked by the personal identification number, and the authors describe ""complete follow-up"". No participant is lost to outcome ascertainment."
F11_rob_0130,pedersen2025_standard_t48m_edu_point,robinsi_6_outcome_measurement,low,low,agree,"dissertation_shared_folder/Data Extraction Papers/EIP-19-0.pdf; Methods 2.6.2, p. 3 of 11",Codex AI independent verification agent 1,2026-10-01,source_checked_judgement_retained,"Employment, education and non-competitive employment are read from DREAM identically for both groups, with the register validated against workplace-registered sick leave and self-reported income. Outcome ascertainment cannot be influenced by knowledge of intervention status."
F11_rob_0131,pedersen2025_standard_t48m_edu_point,robinsi_7_selective_reporting,moderate,moderate,agree,"dissertation_shared_folder/Data Extraction Papers/EIP-19-0.pdf; PDF p4, Primary Outcomes and Statistical analyses; PDF p7, Table2; PDF p9, Ethics Statement",Codex AI independent verification agent 1,2026-10-01,rationale_repaired_judgement_retained,"The methods specify employment, education and non-competitive employment at 2/4 years and any employment in separate 0-2/2-4 year periods, with crude and adjusted comparisons reported in Table 2. An administrative research-project registration is listed, but no prospective analysis protocol is supplied. Prespecification of result selection is therefore unverified; a moderate concern is retained. It is inaccurate to say no study registration is cited or the methods leave outcomes wholly unprioritised."
F11_rob_0132,pedersen2025_standard_t48m_edu_point,robinsi_overall,serious,serious,agree,dissertation_shared_folder/Data Extraction Papers/EIP-19-0.pdf; Whole report,Codex AI independent verification agent 1,2026-10-01,source_checked_judgement_retained,"Serious risk of bias, driven by domains 1 and 2: a non-randomised between-site comparison with significant baseline imbalance on the strongest predictors of the outcome, limited adjustment, and a comparator group constructed retrospectively by record review against a non-standardised eligibility judgement. Register-based outcome ascertainment is a genuine strength and keeps the missing-data and measurement domains low, but it cannot repair the allocation."
F11_rob_0133,pedersen2025_morpheus_t24m_noncomp_point,robinsi_1_confounding,serious,serious,agree,"dissertation_shared_folder/Data Extraction Papers/EIP-19-0.pdf; Table 1, p. 6 of 11; Methods 2.8, p. 4 of 11; Discussion and Conclusion, pp. 9 of 11",Codex AI independent verification agent 1,2026-10-01,source_checked_judgement_retained,"Allocation is by hospital and region, not by participant. The groups differ significantly at baseline on employment status (p = 0.02) and completed education (p = 0.02), the two variables most predictive of the outcome, and on year of OPUS inclusion (p = 0.04) because the Aalborg catchment expanded in mid-2015. Adjustment covers only gender, age, education and baseline employment status; nothing adjusts for regional labour markets, symptom severity or service organisation, and the authors themselves attribute part of their findings to ""administrative differences between the two regions and hospitals""."
F11_rob_0134,pedersen2025_morpheus_t24m_noncomp_point,robinsi_2_selection,serious,serious,agree,"dissertation_shared_folder/Data Extraction Papers/EIP-19-0.pdf; PDF pp2,4-5, Design, Results and Fig.1; PDF p9, Strengths and limitations",Codex AI independent verification agent 1,2026-10-01,rationale_repaired_judgement_retained,"The comparison is selected by non-standardised prospective Morpheus assessment versus retrospective identification of potentially eligible controls. Among OPUS patients eligible by age and programme duration,116/283 in Aarhus versus 130/216 in Aalborg were selected. Additionally OPUS participation of 1-2.5 years was required, conditioning entry on post-baseline retention. These factors support serious selection concerns for the intervention effect."
F11_rob_0135,pedersen2025_morpheus_t24m_noncomp_point,robinsi_3_classification,moderate,moderate,agree,"dissertation_shared_folder/Data Extraction Papers/EIP-19-0.pdf; Methods 2.4 and 2.5, p. 3 of 11; Discussion, Strengths and Limitations, p. 9 of 11",Codex AI independent verification agent 1,2026-10-01,source_checked_judgement_retained,"Intervention status is defined by site and by a recorded Morpheus inclusion date, so it is well defined and not determined by the outcome. However, the comparator's content is unknown: ""we lacked information on the standard vocational rehabilitation received by patients, which may have included IPS, potentially blurring the distinction between the two interventions""."
F11_rob_0136,pedersen2025_morpheus_t24m_noncomp_point,robinsi_4_deviations,moderate,moderate,agree,"dissertation_shared_folder/Data Extraction Papers/EIP-19-0.pdf; PDF pp2-3, Interventions; PDF pp5,9, initiation timing and limitations",Codex AI independent verification agent 1,2026-10-01,rationale_repaired_judgement_retained,"The 24-month point status is measured after intervention initiation, a median 183.5 days after OPUS baseline. The assignment and adherence estimand is not fully specified; usual-care sites could provide overlapping vocational assistance. Moderate concern is retained provisionally because exposure/adherence and co-interventions are insufficiently documented, rather than asserting that every such overlap is a protocol deviation."
F11_rob_0137,pedersen2025_morpheus_t24m_noncomp_point,robinsi_5_missing_data,low,low,agree,"dissertation_shared_folder/Data Extraction Papers/EIP-19-0.pdf; Methods 2.6.2, p. 3 of 11; Discussion, Strengths and Limitations, p. 9 of 11",Codex AI independent verification agent 1,2026-10-01,source_checked_judgement_retained,"Outcomes come from complete national registers (DREAM, the Danish National Patient Register, the Danish National Prescription Registry and Statistics Denmark) linked by the personal identification number, and the authors describe ""complete follow-up"". No participant is lost to outcome ascertainment."
F11_rob_0138,pedersen2025_morpheus_t24m_noncomp_point,robinsi_6_outcome_measurement,low,low,agree,"dissertation_shared_folder/Data Extraction Papers/EIP-19-0.pdf; Methods 2.6.2, p. 3 of 11",Codex AI independent verification agent 1,2026-10-01,source_checked_judgement_retained,"Employment, education and non-competitive employment are read from DREAM identically for both groups, with the register validated against workplace-registered sick leave and self-reported income. Outcome ascertainment cannot be influenced by knowledge of intervention status."
F11_rob_0139,pedersen2025_morpheus_t24m_noncomp_point,robinsi_7_selective_reporting,moderate,moderate,agree,"dissertation_shared_folder/Data Extraction Papers/EIP-19-0.pdf; PDF p4, Primary Outcomes and Statistical analyses; PDF p7, Table2; PDF p9, Ethics Statement",Codex AI independent verification agent 1,2026-10-01,rationale_repaired_judgement_retained,"The methods specify employment, education and non-competitive employment at 2/4 years and any employment in separate 0-2/2-4 year periods, with crude and adjusted comparisons reported in Table 2. An administrative research-project registration is listed, but no prospective analysis protocol is supplied. Prespecification of result selection is therefore unverified; a moderate concern is retained. It is inaccurate to say no study registration is cited or the methods leave outcomes wholly unprioritised."
F11_rob_0140,pedersen2025_morpheus_t24m_noncomp_point,robinsi_overall,serious,serious,agree,dissertation_shared_folder/Data Extraction Papers/EIP-19-0.pdf; Whole report,Codex AI independent verification agent 1,2026-10-01,source_checked_judgement_retained,"Serious risk of bias, driven by domains 1 and 2: a non-randomised between-site comparison with significant baseline imbalance on the strongest predictors of the outcome, limited adjustment, and a comparator group constructed retrospectively by record review against a non-standardised eligibility judgement. Register-based outcome ascertainment is a genuine strength and keeps the missing-data and measurement domains low, but it cannot repair the allocation."
F11_rob_0141,pedersen2025_standard_t24m_noncomp_point,robinsi_1_confounding,serious,serious,agree,"dissertation_shared_folder/Data Extraction Papers/EIP-19-0.pdf; Table 1, p. 6 of 11; Methods 2.8, p. 4 of 11; Discussion and Conclusion, pp. 9 of 11",Codex AI independent verification agent 1,2026-10-01,source_checked_judgement_retained,"Allocation is by hospital and region, not by participant. The groups differ significantly at baseline on employment status (p = 0.02) and completed education (p = 0.02), the two variables most predictive of the outcome, and on year of OPUS inclusion (p = 0.04) because the Aalborg catchment expanded in mid-2015. Adjustment covers only gender, age, education and baseline employment status; nothing adjusts for regional labour markets, symptom severity or service organisation, and the authors themselves attribute part of their findings to ""administrative differences between the two regions and hospitals""."
F11_rob_0142,pedersen2025_standard_t24m_noncomp_point,robinsi_2_selection,serious,serious,agree,"dissertation_shared_folder/Data Extraction Papers/EIP-19-0.pdf; PDF pp2,4-5, Design, Results and Fig.1; PDF p9, Strengths and limitations",Codex AI independent verification agent 1,2026-10-01,rationale_repaired_judgement_retained,"The comparison is selected by non-standardised prospective Morpheus assessment versus retrospective identification of potentially eligible controls. Among OPUS patients eligible by age and programme duration,116/283 in Aarhus versus 130/216 in Aalborg were selected. Additionally OPUS participation of 1-2.5 years was required, conditioning entry on post-baseline retention. These factors support serious selection concerns for the intervention effect."
F11_rob_0143,pedersen2025_standard_t24m_noncomp_point,robinsi_3_classification,moderate,moderate,agree,"dissertation_shared_folder/Data Extraction Papers/EIP-19-0.pdf; Methods 2.4 and 2.5, p. 3 of 11; Discussion, Strengths and Limitations, p. 9 of 11",Codex AI independent verification agent 1,2026-10-01,source_checked_judgement_retained,"Intervention status is defined by site and by a recorded Morpheus inclusion date, so it is well defined and not determined by the outcome. However, the comparator's content is unknown: ""we lacked information on the standard vocational rehabilitation received by patients, which may have included IPS, potentially blurring the distinction between the two interventions""."
F11_rob_0144,pedersen2025_standard_t24m_noncomp_point,robinsi_4_deviations,moderate,moderate,agree,"dissertation_shared_folder/Data Extraction Papers/EIP-19-0.pdf; PDF pp2-3, Interventions; PDF pp5,9, initiation timing and limitations",Codex AI independent verification agent 1,2026-10-01,rationale_repaired_judgement_retained,"The 24-month point status is measured after intervention initiation, a median 183.5 days after OPUS baseline. The assignment and adherence estimand is not fully specified; usual-care sites could provide overlapping vocational assistance. Moderate concern is retained provisionally because exposure/adherence and co-interventions are insufficiently documented, rather than asserting that every such overlap is a protocol deviation."
F11_rob_0145,pedersen2025_standard_t24m_noncomp_point,robinsi_5_missing_data,low,low,agree,"dissertation_shared_folder/Data Extraction Papers/EIP-19-0.pdf; Methods 2.6.2, p. 3 of 11; Discussion, Strengths and Limitations, p. 9 of 11",Codex AI independent verification agent 1,2026-10-01,source_checked_judgement_retained,"Outcomes come from complete national registers (DREAM, the Danish National Patient Register, the Danish National Prescription Registry and Statistics Denmark) linked by the personal identification number, and the authors describe ""complete follow-up"". No participant is lost to outcome ascertainment."
F11_rob_0146,pedersen2025_standard_t24m_noncomp_point,robinsi_6_outcome_measurement,low,low,agree,"dissertation_shared_folder/Data Extraction Papers/EIP-19-0.pdf; Methods 2.6.2, p. 3 of 11",Codex AI independent verification agent 1,2026-10-01,source_checked_judgement_retained,"Employment, education and non-competitive employment are read from DREAM identically for both groups, with the register validated against workplace-registered sick leave and self-reported income. Outcome ascertainment cannot be influenced by knowledge of intervention status."
F11_rob_0147,pedersen2025_standard_t24m_noncomp_point,robinsi_7_selective_reporting,moderate,moderate,agree,"dissertation_shared_folder/Data Extraction Papers/EIP-19-0.pdf; PDF p4, Primary Outcomes and Statistical analyses; PDF p7, Table2; PDF p9, Ethics Statement",Codex AI independent verification agent 1,2026-10-01,rationale_repaired_judgement_retained,"The methods specify employment, education and non-competitive employment at 2/4 years and any employment in separate 0-2/2-4 year periods, with crude and adjusted comparisons reported in Table 2. An administrative research-project registration is listed, but no prospective analysis protocol is supplied. Prespecification of result selection is therefore unverified; a moderate concern is retained. It is inaccurate to say no study registration is cited or the methods leave outcomes wholly unprioritised."
F11_rob_0148,pedersen2025_standard_t24m_noncomp_point,robinsi_overall,serious,serious,agree,dissertation_shared_folder/Data Extraction Papers/EIP-19-0.pdf; Whole report,Codex AI independent verification agent 1,2026-10-01,source_checked_judgement_retained,"Serious risk of bias, driven by domains 1 and 2: a non-randomised between-site comparison with significant baseline imbalance on the strongest predictors of the outcome, limited adjustment, and a comparator group constructed retrospectively by record review against a non-standardised eligibility judgement. Register-based outcome ascertainment is a genuine strength and keeps the missing-data and measurement domains low, but it cannot repair the allocation."
F11_rob_0149,pedersen2025_morpheus_t48m_noncomp_point,robinsi_1_confounding,serious,serious,agree,"dissertation_shared_folder/Data Extraction Papers/EIP-19-0.pdf; Table 1, p. 6 of 11; Methods 2.8, p. 4 of 11; Discussion and Conclusion, pp. 9 of 11",Codex AI independent verification agent 1,2026-10-01,source_checked_judgement_retained,"Allocation is by hospital and region, not by participant. The groups differ significantly at baseline on employment status (p = 0.02) and completed education (p = 0.02), the two variables most predictive of the outcome, and on year of OPUS inclusion (p = 0.04) because the Aalborg catchment expanded in mid-2015. Adjustment covers only gender, age, education and baseline employment status; nothing adjusts for regional labour markets, symptom severity or service organisation, and the authors themselves attribute part of their findings to ""administrative differences between the two regions and hospitals""."
F11_rob_0150,pedersen2025_morpheus_t48m_noncomp_point,robinsi_2_selection,serious,serious,agree,"dissertation_shared_folder/Data Extraction Papers/EIP-19-0.pdf; PDF pp2,4-5, Design, Results and Fig.1; PDF p9, Strengths and limitations",Codex AI independent verification agent 1,2026-10-01,rationale_repaired_judgement_retained,"The comparison is selected by non-standardised prospective Morpheus assessment versus retrospective identification of potentially eligible controls. Among OPUS patients eligible by age and programme duration,116/283 in Aarhus versus 130/216 in Aalborg were selected. Additionally OPUS participation of 1-2.5 years was required, conditioning entry on post-baseline retention. These factors support serious selection concerns for the intervention effect."
F11_rob_0151,pedersen2025_morpheus_t48m_noncomp_point,robinsi_3_classification,moderate,moderate,agree,"dissertation_shared_folder/Data Extraction Papers/EIP-19-0.pdf; Methods 2.4 and 2.5, p. 3 of 11; Discussion, Strengths and Limitations, p. 9 of 11",Codex AI independent verification agent 1,2026-10-01,source_checked_judgement_retained,"Intervention status is defined by site and by a recorded Morpheus inclusion date, so it is well defined and not determined by the outcome. However, the comparator's content is unknown: ""we lacked information on the standard vocational rehabilitation received by patients, which may have included IPS, potentially blurring the distinction between the two interventions""."
F11_rob_0152,pedersen2025_morpheus_t48m_noncomp_point,robinsi_4_deviations,moderate,moderate,agree,"dissertation_shared_folder/Data Extraction Papers/EIP-19-0.pdf; PDF pp2-3, Interventions; PDF pp5,9, initiation timing and limitations",Codex AI independent verification agent 1,2026-10-01,rationale_repaired_judgement_retained,"The 48-month endpoint/2-4 year period occurs after intervention initiation, but continuation and additional vocational help remain incompletely documented. The assignment and adherence estimand is not fully specified; usual-care sites could provide overlapping vocational assistance. Moderate concern is retained provisionally because exposure/adherence and co-interventions are insufficiently documented, rather than asserting that every such overlap is a protocol deviation."
F11_rob_0153,pedersen2025_morpheus_t48m_noncomp_point,robinsi_5_missing_data,low,low,agree,"dissertation_shared_folder/Data Extraction Papers/EIP-19-0.pdf; Methods 2.6.2, p. 3 of 11; Discussion, Strengths and Limitations, p. 9 of 11",Codex AI independent verification agent 1,2026-10-01,source_checked_judgement_retained,"Outcomes come from complete national registers (DREAM, the Danish National Patient Register, the Danish National Prescription Registry and Statistics Denmark) linked by the personal identification number, and the authors describe ""complete follow-up"". No participant is lost to outcome ascertainment."
F11_rob_0154,pedersen2025_morpheus_t48m_noncomp_point,robinsi_6_outcome_measurement,low,low,agree,"dissertation_shared_folder/Data Extraction Papers/EIP-19-0.pdf; Methods 2.6.2, p. 3 of 11",Codex AI independent verification agent 1,2026-10-01,source_checked_judgement_retained,"Employment, education and non-competitive employment are read from DREAM identically for both groups, with the register validated against workplace-registered sick leave and self-reported income. Outcome ascertainment cannot be influenced by knowledge of intervention status."
F11_rob_0155,pedersen2025_morpheus_t48m_noncomp_point,robinsi_7_selective_reporting,moderate,moderate,agree,"dissertation_shared_folder/Data Extraction Papers/EIP-19-0.pdf; PDF p4, Primary Outcomes and Statistical analyses; PDF p7, Table2; PDF p9, Ethics Statement",Codex AI independent verification agent 1,2026-10-01,rationale_repaired_judgement_retained,"The methods specify employment, education and non-competitive employment at 2/4 years and any employment in separate 0-2/2-4 year periods, with crude and adjusted comparisons reported in Table 2. An administrative research-project registration is listed, but no prospective analysis protocol is supplied. Prespecification of result selection is therefore unverified; a moderate concern is retained. It is inaccurate to say no study registration is cited or the methods leave outcomes wholly unprioritised."
F11_rob_0156,pedersen2025_morpheus_t48m_noncomp_point,robinsi_overall,serious,serious,agree,dissertation_shared_folder/Data Extraction Papers/EIP-19-0.pdf; Whole report,Codex AI independent verification agent 1,2026-10-01,source_checked_judgement_retained,"Serious risk of bias, driven by domains 1 and 2: a non-randomised between-site comparison with significant baseline imbalance on the strongest predictors of the outcome, limited adjustment, and a comparator group constructed retrospectively by record review against a non-standardised eligibility judgement. Register-based outcome ascertainment is a genuine strength and keeps the missing-data and measurement domains low, but it cannot repair the allocation."
F11_rob_0157,pedersen2025_standard_t48m_noncomp_point,robinsi_1_confounding,serious,serious,agree,"dissertation_shared_folder/Data Extraction Papers/EIP-19-0.pdf; Table 1, p. 6 of 11; Methods 2.8, p. 4 of 11; Discussion and Conclusion, pp. 9 of 11",Codex AI independent verification agent 1,2026-10-01,source_checked_judgement_retained,"Allocation is by hospital and region, not by participant. The groups differ significantly at baseline on employment status (p = 0.02) and completed education (p = 0.02), the two variables most predictive of the outcome, and on year of OPUS inclusion (p = 0.04) because the Aalborg catchment expanded in mid-2015. Adjustment covers only gender, age, education and baseline employment status; nothing adjusts for regional labour markets, symptom severity or service organisation, and the authors themselves attribute part of their findings to ""administrative differences between the two regions and hospitals""."
F11_rob_0158,pedersen2025_standard_t48m_noncomp_point,robinsi_2_selection,serious,serious,agree,"dissertation_shared_folder/Data Extraction Papers/EIP-19-0.pdf; PDF pp2,4-5, Design, Results and Fig.1; PDF p9, Strengths and limitations",Codex AI independent verification agent 1,2026-10-01,rationale_repaired_judgement_retained,"The comparison is selected by non-standardised prospective Morpheus assessment versus retrospective identification of potentially eligible controls. Among OPUS patients eligible by age and programme duration,116/283 in Aarhus versus 130/216 in Aalborg were selected. Additionally OPUS participation of 1-2.5 years was required, conditioning entry on post-baseline retention. These factors support serious selection concerns for the intervention effect."
F11_rob_0159,pedersen2025_standard_t48m_noncomp_point,robinsi_3_classification,moderate,moderate,agree,"dissertation_shared_folder/Data Extraction Papers/EIP-19-0.pdf; Methods 2.4 and 2.5, p. 3 of 11; Discussion, Strengths and Limitations, p. 9 of 11",Codex AI independent verification agent 1,2026-10-01,source_checked_judgement_retained,"Intervention status is defined by site and by a recorded Morpheus inclusion date, so it is well defined and not determined by the outcome. However, the comparator's content is unknown: ""we lacked information on the standard vocational rehabilitation received by patients, which may have included IPS, potentially blurring the distinction between the two interventions""."
F11_rob_0160,pedersen2025_standard_t48m_noncomp_point,robinsi_4_deviations,moderate,moderate,agree,"dissertation_shared_folder/Data Extraction Papers/EIP-19-0.pdf; PDF pp2-3, Interventions; PDF pp5,9, initiation timing and limitations",Codex AI independent verification agent 1,2026-10-01,rationale_repaired_judgement_retained,"The 48-month endpoint/2-4 year period occurs after intervention initiation, but continuation and additional vocational help remain incompletely documented. The assignment and adherence estimand is not fully specified; usual-care sites could provide overlapping vocational assistance. Moderate concern is retained provisionally because exposure/adherence and co-interventions are insufficiently documented, rather than asserting that every such overlap is a protocol deviation."
F11_rob_0161,pedersen2025_standard_t48m_noncomp_point,robinsi_5_missing_data,low,low,agree,"dissertation_shared_folder/Data Extraction Papers/EIP-19-0.pdf; Methods 2.6.2, p. 3 of 11; Discussion, Strengths and Limitations, p. 9 of 11",Codex AI independent verification agent 1,2026-10-01,source_checked_judgement_retained,"Outcomes come from complete national registers (DREAM, the Danish National Patient Register, the Danish National Prescription Registry and Statistics Denmark) linked by the personal identification number, and the authors describe ""complete follow-up"". No participant is lost to outcome ascertainment."
F11_rob_0162,pedersen2025_standard_t48m_noncomp_point,robinsi_6_outcome_measurement,low,low,agree,"dissertation_shared_folder/Data Extraction Papers/EIP-19-0.pdf; Methods 2.6.2, p. 3 of 11",Codex AI independent verification agent 1,2026-10-01,source_checked_judgement_retained,"Employment, education and non-competitive employment are read from DREAM identically for both groups, with the register validated against workplace-registered sick leave and self-reported income. Outcome ascertainment cannot be influenced by knowledge of intervention status."
F11_rob_0163,pedersen2025_standard_t48m_noncomp_point,robinsi_7_selective_reporting,moderate,moderate,agree,"dissertation_shared_folder/Data Extraction Papers/EIP-19-0.pdf; PDF p4, Primary Outcomes and Statistical analyses; PDF p7, Table2; PDF p9, Ethics Statement",Codex AI independent verification agent 1,2026-10-01,rationale_repaired_judgement_retained,"The methods specify employment, education and non-competitive employment at 2/4 years and any employment in separate 0-2/2-4 year periods, with crude and adjusted comparisons reported in Table 2. An administrative research-project registration is listed, but no prospective analysis protocol is supplied. Prespecification of result selection is therefore unverified; a moderate concern is retained. It is inaccurate to say no study registration is cited or the methods leave outcomes wholly unprioritised."
F11_rob_0164,pedersen2025_standard_t48m_noncomp_point,robinsi_overall,serious,serious,agree,dissertation_shared_folder/Data Extraction Papers/EIP-19-0.pdf; Whole report,Codex AI independent verification agent 1,2026-10-01,source_checked_judgement_retained,"Serious risk of bias, driven by domains 1 and 2: a non-randomised between-site comparison with significant baseline imbalance on the strongest predictors of the outcome, limited adjustment, and a comparator group constructed retrospectively by record review against a non-standardised eligibility judgement. Register-based outcome ascertainment is a genuine strength and keeps the missing-data and measurement domains low, but it cannot repair the allocation."
rodriguezpulido2021_crips_t8m_paidcomp__rob2_1_randomisation,rodriguezpulido2021_crips_t8m_paidcomp,rob2_1_randomisation,some_concerns,some_concerns,agree,"dissertation_shared_folder/Data Extraction Papers/Cognitive remediation to improve the vocational outcomes of people with severe mental illness.pdf; PDF p5, Study groups, printed p296; PDF pp10-12, Tables1-2, printed pp301-303",Codex AI independent verification agent 1,2026-10-01,rationale_repaired_judgement_retained,"Allocation was computer-generated in Excel, but concealment and the enrolment mechanism are unstated. Tables 1-2 describe only 23/24 completers rather than all 28/29 randomised, so observed baseline balance cannot fully verify allocation integrity. Some concerns is supported."
rodriguezpulido2021_crips_t8m_paidcomp__rob2_2_deviations,rodriguezpulido2021_crips_t8m_paidcomp,rob2_2_deviations,high,low,disagree,"dissertation_shared_folder/Data Extraction Papers/Cognitive remediation to improve the vocational outcomes of people with severe mental illness.pdf; PDF pp5-6, Study groups, printed pp296-297; PDF p9, Results, printed p300",Codex AI independent verification agent 1,2026-10-01,source_based_judgement_correction_proposed,"Participants and therapists were unmasked, but the source identifies no deviations caused by the experimental context that would bias the effect of assignment. All 23 CR+IPS completers, including two below the six-session exposure threshold, remain in outcome analysis. Exclusion of ten participants lacking follow-up is assessed under domain 3; complete-case analysis alone does not establish high risk under deviations. A low domain judgement is supported provisionally, subject to full signalling documentation."
rodriguezpulido2021_crips_t8m_paidcomp__rob2_3_missing_outcome_data,rodriguezpulido2021_crips_t8m_paidcomp,rob2_3_missing_outcome_data,some_concerns,some_concerns,agree,"dissertation_shared_folder/Data Extraction Papers/Cognitive remediation to improve the vocational outcomes of people with severe mental illness.pdf; Methods, Study groups, p. 296; Figure 1, p. 297",Codex AI independent verification agent 1,2026-10-01,source_checked_judgement_retained,"Ten of the 57 randomised participants (17.5%) have no employment outcome, balanced at five per arm. The stated reasons are 'loss of contact, illness, hospitalization, death, retirement and move to another city' (p. 296), several of which could plausibly depend on the employment outcome itself. Completers and non-completers were compared, but only on cognitive variables and symptomatology, not on employment, and no sensitivity analysis is reported."
rodriguezpulido2021_crips_t8m_paidcomp__rob2_4_outcome_measurement,rodriguezpulido2021_crips_t8m_paidcomp,rob2_4_outcome_measurement,low,low,agree,"dissertation_shared_folder/Data Extraction Papers/Cognitive remediation to improve the vocational outcomes of people with severe mental illness.pdf; Methods, Study groups, p. 297",Codex AI independent verification agent 1,2026-10-01,source_checked_judgement_retained,"Obtaining a job is an objective event, collected prospectively and weekly by two research assistants who were explicitly blind to allocation: 'the employment results were collected weekly by research assistants (two psychologists) during the follow-up period. They were all unaware of which group the study participants belonged to' (p. 297). The measure is identical in both arms."
rodriguezpulido2021_crips_t8m_paidcomp__rob2_5_selective_reporting,rodriguezpulido2021_crips_t8m_paidcomp,rob2_5_selective_reporting,some_concerns,some_concerns,agree,"dissertation_shared_folder/Data Extraction Papers/Cognitive remediation to improve the vocational outcomes of people with severe mental illness.pdf; PDF p6, Measures, printed p297; PDF pp16-17, Results, Fig2 and Table4, printed pp307-308",Codex AI independent verification agent 1,2026-10-01,rationale_repaired_judgement_retained,"No prospective registration, protocol or analysis plan is cited in the source. Multiple cognitive and vocational measures are analysed, and prespecification cannot be confirmed. Employment percentages and other work measures are reported, but the absence of printed employment numerators is incomplete reporting rather than proof of selective result choice. Some concerns is retained."
rodriguezpulido2021_crips_t8m_paidcomp__rob2_overall,rodriguezpulido2021_crips_t8m_paidcomp,rob2_overall,high,some_concerns,disagree,"dissertation_shared_folder/Data Extraction Papers/Cognitive remediation to improve the vocational outcomes of people with severe mental illness.pdf; PDF pp5-6, Study groups, printed pp296-297; PDF pp16-17, vocational results, printed pp307-308",Codex AI independent verification agent 1,2026-10-01,source_based_judgement_correction_proposed,"Some concerns overall is supported by undocumented concealment,17.5% missing employment outcomes and absent prospective analysis specifications. The original high domain 2 rating improperly treated missing follow-up as evidence of experimental-context deviations. Balanced losses do not establish absence of bias, but the source does not demonstrate outcome-dependent missingness or selective result choice sufficient for high risk. Full RoB 2 signalling adjudication remains required."
rodriguezpulido2021_crips_t12m_paidcomp__rob2_1_randomisation,rodriguezpulido2021_crips_t12m_paidcomp,rob2_1_randomisation,some_concerns,some_concerns,agree,"dissertation_shared_folder/Data Extraction Papers/Cognitive remediation to improve the vocational outcomes of people with severe mental illness.pdf; PDF p5, Study groups, printed p296; PDF pp10-12, Tables1-2, printed pp301-303",Codex AI independent verification agent 1,2026-10-01,rationale_repaired_judgement_retained,"Allocation was computer-generated in Excel, but concealment and the enrolment mechanism are unstated. Tables 1-2 describe only 23/24 completers rather than all 28/29 randomised, so observed baseline balance cannot fully verify allocation integrity. Some concerns is supported."
rodriguezpulido2021_crips_t12m_paidcomp__rob2_2_deviations,rodriguezpulido2021_crips_t12m_paidcomp,rob2_2_deviations,high,low,disagree,"dissertation_shared_folder/Data Extraction Papers/Cognitive remediation to improve the vocational outcomes of people with severe mental illness.pdf; PDF pp5-6, Study groups, printed pp296-297; PDF p9, Results, printed p300",Codex AI independent verification agent 1,2026-10-01,source_based_judgement_correction_proposed,"Participants and therapists were unmasked, but the source identifies no deviations caused by the experimental context that would bias the effect of assignment. All 23 CR+IPS completers, including two below the six-session exposure threshold, remain in outcome analysis. Exclusion of ten participants lacking follow-up is assessed under domain 3; complete-case analysis alone does not establish high risk under deviations. A low domain judgement is supported provisionally, subject to full signalling documentation."
rodriguezpulido2021_crips_t12m_paidcomp__rob2_3_missing_outcome_data,rodriguezpulido2021_crips_t12m_paidcomp,rob2_3_missing_outcome_data,some_concerns,some_concerns,agree,"dissertation_shared_folder/Data Extraction Papers/Cognitive remediation to improve the vocational outcomes of people with severe mental illness.pdf; Methods, Study groups, p. 296; Figure 1, p. 297",Codex AI independent verification agent 1,2026-10-01,source_checked_judgement_retained,"Ten of the 57 randomised participants (17.5%) have no employment outcome, balanced at five per arm. The stated reasons are 'loss of contact, illness, hospitalization, death, retirement and move to another city' (p. 296), several of which could plausibly depend on the employment outcome itself. Completers and non-completers were compared, but only on cognitive variables and symptomatology, not on employment, and no sensitivity analysis is reported."
rodriguezpulido2021_crips_t12m_paidcomp__rob2_4_outcome_measurement,rodriguezpulido2021_crips_t12m_paidcomp,rob2_4_outcome_measurement,low,low,agree,"dissertation_shared_folder/Data Extraction Papers/Cognitive remediation to improve the vocational outcomes of people with severe mental illness.pdf; Methods, Study groups, p. 297",Codex AI independent verification agent 1,2026-10-01,source_checked_judgement_retained,"Obtaining a job is an objective event, collected prospectively and weekly by two research assistants who were explicitly blind to allocation: 'the employment results were collected weekly by research assistants (two psychologists) during the follow-up period. They were all unaware of which group the study participants belonged to' (p. 297). The measure is identical in both arms."
rodriguezpulido2021_crips_t12m_paidcomp__rob2_5_selective_reporting,rodriguezpulido2021_crips_t12m_paidcomp,rob2_5_selective_reporting,some_concerns,some_concerns,agree,"dissertation_shared_folder/Data Extraction Papers/Cognitive remediation to improve the vocational outcomes of people with severe mental illness.pdf; PDF p6, Measures, printed p297; PDF pp16-17, Results, Fig2 and Table4, printed pp307-308",Codex AI independent verification agent 1,2026-10-01,rationale_repaired_judgement_retained,"No prospective registration, protocol or analysis plan is cited in the source. Multiple cognitive and vocational measures are analysed, and prespecification cannot be confirmed. Employment percentages and other work measures are reported, but the absence of printed employment numerators is incomplete reporting rather than proof of selective result choice. Some concerns is retained."
rodriguezpulido2021_crips_t12m_paidcomp__rob2_overall,rodriguezpulido2021_crips_t12m_paidcomp,rob2_overall,high,some_concerns,disagree,"dissertation_shared_folder/Data Extraction Papers/Cognitive remediation to improve the vocational outcomes of people with severe mental illness.pdf; PDF pp5-6, Study groups, printed pp296-297; PDF pp16-17, vocational results, printed pp307-308",Codex AI independent verification agent 1,2026-10-01,source_based_judgement_correction_proposed,"Some concerns overall is supported by undocumented concealment,17.5% missing employment outcomes and absent prospective analysis specifications. The original high domain 2 rating improperly treated missing follow-up as evidence of experimental-context deviations. Balanced losses do not establish absence of bias, but the source does not demonstrate outcome-dependent missingness or selective result choice sufficient for high risk. Full RoB 2 signalling adjudication remains required."
rodriguezpulido2021_ipsonly_t8m_paidcomp__rob2_1_randomisation,rodriguezpulido2021_ipsonly_t8m_paidcomp,rob2_1_randomisation,some_concerns,some_concerns,agree,"dissertation_shared_folder/Data Extraction Papers/Cognitive remediation to improve the vocational outcomes of people with severe mental illness.pdf; PDF p5, Study groups, printed p296; PDF pp10-12, Tables1-2, printed pp301-303",Codex AI independent verification agent 1,2026-10-01,rationale_repaired_judgement_retained,"Allocation was computer-generated in Excel, but concealment and the enrolment mechanism are unstated. Tables 1-2 describe only 23/24 completers rather than all 28/29 randomised, so observed baseline balance cannot fully verify allocation integrity. Some concerns is supported."
rodriguezpulido2021_ipsonly_t8m_paidcomp__rob2_2_deviations,rodriguezpulido2021_ipsonly_t8m_paidcomp,rob2_2_deviations,high,low,disagree,"dissertation_shared_folder/Data Extraction Papers/Cognitive remediation to improve the vocational outcomes of people with severe mental illness.pdf; PDF pp5-6, Study groups, printed pp296-297; PDF p9, Results, printed p300",Codex AI independent verification agent 1,2026-10-01,source_based_judgement_correction_proposed,"Participants and therapists were unmasked, but the source identifies no deviations caused by the experimental context that would bias the effect of assignment. All 23 CR+IPS completers, including two below the six-session exposure threshold, remain in outcome analysis. Exclusion of ten participants lacking follow-up is assessed under domain 3; complete-case analysis alone does not establish high risk under deviations. A low domain judgement is supported provisionally, subject to full signalling documentation."
rodriguezpulido2021_ipsonly_t8m_paidcomp__rob2_3_missing_outcome_data,rodriguezpulido2021_ipsonly_t8m_paidcomp,rob2_3_missing_outcome_data,some_concerns,some_concerns,agree,"dissertation_shared_folder/Data Extraction Papers/Cognitive remediation to improve the vocational outcomes of people with severe mental illness.pdf; Methods, Study groups, p. 296; Figure 1, p. 297",Codex AI independent verification agent 1,2026-10-01,source_checked_judgement_retained,"Ten of the 57 randomised participants (17.5%) have no employment outcome, balanced at five per arm. The stated reasons are 'loss of contact, illness, hospitalization, death, retirement and move to another city' (p. 296), several of which could plausibly depend on the employment outcome itself. Completers and non-completers were compared, but only on cognitive variables and symptomatology, not on employment, and no sensitivity analysis is reported."
rodriguezpulido2021_ipsonly_t8m_paidcomp__rob2_4_outcome_measurement,rodriguezpulido2021_ipsonly_t8m_paidcomp,rob2_4_outcome_measurement,low,low,agree,"dissertation_shared_folder/Data Extraction Papers/Cognitive remediation to improve the vocational outcomes of people with severe mental illness.pdf; Methods, Study groups, p. 297",Codex AI independent verification agent 1,2026-10-01,source_checked_judgement_retained,"Obtaining a job is an objective event, collected prospectively and weekly by two research assistants who were explicitly blind to allocation: 'the employment results were collected weekly by research assistants (two psychologists) during the follow-up period. They were all unaware of which group the study participants belonged to' (p. 297). The measure is identical in both arms."
rodriguezpulido2021_ipsonly_t8m_paidcomp__rob2_5_selective_reporting,rodriguezpulido2021_ipsonly_t8m_paidcomp,rob2_5_selective_reporting,some_concerns,some_concerns,agree,"dissertation_shared_folder/Data Extraction Papers/Cognitive remediation to improve the vocational outcomes of people with severe mental illness.pdf; PDF p6, Measures, printed p297; PDF pp16-17, Results, Fig2 and Table4, printed pp307-308",Codex AI independent verification agent 1,2026-10-01,rationale_repaired_judgement_retained,"No prospective registration, protocol or analysis plan is cited in the source. Multiple cognitive and vocational measures are analysed, and prespecification cannot be confirmed. Employment percentages and other work measures are reported, but the absence of printed employment numerators is incomplete reporting rather than proof of selective result choice. Some concerns is retained."
rodriguezpulido2021_ipsonly_t8m_paidcomp__rob2_overall,rodriguezpulido2021_ipsonly_t8m_paidcomp,rob2_overall,high,some_concerns,disagree,"dissertation_shared_folder/Data Extraction Papers/Cognitive remediation to improve the vocational outcomes of people with severe mental illness.pdf; PDF pp5-6, Study groups, printed pp296-297; PDF pp16-17, vocational results, printed pp307-308",Codex AI independent verification agent 1,2026-10-01,source_based_judgement_correction_proposed,"Some concerns overall is supported by undocumented concealment,17.5% missing employment outcomes and absent prospective analysis specifications. The original high domain 2 rating improperly treated missing follow-up as evidence of experimental-context deviations. Balanced losses do not establish absence of bias, but the source does not demonstrate outcome-dependent missingness or selective result choice sufficient for high risk. Full RoB 2 signalling adjudication remains required."
rodriguezpulido2021_ipsonly_t12m_paidcomp__rob2_1_randomisation,rodriguezpulido2021_ipsonly_t12m_paidcomp,rob2_1_randomisation,some_concerns,some_concerns,agree,"dissertation_shared_folder/Data Extraction Papers/Cognitive remediation to improve the vocational outcomes of people with severe mental illness.pdf; PDF p5, Study groups, printed p296; PDF pp10-12, Tables1-2, printed pp301-303",Codex AI independent verification agent 1,2026-10-01,rationale_repaired_judgement_retained,"Allocation was computer-generated in Excel, but concealment and the enrolment mechanism are unstated. Tables 1-2 describe only 23/24 completers rather than all 28/29 randomised, so observed baseline balance cannot fully verify allocation integrity. Some concerns is supported."
rodriguezpulido2021_ipsonly_t12m_paidcomp__rob2_2_deviations,rodriguezpulido2021_ipsonly_t12m_paidcomp,rob2_2_deviations,high,low,disagree,"dissertation_shared_folder/Data Extraction Papers/Cognitive remediation to improve the vocational outcomes of people with severe mental illness.pdf; PDF pp5-6, Study groups, printed pp296-297; PDF p9, Results, printed p300",Codex AI independent verification agent 1,2026-10-01,source_based_judgement_correction_proposed,"Participants and therapists were unmasked, but the source identifies no deviations caused by the experimental context that would bias the effect of assignment. All 23 CR+IPS completers, including two below the six-session exposure threshold, remain in outcome analysis. Exclusion of ten participants lacking follow-up is assessed under domain 3; complete-case analysis alone does not establish high risk under deviations. A low domain judgement is supported provisionally, subject to full signalling documentation."
rodriguezpulido2021_ipsonly_t12m_paidcomp__rob2_3_missing_outcome_data,rodriguezpulido2021_ipsonly_t12m_paidcomp,rob2_3_missing_outcome_data,some_concerns,some_concerns,agree,"dissertation_shared_folder/Data Extraction Papers/Cognitive remediation to improve the vocational outcomes of people with severe mental illness.pdf; Methods, Study groups, p. 296; Figure 1, p. 297",Codex AI independent verification agent 1,2026-10-01,source_checked_judgement_retained,"Ten of the 57 randomised participants (17.5%) have no employment outcome, balanced at five per arm. The stated reasons are 'loss of contact, illness, hospitalization, death, retirement and move to another city' (p. 296), several of which could plausibly depend on the employment outcome itself. Completers and non-completers were compared, but only on cognitive variables and symptomatology, not on employment, and no sensitivity analysis is reported."
rodriguezpulido2021_ipsonly_t12m_paidcomp__rob2_4_outcome_measurement,rodriguezpulido2021_ipsonly_t12m_paidcomp,rob2_4_outcome_measurement,low,low,agree,"dissertation_shared_folder/Data Extraction Papers/Cognitive remediation to improve the vocational outcomes of people with severe mental illness.pdf; Methods, Study groups, p. 297",Codex AI independent verification agent 1,2026-10-01,source_checked_judgement_retained,"Obtaining a job is an objective event, collected prospectively and weekly by two research assistants who were explicitly blind to allocation: 'the employment results were collected weekly by research assistants (two psychologists) during the follow-up period. They were all unaware of which group the study participants belonged to' (p. 297). The measure is identical in both arms."
rodriguezpulido2021_ipsonly_t12m_paidcomp__rob2_5_selective_reporting,rodriguezpulido2021_ipsonly_t12m_paidcomp,rob2_5_selective_reporting,some_concerns,some_concerns,agree,"dissertation_shared_folder/Data Extraction Papers/Cognitive remediation to improve the vocational outcomes of people with severe mental illness.pdf; PDF p6, Measures, printed p297; PDF pp16-17, Results, Fig2 and Table4, printed pp307-308",Codex AI independent verification agent 1,2026-10-01,rationale_repaired_judgement_retained,"No prospective registration, protocol or analysis plan is cited in the source. Multiple cognitive and vocational measures are analysed, and prespecification cannot be confirmed. Employment percentages and other work measures are reported, but the absence of printed employment numerators is incomplete reporting rather than proof of selective result choice. Some concerns is retained."
rodriguezpulido2021_ipsonly_t12m_paidcomp__rob2_overall,rodriguezpulido2021_ipsonly_t12m_paidcomp,rob2_overall,high,some_concerns,disagree,"dissertation_shared_folder/Data Extraction Papers/Cognitive remediation to improve the vocational outcomes of people with severe mental illness.pdf; PDF pp5-6, Study groups, printed pp296-297; PDF pp16-17, vocational results, printed pp307-308",Codex AI independent verification agent 1,2026-10-01,source_based_judgement_correction_proposed,"Some concerns overall is supported by undocumented concealment,17.5% missing employment outcomes and absent prospective analysis specifications. The original high domain 2 rating improperly treated missing follow-up as evidence of experimental-context deviations. Balanced losses do not establish absence of bias, but the source does not demonstrate outcome-dependent missingness or selective result choice sufficient for high risk. Full RoB 2 signalling adjudication remains required."
stouten2019_dutch_t12m_vocact__jbi1_sample_frame,stouten2019_dutch_t12m_vocact,jbi1_sample_frame,yes,yes,agree,"dissertation_shared_folder/Data Extraction Papers/Early Intervention Psych - 2018 - Stouten - Psychopathology  cognition and outcome in Dutch and immigrant first‐episode.pdf; Methods, 2.2 Subjects, p. 647; Discussion, p. 653",Codex AI independent verification agent 1,2026-10-01,source_checked_judgement_retained,"All patients referred over a three-year period to the department for non-affective early psychosis at the Parnassia Centre for Early Psychosis in The Hague and diagnosed with a psychotic disorder; an appropriate frame for a treated first-episode population, described elsewhere as 'including all consecutive patients with a first-episode psychosis'."
stouten2019_dutch_t12m_vocact__jbi2_participant_sampling,stouten2019_dutch_t12m_vocact,jbi2_participant_sampling,unclear,unclear,agree,"dissertation_shared_folder/Data Extraction Papers/Early Intervention Psych - 2018 - Stouten - Psychopathology  cognition and outcome in Dutch and immigrant first‐episode.pdf; Methods, 2.2 Subjects, p. 647",Codex AI independent verification agent 1,2026-10-01,source_checked_judgement_retained,"Referrals were consecutive, but the sample is DEFINED by completing both the baseline and the 12-month assessments, and the number referred and diagnosed over the period is never reported, so the sampling fraction cannot be judged. The three reported groups are additionally a post-hoc split of the single recruited sample by migration background."
stouten2019_dutch_t12m_vocact__jbi3_sample_size,stouten2019_dutch_t12m_vocact,jbi3_sample_size,unclear,not_applicable,disagree,"dissertation_shared_folder/Data Extraction Papers/Early Intervention Psych - 2018 - Stouten - Psychopathology  cognition and outcome in Dutch and immigrant first‐episode.pdf; PDF pp3-4, Subjects, Psychosocial functioning and Data analysis, printed pp647-648; PDF p7, Table4, printed p651",Codex AI independent verification agent 1,2026-10-01,source_based_judgement_correction_proposed,"The reported outcome is a continuous PSP problem-severity subscale covering study, work and other socially useful activity. No binary employment condition or employment prevalence is reported. This prevalence-specific item cannot validly appraise the extracted continuous mean; it is not applicable, rather than a negative judgement about the paper's continuous-outcome measurement or analysis. The remaining JBI items describe recruitment/reporting only and do not make this a valid prevalence instrument."
stouten2019_dutch_t12m_vocact__jbi4_subjects_setting_described,stouten2019_dutch_t12m_vocact,jbi4_subjects_setting_described,yes,yes,agree,"dissertation_shared_folder/Data Extraction Papers/Early Intervention Psych - 2018 - Stouten - Psychopathology  cognition and outcome in Dutch and immigrant first‐episode.pdf; Methods, 2.2, p. 647; Table 1, p. 649",Codex AI independent verification agent 1,2026-10-01,source_checked_judgement_retained,"Age, sex, annual income, years of education, duration of untreated psychosis, ethnic density, country of birth and the full DSM diagnostic breakdown are given, by migration group."
stouten2019_dutch_t12m_vocact__jbi5_coverage_of_sample,stouten2019_dutch_t12m_vocact,jbi5_coverage_of_sample,no,no,agree,"dissertation_shared_folder/Data Extraction Papers/Early Intervention Psych - 2018 - Stouten - Psychopathology  cognition and outcome in Dutch and immigrant first‐episode.pdf; Methods, 2.2 Subjects, p. 647",Codex AI independent verification agent 1,2026-10-01,source_checked_judgement_retained,"The analysed sample is restricted by an explicit exclusion criterion to those who completed both assessments, and the number so excluded is never reported. Coverage of the identified sample therefore cannot be established from the report at all."
stouten2019_dutch_t12m_vocact__jbi6_condition_identification,stouten2019_dutch_t12m_vocact,jbi6_condition_identification,yes,not_applicable,disagree,"dissertation_shared_folder/Data Extraction Papers/Early Intervention Psych - 2018 - Stouten - Psychopathology  cognition and outcome in Dutch and immigrant first‐episode.pdf; PDF pp3-4, Subjects, Psychosocial functioning and Data analysis, printed pp647-648; PDF p7, Table4, printed p651",Codex AI independent verification agent 1,2026-10-01,source_based_judgement_correction_proposed,"The reported outcome is a continuous PSP problem-severity subscale covering study, work and other socially useful activity. No binary employment condition or employment prevalence is reported. This prevalence-specific item cannot validly appraise the extracted continuous mean; it is not applicable, rather than a negative judgement about the paper's continuous-outcome measurement or analysis. The remaining JBI items describe recruitment/reporting only and do not make this a valid prevalence instrument."
stouten2019_dutch_t12m_vocact__jbi7_condition_measurement,stouten2019_dutch_t12m_vocact,jbi7_condition_measurement,no,not_applicable,disagree,"dissertation_shared_folder/Data Extraction Papers/Early Intervention Psych - 2018 - Stouten - Psychopathology  cognition and outcome in Dutch and immigrant first‐episode.pdf; PDF pp3-4, Subjects, Psychosocial functioning and Data analysis, printed pp647-648; PDF p7, Table4, printed p651",Codex AI independent verification agent 1,2026-10-01,source_based_judgement_correction_proposed,"The reported outcome is a continuous PSP problem-severity subscale covering study, work and other socially useful activity. No binary employment condition or employment prevalence is reported. This prevalence-specific item cannot validly appraise the extracted continuous mean; it is not applicable, rather than a negative judgement about the paper's continuous-outcome measurement or analysis. The remaining JBI items describe recruitment/reporting only and do not make this a valid prevalence instrument."
stouten2019_dutch_t12m_vocact__jbi8_statistical_analysis,stouten2019_dutch_t12m_vocact,jbi8_statistical_analysis,unclear,not_applicable,disagree,"dissertation_shared_folder/Data Extraction Papers/Early Intervention Psych - 2018 - Stouten - Psychopathology  cognition and outcome in Dutch and immigrant first‐episode.pdf; PDF pp3-4, Subjects, Psychosocial functioning and Data analysis, printed pp647-648; PDF p7, Table4, printed p651",Codex AI independent verification agent 1,2026-10-01,source_based_judgement_correction_proposed,"The reported outcome is a continuous PSP problem-severity subscale covering study, work and other socially useful activity. No binary employment condition or employment prevalence is reported. This prevalence-specific item cannot validly appraise the extracted continuous mean; it is not applicable, rather than a negative judgement about the paper's continuous-outcome measurement or analysis. The remaining JBI items describe recruitment/reporting only and do not make this a valid prevalence instrument."
stouten2019_dutch_t12m_vocact__jbi9_response_rate,stouten2019_dutch_t12m_vocact,jbi9_response_rate,unclear,unclear,agree,"dissertation_shared_folder/Data Extraction Papers/Early Intervention Psych - 2018 - Stouten - Psychopathology  cognition and outcome in Dutch and immigrant first‐episode.pdf; Methods, 2.2 Subjects, p. 647",Codex AI independent verification agent 1,2026-10-01,source_checked_judgement_retained,"No response or retention rate is reported, and none can be computed: the denominator of those approached is not given, and the sample is constituted of completers by definition."
stouten2019_gen2_t12m_vocact__jbi1_sample_frame,stouten2019_gen2_t12m_vocact,jbi1_sample_frame,yes,yes,agree,"dissertation_shared_folder/Data Extraction Papers/Early Intervention Psych - 2018 - Stouten - Psychopathology  cognition and outcome in Dutch and immigrant first‐episode.pdf; Methods, 2.2 Subjects, p. 647; Discussion, p. 653",Codex AI independent verification agent 1,2026-10-01,source_checked_judgement_retained,"All patients referred over a three-year period to the department for non-affective early psychosis at the Parnassia Centre for Early Psychosis in The Hague and diagnosed with a psychotic disorder; an appropriate frame for a treated first-episode population, described elsewhere as 'including all consecutive patients with a first-episode psychosis'."
stouten2019_gen2_t12m_vocact__jbi2_participant_sampling,stouten2019_gen2_t12m_vocact,jbi2_participant_sampling,unclear,unclear,agree,"dissertation_shared_folder/Data Extraction Papers/Early Intervention Psych - 2018 - Stouten - Psychopathology  cognition and outcome in Dutch and immigrant first‐episode.pdf; Methods, 2.2 Subjects, p. 647",Codex AI independent verification agent 1,2026-10-01,source_checked_judgement_retained,"Referrals were consecutive, but the sample is DEFINED by completing both the baseline and the 12-month assessments, and the number referred and diagnosed over the period is never reported, so the sampling fraction cannot be judged. The three reported groups are additionally a post-hoc split of the single recruited sample by migration background."
stouten2019_gen2_t12m_vocact__jbi3_sample_size,stouten2019_gen2_t12m_vocact,jbi3_sample_size,unclear,not_applicable,disagree,"dissertation_shared_folder/Data Extraction Papers/Early Intervention Psych - 2018 - Stouten - Psychopathology  cognition and outcome in Dutch and immigrant first‐episode.pdf; PDF pp3-4, Subjects, Psychosocial functioning and Data analysis, printed pp647-648; PDF p7, Table4, printed p651",Codex AI independent verification agent 1,2026-10-01,source_based_judgement_correction_proposed,"The reported outcome is a continuous PSP problem-severity subscale covering study, work and other socially useful activity. No binary employment condition or employment prevalence is reported. This prevalence-specific item cannot validly appraise the extracted continuous mean; it is not applicable, rather than a negative judgement about the paper's continuous-outcome measurement or analysis. The remaining JBI items describe recruitment/reporting only and do not make this a valid prevalence instrument."
stouten2019_gen2_t12m_vocact__jbi4_subjects_setting_described,stouten2019_gen2_t12m_vocact,jbi4_subjects_setting_described,yes,yes,agree,"dissertation_shared_folder/Data Extraction Papers/Early Intervention Psych - 2018 - Stouten - Psychopathology  cognition and outcome in Dutch and immigrant first‐episode.pdf; Methods, 2.2, p. 647; Table 1, p. 649",Codex AI independent verification agent 1,2026-10-01,source_checked_judgement_retained,"Age, sex, annual income, years of education, duration of untreated psychosis, ethnic density, country of birth and the full DSM diagnostic breakdown are given, by migration group."
stouten2019_gen2_t12m_vocact__jbi5_coverage_of_sample,stouten2019_gen2_t12m_vocact,jbi5_coverage_of_sample,no,no,agree,"dissertation_shared_folder/Data Extraction Papers/Early Intervention Psych - 2018 - Stouten - Psychopathology  cognition and outcome in Dutch and immigrant first‐episode.pdf; Methods, 2.2 Subjects, p. 647",Codex AI independent verification agent 1,2026-10-01,source_checked_judgement_retained,"The analysed sample is restricted by an explicit exclusion criterion to those who completed both assessments, and the number so excluded is never reported. Coverage of the identified sample therefore cannot be established from the report at all."
stouten2019_gen2_t12m_vocact__jbi6_condition_identification,stouten2019_gen2_t12m_vocact,jbi6_condition_identification,yes,not_applicable,disagree,"dissertation_shared_folder/Data Extraction Papers/Early Intervention Psych - 2018 - Stouten - Psychopathology  cognition and outcome in Dutch and immigrant first‐episode.pdf; PDF pp3-4, Subjects, Psychosocial functioning and Data analysis, printed pp647-648; PDF p7, Table4, printed p651",Codex AI independent verification agent 1,2026-10-01,source_based_judgement_correction_proposed,"The reported outcome is a continuous PSP problem-severity subscale covering study, work and other socially useful activity. No binary employment condition or employment prevalence is reported. This prevalence-specific item cannot validly appraise the extracted continuous mean; it is not applicable, rather than a negative judgement about the paper's continuous-outcome measurement or analysis. The remaining JBI items describe recruitment/reporting only and do not make this a valid prevalence instrument."
stouten2019_gen2_t12m_vocact__jbi7_condition_measurement,stouten2019_gen2_t12m_vocact,jbi7_condition_measurement,no,not_applicable,disagree,"dissertation_shared_folder/Data Extraction Papers/Early Intervention Psych - 2018 - Stouten - Psychopathology  cognition and outcome in Dutch and immigrant first‐episode.pdf; PDF pp3-4, Subjects, Psychosocial functioning and Data analysis, printed pp647-648; PDF p7, Table4, printed p651",Codex AI independent verification agent 1,2026-10-01,source_based_judgement_correction_proposed,"The reported outcome is a continuous PSP problem-severity subscale covering study, work and other socially useful activity. No binary employment condition or employment prevalence is reported. This prevalence-specific item cannot validly appraise the extracted continuous mean; it is not applicable, rather than a negative judgement about the paper's continuous-outcome measurement or analysis. The remaining JBI items describe recruitment/reporting only and do not make this a valid prevalence instrument."
stouten2019_gen2_t12m_vocact__jbi8_statistical_analysis,stouten2019_gen2_t12m_vocact,jbi8_statistical_analysis,unclear,not_applicable,disagree,"dissertation_shared_folder/Data Extraction Papers/Early Intervention Psych - 2018 - Stouten - Psychopathology  cognition and outcome in Dutch and immigrant first‐episode.pdf; PDF pp3-4, Subjects, Psychosocial functioning and Data analysis, printed pp647-648; PDF p7, Table4, printed p651",Codex AI independent verification agent 1,2026-10-01,source_based_judgement_correction_proposed,"The reported outcome is a continuous PSP problem-severity subscale covering study, work and other socially useful activity. No binary employment condition or employment prevalence is reported. This prevalence-specific item cannot validly appraise the extracted continuous mean; it is not applicable, rather than a negative judgement about the paper's continuous-outcome measurement or analysis. The remaining JBI items describe recruitment/reporting only and do not make this a valid prevalence instrument."
stouten2019_gen2_t12m_vocact__jbi9_response_rate,stouten2019_gen2_t12m_vocact,jbi9_response_rate,unclear,unclear,agree,"dissertation_shared_folder/Data Extraction Papers/Early Intervention Psych - 2018 - Stouten - Psychopathology  cognition and outcome in Dutch and immigrant first‐episode.pdf; Methods, 2.2 Subjects, p. 647",Codex AI independent verification agent 1,2026-10-01,source_checked_judgement_retained,"No response or retention rate is reported, and none can be computed: the denominator of those approached is not given, and the sample is constituted of completers by definition."
stouten2019_gen1_t12m_vocact__jbi1_sample_frame,stouten2019_gen1_t12m_vocact,jbi1_sample_frame,yes,yes,agree,"dissertation_shared_folder/Data Extraction Papers/Early Intervention Psych - 2018 - Stouten - Psychopathology  cognition and outcome in Dutch and immigrant first‐episode.pdf; Methods, 2.2 Subjects, p. 647; Discussion, p. 653",Codex AI independent verification agent 1,2026-10-01,source_checked_judgement_retained,"All patients referred over a three-year period to the department for non-affective early psychosis at the Parnassia Centre for Early Psychosis in The Hague and diagnosed with a psychotic disorder; an appropriate frame for a treated first-episode population, described elsewhere as 'including all consecutive patients with a first-episode psychosis'."
stouten2019_gen1_t12m_vocact__jbi2_participant_sampling,stouten2019_gen1_t12m_vocact,jbi2_participant_sampling,unclear,unclear,agree,"dissertation_shared_folder/Data Extraction Papers/Early Intervention Psych - 2018 - Stouten - Psychopathology  cognition and outcome in Dutch and immigrant first‐episode.pdf; Methods, 2.2 Subjects, p. 647",Codex AI independent verification agent 1,2026-10-01,source_checked_judgement_retained,"Referrals were consecutive, but the sample is DEFINED by completing both the baseline and the 12-month assessments, and the number referred and diagnosed over the period is never reported, so the sampling fraction cannot be judged. The three reported groups are additionally a post-hoc split of the single recruited sample by migration background."
stouten2019_gen1_t12m_vocact__jbi3_sample_size,stouten2019_gen1_t12m_vocact,jbi3_sample_size,unclear,not_applicable,disagree,"dissertation_shared_folder/Data Extraction Papers/Early Intervention Psych - 2018 - Stouten - Psychopathology  cognition and outcome in Dutch and immigrant first‐episode.pdf; PDF pp3-4, Subjects, Psychosocial functioning and Data analysis, printed pp647-648; PDF p7, Table4, printed p651",Codex AI independent verification agent 1,2026-10-01,source_based_judgement_correction_proposed,"The reported outcome is a continuous PSP problem-severity subscale covering study, work and other socially useful activity. No binary employment condition or employment prevalence is reported. This prevalence-specific item cannot validly appraise the extracted continuous mean; it is not applicable, rather than a negative judgement about the paper's continuous-outcome measurement or analysis. The remaining JBI items describe recruitment/reporting only and do not make this a valid prevalence instrument."
stouten2019_gen1_t12m_vocact__jbi4_subjects_setting_described,stouten2019_gen1_t12m_vocact,jbi4_subjects_setting_described,yes,yes,agree,"dissertation_shared_folder/Data Extraction Papers/Early Intervention Psych - 2018 - Stouten - Psychopathology  cognition and outcome in Dutch and immigrant first‐episode.pdf; Methods, 2.2, p. 647; Table 1, p. 649",Codex AI independent verification agent 1,2026-10-01,source_checked_judgement_retained,"Age, sex, annual income, years of education, duration of untreated psychosis, ethnic density, country of birth and the full DSM diagnostic breakdown are given, by migration group."
stouten2019_gen1_t12m_vocact__jbi5_coverage_of_sample,stouten2019_gen1_t12m_vocact,jbi5_coverage_of_sample,no,no,agree,"dissertation_shared_folder/Data Extraction Papers/Early Intervention Psych - 2018 - Stouten - Psychopathology  cognition and outcome in Dutch and immigrant first‐episode.pdf; Methods, 2.2 Subjects, p. 647",Codex AI independent verification agent 1,2026-10-01,source_checked_judgement_retained,"The analysed sample is restricted by an explicit exclusion criterion to those who completed both assessments, and the number so excluded is never reported. Coverage of the identified sample therefore cannot be established from the report at all."
stouten2019_gen1_t12m_vocact__jbi6_condition_identification,stouten2019_gen1_t12m_vocact,jbi6_condition_identification,yes,not_applicable,disagree,"dissertation_shared_folder/Data Extraction Papers/Early Intervention Psych - 2018 - Stouten - Psychopathology  cognition and outcome in Dutch and immigrant first‐episode.pdf; PDF pp3-4, Subjects, Psychosocial functioning and Data analysis, printed pp647-648; PDF p7, Table4, printed p651",Codex AI independent verification agent 1,2026-10-01,source_based_judgement_correction_proposed,"The reported outcome is a continuous PSP problem-severity subscale covering study, work and other socially useful activity. No binary employment condition or employment prevalence is reported. This prevalence-specific item cannot validly appraise the extracted continuous mean; it is not applicable, rather than a negative judgement about the paper's continuous-outcome measurement or analysis. The remaining JBI items describe recruitment/reporting only and do not make this a valid prevalence instrument."
stouten2019_gen1_t12m_vocact__jbi7_condition_measurement,stouten2019_gen1_t12m_vocact,jbi7_condition_measurement,no,not_applicable,disagree,"dissertation_shared_folder/Data Extraction Papers/Early Intervention Psych - 2018 - Stouten - Psychopathology  cognition and outcome in Dutch and immigrant first‐episode.pdf; PDF pp3-4, Subjects, Psychosocial functioning and Data analysis, printed pp647-648; PDF p7, Table4, printed p651",Codex AI independent verification agent 1,2026-10-01,source_based_judgement_correction_proposed,"The reported outcome is a continuous PSP problem-severity subscale covering study, work and other socially useful activity. No binary employment condition or employment prevalence is reported. This prevalence-specific item cannot validly appraise the extracted continuous mean; it is not applicable, rather than a negative judgement about the paper's continuous-outcome measurement or analysis. The remaining JBI items describe recruitment/reporting only and do not make this a valid prevalence instrument."
stouten2019_gen1_t12m_vocact__jbi8_statistical_analysis,stouten2019_gen1_t12m_vocact,jbi8_statistical_analysis,unclear,not_applicable,disagree,"dissertation_shared_folder/Data Extraction Papers/Early Intervention Psych - 2018 - Stouten - Psychopathology  cognition and outcome in Dutch and immigrant first‐episode.pdf; PDF pp3-4, Subjects, Psychosocial functioning and Data analysis, printed pp647-648; PDF p7, Table4, printed p651",Codex AI independent verification agent 1,2026-10-01,source_based_judgement_correction_proposed,"The reported outcome is a continuous PSP problem-severity subscale covering study, work and other socially useful activity. No binary employment condition or employment prevalence is reported. This prevalence-specific item cannot validly appraise the extracted continuous mean; it is not applicable, rather than a negative judgement about the paper's continuous-outcome measurement or analysis. The remaining JBI items describe recruitment/reporting only and do not make this a valid prevalence instrument."
stouten2019_gen1_t12m_vocact__jbi9_response_rate,stouten2019_gen1_t12m_vocact,jbi9_response_rate,unclear,unclear,agree,"dissertation_shared_folder/Data Extraction Papers/Early Intervention Psych - 2018 - Stouten - Psychopathology  cognition and outcome in Dutch and immigrant first‐episode.pdf; Methods, 2.2 Subjects, p. 647",Codex AI independent verification agent 1,2026-10-01,source_checked_judgement_retained,"No response or retention rate is reported, and none can be computed: the denominator of those approached is not given, and the sample is constituted of completers by definition."
stralin2019_cohort_t156m_paidthresh__jbi1_sample_frame,stralin2019_cohort_t156m_paidthresh,jbi1_sample_frame,yes,yes,agree,"dissertation_shared_folder/Data Extraction Papers/1-s2.0-S0165178118320080-main.pdf; Methods, 2.1, p. 375",Codex AI independent verification agent 1,2026-10-01,source_checked_judgement_retained,"Seventeen clinics covering a catchment of about 1.5 million inhabitants, roughly one-sixth of Sweden's population, with the report noting that 'as no private care for early psychosis patients was available in Sweden, the patient cohort was believed to be rather complete regarding treated incidence of FEP'. The observed incidence of 24.5 per 100,000 person-years supports that."
stralin2019_cohort_t156m_paidthresh__jbi2_participant_sampling,stralin2019_cohort_t156m_paidthresh,jbi2_participant_sampling,yes,yes,agree,"dissertation_shared_folder/Data Extraction Papers/1-s2.0-S0165178118320080-main.pdf; Methods, 2.1, p. 375",Codex AI independent verification agent 1,2026-10-01,source_checked_judgement_retained,"Consecutive total enumeration over a fixed 24-month accrual window (1 January 1996 to 31 December 1997): every patient in the catchment presenting for the first time with psychotic symptoms aged 18-45 was identified as a candidate and diagnosed with SCID-1 within the first week. There is no sampling step; the loss is at consent, judged under item 9."
stralin2019_cohort_t156m_paidthresh__jbi3_sample_size,stralin2019_cohort_t156m_paidthresh,jbi3_sample_size,yes,unclear,disagree,"dissertation_shared_folder/Data Extraction Papers/1-s2.0-S0165178118320080-main.pdf; PDF p5, Table1 and section3.5, printed p378",Codex AI independent verification agent 1,2026-10-01,source_based_judgement_correction_proposed,"The source supports 161 complete register observations, but reports no prevalence-specific precision target or sample-size justification. Adequacy for these descriptive proportions cannot be verified solely from sample size or power limitations of separate regression analyses. A clear yes would require an explicit, consistently applied precision criterion."
stralin2019_cohort_t156m_paidthresh__jbi4_subjects_setting_described,stralin2019_cohort_t156m_paidthresh,jbi4_subjects_setting_described,yes,yes,agree,"dissertation_shared_folder/Data Extraction Papers/1-s2.0-S0165178118320080-main.pdf; Methods 2.1-2.3, pp. 375-376; Results 3.1-3.4, pp. 376-377",Codex AI independent verification agent 1,2026-10-01,source_checked_judgement_retained,"The programme, catchment, clinics, medication policy, inclusion procedure, sex, mean age at inclusion, full DSM-IV diagnostic breakdown, education, GAF and BPRS trajectories are all described."
stralin2019_cohort_t156m_paidthresh__jbi5_coverage_of_sample,stralin2019_cohort_t156m_paidthresh,jbi5_coverage_of_sample,yes,yes,agree,"dissertation_shared_folder/Data Extraction Papers/1-s2.0-S0165178118320080-main.pdf; Methods, 2.3 Late outcome analyses, p. 376; Figure 1, p. 375",Codex AI independent verification agent 1,2026-10-01,source_checked_judgement_retained,"Of the 175 enrolled, register data were extracted for 172; 3 could not be retrieved and 1 was incomplete, and 10 had died, leaving 161 of the 165 alive at year 13 with complete records, a coverage of 98% of the alive cohort. The report states the fate of every case."
stralin2019_cohort_t156m_paidthresh__jbi6_condition_identification,stralin2019_cohort_t156m_paidthresh,jbi6_condition_identification,yes,yes,agree,"dissertation_shared_folder/Data Extraction Papers/1-s2.0-S0165178118320080-main.pdf; PDF p3, Late outcome analyses, printed p376; PDF p5, section3.5, printed p378",Codex AI independent verification agent 1,2026-10-01,rationale_repaired_judgement_retained,"Item 6 concerns the outcome. LISA includes employment income as well as sickness benefits and educational assistance. The thresholded outcome is explicitly labour/employment income above 100000 SEK in the calendar year, supporting the stated employment-income construct rather than any paid work."
stralin2019_cohort_t156m_paidthresh__jbi7_condition_measurement,stralin2019_cohort_t156m_paidthresh,jbi7_condition_measurement,yes,yes,agree,"dissertation_shared_folder/Data Extraction Papers/1-s2.0-S0165178118320080-main.pdf; Methods, 2.3, p. 376; Discussion, p. 379",Codex AI independent verification agent 1,2026-10-01,source_checked_judgement_retained,"The year-13 employment measure comes from the LISA national income register and is applied identically and objectively to every one of the 161, so it is standard and reliable. Its content is a separate matter, recorded in the extraction: it is an annual income threshold of 100,000 SEK, so it is not any paid employment, and the report itself warns that 'the measures for employment and antipsychotic medication year 13 after inclusion were different from the measures in the first 5 years'."
stralin2019_cohort_t156m_paidthresh__jbi8_statistical_analysis,stralin2019_cohort_t156m_paidthresh,jbi8_statistical_analysis,yes,yes,agree,"dissertation_shared_folder/Data Extraction Papers/1-s2.0-S0165178118320080-main.pdf; Methods, 2.4, p. 376; Table 1, p. 378",Codex AI independent verification agent 1,2026-10-01,source_checked_judgement_retained,"Proportions are reported as explicit numerator-over-denominator counts throughout Table 1, and the predictor analysis uses logistic regression with odds ratios and Wald p-values, with cases missing a variable excluded from that analysis only. No confidence interval is given for the employment proportion itself."
stralin2019_cohort_t156m_paidthresh__jbi9_response_rate,stralin2019_cohort_t156m_paidthresh,jbi9_response_rate,no,no,agree,"dissertation_shared_folder/Data Extraction Papers/1-s2.0-S0165178118320080-main.pdf; Methods, 2.1, p. 375; Discussion, p. 379",Codex AI independent verification agent 1,2026-10-01,source_checked_judgement_retained,"253 patients were judged to fulfil FEP criteria but only 175 accepted enrolment, a consent rate of 69%, and the non-consenters differed systematically: the report states that 'the median age was higher in the drop-out group and that fewer had a schizophrenia related diagnosis', which it reads as 'favouring a somewhat better prognosis in the drop-out group'. Cases with severe drug or alcohol abuse were also excluded by design. The shortfall is acknowledged but not managed analytically."
stralin2019_cohort_t156m_anyincome__jbi1_sample_frame,stralin2019_cohort_t156m_anyincome,jbi1_sample_frame,yes,yes,agree,"dissertation_shared_folder/Data Extraction Papers/1-s2.0-S0165178118320080-main.pdf; Methods, 2.1, p. 375",Codex AI independent verification agent 1,2026-10-01,source_checked_judgement_retained,"Seventeen clinics covering a catchment of about 1.5 million inhabitants, roughly one-sixth of Sweden's population, with the report noting that 'as no private care for early psychosis patients was available in Sweden, the patient cohort was believed to be rather complete regarding treated incidence of FEP'. The observed incidence of 24.5 per 100,000 person-years supports that."
stralin2019_cohort_t156m_anyincome__jbi2_participant_sampling,stralin2019_cohort_t156m_anyincome,jbi2_participant_sampling,yes,yes,agree,"dissertation_shared_folder/Data Extraction Papers/1-s2.0-S0165178118320080-main.pdf; Methods, 2.1, p. 375",Codex AI independent verification agent 1,2026-10-01,source_checked_judgement_retained,"Consecutive total enumeration over a fixed 24-month accrual window (1 January 1996 to 31 December 1997): every patient in the catchment presenting for the first time with psychotic symptoms aged 18-45 was identified as a candidate and diagnosed with SCID-1 within the first week. There is no sampling step; the loss is at consent, judged under item 9."
stralin2019_cohort_t156m_anyincome__jbi3_sample_size,stralin2019_cohort_t156m_anyincome,jbi3_sample_size,yes,unclear,disagree,"dissertation_shared_folder/Data Extraction Papers/1-s2.0-S0165178118320080-main.pdf; PDF p5, Table1 and section3.5, printed p378",Codex AI independent verification agent 1,2026-10-01,source_based_judgement_correction_proposed,"The source supports 161 complete register observations, but reports no prevalence-specific precision target or sample-size justification. Adequacy for these descriptive proportions cannot be verified solely from sample size or power limitations of separate regression analyses. A clear yes would require an explicit, consistently applied precision criterion."
stralin2019_cohort_t156m_anyincome__jbi4_subjects_setting_described,stralin2019_cohort_t156m_anyincome,jbi4_subjects_setting_described,yes,yes,agree,"dissertation_shared_folder/Data Extraction Papers/1-s2.0-S0165178118320080-main.pdf; Methods 2.1-2.3, pp. 375-376; Results 3.1-3.4, pp. 376-377",Codex AI independent verification agent 1,2026-10-01,source_checked_judgement_retained,"The programme, catchment, clinics, medication policy, inclusion procedure, sex, mean age at inclusion, full DSM-IV diagnostic breakdown, education, GAF and BPRS trajectories are all described."
stralin2019_cohort_t156m_anyincome__jbi5_coverage_of_sample,stralin2019_cohort_t156m_anyincome,jbi5_coverage_of_sample,yes,yes,agree,"dissertation_shared_folder/Data Extraction Papers/1-s2.0-S0165178118320080-main.pdf; Methods, 2.3 Late outcome analyses, p. 376; Figure 1, p. 375",Codex AI independent verification agent 1,2026-10-01,source_checked_judgement_retained,"Of the 175 enrolled, register data were extracted for 172; 3 could not be retrieved and 1 was incomplete, and 10 had died, leaving 161 of the 165 alive at year 13 with complete records, a coverage of 98% of the alive cohort. The report states the fate of every case."
stralin2019_cohort_t156m_anyincome__jbi6_condition_identification,stralin2019_cohort_t156m_anyincome,jbi6_condition_identification,yes,unclear,disagree,"dissertation_shared_folder/Data Extraction Papers/1-s2.0-S0165178118320080-main.pdf; PDF p3, Late outcome analyses, printed p376; PDF p5, section3.5, printed p378",Codex AI independent verification agent 1,2026-10-01,source_based_judgement_correction_proposed,Item 6 concerns employment. The text states 86 people had any income without specifying whether all income was labour income; the register also contains sickness benefits and student assistance. Identification of any paid employment from this 86-person category is therefore uncertain.
stralin2019_cohort_t156m_anyincome__jbi7_condition_measurement,stralin2019_cohort_t156m_anyincome,jbi7_condition_measurement,yes,unclear,disagree,"dissertation_shared_folder/Data Extraction Papers/1-s2.0-S0165178118320080-main.pdf; PDF p3, Late outcome analyses, printed p376; PDF p5, section3.5, printed p378",Codex AI independent verification agent 1,2026-10-01,source_based_judgement_correction_proposed,The same administrative LISA source supplies income for every included participant. Nevertheless the any-income 86-person category is not sufficiently specified to establish reliable measurement of employment rather than other income. Retain this as a separate uncertain construct.
stralin2019_cohort_t156m_anyincome__jbi8_statistical_analysis,stralin2019_cohort_t156m_anyincome,jbi8_statistical_analysis,yes,yes,agree,"dissertation_shared_folder/Data Extraction Papers/1-s2.0-S0165178118320080-main.pdf; PDF p5, section3.5 and Table1, printed p378",Codex AI independent verification agent 1,2026-10-01,rationale_repaired_judgement_retained,"The descriptive text gives 86/161 with any income, whereas Table 1 tabulates the separate 67/161 above 100000 SEK. The numerator and denominator of this descriptive income result are explicit and coherent; its uncertain relevance to employment is assessed under identification/measurement, not treated as a statistical arithmetic defect."
stralin2019_cohort_t156m_anyincome__jbi9_response_rate,stralin2019_cohort_t156m_anyincome,jbi9_response_rate,no,no,agree,"dissertation_shared_folder/Data Extraction Papers/1-s2.0-S0165178118320080-main.pdf; Methods, 2.1, p. 375; Discussion, p. 379",Codex AI independent verification agent 1,2026-10-01,source_checked_judgement_retained,"253 patients were judged to fulfil FEP criteria but only 175 accepted enrolment, a consent rate of 69%, and the non-consenters differed systematically: the report states that 'the median age was higher in the drop-out group and that fewer had a schizophrenia related diagnosis', which it reads as 'favouring a somewhat better prognosis in the drop-out group'. Cases with severe drug or alcohol abuse were also excluded by design. The shortfall is acknowledged but not managed analytically."
strassnig2017_s2017cohort_t240m_paidcomp__jbi1_sample_frame,strassnig2017_s2017cohort_t240m_paidcomp,jbi1_sample_frame,yes,yes,agree,"dissertation_shared_folder/Data Extraction Papers/1-s2.0-S0022395617304193-main.pdf; Methods section 2, p. 181; Abstract, p. 180",Codex AI independent verification agent 1,2026-10-01,source_checked_judgement_retained,"Consecutive first admissions with a psychotic disorder to the 12 psychiatric inpatient facilities serving Suffolk County NY, an epidemiologically defined catchment. An appropriate frame for a first-episode psychosis population."
strassnig2017_s2017cohort_t240m_paidcomp__jbi2_participant_sampling,strassnig2017_s2017cohort_t240m_paidcomp,jbi2_participant_sampling,yes,yes,agree,"dissertation_shared_folder/Data Extraction Papers/1-s2.0-S0022395617304193-main.pdf; Methods section 2, p. 181",Codex AI independent verification agent 1,2026-10-01,source_checked_judgement_retained,Consecutive admissions over a defined window rather than a convenience or volunteer sample; no sampling step selected on functioning or employment.
strassnig2017_s2017cohort_t240m_paidcomp__jbi3_sample_size,strassnig2017_s2017cohort_t240m_paidcomp,jbi3_sample_size,unclear,unclear,agree,"dissertation_shared_folder/Data Extraction Papers/1-s2.0-S0022395617304193-main.pdf; Abstract, p. 180; Results section 3, p. 182",Codex AI independent verification agent 1,2026-10-01,source_checked_judgement_retained,"128 participants would support a proportion of moderate precision, but the report gives the analysis sample as 122 in the Abstract and 128 in the Results, so the denominator itself is not established."
strassnig2017_s2017cohort_t240m_paidcomp__jbi4_subjects_setting_described,strassnig2017_s2017cohort_t240m_paidcomp,jbi4_subjects_setting_described,yes,yes,agree,"dissertation_shared_folder/Data Extraction Papers/1-s2.0-S0022395617304193-main.pdf; Methods section 2 and Results section 3, pp. 181-182",Codex AI independent verification agent 1,2026-10-01,source_checked_judgement_retained,"Age, sex, ethnicity, diagnostic distribution, catchment, recruitment window and assessment schedule are all described."
strassnig2017_s2017cohort_t240m_paidcomp__jbi5_coverage_of_sample,strassnig2017_s2017cohort_t240m_paidcomp,jbi5_coverage_of_sample,no,unclear,disagree,"dissertation_shared_folder/Data Extraction Papers/1-s2.0-S0022395617304193-main.pdf; PDF p2, Methods, printed p181; PDF p3, Results, printed p182",Codex AI independent verification agent 1,2026-10-01,source_based_judgement_correction_proposed,"Only 20-year complete cases with ten-year schizophrenia/schizoaffective or bipolar diagnoses are included, and recruitment-to-analysis flow is not supplied. Diagnostic restriction defines the reported subgroup, rather than automatically constituting non-coverage; the extent of incomplete-case exclusion and coverage of eligible subgroup participants cannot be determined."
strassnig2017_s2017cohort_t240m_paidcomp__jbi6_condition_identification,strassnig2017_s2017cohort_t240m_paidcomp,jbi6_condition_identification,yes,yes,agree,"dissertation_shared_folder/Data Extraction Papers/1-s2.0-S0022395617304193-main.pdf; PDF pp2-3, Everyday outcomes and Table1, printed pp181-182",Codex AI independent verification agent 1,2026-10-01,rationale_repaired_judgement_retained,"Item 6 concerns employment, not SCID diagnosis. Gainful employment is explicitly compensated part/full-time work in non-supportive settings. This identifies the intended paid competitive-employment category; severe count/percentage contradictions are appraised under statistical reporting."
strassnig2017_s2017cohort_t240m_paidcomp__jbi7_condition_measurement,strassnig2017_s2017cohort_t240m_paidcomp,jbi7_condition_measurement,unclear,unclear,agree,"dissertation_shared_folder/Data Extraction Papers/1-s2.0-S0022395617304193-main.pdf; Methods section 2.2, pp. 181-182; Table 1, p. 182",Codex AI independent verification agent 1,2026-10-01,source_checked_judgement_retained,"Employment was interviewer-coded with a stated definition and by integrating participant, informant and record information, which is a standard procedure, but no reliability data for the coding are reported and the resulting table is internally contradictory."
strassnig2017_s2017cohort_t240m_paidcomp__jbi8_statistical_analysis,strassnig2017_s2017cohort_t240m_paidcomp,jbi8_statistical_analysis,no,no,agree,"dissertation_shared_folder/Data Extraction Papers/1-s2.0-S0022395617304193-main.pdf; Table 1, p. 182; Results section 3, p. 182; Discussion, p. 183",Codex AI independent verification agent 1,2026-10-01,source_checked_judgement_retained,"The printed counts, the printed percentages and the text's overall 32.9% employed cannot all be true, and the Discussion's 66/80 statement contradicts both readings. No interval is given for any proportion."
strassnig2017_s2017cohort_t240m_paidcomp__jbi9_response_rate,strassnig2017_s2017cohort_t240m_paidcomp,jbi9_response_rate,unclear,unclear,agree,"dissertation_shared_folder/Data Extraction Papers/1-s2.0-S0022395617304193-main.pdf; Results section 3, p. 182",Codex AI independent verification agent 1,2026-10-01,source_checked_judgement_retained,The report describes the sample as those with complete data at the 20-year assessment but prints no retention numerator or denominator and no comparison of responders with non-responders.
strassnig2018_s2018scz_t240m_paidcomp__jbi1_sample_frame,strassnig2018_s2018scz_t240m_paidcomp,jbi1_sample_frame,yes,yes,agree,"dissertation_shared_folder/Data Extraction Papers/nihms947905.pdf; Methods, p. 3 of the author manuscript",Codex AI independent verification agent 1,2026-10-01,source_checked_judgement_retained,A county-wide treatment sample recruited during first admission for a psychotic disorder between 1989 and 1995 in Suffolk County NY. An appropriate frame for a first-episode psychosis population.
strassnig2018_s2018scz_t240m_paidcomp__jbi2_participant_sampling,strassnig2018_s2018scz_t240m_paidcomp,jbi2_participant_sampling,yes,yes,agree,"dissertation_shared_folder/Data Extraction Papers/nihms947905.pdf; Methods, p. 3",Codex AI independent verification agent 1,2026-10-01,source_checked_judgement_retained,"Consecutive first admissions over a defined window; the only selection applied afterwards is diagnostic, not functional."
strassnig2018_s2018scz_t240m_paidcomp__jbi3_sample_size,strassnig2018_s2018scz_t240m_paidcomp,jbi3_sample_size,yes,unclear,disagree,"dissertation_shared_folder/Data Extraction Papers/nihms947905.pdf; PDF p6, Participants; PDF p12, Table1, visually inspected",Codex AI independent verification agent 1,2026-10-01,source_based_judgement_correction_proposed,"The source supports 146 schizophrenia and 87 bipolar participants, but reports no prevalence-specific precision target or sample-size justification. Adequacy for these descriptive proportions cannot be verified solely from sample size or power limitations of separate regression analyses. A clear yes would require an explicit, consistently applied precision criterion."
strassnig2018_s2018scz_t240m_paidcomp__jbi4_subjects_setting_described,strassnig2018_s2018scz_t240m_paidcomp,jbi4_subjects_setting_described,yes,yes,agree,"dissertation_shared_folder/Data Extraction Papers/nihms947905.pdf; Table 1, p. 12; Methods, pp. 3-5",Codex AI independent verification agent 1,2026-10-01,source_checked_judgement_retained,"Age, sex, race, symptom scales, cognition, physical measures and the diagnostic procedure are tabulated for both diagnostic groups."
strassnig2018_s2018scz_t240m_paidcomp__jbi5_coverage_of_sample,strassnig2018_s2018scz_t240m_paidcomp,jbi5_coverage_of_sample,no,unclear,disagree,"dissertation_shared_folder/Data Extraction Papers/nihms947905.pdf; PDF pp3-4, Methods; PDF p6, Participants; PDF p9, limitations",Codex AI independent verification agent 1,2026-10-01,source_based_judgement_correction_proposed,"The 233-person analysis is diagnostically restricted to schizophrenia and psychotic bipolar disorder at 20 years. That restriction defines the reported subgroups and is not itself proof of inadequate coverage. Attrition and the eligible-to-analysed flow are referred to another report without numbers here, so subgroup coverage is uncertain."
strassnig2018_s2018scz_t240m_paidcomp__jbi6_condition_identification,strassnig2018_s2018scz_t240m_paidcomp,jbi6_condition_identification,yes,yes,agree,"dissertation_shared_folder/Data Extraction Papers/nihms947905.pdf; PDF p5, Real-world functional assessment; PDF p12, Table1, visually inspected",Codex AI independent verification agent 1,2026-10-01,rationale_repaired_judgement_retained,"Item 6 concerns employment. Competitive employment is defined as a steady part/full-time job obtained competitively, excluding supported employment. The stated rule identifies the reported competitive category; diagnostic ascertainment is an eligibility issue."
strassnig2018_s2018scz_t240m_paidcomp__jbi7_condition_measurement,strassnig2018_s2018scz_t240m_paidcomp,jbi7_condition_measurement,unclear,unclear,agree,"dissertation_shared_folder/Data Extraction Papers/nihms947905.pdf; Methods, Everyday Functioning, p. 4",Codex AI independent verification agent 1,2026-10-01,source_checked_judgement_retained,"Employment was coded by interviewers from the SCID Overview and a separate quality-of-life assessment against an explicit competitive-employment definition, applied identically to both groups, but no interrater reliability for the employment coding is reported."
strassnig2018_s2018scz_t240m_paidcomp__jbi8_statistical_analysis,strassnig2018_s2018scz_t240m_paidcomp,jbi8_statistical_analysis,unclear,unclear,agree,"dissertation_shared_folder/Data Extraction Papers/nihms947905.pdf; Table 1, p. 12",Codex AI independent verification agent 1,2026-10-01,source_checked_judgement_retained,"Counts and percentages are given with chi-square tests but no confidence interval for any proportion, the percentage column of the two functioning rows is shifted by one row, and the printed chi-square values (39.6 and 64.1) do not reproduce from the printed counts (19.0 and 38.5)."
strassnig2018_s2018scz_t240m_paidcomp__jbi9_response_rate,strassnig2018_s2018scz_t240m_paidcomp,jbi9_response_rate,unclear,unclear,agree,"dissertation_shared_folder/Data Extraction Papers/nihms947905.pdf; Methods, p. 3",Codex AI independent verification agent 1,2026-10-01,source_checked_judgement_retained,"The report states that attrition was random with respect to employment among other variables and attributes non-response to refusal and loss to follow-up, but cites a flowchart held in another publication and prints no retention figures of its own."
strassnig2018_s2018bp_t240m_paidcomp__jbi1_sample_frame,strassnig2018_s2018bp_t240m_paidcomp,jbi1_sample_frame,yes,yes,agree,"dissertation_shared_folder/Data Extraction Papers/nihms947905.pdf; Methods, p. 3 of the author manuscript",Codex AI independent verification agent 1,2026-10-01,source_checked_judgement_retained,A county-wide treatment sample recruited during first admission for a psychotic disorder between 1989 and 1995 in Suffolk County NY. An appropriate frame for a first-episode psychosis population.
strassnig2018_s2018bp_t240m_paidcomp__jbi2_participant_sampling,strassnig2018_s2018bp_t240m_paidcomp,jbi2_participant_sampling,yes,yes,agree,"dissertation_shared_folder/Data Extraction Papers/nihms947905.pdf; Methods, p. 3",Codex AI independent verification agent 1,2026-10-01,source_checked_judgement_retained,"Consecutive first admissions over a defined window; the only selection applied afterwards is diagnostic, not functional."
strassnig2018_s2018bp_t240m_paidcomp__jbi3_sample_size,strassnig2018_s2018bp_t240m_paidcomp,jbi3_sample_size,yes,unclear,disagree,"dissertation_shared_folder/Data Extraction Papers/nihms947905.pdf; PDF p6, Participants; PDF p12, Table1, visually inspected",Codex AI independent verification agent 1,2026-10-01,source_based_judgement_correction_proposed,"The source supports 146 schizophrenia and 87 bipolar participants, but reports no prevalence-specific precision target or sample-size justification. Adequacy for these descriptive proportions cannot be verified solely from sample size or power limitations of separate regression analyses. A clear yes would require an explicit, consistently applied precision criterion."
strassnig2018_s2018bp_t240m_paidcomp__jbi4_subjects_setting_described,strassnig2018_s2018bp_t240m_paidcomp,jbi4_subjects_setting_described,yes,yes,agree,"dissertation_shared_folder/Data Extraction Papers/nihms947905.pdf; Table 1, p. 12; Methods, pp. 3-5",Codex AI independent verification agent 1,2026-10-01,source_checked_judgement_retained,"Age, sex, race, symptom scales, cognition, physical measures and the diagnostic procedure are tabulated for both diagnostic groups."
strassnig2018_s2018bp_t240m_paidcomp__jbi5_coverage_of_sample,strassnig2018_s2018bp_t240m_paidcomp,jbi5_coverage_of_sample,no,unclear,disagree,"dissertation_shared_folder/Data Extraction Papers/nihms947905.pdf; PDF pp3-4, Methods; PDF p6, Participants; PDF p9, limitations",Codex AI independent verification agent 1,2026-10-01,source_based_judgement_correction_proposed,"The 233-person analysis is diagnostically restricted to schizophrenia and psychotic bipolar disorder at 20 years. That restriction defines the reported subgroups and is not itself proof of inadequate coverage. Attrition and the eligible-to-analysed flow are referred to another report without numbers here, so subgroup coverage is uncertain."
strassnig2018_s2018bp_t240m_paidcomp__jbi6_condition_identification,strassnig2018_s2018bp_t240m_paidcomp,jbi6_condition_identification,yes,yes,agree,"dissertation_shared_folder/Data Extraction Papers/nihms947905.pdf; PDF p5, Real-world functional assessment; PDF p12, Table1, visually inspected",Codex AI independent verification agent 1,2026-10-01,rationale_repaired_judgement_retained,"Item 6 concerns employment. Competitive employment is defined as a steady part/full-time job obtained competitively, excluding supported employment. The stated rule identifies the reported competitive category; diagnostic ascertainment is an eligibility issue."
strassnig2018_s2018bp_t240m_paidcomp__jbi7_condition_measurement,strassnig2018_s2018bp_t240m_paidcomp,jbi7_condition_measurement,unclear,unclear,agree,"dissertation_shared_folder/Data Extraction Papers/nihms947905.pdf; Methods, Everyday Functioning, p. 4",Codex AI independent verification agent 1,2026-10-01,source_checked_judgement_retained,"Employment was coded by interviewers from the SCID Overview and a separate quality-of-life assessment against an explicit competitive-employment definition, applied identically to both groups, but no interrater reliability for the employment coding is reported."
strassnig2018_s2018bp_t240m_paidcomp__jbi8_statistical_analysis,strassnig2018_s2018bp_t240m_paidcomp,jbi8_statistical_analysis,unclear,unclear,agree,"dissertation_shared_folder/Data Extraction Papers/nihms947905.pdf; Table 1, p. 12",Codex AI independent verification agent 1,2026-10-01,source_checked_judgement_retained,"Counts and percentages are given with chi-square tests but no confidence interval for any proportion, the percentage column of the two functioning rows is shifted by one row, and the printed chi-square values (39.6 and 64.1) do not reproduce from the printed counts (19.0 and 38.5)."
strassnig2018_s2018bp_t240m_paidcomp__jbi9_response_rate,strassnig2018_s2018bp_t240m_paidcomp,jbi9_response_rate,unclear,unclear,agree,"dissertation_shared_folder/Data Extraction Papers/nihms947905.pdf; Methods, p. 3",Codex AI independent verification agent 1,2026-10-01,source_checked_judgement_retained,"The report states that attrition was random with respect to employment among other variables and attributes non-response to refusal and loss to follow-up, but cites a flowchart held in another publication and prints no retention figures of its own."
F13_turner2019_cohort_t18m_paidoredu_status_jbi1_sample_frame,turner2019_cohort_t18m_paidoredu_status,jbi1_sample_frame,no,no,agree,"dissertation_shared_folder/Data Extraction Papers/ijot-12-2018-0023.pdf; Results, Overall engagement, p. 118; Methods, Recruitment, p. 116",Codex AI independent verification agent 1,2026-10-01,source_checked_judgement_retained,"The frame is not the early intervention service population but the subset internally referred to the supported employment specialist who then accepted a vocational intervention, used it, and consented to research: 129 were offered the interventions, 64 accepted, 61 used them and 39 consented. A frame defined by uptake of a vocational intervention cannot address employment prevalence in a first-episode psychosis population, which is why the cohort is coded employment_selection_status = selected."
F13_turner2019_cohort_t18m_paidoredu_status_jbi2_participant_sampling,turner2019_cohort_t18m_paidoredu_status,jbi2_participant_sampling,no,no,agree,"dissertation_shared_folder/Data Extraction Papers/ijot-12-2018-0023.pdf; Results, Overall engagement, p. 118; Discussion, Engagement, p. 120",Codex AI independent verification agent 1,2026-10-01,source_checked_judgement_retained,"Referral to the specialist was followed by two self-selection steps. 'A third of those who used the interventions declined to participate in the research when given the option', and consenters differed significantly from non-consenters in age (mean 38 (SD 10) against 30 (SD 10), t = 2.80, p = 0.007). Age is a determinant of employment, so the selection is not plausibly ignorable."
F13_turner2019_cohort_t18m_paidoredu_status_jbi3_sample_size,turner2019_cohort_t18m_paidoredu_status,jbi3_sample_size,no,no,agree,"dissertation_shared_folder/Data Extraction Papers/ijot-12-2018-0023.pdf; Discussion, Strengths and limitations, p. 120",Codex AI independent verification agent 1,2026-10-01,source_checked_judgement_retained,"39 consented and 34 were followed up. The authors state that 'The sample size of 38 participants would be considered small for a clinical trial which reduces the generalizability of findings and increases the risk of biases within the sample'. No sample-size or precision target is given, and no interval accompanies any proportion."
F13_turner2019_cohort_t18m_paidoredu_status_jbi4_subjects_setting_described,turner2019_cohort_t18m_paidoredu_status,jbi4_subjects_setting_described,yes,yes,agree,"dissertation_shared_folder/Data Extraction Papers/ijot-12-2018-0023.pdf; Results, pp. 117-118; Tables I and II, pp. 118-119; Methods, Recruitment, p. 116",Codex AI independent verification agent 1,2026-10-01,source_checked_judgement_retained,"Sex, age, education, diagnosis group, baseline productive role and which intervention each participant used are described, and Tables I and II compare those who declined with those who attended for both interventions. The service context (a tertiary early intervention service taking all suspected first-episode psychosis referrals in a geographical area) is described."
F13_turner2019_cohort_t18m_paidoredu_status_jbi5_coverage_of_sample,turner2019_cohort_t18m_paidoredu_status,jbi5_coverage_of_sample,no,no,agree,"dissertation_shared_folder/Data Extraction Papers/ijot-12-2018-0023.pdf; Results, Overall engagement, p. 118",Codex AI independent verification agent 1,2026-10-01,source_checked_judgement_retained,"Coverage of the identified service population is low by construction: 129 people were offered the interventions and 39 entered the study, so the analysis covers 30 per cent of those offered and an unknown fraction of the service caseload, which is never reported."
F13_turner2019_cohort_t18m_paidoredu_status_jbi6_condition_identification,turner2019_cohort_t18m_paidoredu_status,jbi6_condition_identification,yes,unclear,disagree,"dissertation_shared_folder/Data Extraction Papers/ijot-12-2018-0023.pdf; PDF pp4-6, Outcome measures, Data analysis, Results and Fig2, printed pp32-34",Codex AI independent verification agent 1,2026-10-01,source_based_judgement_correction_proposed,"Current occupation is described as paid employment or formal education, with formal training mentioned elsewhere. This supports a broadly specified combined status but leaves whether every positive case meets the precise employment/education definition uncertain. Diagnosis is not the item 6 condition."
F13_turner2019_cohort_t18m_paidoredu_status_jbi7_condition_measurement,turner2019_cohort_t18m_paidoredu_status,jbi7_condition_measurement,no,unclear,disagree,"dissertation_shared_folder/Data Extraction Papers/ijot-12-2018-0023.pdf; PDF pp4-5, Outcome measures and Data analysis, printed pp32-33; PDF p9, limitations, printed p37",Codex AI independent verification agent 1,2026-10-01,source_based_judgement_correction_proposed,"A common modified EIDP self-report interview was used, but the intervention specialist also assessed outcomes and recall extended across follow-up intervals of 2-44 months. Reliability evidence cited for the original instrument does not establish reliability of this modified work/education coding. These limitations make employment-specific measurement unclear; they do not by themselves prove that all self-reported observations are invalid."
F13_turner2019_cohort_t18m_paidoredu_status_jbi8_statistical_analysis,turner2019_cohort_t18m_paidoredu_status,jbi8_statistical_analysis,no,no,agree,"dissertation_shared_folder/Data Extraction Papers/ijot-12-2018-0023.pdf; Results, Work attainment outcomes, p. 119; Results, Overall engagement, p. 118; Table I, p. 118",Codex AI independent verification agent 1,2026-10-01,source_checked_judgement_retained,"Proportions are reported on a denominator of 34 with no confidence interval, the follow-up interval varies from 2 to 44 months and is not adjusted for in any of the proportions, and the printed participation counts are mutually inconsistent (21 + 9 - 4 = 26 against a printed 27). The engagement totals are also inconsistent (72 offered IPS alone plus 12 offered both is 84, against a printed 'total offered IPS = 86', while Table I's 36 declined plus 48 attended gives 84)."
F13_turner2019_cohort_t18m_paidoredu_status_jbi9_response_rate,turner2019_cohort_t18m_paidoredu_status,jbi9_response_rate,unclear,unclear,agree,"dissertation_shared_folder/Data Extraction Papers/ijot-12-2018-0023.pdf; PDF pp5-6, Results and Fig2, printed pp33-34; PDF p9, limitations, printed p37",Codex AI independent verification agent 1,2026-10-01,rationale_repaired_judgement_retained,"Thirty-nine consenters are reported, but the follow-up sentence says 34 of 38 while printing 87%, which matches 34/39. The transition table contains 34 follow-up cases. Recruitment response is selective with an age difference between consenters/non-consenters. Retention is broadly high, but its exact denominator and missing-case accounting remain uncertain; the conflicting 38/39 totals do not justify treating a precise number of subgroup losses as established."
F13_turner2019_cohort_t18m_paidthresh_participation_jbi1_sample_frame,turner2019_cohort_t18m_paidthresh_participation,jbi1_sample_frame,no,no,agree,"dissertation_shared_folder/Data Extraction Papers/ijot-12-2018-0023.pdf; Results, Overall engagement, p. 118; Methods, Recruitment, p. 116",Codex AI independent verification agent 1,2026-10-01,source_checked_judgement_retained,"The frame is not the early intervention service population but the subset internally referred to the supported employment specialist who then accepted a vocational intervention, used it, and consented to research: 129 were offered the interventions, 64 accepted, 61 used them and 39 consented. A frame defined by uptake of a vocational intervention cannot address employment prevalence in a first-episode psychosis population, which is why the cohort is coded employment_selection_status = selected."
F13_turner2019_cohort_t18m_paidthresh_participation_jbi2_participant_sampling,turner2019_cohort_t18m_paidthresh_participation,jbi2_participant_sampling,no,no,agree,"dissertation_shared_folder/Data Extraction Papers/ijot-12-2018-0023.pdf; Results, Overall engagement, p. 118; Discussion, Engagement, p. 120",Codex AI independent verification agent 1,2026-10-01,source_checked_judgement_retained,"Referral to the specialist was followed by two self-selection steps. 'A third of those who used the interventions declined to participate in the research when given the option', and consenters differed significantly from non-consenters in age (mean 38 (SD 10) against 30 (SD 10), t = 2.80, p = 0.007). Age is a determinant of employment, so the selection is not plausibly ignorable."
F13_turner2019_cohort_t18m_paidthresh_participation_jbi3_sample_size,turner2019_cohort_t18m_paidthresh_participation,jbi3_sample_size,no,no,agree,"dissertation_shared_folder/Data Extraction Papers/ijot-12-2018-0023.pdf; Discussion, Strengths and limitations, p. 120",Codex AI independent verification agent 1,2026-10-01,source_checked_judgement_retained,"39 consented and 34 were followed up. The authors state that 'The sample size of 38 participants would be considered small for a clinical trial which reduces the generalizability of findings and increases the risk of biases within the sample'. No sample-size or precision target is given, and no interval accompanies any proportion."
F13_turner2019_cohort_t18m_paidthresh_participation_jbi4_subjects_setting_described,turner2019_cohort_t18m_paidthresh_participation,jbi4_subjects_setting_described,yes,yes,agree,"dissertation_shared_folder/Data Extraction Papers/ijot-12-2018-0023.pdf; Results, pp. 117-118; Tables I and II, pp. 118-119; Methods, Recruitment, p. 116",Codex AI independent verification agent 1,2026-10-01,source_checked_judgement_retained,"Sex, age, education, diagnosis group, baseline productive role and which intervention each participant used are described, and Tables I and II compare those who declined with those who attended for both interventions. The service context (a tertiary early intervention service taking all suspected first-episode psychosis referrals in a geographical area) is described."
F13_turner2019_cohort_t18m_paidthresh_participation_jbi5_coverage_of_sample,turner2019_cohort_t18m_paidthresh_participation,jbi5_coverage_of_sample,no,no,agree,"dissertation_shared_folder/Data Extraction Papers/ijot-12-2018-0023.pdf; Results, Overall engagement, p. 118",Codex AI independent verification agent 1,2026-10-01,source_checked_judgement_retained,"Coverage of the identified service population is low by construction: 129 people were offered the interventions and 39 entered the study, so the analysis covers 30 per cent of those offered and an unknown fraction of the service caseload, which is never reported."
F13_turner2019_cohort_t18m_paidthresh_participation_jbi6_condition_identification,turner2019_cohort_t18m_paidthresh_participation,jbi6_condition_identification,yes,yes,agree,"dissertation_shared_folder/Data Extraction Papers/ijot-12-2018-0023.pdf; PDF pp4-6, Outcome measures, Data analysis, Results and Fig2, printed pp32-34",Codex AI independent verification agent 1,2026-10-01,rationale_repaired_judgement_retained,"The participation outcome requires at least one month in paid employment during the variable follow-up interval. This explicitly identifies the thresholded paid-work outcome. It is a period-participation measure, not status at a common 18-month endpoint. Diagnosis is not the item 6 condition."
F13_turner2019_cohort_t18m_paidthresh_participation_jbi7_condition_measurement,turner2019_cohort_t18m_paidthresh_participation,jbi7_condition_measurement,unclear,unclear,agree,"dissertation_shared_folder/Data Extraction Papers/ijot-12-2018-0023.pdf; PDF pp4-5, Outcome measures and Data analysis, printed pp32-33; PDF p9, limitations, printed p37",Codex AI independent verification agent 1,2026-10-01,rationale_repaired_judgement_retained,"A common modified EIDP self-report interview was used, but the intervention specialist also assessed outcomes and recall extended across follow-up intervals of 2-44 months. Reliability evidence cited for the original instrument does not establish reliability of this modified work/education coding. These limitations make employment-specific measurement unclear; they do not by themselves prove that all self-reported observations are invalid."
F13_turner2019_cohort_t18m_paidthresh_participation_jbi8_statistical_analysis,turner2019_cohort_t18m_paidthresh_participation,jbi8_statistical_analysis,no,no,agree,"dissertation_shared_folder/Data Extraction Papers/ijot-12-2018-0023.pdf; Results, Work attainment outcomes, p. 119; Results, Overall engagement, p. 118; Table I, p. 118",Codex AI independent verification agent 1,2026-10-01,source_checked_judgement_retained,"Proportions are reported on a denominator of 34 with no confidence interval, the follow-up interval varies from 2 to 44 months and is not adjusted for in any of the proportions, and the printed participation counts are mutually inconsistent (21 + 9 - 4 = 26 against a printed 27). The engagement totals are also inconsistent (72 offered IPS alone plus 12 offered both is 84, against a printed 'total offered IPS = 86', while Table I's 36 declined plus 48 attended gives 84)."
F13_turner2019_cohort_t18m_paidthresh_participation_jbi9_response_rate,turner2019_cohort_t18m_paidthresh_participation,jbi9_response_rate,unclear,unclear,agree,"dissertation_shared_folder/Data Extraction Papers/ijot-12-2018-0023.pdf; PDF pp5-6, Results and Fig2, printed pp33-34; PDF p9, limitations, printed p37",Codex AI independent verification agent 1,2026-10-01,rationale_repaired_judgement_retained,"Thirty-nine consenters are reported, but the follow-up sentence says 34 of 38 while printing 87%, which matches 34/39. The transition table contains 34 follow-up cases. Recruitment response is selective with an age difference between consenters/non-consenters. Retention is broadly high, but its exact denominator and missing-case accounting remain uncertain; the conflicting 38/39 totals do not justify treating a precise number of subgroup losses as established."
F13_turner2019_cohort_t18m_eduonly_participation_jbi1_sample_frame,turner2019_cohort_t18m_eduonly_participation,jbi1_sample_frame,no,no,agree,"dissertation_shared_folder/Data Extraction Papers/ijot-12-2018-0023.pdf; Results, Overall engagement, p. 118; Methods, Recruitment, p. 116",Codex AI independent verification agent 1,2026-10-01,source_checked_judgement_retained,"The frame is not the early intervention service population but the subset internally referred to the supported employment specialist who then accepted a vocational intervention, used it, and consented to research: 129 were offered the interventions, 64 accepted, 61 used them and 39 consented. A frame defined by uptake of a vocational intervention cannot address employment prevalence in a first-episode psychosis population, which is why the cohort is coded employment_selection_status = selected."
F13_turner2019_cohort_t18m_eduonly_participation_jbi2_participant_sampling,turner2019_cohort_t18m_eduonly_participation,jbi2_participant_sampling,no,no,agree,"dissertation_shared_folder/Data Extraction Papers/ijot-12-2018-0023.pdf; Results, Overall engagement, p. 118; Discussion, Engagement, p. 120",Codex AI independent verification agent 1,2026-10-01,source_checked_judgement_retained,"Referral to the specialist was followed by two self-selection steps. 'A third of those who used the interventions declined to participate in the research when given the option', and consenters differed significantly from non-consenters in age (mean 38 (SD 10) against 30 (SD 10), t = 2.80, p = 0.007). Age is a determinant of employment, so the selection is not plausibly ignorable."
F13_turner2019_cohort_t18m_eduonly_participation_jbi3_sample_size,turner2019_cohort_t18m_eduonly_participation,jbi3_sample_size,no,no,agree,"dissertation_shared_folder/Data Extraction Papers/ijot-12-2018-0023.pdf; Discussion, Strengths and limitations, p. 120",Codex AI independent verification agent 1,2026-10-01,source_checked_judgement_retained,"39 consented and 34 were followed up. The authors state that 'The sample size of 38 participants would be considered small for a clinical trial which reduces the generalizability of findings and increases the risk of biases within the sample'. No sample-size or precision target is given, and no interval accompanies any proportion."
F13_turner2019_cohort_t18m_eduonly_participation_jbi4_subjects_setting_described,turner2019_cohort_t18m_eduonly_participation,jbi4_subjects_setting_described,yes,yes,agree,"dissertation_shared_folder/Data Extraction Papers/ijot-12-2018-0023.pdf; Results, pp. 117-118; Tables I and II, pp. 118-119; Methods, Recruitment, p. 116",Codex AI independent verification agent 1,2026-10-01,source_checked_judgement_retained,"Sex, age, education, diagnosis group, baseline productive role and which intervention each participant used are described, and Tables I and II compare those who declined with those who attended for both interventions. The service context (a tertiary early intervention service taking all suspected first-episode psychosis referrals in a geographical area) is described."
F13_turner2019_cohort_t18m_eduonly_participation_jbi5_coverage_of_sample,turner2019_cohort_t18m_eduonly_participation,jbi5_coverage_of_sample,no,no,agree,"dissertation_shared_folder/Data Extraction Papers/ijot-12-2018-0023.pdf; Results, Overall engagement, p. 118",Codex AI independent verification agent 1,2026-10-01,source_checked_judgement_retained,"Coverage of the identified service population is low by construction: 129 people were offered the interventions and 39 entered the study, so the analysis covers 30 per cent of those offered and an unknown fraction of the service caseload, which is never reported."
F13_turner2019_cohort_t18m_eduonly_participation_jbi6_condition_identification,turner2019_cohort_t18m_eduonly_participation,jbi6_condition_identification,yes,no,disagree,"dissertation_shared_folder/Data Extraction Papers/ijot-12-2018-0023.pdf; PDF pp4-6, Outcome measures, Data analysis, Results and Fig2, printed pp32-34",Codex AI independent verification agent 1,2026-10-01,source_based_judgement_correction_proposed,"Nine participants undertook formal education for at least one month, of whom four also worked. This is education participation, not exclusive education-only status. The source does not identify the education-only construct coded in this result, so item 6 is no for that construct. Diagnosis is not the item 6 condition."
F13_turner2019_cohort_t18m_eduonly_participation_jbi7_condition_measurement,turner2019_cohort_t18m_eduonly_participation,jbi7_condition_measurement,no,unclear,disagree,"dissertation_shared_folder/Data Extraction Papers/ijot-12-2018-0023.pdf; PDF pp4-5, Outcome measures and Data analysis, printed pp32-33; PDF p9, limitations, printed p37",Codex AI independent verification agent 1,2026-10-01,source_based_judgement_correction_proposed,"A common modified EIDP self-report interview was used, but the intervention specialist also assessed outcomes and recall extended across follow-up intervals of 2-44 months. Reliability evidence cited for the original instrument does not establish reliability of this modified work/education coding. These limitations make employment-specific measurement unclear; they do not by themselves prove that all self-reported observations are invalid."
F13_turner2019_cohort_t18m_eduonly_participation_jbi8_statistical_analysis,turner2019_cohort_t18m_eduonly_participation,jbi8_statistical_analysis,no,no,agree,"dissertation_shared_folder/Data Extraction Papers/ijot-12-2018-0023.pdf; Results, Work attainment outcomes, p. 119; Results, Overall engagement, p. 118; Table I, p. 118",Codex AI independent verification agent 1,2026-10-01,source_checked_judgement_retained,"Proportions are reported on a denominator of 34 with no confidence interval, the follow-up interval varies from 2 to 44 months and is not adjusted for in any of the proportions, and the printed participation counts are mutually inconsistent (21 + 9 - 4 = 26 against a printed 27). The engagement totals are also inconsistent (72 offered IPS alone plus 12 offered both is 84, against a printed 'total offered IPS = 86', while Table I's 36 declined plus 48 attended gives 84)."
F13_turner2019_cohort_t18m_eduonly_participation_jbi9_response_rate,turner2019_cohort_t18m_eduonly_participation,jbi9_response_rate,unclear,unclear,agree,"dissertation_shared_folder/Data Extraction Papers/ijot-12-2018-0023.pdf; PDF pp5-6, Results and Fig2, printed pp33-34; PDF p9, limitations, printed p37",Codex AI independent verification agent 1,2026-10-01,rationale_repaired_judgement_retained,"Thirty-nine consenters are reported, but the follow-up sentence says 34 of 38 while printing 87%, which matches 34/39. The transition table contains 34 follow-up cases. Recruitment response is selective with an age difference between consenters/non-consenters. Retention is broadly high, but its exact denominator and missing-case accounting remain uncertain; the conflicting 38/39 totals do not justify treating a precise number of subgroup losses as established."
F13_turner2019_cohort_t18m_paidoredu_participation_jbi1_sample_frame,turner2019_cohort_t18m_paidoredu_participation,jbi1_sample_frame,no,no,agree,"dissertation_shared_folder/Data Extraction Papers/ijot-12-2018-0023.pdf; Results, Overall engagement, p. 118; Methods, Recruitment, p. 116",Codex AI independent verification agent 1,2026-10-01,source_checked_judgement_retained,"The frame is not the early intervention service population but the subset internally referred to the supported employment specialist who then accepted a vocational intervention, used it, and consented to research: 129 were offered the interventions, 64 accepted, 61 used them and 39 consented. A frame defined by uptake of a vocational intervention cannot address employment prevalence in a first-episode psychosis population, which is why the cohort is coded employment_selection_status = selected."
F13_turner2019_cohort_t18m_paidoredu_participation_jbi2_participant_sampling,turner2019_cohort_t18m_paidoredu_participation,jbi2_participant_sampling,no,no,agree,"dissertation_shared_folder/Data Extraction Papers/ijot-12-2018-0023.pdf; Results, Overall engagement, p. 118; Discussion, Engagement, p. 120",Codex AI independent verification agent 1,2026-10-01,source_checked_judgement_retained,"Referral to the specialist was followed by two self-selection steps. 'A third of those who used the interventions declined to participate in the research when given the option', and consenters differed significantly from non-consenters in age (mean 38 (SD 10) against 30 (SD 10), t = 2.80, p = 0.007). Age is a determinant of employment, so the selection is not plausibly ignorable."
F13_turner2019_cohort_t18m_paidoredu_participation_jbi3_sample_size,turner2019_cohort_t18m_paidoredu_participation,jbi3_sample_size,no,no,agree,"dissertation_shared_folder/Data Extraction Papers/ijot-12-2018-0023.pdf; Discussion, Strengths and limitations, p. 120",Codex AI independent verification agent 1,2026-10-01,source_checked_judgement_retained,"39 consented and 34 were followed up. The authors state that 'The sample size of 38 participants would be considered small for a clinical trial which reduces the generalizability of findings and increases the risk of biases within the sample'. No sample-size or precision target is given, and no interval accompanies any proportion."
F13_turner2019_cohort_t18m_paidoredu_participation_jbi4_subjects_setting_described,turner2019_cohort_t18m_paidoredu_participation,jbi4_subjects_setting_described,yes,yes,agree,"dissertation_shared_folder/Data Extraction Papers/ijot-12-2018-0023.pdf; Results, pp. 117-118; Tables I and II, pp. 118-119; Methods, Recruitment, p. 116",Codex AI independent verification agent 1,2026-10-01,source_checked_judgement_retained,"Sex, age, education, diagnosis group, baseline productive role and which intervention each participant used are described, and Tables I and II compare those who declined with those who attended for both interventions. The service context (a tertiary early intervention service taking all suspected first-episode psychosis referrals in a geographical area) is described."
F13_turner2019_cohort_t18m_paidoredu_participation_jbi5_coverage_of_sample,turner2019_cohort_t18m_paidoredu_participation,jbi5_coverage_of_sample,no,no,agree,"dissertation_shared_folder/Data Extraction Papers/ijot-12-2018-0023.pdf; Results, Overall engagement, p. 118",Codex AI independent verification agent 1,2026-10-01,source_checked_judgement_retained,"Coverage of the identified service population is low by construction: 129 people were offered the interventions and 39 entered the study, so the analysis covers 30 per cent of those offered and an unknown fraction of the service caseload, which is never reported."
F13_turner2019_cohort_t18m_paidoredu_participation_jbi6_condition_identification,turner2019_cohort_t18m_paidoredu_participation,jbi6_condition_identification,yes,unclear,disagree,"dissertation_shared_folder/Data Extraction Papers/ijot-12-2018-0023.pdf; PDF pp4-6, Outcome measures, Data analysis, Results and Fig2, printed pp32-34",Codex AI independent verification agent 1,2026-10-01,source_based_judgement_correction_proposed,"A positive event is at least one month in paid work or formal education during follow-up. This identifies a combined period-participation rule; whether training is included is inconsistently phrased elsewhere. The printed combined count does not reconcile with the components, leaving exact operational identification uncertain."
F13_turner2019_cohort_t18m_paidoredu_participation_jbi7_condition_measurement,turner2019_cohort_t18m_paidoredu_participation,jbi7_condition_measurement,no,unclear,disagree,"dissertation_shared_folder/Data Extraction Papers/ijot-12-2018-0023.pdf; PDF pp4-5, Outcome measures and Data analysis, printed pp32-33; PDF p9, limitations, printed p37",Codex AI independent verification agent 1,2026-10-01,source_based_judgement_correction_proposed,"A common modified EIDP self-report interview was used, but the intervention specialist also assessed outcomes and recall extended across follow-up intervals of 2-44 months. Reliability evidence cited for the original instrument does not establish reliability of this modified work/education coding. These limitations make employment-specific measurement unclear; they do not by themselves prove that all self-reported observations are invalid."
F13_turner2019_cohort_t18m_paidoredu_participation_jbi8_statistical_analysis,turner2019_cohort_t18m_paidoredu_participation,jbi8_statistical_analysis,no,no,agree,"dissertation_shared_folder/Data Extraction Papers/ijot-12-2018-0023.pdf; Results, Work attainment outcomes, p. 119; Results, Overall engagement, p. 118; Table I, p. 118",Codex AI independent verification agent 1,2026-10-01,source_checked_judgement_retained,"Proportions are reported on a denominator of 34 with no confidence interval, the follow-up interval varies from 2 to 44 months and is not adjusted for in any of the proportions, and the printed participation counts are mutually inconsistent (21 + 9 - 4 = 26 against a printed 27). The engagement totals are also inconsistent (72 offered IPS alone plus 12 offered both is 84, against a printed 'total offered IPS = 86', while Table I's 36 declined plus 48 attended gives 84)."
F13_turner2019_cohort_t18m_paidoredu_participation_jbi9_response_rate,turner2019_cohort_t18m_paidoredu_participation,jbi9_response_rate,unclear,unclear,agree,"dissertation_shared_folder/Data Extraction Papers/ijot-12-2018-0023.pdf; PDF pp5-6, Results and Fig2, printed pp33-34; PDF p9, limitations, printed p37",Codex AI independent verification agent 1,2026-10-01,rationale_repaired_judgement_retained,"Thirty-nine consenters are reported, but the follow-up sentence says 34 of 38 while printing 87%, which matches 34/39. The transition table contains 34 follow-up cases. Recruitment response is selective with an age difference between consenters/non-consenters. Retention is broadly high, but its exact denominator and missing-case accounting remain uncertain; the conflicting 38/39 totals do not justify treating a precise number of subgroup losses as established."
F13_turner2019_unoccupied_t1_t18m_paidoredu_attained_jbi1_sample_frame,turner2019_unoccupied_t1_t18m_paidoredu_attained,jbi1_sample_frame,no,no,agree,"dissertation_shared_folder/Data Extraction Papers/ijot-12-2018-0023.pdf; Results, Overall engagement, p. 118; Methods, Recruitment, p. 116",Codex AI independent verification agent 1,2026-10-01,source_checked_judgement_retained,"The frame is not the early intervention service population but the subset internally referred to the supported employment specialist who then accepted a vocational intervention, used it, and consented to research: 129 were offered the interventions, 64 accepted, 61 used them and 39 consented. A frame defined by uptake of a vocational intervention cannot address employment prevalence in a first-episode psychosis population, which is why the cohort is coded employment_selection_status = selected."
F13_turner2019_unoccupied_t1_t18m_paidoredu_attained_jbi2_participant_sampling,turner2019_unoccupied_t1_t18m_paidoredu_attained,jbi2_participant_sampling,no,no,agree,"dissertation_shared_folder/Data Extraction Papers/ijot-12-2018-0023.pdf; Results, Overall engagement, p. 118; Discussion, Engagement, p. 120",Codex AI independent verification agent 1,2026-10-01,source_checked_judgement_retained,"Referral to the specialist was followed by two self-selection steps. 'A third of those who used the interventions declined to participate in the research when given the option', and consenters differed significantly from non-consenters in age (mean 38 (SD 10) against 30 (SD 10), t = 2.80, p = 0.007). Age is a determinant of employment, so the selection is not plausibly ignorable."
F13_turner2019_unoccupied_t1_t18m_paidoredu_attained_jbi3_sample_size,turner2019_unoccupied_t1_t18m_paidoredu_attained,jbi3_sample_size,no,no,agree,"dissertation_shared_folder/Data Extraction Papers/ijot-12-2018-0023.pdf; Results, Work attainment outcomes, p. 119",Codex AI independent verification agent 1,2026-10-01,source_checked_judgement_retained,16 participants carry the paper's headline attainment estimate; a single case moves the proportion by 6 percentage points.
F13_turner2019_unoccupied_t1_t18m_paidoredu_attained_jbi4_subjects_setting_described,turner2019_unoccupied_t1_t18m_paidoredu_attained,jbi4_subjects_setting_described,yes,yes,agree,"dissertation_shared_folder/Data Extraction Papers/ijot-12-2018-0023.pdf; Results, pp. 117-118; Tables I and II, pp. 118-119; Methods, Recruitment, p. 116",Codex AI independent verification agent 1,2026-10-01,source_checked_judgement_retained,"Sex, age, education, diagnosis group, baseline productive role and which intervention each participant used are described, and Tables I and II compare those who declined with those who attended for both interventions. The service context (a tertiary early intervention service taking all suspected first-episode psychosis referrals in a geographical area) is described."
F13_turner2019_unoccupied_t1_t18m_paidoredu_attained_jbi5_coverage_of_sample,turner2019_unoccupied_t1_t18m_paidoredu_attained,jbi5_coverage_of_sample,no,no,agree,"dissertation_shared_folder/Data Extraction Papers/ijot-12-2018-0023.pdf; Results, Overall engagement, p. 118; Results, Work attainment outcomes, p. 119",Codex AI independent verification agent 1,2026-10-01,source_checked_judgement_retained,"The subgroup denominator of 16 is 76 per cent of the 21 unoccupied consenters, who are themselves a small fraction of the 129 offered the interventions."
F13_turner2019_unoccupied_t1_t18m_paidoredu_attained_jbi6_condition_identification,turner2019_unoccupied_t1_t18m_paidoredu_attained,jbi6_condition_identification,yes,unclear,disagree,"dissertation_shared_folder/Data Extraction Papers/ijot-12-2018-0023.pdf; PDF pp4-6, Outcome measures, Data analysis, Results and Fig2, printed pp32-34",Codex AI independent verification agent 1,2026-10-01,source_based_judgement_correction_proposed,"Attainment is a transition from unoccupied at baseline to paid employment or education at follow-up. Formal training is also mentioned in the analysis definition. The broad transition is identifiable, but the exact occupation construct is insufficiently specified. Diagnosis is not the item 6 condition."
F13_turner2019_unoccupied_t1_t18m_paidoredu_attained_jbi7_condition_measurement,turner2019_unoccupied_t1_t18m_paidoredu_attained,jbi7_condition_measurement,no,unclear,disagree,"dissertation_shared_folder/Data Extraction Papers/ijot-12-2018-0023.pdf; PDF pp4-5, Outcome measures and Data analysis, printed pp32-33; PDF p9, limitations, printed p37",Codex AI independent verification agent 1,2026-10-01,source_based_judgement_correction_proposed,"A common modified EIDP self-report interview was used, but the intervention specialist also assessed outcomes and recall extended across follow-up intervals of 2-44 months. Reliability evidence cited for the original instrument does not establish reliability of this modified work/education coding. These limitations make employment-specific measurement unclear; they do not by themselves prove that all self-reported observations are invalid."
F13_turner2019_unoccupied_t1_t18m_paidoredu_attained_jbi8_statistical_analysis,turner2019_unoccupied_t1_t18m_paidoredu_attained,jbi8_statistical_analysis,no,no,agree,"dissertation_shared_folder/Data Extraction Papers/ijot-12-2018-0023.pdf; Results, Work attainment outcomes, p. 119; Results, Overall engagement, p. 118; Table I, p. 118",Codex AI independent verification agent 1,2026-10-01,source_checked_judgement_retained,"Proportions are reported on a denominator of 34 with no confidence interval, the follow-up interval varies from 2 to 44 months and is not adjusted for in any of the proportions, and the printed participation counts are mutually inconsistent (21 + 9 - 4 = 26 against a printed 27). The engagement totals are also inconsistent (72 offered IPS alone plus 12 offered both is 84, against a printed 'total offered IPS = 86', while Table I's 36 declined plus 48 attended gives 84)."
F13_turner2019_unoccupied_t1_t18m_paidoredu_attained_jbi9_response_rate,turner2019_unoccupied_t1_t18m_paidoredu_attained,jbi9_response_rate,no,unclear,disagree,"dissertation_shared_folder/Data Extraction Papers/ijot-12-2018-0023.pdf; PDF pp5-6, Results and Fig2, printed pp33-34; PDF p9, limitations, printed p37",Codex AI independent verification agent 1,2026-10-01,source_based_judgement_correction_proposed,"Thirty-nine consenters are reported, but the follow-up sentence says 34 of 38 while printing 87%, which matches 34/39. The transition table contains 34 follow-up cases. Recruitment response is selective with an age difference between consenters/non-consenters. Retention is broadly high, but its exact denominator and missing-case accounting remain uncertain; the conflicting 38/39 totals do not justify treating a precise number of subgroup losses as established."
F13_zhang2017_ise_t15m_paidthresh_rob2_1_randomisation,zhang2017_ise_t15m_paidthresh,rob2_1_randomisation,some_concerns,some_concerns,agree,"dissertation_shared_folder/Data Extraction Papers/zhang-et-al-2017-integrated-supported-employment-for-people-with-schizophrenia-in-mainland-china-a-randomized.pdf; Method, Participants, p. 7106165020p2; Table 1, p. 7106165020p3; Results, Demographics, p. 7106165020p5",Codex AI independent verification agent 1,2026-10-01,source_checked_judgement_retained,"'The recruited participants were assigned to the ISE, IPS, or TVR condition using the concealed randomization feature in IBM SPSS Statistics', which describes sequence generation but not concealment of the allocation from the person enrolling participants at the point of enrolment; a sequence generated in advance in a statistics package is concealed only if the enrolment procedure keeps it so, and that procedure is not described. The three arms contain exactly 54 participants each, implying a fixed-size or blocked design that is not stated. Baseline balance is good: no significant difference in sex, education, work experience or age (Table 1)."
F13_zhang2017_ise_t15m_paidthresh_rob2_2_deviations,zhang2017_ise_t15m_paidthresh,rob2_2_deviations,some_concerns,some_concerns,agree,"dissertation_shared_folder/Data Extraction Papers/zhang-et-al-2017-integrated-supported-employment-for-people-with-schizophrenia-in-mainland-china-a-randomized.pdf; Employment Specialists and Quality Assurance, p. 7106165020p3; Discussion, limitations, p. 7106165020p6; Data Collection and Analysis, p. 7106165020p4",Codex AI independent verification agent 1,2026-10-01,source_checked_judgement_retained,"Participants were not blinded ('the participants were not blinded to their condition') and the same three psychiatric nurses delivered both the IPS and the ISE protocols, with the authors recording that 'Potential bias may have existed among employment specialists because of the effect of allegiance ... they may have favored the ISE participants'. Against this, allocation to specialists was balanced across IPS and ISE, fidelity was rated at 85-91 per cent in both, and the analysis is stated to be intention-to-treat. No adherence, crossover or co-intervention data are reported."
F13_zhang2017_ise_t15m_paidthresh_rob2_3_missing_outcome_data,zhang2017_ise_t15m_paidthresh,rob2_3_missing_outcome_data,high,some_concerns,disagree,"dissertation_shared_folder/Data Extraction Papers/zhang-et-al-2017-integrated-supported-employment-for-people-with-schizophrenia-in-mainland-china-a-randomized.pdf; PDF pp4-5, Data Collection and Analysis, printed pp7106165020p4-p5",Codex AI independent verification agent 1,2026-10-01,source_based_judgement_correction_proposed,"The source states 162 participants were included in ITT employment analyses and that dropout cases were included, but supplies no dropout counts, arm distribution or ascertainment/imputation method. The proportion actually observed and relation of missingness to employment cannot be determined. Unknown missingness does not establish high risk; some concerns is the provisional judgement until signalling questions and missing-data details are obtained."
F13_zhang2017_ise_t15m_paidthresh_rob2_4_outcome_measurement,zhang2017_ise_t15m_paidthresh,rob2_4_outcome_measurement,some_concerns,low,disagree,"dissertation_shared_folder/Data Extraction Papers/zhang-et-al-2017-integrated-supported-employment-for-people-with-schizophrenia-in-mainland-china-a-randomized.pdf; PDF p2, Measures; PDF pp4-5, Data Collection and Analysis",Codex AI independent verification agent 1,2026-10-01,source_based_judgement_correction_proposed,"An independent trained masked assessor applied the same employment checklists and explicit competitive-work threshold to all arms. Requiring 20 hours weekly sustained for two months changes the construct, and uncertainty about the 7-month operational baseline changes the period interpretation; neither demonstrates differential or biased measurement of this specified outcome. Low is supported for measurement, while construct/window compatibility remains separately unresolved."
F13_zhang2017_ise_t15m_paidthresh_rob2_5_selective_reporting,zhang2017_ise_t15m_paidthresh,rob2_5_selective_reporting,high,some_concerns,disagree,"dissertation_shared_folder/Data Extraction Papers/zhang-et-al-2017-integrated-supported-employment-for-people-with-schizophrenia-in-mainland-china-a-randomized.pdf; PDF pp4-5, Table2 and Employment Rates; PDF p6, Acknowledgment",Codex AI independent verification agent 1,2026-10-01,source_based_judgement_correction_proposed,"A ClinicalTrials.gov identifier is cited, but registration timing and the prospective plan were not independently inspected, so prespecification is unverified. The ISE-versus-IPS printedP=.002 does not reproduce from 34/54 versus 27/54 using a simple unadjusted two-sided chi-square test; the exact pairwise procedure is insufficiently described. This is a reporting concern, not proof of selection from multiple eligible analyses. The original claim that ISE has the lowest BPRS at EVERY follow-up is false at 11 months, and symptom reporting does not itself establish selection of this employment result. Some concerns is supported provisionally."
F13_zhang2017_ise_t15m_paidthresh_rob2_overall,zhang2017_ise_t15m_paidthresh,rob2_overall,high,some_concerns,disagree,"dissertation_shared_folder/Data Extraction Papers/zhang-et-al-2017-integrated-supported-employment-for-people-with-schizophrenia-in-mainland-china-a-randomized.pdf; PDF pp2-6, Methods, Results, Table2 and limitations",Codex AI independent verification agent 1,2026-10-01,source_based_judgement_correction_proposed,"Some concerns overall is supported by incompletely documented concealment, uncertain deviations and missing-data handling, and unverified prespecification. The original high ratings inferred outcome-dependent bias from missing information and selective employment reporting from unrelated/inaccurately characterised symptom results. Those inferences are not demonstrated by this source. Full signalling-based adjudication could revise the provisional assessment when protocol and dropout information are available."
F13_zhang2017_ips_t15m_paidthresh_rob2_1_randomisation,zhang2017_ips_t15m_paidthresh,rob2_1_randomisation,some_concerns,some_concerns,agree,"dissertation_shared_folder/Data Extraction Papers/zhang-et-al-2017-integrated-supported-employment-for-people-with-schizophrenia-in-mainland-china-a-randomized.pdf; Method, Participants, p. 7106165020p2; Table 1, p. 7106165020p3; Results, Demographics, p. 7106165020p5",Codex AI independent verification agent 1,2026-10-01,source_checked_judgement_retained,"'The recruited participants were assigned to the ISE, IPS, or TVR condition using the concealed randomization feature in IBM SPSS Statistics', which describes sequence generation but not concealment of the allocation from the person enrolling participants at the point of enrolment; a sequence generated in advance in a statistics package is concealed only if the enrolment procedure keeps it so, and that procedure is not described. The three arms contain exactly 54 participants each, implying a fixed-size or blocked design that is not stated. Baseline balance is good: no significant difference in sex, education, work experience or age (Table 1)."
F13_zhang2017_ips_t15m_paidthresh_rob2_2_deviations,zhang2017_ips_t15m_paidthresh,rob2_2_deviations,some_concerns,some_concerns,agree,"dissertation_shared_folder/Data Extraction Papers/zhang-et-al-2017-integrated-supported-employment-for-people-with-schizophrenia-in-mainland-china-a-randomized.pdf; Employment Specialists and Quality Assurance, p. 7106165020p3; Discussion, limitations, p. 7106165020p6; Data Collection and Analysis, p. 7106165020p4",Codex AI independent verification agent 1,2026-10-01,source_checked_judgement_retained,"Participants were not blinded ('the participants were not blinded to their condition') and the same three psychiatric nurses delivered both the IPS and the ISE protocols, with the authors recording that 'Potential bias may have existed among employment specialists because of the effect of allegiance ... they may have favored the ISE participants'. Against this, allocation to specialists was balanced across IPS and ISE, fidelity was rated at 85-91 per cent in both, and the analysis is stated to be intention-to-treat. No adherence, crossover or co-intervention data are reported."
F13_zhang2017_ips_t15m_paidthresh_rob2_3_missing_outcome_data,zhang2017_ips_t15m_paidthresh,rob2_3_missing_outcome_data,high,some_concerns,disagree,"dissertation_shared_folder/Data Extraction Papers/zhang-et-al-2017-integrated-supported-employment-for-people-with-schizophrenia-in-mainland-china-a-randomized.pdf; PDF pp4-5, Data Collection and Analysis, printed pp7106165020p4-p5",Codex AI independent verification agent 1,2026-10-01,source_based_judgement_correction_proposed,"The source states 162 participants were included in ITT employment analyses and that dropout cases were included, but supplies no dropout counts, arm distribution or ascertainment/imputation method. The proportion actually observed and relation of missingness to employment cannot be determined. Unknown missingness does not establish high risk; some concerns is the provisional judgement until signalling questions and missing-data details are obtained."
F13_zhang2017_ips_t15m_paidthresh_rob2_4_outcome_measurement,zhang2017_ips_t15m_paidthresh,rob2_4_outcome_measurement,some_concerns,low,disagree,"dissertation_shared_folder/Data Extraction Papers/zhang-et-al-2017-integrated-supported-employment-for-people-with-schizophrenia-in-mainland-china-a-randomized.pdf; PDF p2, Measures; PDF pp4-5, Data Collection and Analysis",Codex AI independent verification agent 1,2026-10-01,source_based_judgement_correction_proposed,"An independent trained masked assessor applied the same employment checklists and explicit competitive-work threshold to all arms. Requiring 20 hours weekly sustained for two months changes the construct, and uncertainty about the 7-month operational baseline changes the period interpretation; neither demonstrates differential or biased measurement of this specified outcome. Low is supported for measurement, while construct/window compatibility remains separately unresolved."
F13_zhang2017_ips_t15m_paidthresh_rob2_5_selective_reporting,zhang2017_ips_t15m_paidthresh,rob2_5_selective_reporting,high,some_concerns,disagree,"dissertation_shared_folder/Data Extraction Papers/zhang-et-al-2017-integrated-supported-employment-for-people-with-schizophrenia-in-mainland-china-a-randomized.pdf; PDF pp4-5, Table2 and Employment Rates; PDF p6, Acknowledgment",Codex AI independent verification agent 1,2026-10-01,source_based_judgement_correction_proposed,"A ClinicalTrials.gov identifier is cited, but registration timing and the prospective plan were not independently inspected, so prespecification is unverified. The ISE-versus-IPS printedP=.002 does not reproduce from 34/54 versus 27/54 using a simple unadjusted two-sided chi-square test; the exact pairwise procedure is insufficiently described. This is a reporting concern, not proof of selection from multiple eligible analyses. The original claim that ISE has the lowest BPRS at EVERY follow-up is false at 11 months, and symptom reporting does not itself establish selection of this employment result. Some concerns is supported provisionally."
F13_zhang2017_ips_t15m_paidthresh_rob2_overall,zhang2017_ips_t15m_paidthresh,rob2_overall,high,some_concerns,disagree,"dissertation_shared_folder/Data Extraction Papers/zhang-et-al-2017-integrated-supported-employment-for-people-with-schizophrenia-in-mainland-china-a-randomized.pdf; PDF pp2-6, Methods, Results, Table2 and limitations",Codex AI independent verification agent 1,2026-10-01,source_based_judgement_correction_proposed,"Some concerns overall is supported by incompletely documented concealment, uncertain deviations and missing-data handling, and unverified prespecification. The original high ratings inferred outcome-dependent bias from missing information and selective employment reporting from unrelated/inaccurately characterised symptom results. Those inferences are not demonstrated by this source. Full signalling-based adjudication could revise the provisional assessment when protocol and dropout information are available."
F13_zhang2017_tvr_t15m_paidthresh_rob2_1_randomisation,zhang2017_tvr_t15m_paidthresh,rob2_1_randomisation,some_concerns,some_concerns,agree,"dissertation_shared_folder/Data Extraction Papers/zhang-et-al-2017-integrated-supported-employment-for-people-with-schizophrenia-in-mainland-china-a-randomized.pdf; Method, Participants, p. 7106165020p2; Table 1, p. 7106165020p3; Results, Demographics, p. 7106165020p5",Codex AI independent verification agent 1,2026-10-01,source_checked_judgement_retained,"'The recruited participants were assigned to the ISE, IPS, or TVR condition using the concealed randomization feature in IBM SPSS Statistics', which describes sequence generation but not concealment of the allocation from the person enrolling participants at the point of enrolment; a sequence generated in advance in a statistics package is concealed only if the enrolment procedure keeps it so, and that procedure is not described. The three arms contain exactly 54 participants each, implying a fixed-size or blocked design that is not stated. Baseline balance is good: no significant difference in sex, education, work experience or age (Table 1)."
F13_zhang2017_tvr_t15m_paidthresh_rob2_2_deviations,zhang2017_tvr_t15m_paidthresh,rob2_2_deviations,some_concerns,some_concerns,agree,"dissertation_shared_folder/Data Extraction Papers/zhang-et-al-2017-integrated-supported-employment-for-people-with-schizophrenia-in-mainland-china-a-randomized.pdf; Employment Specialists and Quality Assurance, p. 7106165020p3; Discussion, limitations, p. 7106165020p6; Data Collection and Analysis, p. 7106165020p4",Codex AI independent verification agent 1,2026-10-01,source_checked_judgement_retained,"Participants were not blinded ('the participants were not blinded to their condition') and the same three psychiatric nurses delivered both the IPS and the ISE protocols, with the authors recording that 'Potential bias may have existed among employment specialists because of the effect of allegiance ... they may have favored the ISE participants'. Against this, allocation to specialists was balanced across IPS and ISE, fidelity was rated at 85-91 per cent in both, and the analysis is stated to be intention-to-treat. No adherence, crossover or co-intervention data are reported."
F13_zhang2017_tvr_t15m_paidthresh_rob2_3_missing_outcome_data,zhang2017_tvr_t15m_paidthresh,rob2_3_missing_outcome_data,high,some_concerns,disagree,"dissertation_shared_folder/Data Extraction Papers/zhang-et-al-2017-integrated-supported-employment-for-people-with-schizophrenia-in-mainland-china-a-randomized.pdf; PDF pp4-5, Data Collection and Analysis, printed pp7106165020p4-p5",Codex AI independent verification agent 1,2026-10-01,source_based_judgement_correction_proposed,"The source states 162 participants were included in ITT employment analyses and that dropout cases were included, but supplies no dropout counts, arm distribution or ascertainment/imputation method. The proportion actually observed and relation of missingness to employment cannot be determined. Unknown missingness does not establish high risk; some concerns is the provisional judgement until signalling questions and missing-data details are obtained."
F13_zhang2017_tvr_t15m_paidthresh_rob2_4_outcome_measurement,zhang2017_tvr_t15m_paidthresh,rob2_4_outcome_measurement,some_concerns,low,disagree,"dissertation_shared_folder/Data Extraction Papers/zhang-et-al-2017-integrated-supported-employment-for-people-with-schizophrenia-in-mainland-china-a-randomized.pdf; PDF p2, Measures; PDF pp4-5, Data Collection and Analysis",Codex AI independent verification agent 1,2026-10-01,source_based_judgement_correction_proposed,"An independent trained masked assessor applied the same employment checklists and explicit competitive-work threshold to all arms. Requiring 20 hours weekly sustained for two months changes the construct, and uncertainty about the 7-month operational baseline changes the period interpretation; neither demonstrates differential or biased measurement of this specified outcome. Low is supported for measurement, while construct/window compatibility remains separately unresolved."
F13_zhang2017_tvr_t15m_paidthresh_rob2_5_selective_reporting,zhang2017_tvr_t15m_paidthresh,rob2_5_selective_reporting,high,some_concerns,disagree,"dissertation_shared_folder/Data Extraction Papers/zhang-et-al-2017-integrated-supported-employment-for-people-with-schizophrenia-in-mainland-china-a-randomized.pdf; PDF pp4-5, Table2 and Employment Rates; PDF p6, Acknowledgment",Codex AI independent verification agent 1,2026-10-01,source_based_judgement_correction_proposed,"A ClinicalTrials.gov identifier is cited, but registration timing and the prospective plan were not independently inspected, so prespecification is unverified. The ISE-versus-IPS printedP=.002 does not reproduce from 34/54 versus 27/54 using a simple unadjusted two-sided chi-square test; the exact pairwise procedure is insufficiently described. This is a reporting concern, not proof of selection from multiple eligible analyses. The original claim that ISE has the lowest BPRS at EVERY follow-up is false at 11 months, and symptom reporting does not itself establish selection of this employment result. Some concerns is supported provisionally."
F13_zhang2017_tvr_t15m_paidthresh_rob2_overall,zhang2017_tvr_t15m_paidthresh,rob2_overall,high,some_concerns,disagree,"dissertation_shared_folder/Data Extraction Papers/zhang-et-al-2017-integrated-supported-employment-for-people-with-schizophrenia-in-mainland-china-a-randomized.pdf; PDF pp2-6, Methods, Results, Table2 and limitations",Codex AI independent verification agent 1,2026-10-01,source_based_judgement_correction_proposed,"Some concerns overall is supported by incompletely documented concealment, uncertain deviations and missing-data handling, and unverified prespecification. The original high ratings inferred outcome-dependent bias from missing information and selective employment reporting from unrelated/inaccurately characterised symptom results. Those inferences are not demonstrated by this source. Full signalling-based adjudication could revise the provisional assessment when protocol and dropout information are available."
