result_id,report_id,cohort_id,arm_id,analysis_sample_id,followup_months,followup_basis,measurement_age_years,mean_years_since_onset,outcome_construct,outcome_verbatim,result_role,ascertainment,ascertainment_window_months,n_employed,n_outcome_observed,n_assessed,n_alive_eligible,n_entered,reported_percentage_base,denominator_basis,missing_data_method,source_locator,derivation_component_result_ids,derivation_justification,derivation_mutually_exclusive,derivation_exhaustive,derivation_zero_separable,checked_by,conflict_status,conflict_note,adjusted_measure,adjusted_effect,adjusted_se,mean_age,perc_female,n_female,n_female_denominator,perc_post_secondary,n_post_secondary,n_post_secondary_denominator,perc_employed_baseline,n_employed_baseline,n_employed_baseline_denominator,notes
hansen2024_cohort_t240m_paidcomp,hansen2024,opus_1998,cohort,register_416,240,since_baseline,,,paid_competitive,Full-time employment without supported employment benefits 50% of the past year,reported,period_prevalence,12,54,416,,,496,,outcome_observed,register_complete,"Table 2, p. 4379",,,,,,,unresolved,"UNRESOLVED: Table 2, p. 4379 subgroups do not sum to the printed totals. 'Any work' 84 + 15 = 99 against the printed 105; 'Work' 49 + 3 = 52 against 54. Every cell matches its own percentage, so the total and its parts cannot both be right, and the printed total is the paid_any numerator for opus_1998. hansen2024b's equivalent rows do sum correctly and may be the safer source. Blocked from every synthesis pending author reply. // AUTHOR CONTACTED, NO CURRENT RESPONSE.",,,,27,44.5,,,,,,,,,"INCONSISTENT: subgroup counts 49+3=52 not the 54 reported in the All column | PUBLISHED INCONSISTENCY: Table 2 'Work' subgroups 49 + 3 = 52 against the printed total 54 (p. 4379).// Author contacted, no response."
hansen2024_cohort_t240m_paidany,hansen2024,opus_1998,cohort,register_416,240,since_baseline,,,paid_any,Full- or part-time employment with or without supported employment benefits 50% of the past year,reported,period_prevalence,12,105,416,,,496,,outcome_observed,register_complete,"Table 2, p. 4379",,,,,,,unresolved,"UNRESOLVED: Table 2, p. 4379 subgroups do not sum to the printed totals. 'Any work' 84 + 15 = 99 against the printed 105; 'Work' 49 + 3 = 52 against 54. Every cell matches its own percentage, so the total and its parts cannot both be right, and the printed total is the paid_any numerator for opus_1998. hansen2024b's equivalent rows do sum correctly and may be the safer source. Blocked from every synthesis pending author reply. // AUTHOR CONTACTED, NO CURRENT RESPONSE.",,,,27,44.5,,,,,,,,,"INCONSISTENT: subgroup counts 84+15=99 not the 105 reported in the All column; within-column percentages all check out | n_outcome_observed = 416 CONFIRMED (Stage B recheck): 'Register data on redeemed antipsychotics were available for all trial participants (n = 416)' (Abstract, p. 4374); Table 2 title p. 4379; Discussion p. 4382; Limitations p. 4383. Table 2 columns 296 + 120 = 416. 143 is the clinical-interview sample (Tables 1 and 3) and must not be substituted. PUBLISHED INCONSISTENCY: Table 2 'Any work' subgroups 84 + 15 = 99 against the printed total 105 (and 'Work' 49 + 3 = 52 against 54); every cell matches its own percentage, so total and parts cannot both be right. This is the paid_any numerator for opus_1998. UNEXPLAINED: the step from 496 entered to 416 with register data is never described. // Author contacted, no response."
hansen2024_cohort_t240m_paidcomp_assessed,hansen2024,opus_1998,cohort,reassessed_143,240,since_baseline,,,paid_competitive,Full-time employment without supported employment benefits 50% of the past year,reported,period_prevalence,12,27,143,143,,496,,outcome_observed,register_complete,"Table 3, p. 4380",,,,,,,none,,,,,46.15,52.4,,,,,,,,,NESTED within the Table 2 row; do not pool both. 71% attrition and demonstrably differential
hansen2024_cohort_t240m_paidany_assessed,hansen2024,opus_1998,cohort,reassessed_143,240,since_baseline,,,paid_any,Full- or part-time employment with or without supported employment benefits 50% of the past year,reported,period_prevalence,12,48,143,143,,496,,outcome_observed,register_complete,"Table 3, p. 4380",,,,,,,none,,,,,46.15,52.4,,,,,,,,,NESTED within the Table 2 row; do not pool both
hansen2024_cohort_t240m_paidoredu,hansen2024,opus_1998,cohort,reassessed_143,240,since_baseline,,,paid_or_education,Working or studying at the 20-year follow-up,reported,point_prevalence,,40,143,143,,496,,outcome_observed,complete_case,"Table 1, p. 4377",,,,,,,none,,,,,46.15,52.4,,,,,,,,,"Composite, not paid employment. Interview-based"
hansen2024b_cohort_t240m_paidcomp,hansen2024b,opus_1998,cohort,reassessed_174,240,since_baseline,,,paid_competitive,Full-time employment without supported employment benefits 50% of the past year,reported,period_prevalence,12,40,174,174,,578,,outcome_observed,register_complete,"Table 1, p. 2566",,,,,,,none,,,,,45.90,50.0,,,,,,,,,Parent/non-parent split consistent 25+15=40
hansen2024b_cohort_t240m_paidany,hansen2024b,opus_1998,cohort,reassessed_174,240,since_baseline,,,paid_any,Full- or part-time employment with or without supported employment benefits 50% of the past year,reported,period_prevalence,12,64,174,174,,578,,outcome_observed,register_complete,"Table 1, p. 2566",,,,,,,none,,,,,45.90,50.0,,,,,,,,,Split consistent 35+29=64. Includes 30 (17.2%) with F21 which hansen2024 excludes
hansen2024b_cohort_t240m_paidoredu,hansen2024b,opus_1998,cohort,reassessed_174,240,since_baseline,,,paid_or_education,Working or studying at the 20-year follow-up,reported,point_prevalence,,52,174,174,,578,,outcome_observed,complete_case,"Table 1, p. 2566",,,,,,,none,,,,,45.90,50.0,,,,,,,,,"Composite, not paid employment. Split consistent 31+21=52"
rautio2016_cohort_age44_45_paidintensity25,rautio2016,nfbc1966,cohort,,,chronological_age,44.5,17.5,paid_intensity_threshold,"Employed if they had been working for at least 25% of the working days over the last two years of follow-up (1 Jan 2010 to 31 Dec 2011, at age 44-45). Table 1 bands: <25.0% (143), 25.0-49.9% (5), 50.0%-74.9% (5), >=75.0% (8).",derived,period_prevalence,24,18,161,,,161,,outcome_observed,register_complete,"Table 1, p. 63 and Table 2, p. 64",rautio2016_cohort_age44_45_band_25_49;rautio2016_cohort_age44_45_band_50_74;rautio2016_cohort_age44_45_band_75plus,"Sum of the three printed working-day bands above the paper's 25% threshold (5 + 5 + 8 = 18), one shared denominator of 161, mutually exclusive. The paper prints '11.2%' but never prints the count 18, so this is a sum of printed counts and not a back-calculation from a percentage.",yes,yes,no,,none,,,,,44.5,,71,161,,,,,,,"CONSTRUCT CORRECTED 12 Aug 2026: this is paid_intensity_threshold, NOT paid_any. The lowest band is '<25.0%', NOT '0%', so it pools people with no working days at all together with people who worked 1-24.9% of working days. The number in ANY paid work is therefore NOT IDENTIFIED by this source: bounds are 18 <= paid_any <= 161. Do not interpolate. FOLLOW-UP BASIS: the measurement point is chronological age 44-45; the 210 months is the MEAN time since onset, which ranged from 5 to over 20 years (25 had 5-9y, 77 had 10-19y, 59 had 20y+). It is therefore not a landmark and is not assigned to a horizon. | CONSTRUCT CORRECTED 11 Aug 2026: this is NOT paid_any. The paper's measure is 'employed if they had been working for at least 25% of the working days' (Methods 2.2.1, p. 63). The lowest band is '<25.0%', NOT '0%', so it pools people with no working days at all together with people who worked 1-24.9% of working days. The number in ANY paid work is therefore NOT RECOVERABLE from this paper: bounds are 18 <= paid_any <= 161. Do not interpolate. Ascertainment is period prevalence over a 24-month window (1 Jan 2010 to 31 Dec 2011, at age 44-45), not point prevalence. followup_months is not a fixed post-onset horizon: follow-up since onset averaged 17.5 years and varied."
majuri2021_dp_t242m_unclear,majuri2021,nfbc1966,dp_psychiatric,,242,since_baseline,,,unclear,Disability pension coded as ended with the person alive and no new pension granted,reported,any_time_during_followup,,15,170,,,223,,outcome_observed,register_complete,"Table 3, p. 1650",,,,,,,none,,,,,,41.8,,,18.8,,,,,,"SCHIZOPHRENIA group. Construct unclear: administrative pension discontinuation does not verify paid work. Denominator selected for non-employment. INCONSISTENT: text says 229 detected, Table 2 says 223. // ""AUTHOR CLARIFIED: Text reports total detected (n=229 schizophrenia, n=205 other psychosis), which includes somatic disability pensions. Table 2 (n=223 schizophrenia, n=200 other psychosis) deliberately excludes somatic cases per Methods: 'We only present the proportions of disability pensions due to somatic reasons, but we exclude those from further analyses.' Numerator 170/91 is psychiatric disability pension discontinuation only."""
majuri2021_dp_t157m_unclear,majuri2021,nfbc1966,dp_psychiatric,,157,since_baseline,,,unclear,Disability pension coded as ended with the person alive and no new pension granted,reported,any_time_during_followup,,17,91,,,200,,outcome_observed,register_complete,"Table 3, p. 1650",,,,,,,none,,,,,,54.9,,,22.0,,,,,,"OTHER PSYCHOSIS group. INCONSISTENT: text says 205 detected, Table 2 says 200. // ""AUTHOR CLARIFIED: Text reports total detected (n=229 schizophrenia, n=205 other psychosis), which includes somatic disability pensions. Table 2 (n=223 schizophrenia, n=200 other psychosis) deliberately excludes somatic cases per Methods: 'We only present the proportions of disability pensions due to somatic reasons, but we exclude those from further analyses.' Numerator 170/91 is psychiatric disability pension discontinuation only."""
thomson2023_cohort_t240m_paidany,thomson2023,carstairs_1992,cohort,,240,since_baseline,,,paid_any,At the 20 year follow-up no participants were in paid employment,reported,point_prevalence,,0,56,72,,241,,outcome_observed,complete_case,"Results social and functional recovery narrative, p. 8",,,,,,,none,,,,,,11.6,,,,,,,,,"TRUE ZERO not missing. DENOMINATOR NOT STATED so n_outcome_observed blank. n_assessed 66 = 48 interviewed + 18 case note only. //  AUTHOR CONTACTED - RESPONSE RECEIVED. | 23 Sep 2026: Author reply: denominator 72 = 56 consented + 16 deceased with accessible notes (2014 only). The sheet entered n_outcome_observed 0, an entry error. Point prevalence of current paid work is defined among the living, so the denominator is the 56 living observed and n_assessed carries the author's 72; 0 employed of 72 implies 0 of 56. missing_data_method: the sheet's 'stated' is not a vocabulary value; the count is complete-case among those observed."
thomson2023_cohort_t240m_vocact,thomson2023,carstairs_1992,cohort,,240,since_baseline,,,vocational_activity,11.1% in some form of supported work style placement,reported,point_prevalence,,8,72,72,,241,,unclear,complete_case,"Results social and functional recovery narrative, p. 8",,,,,,,none,,,,,,11.6,,,,,,,,,"Numerator BLANK deliberately: only a percentage given and 11.1% implies a denominator matching none of the reported counts // AUTHOR RESPONSE: ""Denominator = 72 (56 consented + 16 deceased with accessible notes; 2014 only)"" | 23 Sep 2026: Author reply: denominator 72 (56 consented + 16 deceased with accessible notes). 8/72 = 11.1 per cent reproduces the printed percentage, so the authors' base includes the deceased. The sheet entered n_outcome_observed 8, an entry error. denominator_basis stays unclear because a base including the deceased is not those whose current status was observed among the living; the reply does not say whether the 8 are all living. 'stated' is not a vocabulary value; complete_case applied."
darjee2017_sz_t120m_paidcomp,darjee2017,carstairs_1992,sz,,120,since_baseline,,,paid_competitive,At the end of 2001 none were in paid unsupported work,reported,point_prevalence,,0,,,158,169,169,unclear,not_stated,"Social outcomes, p. 539",,,,,,,none,,,,,35.7,11.2,,,,,,29.6,,,"Endpoint (point-prevalence) row. 158 survivors recorded as n_alive_eligible. n_outcome_observed remains BLANK: 169 is the authors' reporting base, established by their own percentages, but nothing shows employment was observed for all 169 and complete clinical/social records exist for only 137. This row must not enter a count model. CONSTRUCT AMBIGUITY: the Abstract calls the single remaining person 'voluntary employment' while the Results call it 'supported work'; the measure is only 'Employment (in paid or unpaid work, and for how long)' (Methods, Social data, p. 528), so remuneration cannot be established."
darjee2017_sz_t120m_paidsupp,darjee2017,carstairs_1992,sz,,120,since_baseline,,,unclear,At the end of 2001 only one had supported work,reported,point_prevalence,,1,,,158,169,169,unclear,not_stated,"Social outcomes, p. 539",,,,,,,none,,,,,35.7,11.2,,,,,,29.6,,,"Endpoint (point-prevalence) row. 158 survivors recorded as n_alive_eligible. n_outcome_observed remains BLANK: 169 is the authors' reporting base, established by their own percentages, but nothing shows employment was observed for all 169 and complete clinical/social records exist for only 137. This row must not enter a count model. CONSTRUCT AMBIGUITY: the Abstract calls the single remaining person 'voluntary employment' while the Results call it 'supported work'; the measure is only 'Employment (in paid or unpaid work, and for how long)' (Methods, Social data, p. 528), so remuneration cannot be established."
darjee2017_sz_t120m_paidcomp_ever,darjee2017,carstairs_1992,sz,,120,since_baseline,,,paid_competitive,2 (1.2%) had paid unsupported work at some point over the follow-up period,reported,any_time_during_followup,,2,,,,169,169,unclear,not_stated,"Social outcomes, p. 539",,,,,,,none,,,,,35.7,11.2,,,,,,29.6,,,"DENOMINATOR ADJUDICATED 12 Aug 2026. The paper states NO denominator for any employment figure. 137 is a data-completeness statement about the clinical and social domain as a whole (Methods, Completeness of data, p. 528), not an employment denominator, and the printed percentages rule it out: 10/137 = 7.3% and 2/137 = 1.5% against the printed 5.9% and 1.2%, whereas 10/169 = 5.9% and 2/169 = 1.2% match. BUT arithmetic agreement establishes the REPORTING BASE, not the observation process: it does not show that employment was observed for all 169, and the paper reports complete clinical and social records for only 137. n_outcome_observed is therefore left BLANK and 169 recorded as n_entered, the strongly implied percentage base, pending author confirmation. 137 is NOT recorded as n_assessed: it denotes complete case-record follow-up across a domain, not assessment of employment at this endpoint. NOT every social-outcome percentage in that paragraph uses 169: the Abstract's '18 (12.7%) living independently' implies a base near 142. The employment percentages match 169; the paragraph as a whole does not use one base. CONSTRUCT is unclear because the measure is only 'Employment (in paid or unpaid work, and for how long)' (Methods, Social data, p. 528), so remuneration cannot be established, and the Abstract calls the same single person 'voluntary employment' while the Results call it 'supported work'."
darjee2017_sz_t120m_paidsupp_ever,darjee2017,carstairs_1992,sz,,120,since_baseline,,,unclear,Ten (5.9%) patients had supported work at some point over the follow-up period,reported,any_time_during_followup,,10,,,,169,169,unclear,not_stated,"Social outcomes, p. 539",,,,,,,none,,,,,35.7,11.2,,,,,,29.6,,,"DENOMINATOR ADJUDICATED 12 Aug 2026. The paper states NO denominator for any employment figure. 137 is a data-completeness statement about the clinical and social domain as a whole (Methods, Completeness of data, p. 528), not an employment denominator, and the printed percentages rule it out: 10/137 = 7.3% and 2/137 = 1.5% against the printed 5.9% and 1.2%, whereas 10/169 = 5.9% and 2/169 = 1.2% match. BUT arithmetic agreement establishes the REPORTING BASE, not the observation process: it does not show that employment was observed for all 169, and the paper reports complete clinical and social records for only 137. n_outcome_observed is therefore left BLANK and 169 recorded as n_entered, the strongly implied percentage base, pending author confirmation. 137 is NOT recorded as n_assessed: it denotes complete case-record follow-up across a domain, not assessment of employment at this endpoint. NOT every social-outcome percentage in that paragraph uses 169: the Abstract's '18 (12.7%) living independently' implies a base near 142. The employment percentages match 169; the paragraph as a whole does not use one base. CONSTRUCT is unclear because the measure is only 'Employment (in paid or unpaid work, and for how long)' (Methods, Social data, p. 528), so remuneration cannot be established, and the Abstract calls the same single person 'voluntary employment' while the Results call it 'supported work'."
fowler2019_tau_t24m_paidany,fowler2019,isrep_rct,tau,,24,since_baseline,,,paid_any,Presence of paid employment in the year following the end of the intervention period,reported,period_prevalence,12,6,37,37,,42,,outcome_observed,complete_case,"Table 1, p. 102",,,,,,,none,,,,,,,,,,,,,,,"Whole TAU arm. Abstract says 50 followed up; Method and Table 1 give 66 of 77 | PUBLISHED INCONSISTENCY: the Abstract states 50 (86%) followed up, but the Method, Table 1 and the CONSORT diagram all give 66 of 77 (37 TAU + 29 SRT), and 86% only works for 66/77."
fowler2019_srt_t24m_paidany,fowler2019,isrep_rct,srt,,24,since_baseline,,,paid_any,Presence of paid employment in the year following the end of the intervention period,reported,period_prevalence,12,9,29,29,,35,,outcome_observed,complete_case,"Table 1, p. 102",,,,,,,none,,,,,,,,,,,,,,,Whole SRT+TAU arm
fowler2019_tau_nonaff_t24m_paidany,fowler2019,isrep_rct,tau_nonaff,,24,since_baseline,,,paid_any,Presence of paid employment in the year following the end of the intervention period,reported,period_prevalence,12,0,24,24,,,,outcome_observed,complete_case,"Table 1, p. 102",,,,,,,none,,,,,,,,,,,,,,,"ZERO-EVENT CELL: 0 of 24. Chi2(1,44)=4.52 p=0.03 vs SRT non-affective"
fowler2019_srt_nonaff_t24m_paidany,fowler2019,isrep_rct,srt_nonaff,,24,since_baseline,,,paid_any,Presence of paid employment in the year following the end of the intervention period,reported,period_prevalence,12,5,20,20,,,,outcome_observed,complete_case,"Table 1, p. 102",,,,,,,none,,,,,,,,,,,,,,,5 of 20 (25%) in paid work
fowler2019_tau_aff_t24m_paidany,fowler2019,isrep_rct,tau_aff,,24,since_baseline,,,paid_any,Presence of paid employment in the year following the end of the intervention period,reported,period_prevalence,12,6,13,13,,,,outcome_observed,complete_case,"Table 1, p. 102",,,,,,,none,,,,,,,,,,,,,,,AFFECTIVE subgroup of TAU
fowler2019_srt_aff_t24m_paidany,fowler2019,isrep_rct,srt_aff,,24,since_baseline,,,paid_any,Presence of paid employment in the year following the end of the intervention period,reported,period_prevalence,12,4,9,9,,,,outcome_observed,complete_case,"Table 1, p. 102",,,,,,,none,,,,,,,,,,,,,,,AFFECTIVE subgroup of SRT+TAU
christensen2019_ips_t18m_paidcomp,christensen2019,ips_denmark_rct,ips,,18,since_baseline,,,paid_competitive,Competitive employment extracted from the Danish DREAM register,reported,any_time_during_followup,,92,243,,,243,,entered,register_complete,"Table 3, p. 1238",,,,,,,none,,success-rate difference vs service as usual,0.102,,33.3,38.7,,,,,,,,,Register-based 100% follow-up; 92/243=37.9 reconciles
christensen2019_ipse_t18m_paidcomp,christensen2019,ips_denmark_rct,ipse,,18,since_baseline,,,paid_competitive,Competitive employment extracted from the Danish DREAM register,reported,any_time_during_followup,,80,238,,,238,,entered,register_complete,"Table 3, p. 1238",,,,,,,none,,success-rate difference vs service as usual,0.06,,33.0,36.6,,,,,,,,,80/238=33.6 reconciles
christensen2019_sau_t18m_paidcomp,christensen2019,ips_denmark_rct,sau,,18,since_baseline,,,paid_competitive,Competitive employment extracted from the Danish DREAM register,reported,any_time_during_followup,,66,239,,,239,,entered,register_complete,"Table 3, p. 1238",,,,,,,none,,,,,32.8,39.8,,,,,,,,,66/239=27.6 reconciles
christensen2019_ips_t18m_paidoredu,christensen2019,ips_denmark_rct,ips,,18,since_baseline,,,paid_or_education,Employment or education at some point during the 18-month follow-up,reported,any_time_during_followup,,112,,186,,243,,unclear,not_stated,"Table 2, p. 1237",,,,,,,none,,success-rate difference vs service as usual,0.134,,33.3,38.7,,,,,,,,,"Composite not an employment rate. Denominator BLANK: 112 (59.9%) implies about 187, contradicting the flowchart interview count of 186 | Denominator deliberately BLANK: the paper never prints the denominators for the 'Employment or education at some point' row (Table 2, p. 1237). 112/243 = 46.1%, not the printed 59.9%, so 243 is not the denominator. The composite is limited by interview participation because education was self-reported at the 18-month interview while employment came from DREAM with complete coverage. Implied interview denominators elsewhere are 187/171/170 (Table 3, p. 1238) against a flowchart giving 186/170/165, and the flowchart lists 243 in an arm that randomised 239. Author query raised."
christensen2019_ipse_t18m_paidoredu,christensen2019,ips_denmark_rct,ipse,,18,since_baseline,,,paid_or_education,Employment or education at some point during the 18-month follow-up,reported,any_time_during_followup,,101,,170,,238,,unclear,not_stated,"Table 2, p. 1237",,,,,,,none,,success-rate difference vs service as usual,0.126,,33.0,36.6,,,,,,,,,Composite. Denominator BLANK: implies about 171 vs flowchart 170
christensen2019_sau_t18m_paidoredu,christensen2019,ips_denmark_rct,sau,,18,since_baseline,,,paid_or_education,Employment or education at some point during the 18-month follow-up,reported,any_time_during_followup,,79,,165,,239,,unclear,not_stated,"Table 2, p. 1237",,,,,,,none,,,,,32.8,39.8,,,,,,,,,Composite. Denominator BLANK: implies about 170 vs flowchart 165
cunningham2025_cohort_t60m_paidany,cunningham2025,nz_idi,cohort,,60,since_baseline,,,paid_any,having been in employment for more than 6 months in year 5,reported,period_prevalence,12,744,2193,,2193,2412,,outcome_observed,register_complete,"Table 2, p. 4 (Maori and non-Maori columns summed)",,,,,,,none,,,,,,,,,,,,,,,DERIVED: 744 = 228 Maori + 516 non-Maori published counts; 2193 = 918 + 1275. All Stats NZ IDI counts randomly rounded to base 3. n_entered 2412 is the originally identified cohort (162 excluded for time abroad and 51 died). Discussion agrees: one-third of the cohort in sustained employment
cunningham2025_maori_t60m_paidany,cunningham2025,nz_idi,maori,,60,since_baseline,,,paid_any,having been in employment for more than 6 months in year 5,reported,period_prevalence,12,228,918,,918,918,,outcome_observed,register_complete,"Table 2, p. 4",,,,,,,none,,,,,,35,,,,,,,,,Published as 25 per cent. All Stats NZ IDI counts randomly rounded to base 3
cunningham2025_nonmaori_t60m_paidany,cunningham2025,nz_idi,non_maori,,60,since_baseline,,,paid_any,having been in employment for more than 6 months in year 5,reported,period_prevalence,12,516,1275,,1275,1275,,outcome_observed,register_complete,"Table 2, p. 4",,,,,,,none,,odds ratio non-Maori vs Maori adjusted for gender age and NZDep,1.57,,,38,,,,,,,,,Published as 40 per cent. Adjusted OR 95 per cent CI 1.29-1.92; a model additionally adjusting for pre-FEP education employment CPS and CJS contact gave 1.41 (1.14-1.75). adjusted_se left blank rather than back-calculated from the CI. Counts randomly rounded to base 3
cunningham2025_cohort_t60m_paidoredu,cunningham2025,nz_idi,cohort,,60,since_baseline,,,paid_or_education_or_training,not having been in education employment or training (NEET) [complement recorded],derived,period_prevalence,12,1323,2193,,2193,2412,,outcome_observed,register_complete,"Table 2, p. 4 (NEET counts subtracted from cohort size)",,"Total minus the printed NEET count; the source prints NEET, not its complement",,,,,none,,,,,,,,,,,,,,,"DERIVED by complement: NEET 441 + 429 = 870; 2193 - 870 = 1323. Assumes NEET status observed for the whole cohort, which register linkage supports but the paper does not state. Counts randomly rounded to base 3"
cunningham2025_maori_t60m_paidoredu,cunningham2025,nz_idi,maori,,60,since_baseline,,,paid_or_education_or_training,not having been in education employment or training (NEET) [complement recorded],derived,period_prevalence,12,477,918,,918,918,,outcome_observed,register_complete,"Table 2, p. 4 (NEET 441 subtracted from 918)",,Total minus the printed NEET count of 441,,,,,none,,,,,,35,,,,,,,,,DERIVED by complement of NEET 441 (48 per cent). Counts randomly rounded to base 3
cunningham2025_nonmaori_t60m_paidoredu,cunningham2025,nz_idi,non_maori,,60,since_baseline,,,paid_or_education_or_training,not having been in education employment or training (NEET) [complement recorded],derived,period_prevalence,12,846,1275,,1275,1275,,outcome_observed,register_complete,"Table 2, p. 4 (NEET 429 subtracted from 1275)",,Total minus the printed NEET count of 429,,,,,none,,,,,,38,,,,,,,,,DERIVED by complement of NEET 429 (33 per cent). Counts randomly rounded to base 3
twumasi2026_cohort_t0m_paidany,twumasi2026,dk_registers_1998,cohort,,0,since_baseline,,,paid_any,Baseline employment status: Employment (DREAM weekly labour market affiliation at cohort entry),reported,point_prevalence,,21930,65630,,,65630,,entered,register_complete,"Table 1, p. 5",,,,,,,none,,,,,36.0,48.8,,,,,,33.4,,,"CONFLICT OF INTEREST: authored by the review guarantor. 21930/65630 = 33.4 per cent, consistent. Table 1 caption calls this point prevalence at cohort entry. Employment is a separate DREAM category from Education/training, so this row is paid work only. Counts rounded under Statistics Denmark disclosure rules"
twumasi2026_cohort_t0m_edu,twumasi2026,dk_registers_1998,cohort,,0,since_baseline,,,education_or_training,Baseline employment status: Education/training,reported,point_prevalence,,4230,65630,,,65630,,entered,register_complete,"Table 1, p. 5",,,,,,,none,,,,,36.0,48.8,,,,,,33.4,,,"CONFLICT OF INTEREST: authored by the review guarantor. 4230/65630 = 6.5 per cent, consistent. A baseline paid_or_education count of 26160 (21930 + 4230) is derivable but is not reported by the authors, so it is not emitted as a row. Counts rounded under Statistics Denmark disclosure rules"
twumasi2026_cohort_t120m_paidoredu,twumasi2026,dk_registers_1998,cohort,,120,since_baseline,,,paid_or_education_or_training,productive engagement: a time-varying binary variable at the person-week level indicating whether an individual was engaged in competitive employment formal education or a vocational training program,reported,any_time_during_followup,,38160,,,,65630,,unclear,register_complete,"Results, Secondary analysis (Fine-Gray), p. 5",,,,,,,unresolved,"Three mutually incompatible denominators for the 10-year productive engagement count: 38160/65630 = 58.1 per cent, not the stated 69.1 per cent, which implies an unprinted base near 55200; the printed counts (38160 + 11730 + 550) sum to 50440, the switcher subcohort, whose base gives 75.7 per cent; and the 550 competing events contradict Table 1's 9690 deaths and 1540 emigrations. Blocked under D12.3d until the internal query REQ-twumasi2026-1 resolves the denominator with authority.",,,,36.0,48.8,,,,,,33.4,,,"CONFLICT OF INTEREST: authored by the review guarantor. DENOMINATOR CONFLICT: n_outcome_observed left blank rather than imputed. 38160/65630 = 58.1 per cent, not the stated 69.1 per cent, which implies a denominator near 55200; the three published counts (38160 + 11730 + 550) sum to exactly 50440, the within-subject switcher subcohort. Three incompatible denominators. paid_or_education because the outcome combines competitive employment with education and vocational training; paid work is not reported separately at follow-up. Counts rounded under Statistics Denmark disclosure rules"
twumasi2026_cohort_t120m_paidoredu_pw,twumasi2026,dk_registers_1998,cohort,,120,since_baseline,,,paid_or_education_or_training,productive engagement: a time-varying binary variable at the person-week level indicating whether an individual was engaged in competitive employment formal education or a vocational training program,reported,period_prevalence,120,,,,,65630,,unclear,register_complete,"Abstract and Table 1, p. 1 and p. 5",,,,,,,none,,,,,36.0,48.8,,,,,,33.4,,,"CONFLICT OF INTEREST: authored by the review guarantor. Overall productive engagement 48.2 per cent across 26.9 million person-weeks. This is a proportion of person-weeks and not of people, so no person-level numerator or denominator exists and both are left blank. Recorded for completeness; not usable in a person-level prevalence pool"
tarricone2017_cohort_t12m_paidoredu,tarricone2017,bologna_fep,cohort,,12,since_baseline,,,paid_or_education,employment status at 12th month; full time study was considered employment,reported,point_prevalence,,75,135,,,163,,entered,not_stated,"Results, Occupational outcome, p. 523-524",,,,,,,none,,,,,31.0,43.6,,,,,,42.3,,,"INTERNAL INCONSISTENCY: 75 employed is called both 46 per cent of the total sample and 53 per cent of those still in contact. Only 75/163 = 46.0 per cent is arithmetically consistent (75/135 = 55.6 per cent and 53 per cent of 135 is 71.6), so the 163 reading is recorded; n_assessed left blank because the 135 still in contact is smaller than the denominator used and would break the nesting rule. Occupational data came from clinical charts and the SIT information system, so ascertainment for all 163 is possible but not stated. paid_or_education because full-time study counted as employment. perc_female derived as (163-92)/163 and perc_employed_baseline as (45+24)/163 from published counts | CORRECTED 11 Aug 2026 (Stage B recheck, human reviewer): denominator was 163, the number RECRUITED. 'One hundred thirty five patients (105 natives and 30 migrants) were still receiving care at 12 months' (Results, Occupational outcome, p. 523); 135/163 = 82.8% matches the Abstract. Construct is paid_or_education because 'Full time study was considered employment' (Methods, Study design, p. 523), so this cannot enter the paid_any pool. PUBLISHED ERROR: 75 described as '53% of those still in contact', but 75/135 = 55.6% (p. 524). // ""PUBLISHED ERROR CONFIRMED BY AUTHOR: Text reports 75 as '53% of those still in contact' (p. 524), but 75/135 = 55.6%. Author confirmed 55.6% is the correct value; 53% was a typographical error."""
tarricone2017_interrupted_t12m_paidoredu,tarricone2017,bologna_fep,interrupted,,12,since_baseline,,,paid_or_education,resumption of work or study activity after the interruption due to FEP,reported,any_time_during_followup,,17,36,,,36,,outcome_observed,not_stated,"Results, Occupational outcome, p. 524",,,,,,,none,,,,,31.0,43.6,,,,,,,,,"Denominator is the 36 patients (37.5 per cent of the 96 working or studying at onset) who suspended activity at FEP. Components: migrants 9 of 14 (reported 64 per cent, consistent) and natives 8 of 22 (reported 40 per cent, but 8/22 = 36.4 per cent). 9 + 8 = 17 matches the stated total. Adjusted OR migrants vs natives 4.45 (1.55-12.76) | Subgroup of those who interrupted work or study at FEP. Construct is paid_or_education: 'Full time study was considered employment' (Methods, p. 523)."
mihaljevicpeles2016_cohort_t0m_paidcomp,mihaljevicpeles2016,croatia_rlai,cohort,whole_cohort_362,0,since_baseline,,,paid_competitive,employment status; only full time formal employment was taken as the employment status indicator with no data collected on part time jobs or informal employment,reported,point_prevalence,,74,362,,,362,,entered,not_applicable,"Table 1, p. 265 and Abstract, p. 263",,,,,,,none,,,,,,36.5,,,,,,20.4,,,"74/362 = 20.4 per cent as published. Alternative restricted baseline 74/291 = 25.4 per cent after omitting 71 disability pensioners; a third figure appears in Table 6, where only 51 of the 205 with 12-month data were employed at baseline. paid_competitive because only full-time formal employment counted; paid_any is defensible as supported or sheltered work is never mentioned. perc_female derived as (362-230)/362"
mihaljevicpeles2016_cohort_t12m_paidcomp_abstract,mihaljevicpeles2016,croatia_rlai,cohort,whole_cohort_completers_257,12,since_baseline,,,paid_competitive,employment status; only full time formal employment was taken as the employment status indicator with no data collected on part time jobs or informal employment,reported,point_prevalence,,77,257,258,,362,,outcome_observed,complete_case,"Abstract, p. 263",,,,,,,unresolved,"UNRESOLVED: the endpoint denominator is contradicted between the Abstract (77/257) and the Results (77/205, after omitting disability pensioners). Compounded by the number omitted being 71 in the Results text but 52 in Table 7's caption; only 52 reconciles with the analysed n of 205 (362 - 52 - 105 = 205). Neither 205 nor 257 may be selected as the definitive endpoint denominator before author clarification. Blocked from every synthesis.",,,,,36.5,,,,,,20.4,,,"DENOMINATOR CONFLICT reading 1 of 2: the abstract reports 77/257 (30.0 per cent) employed at endpoint. 77/257 = 29.96 per cent so the abstract is self-consistent, and 257 matches the n used for the CGI and dose analyses (258 completed the study). Same numerator as reading 2"
mihaljevicpeles2016_cohort_t12m_paidcomp_results,mihaljevicpeles2016,croatia_rlai,pension_excluded,pension_excluded_205,12,since_baseline,,,paid_competitive,employment status; only full time formal employment was taken as the employment status indicator with no data collected on part time jobs or informal employment,reported,point_prevalence,,77,205,258,,362,,outcome_observed,complete_case,"Results Employment, p. 268 and Table 6, p. 268",,,,,,,unresolved,"UNRESOLVED: the endpoint denominator is contradicted between the Abstract (77/257) and the Results (77/205, after omitting disability pensioners). Compounded by the number omitted being 71 in the Results text but 52 in Table 7's caption; only 52 reconciles with the analysed n of 205 (362 - 52 - 105 = 205). Neither 205 nor 257 may be selected as the definitive endpoint denominator before author clarification. Blocked from every synthesis.",,,,,36.5,,,,,,20.4,,,"DENOMINATOR CONFLICT reading 2 of 2: the Results section and Table 6 report 77/205 (37.6 per cent). The stated exclusions do not reconcile: the text omits 71 disability pensioners plus 105 lost to follow up, which leaves 186 and not 205; the Table 7 header instead states 52 pensioners plus 105 lost to follow up, which does give 205. Table 6 is self-consistent: 47 + 30 = 77 of 205"
mihaljevicpeles2016_unemployedbaseline_t12m_paidcomp,mihaljevicpeles2016,croatia_rlai,unemployed_baseline,,12,since_baseline,,,paid_competitive,employment status; only full time formal employment was taken as the employment status indicator with no data collected on part time jobs or informal employment,reported,point_prevalence,,30,154,,,154,,outcome_observed,complete_case,"Table 6, p. 268",,,,,,,unresolved,"UNRESOLVED: the text reports 30/142 (21.1%) obtaining employment among those unemployed at baseline, while Table 6 prints the same numerator on 154 (19.5%). Both percentages are internally correct, so the denominators contradict. 154 must not be selected merely because it reconciles with another already disputed denominator. Blocked pending author clarification.",,,,,36.5,,,,,,0,,,"Employment obtained by patients not employed at baseline. THIRD CONFLICT: Table 6 gives 30/154 (19.5 per cent) while the Results text gives 30/142 (21.1 per cent) for the same quantity. Each is self-consistent, so the numerator 30 is secure and the denominator is not. Table 6 used because it reconciles with the 205 total"
dayabandara2026_fec_t0m_paidany,dayabandara2026,nhsl_colombo_fep,cohort,,0,since_baseline,,,unclear,"Employment status: Employed (categories were Employed, Homemaker, Unemployed due to health/other, Missing data)",reported,point_prevalence,,51,122,,,122,,outcome_observed,complete_case,"Table 4, p. 6",,,,,,,none,,,,,31.03,,,,32.8,,,41.8,,,"Table 4 counts used; the abstract and discussion quote employment percentages that conflict with Table 4, see report notes. Distinct from the broader gainful employment criterion inside the recovery definition (employed, studying, volunteering or meaningful household contribution), which is not separately counted. perc_female not recorded: only male counts are published | CONSTRUCT UNCLEAR: the Table 4 'Employed' category is never defined. It is separated from 'Homemaker', which implies paid work, but remuneration and labour-market setting are never established (codebook l. 240). The only employment definition in the paper belongs to the recovery composite and is broader: 'gainful employment (employed, studying, volunteering, or meaningful household contribution) during the preceding 6 months' (Methods 2.5, p. 2). Supplementary File-1 (cited Methods 2.6, p. 2) is not held and should be obtained before the construct is finalised. DENOMINATOR DERIVED by exact subtraction of the printed 'Missing data' row; Table 4's four categories are mutually exclusive and sum exactly to the column N at every timepoint, so this is exact, not an imputation."
dayabandara2026_fec_t6m_paidany,dayabandara2026,nhsl_colombo_fep,cohort,,6,since_baseline,,,unclear,"Employment status: Employed (categories were Employed, Homemaker, Unemployed due to health/other, Missing data)",reported,point_prevalence,,55,98,,121,122,,outcome_observed,complete_case,"Table 4, p. 6",,,,,,,none,,,,,31.03,,,,32.8,,,41.8,,,"n_outcome_observed DERIVED as 122 minus the published 24 with missing employment data, cross-checked against the category counts (55 + 6 + 37 = 98). The paper's own percentages use the full cohort of 122 as denominator. One FEC participant died by 6 months. Table 4 counts used; abstract and discussion percentages conflict, see report notes | CONSTRUCT UNCLEAR: the Table 4 'Employed' category is never defined. It is separated from 'Homemaker', which implies paid work, but remuneration and labour-market setting are never established (codebook l. 240). The only employment definition in the paper belongs to the recovery composite and is broader: 'gainful employment (employed, studying, volunteering, or meaningful household contribution) during the preceding 6 months' (Methods 2.5, p. 2). Supplementary File-1 (cited Methods 2.6, p. 2) is not held and should be obtained before the construct is finalised. DENOMINATOR DERIVED by exact subtraction of the printed 'Missing data' row; Table 4's four categories are mutually exclusive and sum exactly to the column N at every timepoint, so this is exact, not an imputation."
dayabandara2026_fec_t12m_paidany,dayabandara2026,nhsl_colombo_fep,cohort,,12,since_baseline,,,unclear,"Employment status: Employed (categories were Employed, Homemaker, Unemployed due to health/other, Missing data)",reported,point_prevalence,,57,102,,121,122,,outcome_observed,complete_case,"Table 4, p. 6",,,,,,,none,,,,,31.03,,,,32.8,,,41.8,,,"n_outcome_observed DERIVED as 122 minus the published 20 missing, cross-checked against the category counts (57 + 8 + 37 = 102). The paper's own percentages use the full cohort of 122 as denominator. Table 4 counts used; abstract and discussion percentages conflict, see report notes | CONSTRUCT UNCLEAR: the Table 4 'Employed' category is never defined. It is separated from 'Homemaker', which implies paid work, but remuneration and labour-market setting are never established (codebook l. 240). The only employment definition in the paper belongs to the recovery composite and is broader: 'gainful employment (employed, studying, volunteering, or meaningful household contribution) during the preceding 6 months' (Methods 2.5, p. 2). Supplementary File-1 (cited Methods 2.6, p. 2) is not held and should be obtained before the construct is finalised. DENOMINATOR DERIVED by exact subtraction of the printed 'Missing data' row; Table 4's four categories are mutually exclusive and sum exactly to the column N at every timepoint, so this is exact, not an imputation."
dayabandara2026_rec_t0m_paidany,dayabandara2026,nhsl_colombo_rec,cohort,,0,since_baseline,,,unclear,"Employment status: Employed (categories were Employed, Homemaker, Unemployed due to health/other, Missing data)",reported,point_prevalence,,43,118,,,118,,outcome_observed,complete_case,"Table 4, p. 6",,,,,,,none,,,,,36.3,,,,39.0,,,36.4,,,"Table 4 counts used; the abstract and discussion quote employment percentages that conflict with Table 4, see report notes. perc_female not recorded: only male counts are published | CONSTRUCT UNCLEAR: the Table 4 'Employed' category is never defined. It is separated from 'Homemaker', which implies paid work, but remuneration and labour-market setting are never established (codebook l. 240). The only employment definition in the paper belongs to the recovery composite and is broader: 'gainful employment (employed, studying, volunteering, or meaningful household contribution) during the preceding 6 months' (Methods 2.5, p. 2). Supplementary File-1 (cited Methods 2.6, p. 2) is not held and should be obtained before the construct is finalised. DENOMINATOR DERIVED by exact subtraction of the printed 'Missing data' row; Table 4's four categories are mutually exclusive and sum exactly to the column N at every timepoint, so this is exact, not an imputation."
dayabandara2026_rec_t6m_paidany,dayabandara2026,nhsl_colombo_rec,cohort,,6,since_baseline,,,unclear,"Employment status: Employed (categories were Employed, Homemaker, Unemployed due to health/other, Missing data)",reported,point_prevalence,,34,100,,117,118,,outcome_observed,complete_case,"Table 4, p. 6",,,,,,,none,,,,,36.3,,,,39.0,,,36.4,,,"n_outcome_observed DERIVED as 118 minus the published 18 missing, cross-checked against the category counts (34 + 10 + 56 = 100). The paper's own percentages use the full cohort of 118 as denominator. One REC participant died by 6 months. Table 4 counts used; abstract and discussion percentages conflict, see report notes | CONSTRUCT UNCLEAR: the Table 4 'Employed' category is never defined. It is separated from 'Homemaker', which implies paid work, but remuneration and labour-market setting are never established (codebook l. 240). The only employment definition in the paper belongs to the recovery composite and is broader: 'gainful employment (employed, studying, volunteering, or meaningful household contribution) during the preceding 6 months' (Methods 2.5, p. 2). Supplementary File-1 (cited Methods 2.6, p. 2) is not held and should be obtained before the construct is finalised. DENOMINATOR DERIVED by exact subtraction of the printed 'Missing data' row; Table 4's four categories are mutually exclusive and sum exactly to the column N at every timepoint, so this is exact, not an imputation."
dayabandara2026_rec_t12m_paidany,dayabandara2026,nhsl_colombo_rec,cohort,,12,since_baseline,,,unclear,"Employment status: Employed (categories were Employed, Homemaker, Unemployed due to health/other, Missing data)",reported,point_prevalence,,42,108,,117,118,,outcome_observed,complete_case,"Table 4, p. 6",,,,,,,none,,,,,36.3,,,,39.0,,,36.4,,,"n_outcome_observed DERIVED as 118 minus the published 10 missing, cross-checked against the category counts (42 + 9 + 57 = 108). The paper's own percentages use the full cohort of 118 as denominator. Table 4 counts used; abstract and discussion percentages conflict, see report notes | CONSTRUCT UNCLEAR: the Table 4 'Employed' category is never defined. It is separated from 'Homemaker', which implies paid work, but remuneration and labour-market setting are never established (codebook l. 240). The only employment definition in the paper belongs to the recovery composite and is broader: 'gainful employment (employed, studying, volunteering, or meaningful household contribution) during the preceding 6 months' (Methods 2.5, p. 2). Supplementary File-1 (cited Methods 2.6, p. 2) is not held and should be obtained before the construct is finalised. DENOMINATOR DERIVED by exact subtraction of the printed 'Missing data' row; Table 4's four categories are mutually exclusive and sum exactly to the column N at every timepoint, so this is exact, not an imputation."
chen2023_cohort_t0m_paidcomp,chen2023,kaisyuan_taiwan,cohort,,0,since_baseline,,,paid_competitive,supported employment (with salary); participants who could work at a general workplace (competitive workplace) for at least 20 h per week such as in supermarkets with a staff member providing job matching and employment support,reported,point_prevalence,,14,65,,,65,,entered,complete_case,"Results Participants, p. 170-171 and Appendix 1 Table 4, p. 175",,,,,,,none,,,,,45.85,46.2,,,38.5,,,69.2,,,"Whole sample was in vocational training by design, so these are placement categories and not population employment rates. 67 recruited, 2 excluded, 65 analysed with no attrition reported. perc_female 30/65, perc_post_secondary 25/65 with over 12 years of formal education and perc_employed_baseline 45/65 in a paid placement are all derived from published counts. All three placements require willingness to work, hence baseline_wants_work_required yes"
chen2023_cohort_t0m_paidshelt,chen2023,kaisyuan_taiwan,cohort,,0,since_baseline,,,paid_sheltered_noncompetitive,sheltered employment (with salary); sheltered workshop settings that employ people with disabilities separately from others and are generally not subject to labor standards laws including no minimum wage requirements,reported,point_prevalence,,31,65,,,65,,entered,complete_case,"Results Participants, p. 170-171 and Appendix 1 Table 4, p. 175",,,,,,,none,,,,,45.85,46.2,,,38.5,,,69.2,,,"Whole sample was in vocational training by design. Sheltered employment is paid but explicitly outside minimum wage law, so it is not competitive employment"
chen2023_cohort_t0m_voc,chen2023,kaisyuan_taiwan,cohort,,0,since_baseline,,,training_only,job training (no salary); participants arranged to undergo work training on weekdays at the community rehabilitation center under professional supervision including cleaning and restaurant service,reported,point_prevalence,,20,65,,,65,,entered,complete_case,"Results Participants, p. 170-171 and Appendix 1 Table 4, p. 175",,,,,,,none,,,,,45.85,46.2,,,38.5,,,69.2,,,Whole sample was in vocational training by design. Unpaid job training is not employment and is recorded as vocational_activity only
chen2023_cohort_t0m_paidany,chen2023,kaisyuan_taiwan,cohort,,0,since_baseline,,,paid_any,supported employment (with salary) plus sheltered employment (with salary),reported,point_prevalence,,45,65,,,65,,entered,complete_case,"Results Participants, p. 170-171 and Appendix 1 Table 4, p. 175",,,,,,,none,,,,,45.85,46.2,,,38.5,,,69.2,,,"DERIVED: 45 = 14 supported employment + 31 sheltered employment, the two categories the authors describe as paid. Not reported as a combined figure by the authors. Whole sample was in vocational training by design"
chen2023_cohort_t12m_paidcomp,chen2023,kaisyuan_taiwan,cohort,,12,since_baseline,,,paid_competitive,supported employment (with salary); participants who could work at a general workplace (competitive workplace) for at least 20 h per week such as in supermarkets with a staff member providing job matching and employment support,reported,point_prevalence,,14,65,,,65,,entered,complete_case,"Results and Discussion, p. 171 and p. 173, and Appendix 1 Table 4, p. 175",,,,,,,none,,,,,45.85,46.2,,,38.5,,,69.2,,,"12-month counts equal baseline because all the participants were still in their original employment unit after 12 months (no change) and none moved up to supported employment. Zero transitions between categories, so the 12-month row carries no independent information"
chen2023_cohort_t12m_paidshelt,chen2023,kaisyuan_taiwan,cohort,,12,since_baseline,,,paid_sheltered_noncompetitive,sheltered employment (with salary); sheltered workshop settings that employ people with disabilities separately from others and are generally not subject to labor standards laws including no minimum wage requirements,reported,point_prevalence,,31,65,,,65,,entered,complete_case,"Results and Discussion, p. 171 and p. 173, and Appendix 1 Table 4, p. 175",,,,,,,none,,,,,45.85,46.2,,,38.5,,,69.2,,,12-month counts equal baseline; all participants remained in their original employment unit
chen2023_cohort_t12m_voc,chen2023,kaisyuan_taiwan,cohort,,12,since_baseline,,,training_only,job training (no salary); participants arranged to undergo work training on weekdays at the community rehabilitation center under professional supervision including cleaning and restaurant service,reported,point_prevalence,,20,65,,,65,,entered,complete_case,"Results and Discussion, p. 171 and p. 173, and Appendix 1 Table 4, p. 175",,,,,,,none,,,,,45.85,46.2,,,38.5,,,69.2,,,12-month counts equal baseline; all participants remained in their original employment unit
chen2023_cohort_t12m_paidany,chen2023,kaisyuan_taiwan,cohort,,12,since_baseline,,,paid_any,supported employment (with salary) plus sheltered employment (with salary),reported,point_prevalence,,45,65,,,65,,entered,complete_case,"Results and Discussion, p. 171 and p. 173, and Appendix 1 Table 4, p. 175",,,,,,,none,,,,,45.85,46.2,,,38.5,,,69.2,,,DERIVED: 45 = 14 + 31. 12-month counts equal baseline; all participants remained in their original employment unit
lin2026_pp1m_t0m_paidcomp,lin2026,pp1m_asiapac,cohort,,0,since_baseline,,,paid_competitive,for the purpose of this analysis employment was defined as either full-time or part-time employment given their relevance to competitive workforce participation,reported,point_prevalence,,133,474,,,521,,outcome_observed,complete_case,"Table 1, p. 3 (main PDF)",,,,,,,none,,,,,28.6,34.4,,,,,,28.1,,,"Baseline count from the main paper: 133/474 = 28.1 per cent. Casual employment and sheltered work were explicitly not counted as employment, hence paid_competitive. 521 subjects were dosed and 474 provided healthcare utilisation data and form the analysis set"
lin2026_pp1m_t3m_paidcomp,lin2026,pp1m_asiapac,cohort,,3,since_baseline,,,paid_competitive,for the purpose of this analysis employment was defined as either full-time or part-time employment given their relevance to competitive workforce participation,reported,point_prevalence,,133,390,,,521,,outcome_observed,complete_case,Supplementary Table S3,,,,,,,none,,,,,28.6,34.4,,,,,,28.1,,,Observed-case count from Supplementary Table S3; the main PDF gives percentages only. 133/390 = 34.1 per cent as published. No imputation was used
lin2026_pp1m_t6m_paidcomp,lin2026,pp1m_asiapac,cohort,,6,since_baseline,,,paid_competitive,for the purpose of this analysis employment was defined as either full-time or part-time employment given their relevance to competitive workforce participation,reported,point_prevalence,,129,349,,,521,,outcome_observed,complete_case,Supplementary Table S3,,,,,,,none,,,,,28.6,34.4,,,,,,28.1,,,Observed-case count from Supplementary Table S3. 129/349 = 37.0 per cent as published; 349 matches the reported 6-month completion of 73.6 per cent
lin2026_pp1m_t9m_paidcomp,lin2026,pp1m_asiapac,cohort,,9,since_baseline,,,paid_competitive,for the purpose of this analysis employment was defined as either full-time or part-time employment given their relevance to competitive workforce participation,reported,point_prevalence,,127,321,,,521,,outcome_observed,complete_case,Supplementary Table S3,,,,,,,none,,,,,28.6,34.4,,,,,,28.1,,,Observed-case count from Supplementary Table S3. 127/321 = 39.6 per cent as published
lin2026_pp1m_t12m_paidcomp,lin2026,pp1m_asiapac,cohort,,12,since_baseline,,,paid_competitive,for the purpose of this analysis employment was defined as either full-time or part-time employment given their relevance to competitive workforce participation,reported,point_prevalence,,121,303,,,521,,outcome_observed,complete_case,Supplementary Table S3,,,,,,,none,,,,,28.6,34.4,,,,,,28.1,,,"Observed-case count from Supplementary Table S3. 121/303 = 39.9 per cent as published; 303 matches the reported 12-month completion of 63.9 per cent | 12-month landmark, Supplementary Table S3. ATTRITION IS INFORMATIVE: denominators are observed cases falling from 390 (month 3) to 280 (month 18); 521 enrolled, 474 provided employment data (Methods 2.2, p. 2). 'No imputation methods were employed' (Methods 2.4, p. 3). The available-case assumption is doing real work here and the prespecified missing-outcome bounding analyses (SAP section 6) apply. Employment defined as 'either full-time or part-time employment'; casual and sheltered work explicitly excluded to 'Others' (Table 1 footnote, p. 3)."
lin2026_pp1m_t15m_paidcomp,lin2026,pp1m_asiapac,cohort,,15,since_baseline,,,paid_competitive,for the purpose of this analysis employment was defined as either full-time or part-time employment given their relevance to competitive workforce participation,reported,point_prevalence,,119,289,,,521,,outcome_observed,complete_case,Supplementary Table S3,,,,,,,none,,,,,28.6,34.4,,,,,,28.1,,,Observed-case count from Supplementary Table S3. 119/289 = 41.2 per cent as published
lin2026_pp1m_t18m_paidcomp,lin2026,pp1m_asiapac,cohort,,18,since_baseline,,,paid_competitive,for the purpose of this analysis employment was defined as either full-time or part-time employment given their relevance to competitive workforce participation,reported,point_prevalence,,127,280,,,521,,outcome_observed,complete_case,Supplementary Table S3,,,,,,,none,,,,,28.6,34.4,,,,,,28.1,,,Observed-case count from Supplementary Table S3. 127/280 = 45.4 per cent as published and matches the headline endpoint figure; 280 matches the reported 18-month completion of 59.1 per cent
rautio2016_cohort_age44_45_band_25_49,rautio2016,nfbc1966,cohort,,,chronological_age,44.5,17.5,paid_intensity_threshold,"Working days during the last two years of follow-up, band '25.0-49.9%' (Table 1 row label). Employment defined as 'working for at least 25% of the working days'.",component_only,period_prevalence,24,5,161,,,161,,outcome_observed,register_complete,"Table 1, p. 63",,,,,,,none,,,,,44.5,,,,,,,,,,Component of the derived >=25%-of-working-days total. Never enters a pool in its own right.
rautio2016_cohort_age44_45_band_50_74,rautio2016,nfbc1966,cohort,,,chronological_age,44.5,17.5,paid_intensity_threshold,"Working days during the last two years of follow-up, band '50.0%-74.9%' (Table 1 row label). Employment defined as 'working for at least 25% of the working days'.",component_only,period_prevalence,24,5,161,,,161,,outcome_observed,register_complete,"Table 1, p. 63",,,,,,,none,,,,,44.5,,,,,,,,,,Component of the derived >=25%-of-working-days total. Never enters a pool in its own right.
rautio2016_cohort_age44_45_band_75plus,rautio2016,nfbc1966,cohort,,,chronological_age,44.5,17.5,paid_intensity_threshold,"Working days during the last two years of follow-up, band '>=75.0%' (Table 1 row label). Employment defined as 'working for at least 25% of the working days'.",component_only,period_prevalence,24,8,161,,,161,,outcome_observed,register_complete,"Table 1, p. 63",,,,,,,none,,,,,44.5,,,,,,,,,,Component of the derived >=25%-of-working-days total. Never enters a pool in its own right.
jirapramukpitak2022_cohort_t12m_paidany,jirapramukpitak2022,bangkok_licm,cohort,,12,since_baseline,,,paid_any,"Employment was defined as respondents' reporting of 12-month personal earnings before taxes (counting only wages and other stipends from employment and excluding pensions, investments, or other financial assistance). The presence of such earnings was classified as being employed. | Table S3 'Information on employment and service use at one-year post-baseline period', Early stage (n=372), Employment Yes, Total column: 146 (39.3%).",derived,period_prevalence,12,189,549,549,,549,372,outcome_observed,complete_case,"Additional file 1, Table S3 'Information on employment and service use at one-year post-baseline period', Early stage panel, Employment row, Total column; stratum size 372 corroborated in the article at Table 2, row 'Number of past psychotic relapse, <=1 (early stage)', p. 7, and in Table 3's 'Early stage (n = 372)' column heading, p. 8; construct at Materials and methods, Outcome variables, p. 5",jirapramukpitak2022_early_t12m_paidany;jirapramukpitak2022_later_t12m_paidany,"D14 partition sum. The two illness-stage strata are mutually exclusive by definition (one or fewer past relapses against more than one), exhaust the analysed cohort, and are measured on the same construct, ascertainment, window and timepoint. Both cells were verified against Table S3 of Additional file 1 in F08. Twelve-month PERIOD prevalence, so this row belongs to the period-prevalence family and not to the primary point-prevalence pool. checked_by is left blank: the independent human check is Stage G's and has not happened.",yes,yes,,,none,,,,,,,,,,,,,193,372,"Created at the Stage G merge under D14, which was ratified after the F08 batch ran. It exists in no shard. Numerator and denominator are summed from the component rows at merge time."
chang2016_fes_t36m_paidoredu,chang2016,hk_easy_fep_2001_2003,fes,fes_completers_374,36,since_baseline,,,paid_or_education,Participants were classified as achieving sustained employment if they maintained full-time work/study or part-time work for 12 consecutive months in the third year of follow-up.,reported,period_prevalence,12,111,,374,,,370,unclear,complete_case,"Table 1, 'Sustained employment' row, Schizophrenia (n = 374) column, p. 3; construct defined in Methods 2.2 Measures, p. 2 and in Table 1 footnote b, p. 3",,,,,,,unresolved,"CONSTRUCT: the source contradicts itself about what sustained employment counts. Methods 2.2 (p. 2) defines it as 'maintained full-time work/study or part-time work for 12 consecutive months in the third year of follow-up', i.e. full-time STUDY counts. Table 1 footnote b (p. 3) defines the same variable as 'maintaining full-time or part-time work for the last 12 months of the 3-year follow-up' and Table 2 footnote e (p. 3) as 'maintained full-time or part-time employment in the last 12 months'; both omit study. The numerator is therefore either a paid-work-or-education composite (Methods) or any paid work (footnotes), which are different constructs in different outcome families. Not resolvable from the report. DENOMINATOR: Table 1 heads the schizophrenia column n = 374 and prints sustained employment as '111 (30.0)'. 111/374 = 29.7%, and NO integer numerator over 374 gives 30.0% (112/374 = 29.9%, 113/374 = 30.2%), so the printed percentage cannot have been computed on 374. 111/370 = 30.0% exactly, and the printed chi-square of 4.6 for this comparison reproduces at 370 (4.63) but not at 374 (4.85 uncorrected, 4.14 with continuity correction); every other percentage in the same column reproduces exactly on 374 (38/374 = 10.2%, 43/374 = 11.5%, 76/374 = 20.3%, 162/374 = 43.3%) and their chi-squares also reproduce on 374. Four schizophrenia patients therefore appear to be missing from the employment denominator, and the report never says so. // ""Author confirmed construct includes full-time study. However, denominator discrepancy remains: author states n=374, but 111/374=29.7% ≠ printed 30.0%; 111/370=30.0% exactly, and chi-square reproduces at 370 not 374.""",,,,,,,,,,,,,,"n_outcome_observed LEFT BLANK. 374 is the number of schizophrenia patients who completed 3-year follow-up (recorded in n_assessed), not a stated employment denominator, and the report's own arithmetic shows the employment denominator was not 374. 370 is recorded in reported_percentage_base only: it is the unique integer base consistent with the printed 30.0%, corroborated by the printed chi-square, but the report never prints it, so it is a reporting base and not an observed denominator (extraction prompt rule 7). NOT DERIVED ACROSS ARMS: 111 + 21 = 132 of 420 would be a whole-sample figure the paper never prints, its two components sit on different arms and different denominators, and one of those denominators is contradicted, so it is not written. ASCERTAINMENT: coded period_prevalence with a 12-month window (months 24 to 36) because the measure is defined over a stated window rather than at the timepoint; note that it is stricter than the vocabulary's period prevalence, requiring employment MAINTAINED throughout the 12 months rather than at any point in it, so it is not comparable with an 'employed during the past year' register measure either. HORIZON: 36 months falls in no prespecified band (t24m closes at 30 months, t60m opens at 48), so this result cannot enter any landmark horizon even if the conflicts are resolved. Moderators left blank: the baseline characteristics table is supplementary Table S1, which is cited but not present in the PDF."
chang2016_femp_t36m_paidoredu,chang2016,hk_easy_fep_2001_2003,femp,femp_completers_46,36,since_baseline,,,paid_or_education,Participants were classified as achieving sustained employment if they maintained full-time work/study or part-time work for 12 consecutive months in the third year of follow-up.,reported,period_prevalence,12,21,,46,,,46,unclear,complete_case,"Table 1, 'Sustained employment' row, Psychotic mania (n = 46) column, p. 3; construct defined in Methods 2.2 Measures, p. 2 and in Table 1 footnote b, p. 3",,,,,,,resolved,"CONSTRUCT: the source contradicts itself about what sustained employment counts. Methods 2.2 (p. 2) defines it as 'maintained full-time work/study or part-time work for 12 consecutive months in the third year of follow-up', i.e. full-time STUDY counts. Table 1 footnote b (p. 3) defines the same variable as 'maintaining full-time or part-time work for the last 12 months of the 3-year follow-up' and Table 2 footnote e (p. 3) as 'maintained full-time or part-time employment in the last 12 months'; both omit study. The numerator is therefore either a paid-work-or-education composite (Methods) or any paid work (footnotes), which are different constructs in different outcome families. Not resolvable from the report. The denominator conflict documented for chang2016_fes_t36m_paidoredu does not arise here (21/46 = 45.7% exactly, matching the printed value), but it establishes that a column heading in this table is not necessarily the employment denominator, so 46 is recorded as a reporting base only. // Author confirmed construct includes full-time study. Denominator 46 verified: 21/46=45.7% matches printed value exactly.",,,,,,,,,,,,,,"n_outcome_observed LEFT BLANK. 21/46 = 45.7% reproduces the printed percentage exactly, so 46 is what the authors divided by, but the report nowhere states that vocational status was ascertained for all 46 and its own Methods say 'Only data that could be reliably extracted from records were targeted for retrieval and analysis'. The companion schizophrenia row proves that a column heading in this table can differ from the employment denominator, so 46 goes in reported_percentage_base and denominator_basis is `unclear` (extraction prompt rule 7 and the validator's own guidance that a base implied by the source's arithmetic is not `outcome_observed`). Same 12-month sustained-employment window, same 36-month timepoint in no horizon band, and the same unresolved construct conflict as the schizophrenia row. Moderators left blank: baseline characteristics are in supplementary Table S1, cited but not present in the PDF."
evensen2017_cohort_t24m_paidcomp,evensen2017,jump_norway,cohort,,24,since_baseline,,,paid_competitive,"'At 2-year follow-up, 21.2% (n = 31) of the participants had competitive employment. In this group the mean hours of work per week was 28.5 (SD = 10.81) and the work tenure since the end of the intervention period was 13.2 months (SD = 4.29).' DEFINITION: Competitive employment was defined as at least 5 hours of paid work per week. (evensen2017, Outcome measures, p. 183) Corroborated by lystad2017 (2.1 JUMP, p. 123): 'Competitive employment was defined as part- or full-time work in a position that is open to anyone and wages were paid by the employer.'",reported,point_prevalence,,31,139,139,146,148,146,outcome_observed,complete_case,"evensen2017, Results / Employment outcome, p. 183 (count and percentage); Outcome measures, p. 183 (definition); Figure 1, p. 182 ('2 Year follow up: 78 employment status' CBT and '61 employment status' CR = 139)",,,,,,,none,,,,,32.9,,45,148,,,,,,,"SELECTED as the cohort's t24m paid-employment result (SAP 4-5, D11.1-D11.2): the only 24-month candidates are this row (139 observed) and evensen2019's 16/69, and proximity to the landmark ties, so largest analysis population decides. | DENOMINATOR: the report's own base is 146 (148 minus 2 deaths); its four categories sum to exactly 146 (31 + 37 + 20 + 58) and 21.2, 25.3 and 13.7 per cent all reconcile against 146. n_outcome_observed is 139 because Figure 1 prints employment status for 78 + 61 = 139 at the 2-year follow-up and the text states that 'Seven participants could not be reached at the two-year follow-up. The loss to follow-up of these subjects was managed conservatively by classifying them as unemployed' (p. 183). All 7 imputations went to the unemployed category, so the numerator 31 is unaffected. INDEPENDENTLY CONFIRMED by evensen2019 Table 1 (p. 4), whose consent-versus-decliner comparison of employment outcome carries chi-square (3, n = 139) and whose printed percentages give integers only on bases of 69 and 70: competitive 16 + 15 = 31, work placement 24 + 13 = 37, sheltered 9 + 11 = 20, unemployed 20 + 31 = 51, and 51 + 7 imputed = the 58 printed here. | missing_data_method recorded as complete_case because THIS ROW is available-case on the 139; the report itself used worst-case imputation on 146, for which the controlled vocabulary has no value (see unresolved_queries.md). | INTERNAL INCONSISTENCY (does not affect this numerator, see inconsistencies.md): the printed 39.2 per cent for the 58 unemployed is 58/148, whereas the other three categories are on 146; 58/146 is 39.7 per cent. | Consistency check inside the numerator: 'Twenty-four (16.4%) had wages as their primary source of income, while seven (4.8%) earned a part-time wage and had social security benefits as their primary source of income', and 24 + 7 = 31 with both percentages on 146. | PAID_ANY IS NOT IDENTIFIED for this cohort. Only competitive employment is established as work for wages paid by an employer. Work placement is explicitly financed through work assessment allowance or disability benefits with 'no additional salary beyond their disability benefits', and sheltered work is 'funded by the Norwegian Labor and Welfare Services through so-called work assessment allowance or disability pensions', both of which SAP 3.1 excludes from paid_any ('receipt of welfare benefits, and any activity for which remuneration or an employment relationship cannot be established'). Among the 139 with observed 2-year status the bound is 31 <= paid_any <= 88 (31 competitive + 37 work placement + 20 sheltered). No paid_any row is emitted, following the rautio2016 precedent under D12.3. | mean_age 32.9 is the n-weighted combination of the two printed group means, (84 x 33.2 + 64 x 32.4) / 148 = 32.85; no combined mean is printed anywhere in the batch. n_female 45 = 148 minus the 53 + 50 males printed as counts in gjerdalen2023 Table 1, p. 26. perc_post_secondary and perc_employed_baseline left blank: education is printed only as per-arm percentages, and the baseline employment figures conflict across reports (17 per cent 'some form of employment' in evensen2017 p. 181 versus 2.7 + 6.1 + 4.1 = 12.9 per cent in gjerdalen2023 Figure 1)."
evensen2017_cohort_t24m_paidshelt,evensen2017,jump_norway,cohort,,24,since_baseline,,,paid_sheltered_noncompetitive,"'An additional 13.7% (n = 20) had sheltered work at 2-year follow-up, with mean working hours per week being 12.2 (SD = 5.79) and work tenure of 13 months (SD = 4.8).' DEFINITION: lystad2017, 2.1 JUMP, p. 123: 'Sheltered employment refers to work in a sheltered workshop. Tasks may be similar to those in competitive positions; the pay is however different, as sheltered work is funded by the Norwegian Labor and Welfare Services through so-called work assessment allowance or disability pensions.'",reported,point_prevalence,,20,139,139,146,148,146,outcome_observed,complete_case,"evensen2017, Results / Employment outcome, p. 183; definition lystad2017, 2.1 JUMP, p. 123",,,,,,,none,,,,,,,,,,,,,,,"Sheltered-employment family; never enters the primary pool. NOT summed into paid_any: the remuneration is a work assessment allowance or disability pension rather than wages from an employer, so an employment relationship for wages is not established. See PAID_ANY IS NOT IDENTIFIED for this cohort. Only competitive employment is established as work for wages paid by an employer. Work placement is explicitly financed through work assessment allowance or disability benefits with 'no additional salary beyond their disability benefits', and sheltered work is 'funded by the Norwegian Labor and Welfare Services through so-called work assessment allowance or disability pensions', both of which SAP 3.1 excludes from paid_any ('receipt of welfare benefits, and any activity for which remuneration or an employment relationship cannot be established'). Among the 139 with observed 2-year status the bound is 31 <= paid_any <= 88 (31 competitive + 37 work placement + 20 sheltered). No paid_any row is emitted, following the rautio2016 precedent under D12.3."
evensen2017_cohort_t24m_vocact,evensen2017,jump_norway,cohort,,24,since_baseline,,,vocational_activity,"'In addition, 25.3% (n = 37) had work placements in ordinary workplaces at 2-year follow-up. The mean hours of work per week in this group was 19.7 (SD = 9.01), and the work tenure since the end of the intervention period was 11.7 months (SD = 5.02).' DEFINITION: lystad2017, 2.1 JUMP, p. 123: 'Work placement is work in a competitive setting financed by the Norwegian Labor and Welfare Administration through work assessment allowance or disability benefits. Work demands are however equal to those in competitive employment.' evensen2017 (p. 181) adds that clients are 'offered work placements with no additional salary beyond their disability benefits'.",reported,point_prevalence,,37,139,139,146,148,146,outcome_observed,complete_case,"evensen2017, Results / Employment outcome, p. 183; definition lystad2017, 2.1 JUMP, p. 123",,,,,,,none,,,,,,,,,,,,,,,"Coded vocational_activity, NOT paid_competitive and NOT paid_any: the job is in an ordinary workplace but is financed by NAV through work assessment allowance or disability benefits with no salary from the employer, so it is an unpaid placement in a competitive setting. evensen2017 itself pools it with competitive work when it writes 'as many as 46.5% worked in ordinary workplaces with pay or social security benefits at 2-year follow-up' (p. 185); that 46.5 per cent composite mixes paid and unpaid and is not extracted as an employment result."
gjerdalen2023_cohort_t60m_paidcomp,gjerdalen2023,jump_norway,cohort,,60,since_baseline,,,paid_competitive,"'Thirty-three individuals (22.3%) were competitively employed at 5-year follow-up.' DEFINITION: 'Employment at five-year follow-up was defined as having worked at least one month during the last calendar year, which is in line with the way employment is defined by NAV.' (gjerdalen2023, 2.4.3 Employment data, p. 25)",reported,period_prevalence,12,33,148,,,148,148,entered,register_complete,"gjerdalen2023, Results 3.2 Occupational outcome, p. 25 (count); Methods 2.4.3 Employment data, p. 25 (definition and register source); Figure 1, p. 26 (5-year column, 22.3%)",,,,,,,none,,,,,32.9,,45,148,,,,,,,"SELECTED as the cohort's t60m result: it is the only 5-year result with a count. PERIOD PREVALENCE, NOT POINT: the register definition is having worked at least one month during the last calendar year, a 12-month window, so it is not comparable with the interview-based 2-year point prevalence and belongs in the period-prevalence synthesis. | denominator_basis is `entered`, not `outcome_observed`: 148 is the base the authors divided by (33/148 = 22.3 per cent, and the arm percentages 19 per cent CR and 25 per cent CBT reweight to it exactly), and although mandatory national registers give effectively complete ascertainment, the report never states a number observed. | n_alive_eligible left BLANK deliberately: evensen2017 (p. 183) records that 'Two individuals died prior to 2-year follow-up', so at most 146 were alive at 5 years, and recording 146 beside an observed denominator of 148 would assert an impossible nesting. The 5-year base of 148 therefore includes 2 participants known to have died, who cannot have been employed. See inconsistencies.md. | The 'last calendar year' is a calendar year rather than the twelve months preceding each participant's own anniversary, and inclusion ran from August 2009 to March 2012, so elapsed follow-up differs between participants by up to about 19 months. | PAID_ANY IS NOT IDENTIFIED for this cohort. Only competitive employment is established as work for wages paid by an employer. Work placement is explicitly financed through work assessment allowance or disability benefits with 'no additional salary beyond their disability benefits', and sheltered work is 'funded by the Norwegian Labor and Welfare Services through so-called work assessment allowance or disability pensions', both of which SAP 3.1 excludes from paid_any ('receipt of welfare benefits, and any activity for which remuneration or an employment relationship cannot be established'). Among the 139 with observed 2-year status the bound is 31 <= paid_any <= 88 (31 competitive + 37 work placement + 20 sheltered). No paid_any row is emitted, following the rautio2016 precedent under D12.3."
gjerdalen2023_cohort_t60m_vocact_any,gjerdalen2023,jump_norway,cohort,,60,since_baseline,,,vocational_activity,"'At 5-year follow-up 55.4% of the participants were in some form of employment.' The composite is competitive employment plus work placement plus sheltered work, per Figure 1 (22.3 + 18.2 + 14.9 = 55.4).",reported,period_prevalence,12,,,,,148,148,,register_complete,"gjerdalen2023, Results 3.2 Occupational outcome, p. 25 and Figure 1, p. 26",,,,,,,none,,,,,,,,,,,,,,,"NUMERATOR DELIBERATELY BLANK: only a percentage is printed and back-calculation from a percentage is prohibited (codebook rule 2, prompt rule 1). | Not paid_any and not paid_or_education: the composite includes work placement, which carries no salary beyond disability benefits, and includes no education or training."
gjerdalen2023_cohort_t60m_paidshelt,gjerdalen2023,jump_norway,cohort,,60,since_baseline,,,paid_sheltered_noncompetitive,"'The use of sheltered work did however decrease over time in this study (from 32.5% to 14.9%).' Figure 1 (p. 26) labels the 5-year sheltered-work band 14.9%. DEFINITION: lystad2017, 2.1 JUMP, p. 123: 'Sheltered employment refers to work in a sheltered workshop. Tasks may be similar to those in competitive positions; the pay is however different, as sheltered work is funded by the Norwegian Labor and Welfare Services through so-called work assessment allowance or disability pensions.'",reported,period_prevalence,12,,,,,148,148,,register_complete,"gjerdalen2023, Discussion, p. 28 and Figure 1, p. 26",,,,,,,none,,,,,,,,,,,,,,,"NUMERATOR DELIBERATELY BLANK: percentage only, no count printed anywhere in the batch."
gjerdalen2023_cohort_t60m_vocact_placement,gjerdalen2023,jump_norway,cohort,,60,since_baseline,,,vocational_activity,"'A further 18.2% had work placements in competitive workplaces.' (Abstract, Results, p. 23; the same 18.2% labels the 5-year work-placement band of Figure 1, p. 26.) DEFINITION: lystad2017, 2.1 JUMP, p. 123: 'Work placement is work in a competitive setting financed by the Norwegian Labor and Welfare Administration through work assessment allowance or disability benefits. Work demands are however equal to those in competitive employment.' evensen2017 (p. 181) adds that clients are 'offered work placements with no additional salary beyond their disability benefits'.",reported,period_prevalence,12,,,,,148,148,,register_complete,"gjerdalen2023, Abstract p. 23 and Figure 1, p. 26",,,,,,,none,,,,,,,,,,,,,,,"NUMERATOR DELIBERATELY BLANK: percentage only. Unpaid placement in a competitive setting, so vocational_activity."
gjerdalen2023_cohort_t10m_paidcomp,gjerdalen2023,jump_norway,cohort,,10,since_baseline,,,paid_competitive,"Figure 1 (p. 26) labels the Post-intervention competitive-employment band '8.1 %'. The timepoint is defined as 'post intervention 10 months after baseline' (gjerdalen2023, 2.2 Interventions, p. 24). evensen2017 states the same figure in prose: 'At 10-month follow-up 8.1% had obtained competitive work, 35.8% had work placements, and 32.5% had sheltered work.' (Background, p. 181). DEFINITION: Competitive employment was defined as at least 5 hours of paid work per week. (evensen2017, Outcome measures, p. 183) Corroborated by lystad2017 (2.1 JUMP, p. 123): 'Competitive employment was defined as part- or full-time work in a position that is open to anyone and wages were paid by the employer.'",reported,point_prevalence,,,,,,148,148,,not_stated,"gjerdalen2023, Figure 1, p. 26 (Post-intervention column); evensen2017, Background, p. 181",,,,,,,none,,,,,,,,,,,,,,,"THIS IS THE COHORT'S ONLY RESULT IN THE 9-18 MONTH PRIMARY LANDMARK BAND (10 months is 2 months from the 12-month landmark) AND ITS NUMERATOR IS UNRECOVERABLE. Only a percentage is printed, in a figure, and no report in the batch prints a post-intervention count. Back-calculation is prohibited, so n_employed stays blank and the cohort contributes nothing quantitative at t12m. The companion post-intervention bands are work placement 35.8 per cent and sheltered work 32.5 per cent, also counts-free. | The base is unstated; 148 is recorded as reported_percentage_base only because Figure 1 plots all four timepoints on the whole cohort. | Timing note: the assessment point is 10 months after baseline, while the mean delivered intervention length was 30 weeks (klungsyr2021, p. 7) or 26.52 weeks (evensen2019, p. 4)."
evensen2019_consentreg_t24m_paidcomp,evensen2019,jump_norway,consent_reg,,24,since_baseline,,,paid_competitive,"'Twenty-one (30.4%) of the JUMP participants (n = 69) had paid employment during the two-year follow-up period, and sixteen (23.2%) were employed at the time of the two-year follow-up.' DEFINITION: 'Paid employment was defined as part-time or full-time employment in competitive workplaces.' (evensen2019, Quality adjusted life years, p. 4)",reported,point_prevalence,,16,69,69,,69,69,outcome_observed,complete_case,"evensen2019, Results / Quality adjusted life years, p. 4; Table 1, p. 4; Fig. 1, p. 3 (45 + 24 = 69)",,,,,,,none,,,,,,,,,,,,,,,"NOT SELECTED at t24m: same cohort, same horizon, same construct and same ascertainment as evensen2017_cohort_t24m_paidcomp, which has the larger analysis population (139 versus 69). Retained and named here rather than dropped, per SAP 5 rule 2. | The 69 are a consent-defined subgroup (46.6 per cent of the cohort); the authors report no significant difference from the decliners on any key variable including 2-year employment outcome (Table 1). | Table 1 gives this subgroup's full 2-year distribution as percentages only: competitive 23.2, work placement 34.8, sheltered 13.0, unemployed 29.0, which reconcile as 16, 24, 9 and 20 of 69; only the 16 is printed as a count, so the other three are not extracted."
evensen2019_consentreg_t24m_paidcomp_ever,evensen2019,jump_norway,consent_reg,,24,since_baseline,,,paid_competitive,"'Twenty-one (30.4%) of the JUMP participants (n = 69) had paid employment during the two-year follow-up period'. DEFINITION: 'Paid employment was defined as part-time or full-time employment in competitive workplaces.' (evensen2019, Quality adjusted life years, p. 4)",reported,any_time_during_followup,,21,69,69,,69,69,outcome_observed,complete_case,"evensen2019, Results / Quality adjusted life years, p. 4",,,,,,,none,,,,,,,,,,,,,,,"SELECTED as the cohort's only cumulative-attainment (any_time_during_followup) result; it is the sole reason evensen2019 is coded include rather than linked_report. Analysed in the cumulative-attainment synthesis, never alongside the point-prevalence rows. | Corroborating figures in the same report: mean months of competitive employment 3.10 (SD 7.27) at T0 and 4.30 (SD 7.33) at T1; the reduction in mental health costs is reported for 'those who gained paid employment (n = 21)' and 'those who had work placement or sheltered work (n = 42)', and 21 + 42 = 63 of 69, leaving 6 in neither category."
mayoralvanson2019_cohort_t12m_paidany,mayoralvanson2019,pafip_spain,cohort,records_157,12,since_baseline,,,paid_any,"Table 3 'Employment status ... Baseline and 1 year of follow-up', row label 'Employed', column '1Y follow-up'; table footnote 'a Students were considered as inactive.'; Results text: 'a decrease of employed individuals is observed after 1 year of the illness onset from 49 to 36 individuals (chi2 2.845; p = 0.092)'. Discussion, p. 1188: 'It is noteworthy that students were included in the inactive group, and therefore, we have not assigned any economic value to education'. The report gives no further definition of 'Employed'.",reported,point_prevalence,,36,156,,156,157,157,entered,not_stated,"Table 3 'Employment status', 1Y follow-up column, p. 1186; corroborated in Results 3.4, p. 1185-1186; baseline employed 49 also quoted in Methods 2.5, p. 1183",,,,,,,none,,,,,27.2,,57,157,,,,,49,156,"CONSTRUCT: the four categories are Employed / Unemployed / Inactive / Temporary disability, a standard Spanish labour-force classification, and the footnote puts students in 'Inactive', so 'Employed' is paid work and not a work-or-education composite. Note that 'Temporary disability' (incapacidad temporal, sick leave from a job) is counted separately from 'Employed', so people on paid sick leave from an existing job are NOT in the numerator; that is the source's own classification and has not been altered. DENOMINATOR: n_outcome_observed = 156 is the sum of Table 3's four mutually exclusive 1-year categories (36 + 71 + 28 + 21 = 156), not a back-calculation. One patient, male, committed suicide during the year (Results 3.2, p. 1185), which accounts for 157 - 156. reported_percentage_base = 157 because the printed 1-year percentages divide by 157 (36/157 = 22.9, 71/157 = 45.2, 28/157 = 17.8, 21/157 = 13.4, and they sum to 99.3 rather than 100). The BASELINE row of the same table divides by 156 instead (49/156 = 31.4, 69/156 = 44.2, 30/156 = 19.2, 8/156 = 5.1), corroborated by Table 1 where 'Employment situation (unemployed) 69 (44.23)' and the male cell 47 (47.47) implies a male base of 99, not 100. Logged in inconsistencies.md. The triage note in data/inclusion_manifest.csv reads '36/157'; 157 is the reporting base, not the observed denominator. ANALYSIS SAMPLE: 'A subsample of 157 patients within PAFIP was selected for the present study' with no stated basis of selection, hence analysis_selection_status = unclear on the arm row; the cohort's own recruitment carries no employment criterion. NOT EXTRACTED: Table 3 also prints mean days employed (57.99, SD 101.99), unemployed, inactive and in temporary disability over the year. Those are duration measures with no field in this schema and, under SAP 2.3, job tenure is narrative unless ten cohorts report a comparable measure. | 23 Sep 2026: the MSc dissertation (September 2026, Table S5) reports 36/157, taking the baseline N; the extraction has 156, which the report uses as the baseline-employment denominator (49/156). Not adjudicated: the row stays out of the primary pool under the prespecified non-response consequence (analysis_selection_status unclear), so the choice does not move any pool. Resolve against the PDF before the sensitivity analysis is reported."
nossel2018_cohort_t6m_paidany,nossel2018,ontracky_ny,cohort,csc_325,6,since_baseline,,,paid_any,"'Participation in work included any paid employment, including competitive or noncompetitive work, self-employment, or internship at admission or follow-up.' (Methods, Measures, p. 864) 'Of the 260 clients with data at six-month follow-up, 77 (30%) were employed only, 75 (29%) were in school only, and 47 (18%) were both employed and in school. Of the 124 clients who were employed, 81 (65%) had a competitive job.' (Results, p. 866)",reported,point_prevalence,,124,260,,262,325,,outcome_observed,complete_case,"Results, p. 866, second paragraph; construct definition Methods, Measures, p. 864",,,,,,,none,,,,,,,90,325,,,,,50,325,"HORIZON: 6 months falls in no landmark window (12-month band is 9-18 months), so this result cannot contribute to any horizon. It is extracted because it is the only paid-employment count this cohort has. At 12 months the paper reports only a model-estimated adjusted prevalence of the education-or-employment composite (Figure 1B, p. 866) and a Kaplan-Meier probability of 88 per cent (CI 83-92) of being employed or in school at some time during the year; neither is a count and neither is paid-only. NUMERATOR: 124 is printed ('Of the 124 clients who were employed'), so this is reported and not derived; it also equals 77 employed only + 47 both employed and in school. DENOMINATOR: 260 is printed as 'clients with data at six-month follow-up', and the three printed percentages check against it (77/260 = 29.6, 75/260 = 28.8, 47/260 = 18.1). Table 3 nevertheless gives 'N at follow-up' = 261 for the 3-to-6-month contrast and Table 2's discharge flow implies 262 still enrolled and uncensored at 6 months (325 - 17 discharged - 46 censored). n_alive_eligible = 262 is taken from Table 2 on that reading. The 260/261/262 spread is logged in inconsistencies.md; conflict_status is none because the numerator and its denominator come from one internally coherent sentence and the other two figures describe different quantities. ASCERTAINMENT: nossel2018 does not state the measurement window for work at follow-up. It states only that 'Data collected at admission refer to the 90 days prior to the assessment'. Coded point_prevalence on the strength of the sibling report basaraba2023, whose table footnote for the same OnTrackNY variable reads 'Positive for education/work indicates the client was in school and/or employed at the time point' and which reserves the 90-day window for hospitalisation. Raised in unresolved_queries.md. NOT EXTRACTED AS A SEPARATE ROW: the same sentence supports an employment-or-education-or-training composite of 77 + 75 + 47 = 199 of 260 at 6 months. It is not written as a row because it falls in no horizon and basaraba2023 supplies the same cohort's composite at eight timepoints including the 12- and 24-month landmarks. BASELINE MODERATOR: 50 of 325 employed at admission (33 employed only + 17 both, and the text confirms 'Of the 50 clients who were employed'), but admission data refer to the 90 days prior to assessment."
nossel2018_cohort_t6m_paidcomp,nossel2018,ontracky_ny,cohort,csc_325,6,since_baseline,,,paid_competitive,"'Competitive work was defined as work that pays at least minimum wage, involves a paycheck from the employer, and is not reserved for those with behavioral health problems.' (Methods, Measures, p. 864) 'Of the 260 clients with data at six-month follow-up, 77 (30%) were employed only, 75 (29%) were in school only, and 47 (18%) were both employed and in school. Of the 124 clients who were employed, 81 (65%) had a competitive job.' (Results, p. 866)",reported,point_prevalence,,81,260,,262,325,124,outcome_observed,complete_case,"Results, p. 866, second paragraph; construct definition Methods, Measures, p. 864",,,,,,,none,,,,,,,90,325,,,,,,,"The printed 65 per cent divides 81 by the 124 employed, so reported_percentage_base = 124. The denominator recorded here is 260, the number with employment data at 6 months, because the 136 clients who were not employed cannot have had a competitive job; 81/260 is therefore exact and is not a back-calculation. Secondary construct: a competitive-only count never substitutes for paid_any (D6, D12.3a). 6 months falls in no landmark window."
basaraba2023_training_t3m_eet,basaraba2023,ontracky_ny,training_split,training_1038,3,since_baseline,,,paid_or_education_or_training,"'The education/employment outcome was defined by whether the client was enrolled in an education program (full- or part-time, including high school, vocational training, college, or graduate study) or had any paid employment (including competitive or noncompetitive work, self-employment, or internship).' (Methods, Measures, Outcomes, p. 51). Table footnote: 'Positive for education/work indicates the client was in school and/or employed at the time point'.",reported,point_prevalence,,530,874,,,1038,,outcome_observed,complete_case,"Table 'Education/Work Status and Hospitalization Status in the Training Data Set at Time Points in the First 2 Years', row '3 mo', Education/work column, p. 52",,,,,,,none,,,,,,,341,1298,,,,,,,"CONSTRUCT: this is the source's full composite and names all three of paid work, education and vocational training, so it is paid_or_education_or_training and never enters the primary pool (D6, D12.1). Paid employment cannot be separated from education in this report: no report gives the employed-only count for this sample. DENOMINATOR: the table prints 'Positive/total, No. (%)', so 874 is an observed denominator and not a reporting base. It falls from 1038 at baseline because of a rolling cohort: 'clients can have less than 24 months of follow-up due to censoring, ie, beginning the program less than 24 months before data was retrieved (24.7%) or being discharged from the program before 2 years (49.8%)'. SAMPLE: training/cross-validation split only, 1038 of the 1298 enrolled clients in 19 of 20 sites; the holdout set's outcome distributions are reported only as 'Similar distributions of outcomes were observed in the holdout data sets', with no counts, so the whole 1298 cannot be reconstructed. The split is a statistical holdout and is not employment-related. MODERATOR: the sex counts (341 women, 949 men, 8 another gender) are printed for the full 1298, not for the 1038 analysed here, which is why n_female_denominator is 1298. Baseline education/work in the training set was 431 of 1038 (41.5 per cent), a composite and not a paid-employment baseline, so n_employed_baseline is left blank. HORIZON: 3 months falls in no landmark window."
basaraba2023_training_t6m_eet,basaraba2023,ontracky_ny,training_split,training_1038,6,since_baseline,,,paid_or_education_or_training,"'The education/employment outcome was defined by whether the client was enrolled in an education program (full- or part-time, including high school, vocational training, college, or graduate study) or had any paid employment (including competitive or noncompetitive work, self-employment, or internship).' (Methods, Measures, Outcomes, p. 51). Table footnote: 'Positive for education/work indicates the client was in school and/or employed at the time point'.",reported,point_prevalence,,518,739,,,1038,,outcome_observed,complete_case,"Table 'Education/Work Status and Hospitalization Status in the Training Data Set at Time Points in the First 2 Years', row '6 mo', Education/work column, p. 52",,,,,,,none,,,,,,,341,1298,,,,,,,"CONSTRUCT: this is the source's full composite and names all three of paid work, education and vocational training, so it is paid_or_education_or_training and never enters the primary pool (D6, D12.1). Paid employment cannot be separated from education in this report: no report gives the employed-only count for this sample. DENOMINATOR: the table prints 'Positive/total, No. (%)', so 739 is an observed denominator and not a reporting base. It falls from 1038 at baseline because of a rolling cohort: 'clients can have less than 24 months of follow-up due to censoring, ie, beginning the program less than 24 months before data was retrieved (24.7%) or being discharged from the program before 2 years (49.8%)'. SAMPLE: training/cross-validation split only, 1038 of the 1298 enrolled clients in 19 of 20 sites; the holdout set's outcome distributions are reported only as 'Similar distributions of outcomes were observed in the holdout data sets', with no counts, so the whole 1298 cannot be reconstructed. The split is a statistical holdout and is not employment-related. MODERATOR: the sex counts (341 women, 949 men, 8 another gender) are printed for the full 1298, not for the 1038 analysed here, which is why n_female_denominator is 1298. Baseline education/work in the training set was 431 of 1038 (41.5 per cent), a composite and not a paid-employment baseline, so n_employed_baseline is left blank. HORIZON: 6 months falls in no landmark window."
basaraba2023_training_t9m_eet,basaraba2023,ontracky_ny,training_split,training_1038,9,since_baseline,,,paid_or_education_or_training,"'The education/employment outcome was defined by whether the client was enrolled in an education program (full- or part-time, including high school, vocational training, college, or graduate study) or had any paid employment (including competitive or noncompetitive work, self-employment, or internship).' (Methods, Measures, Outcomes, p. 51). Table footnote: 'Positive for education/work indicates the client was in school and/or employed at the time point'.",reported,point_prevalence,,465,646,,,1038,,outcome_observed,complete_case,"Table 'Education/Work Status and Hospitalization Status in the Training Data Set at Time Points in the First 2 Years', row '9 mo', Education/work column, p. 52",,,,,,,none,,,,,,,341,1298,,,,,,,"CONSTRUCT: this is the source's full composite and names all three of paid work, education and vocational training, so it is paid_or_education_or_training and never enters the primary pool (D6, D12.1). Paid employment cannot be separated from education in this report: no report gives the employed-only count for this sample. DENOMINATOR: the table prints 'Positive/total, No. (%)', so 646 is an observed denominator and not a reporting base. It falls from 1038 at baseline because of a rolling cohort: 'clients can have less than 24 months of follow-up due to censoring, ie, beginning the program less than 24 months before data was retrieved (24.7%) or being discharged from the program before 2 years (49.8%)'. SAMPLE: training/cross-validation split only, 1038 of the 1298 enrolled clients in 19 of 20 sites; the holdout set's outcome distributions are reported only as 'Similar distributions of outcomes were observed in the holdout data sets', with no counts, so the whole 1298 cannot be reconstructed. The split is a statistical holdout and is not employment-related. MODERATOR: the sex counts (341 women, 949 men, 8 another gender) are printed for the full 1298, not for the 1038 analysed here, which is why n_female_denominator is 1298. Baseline education/work in the training set was 431 of 1038 (41.5 per cent), a composite and not a paid-employment baseline, so n_employed_baseline is left blank. HORIZON: 9 months falls in the 12-month band (9-18) but is 3 months from the landmark, so it loses to the 12-month row under D11.2."
basaraba2023_training_t12m_eet,basaraba2023,ontracky_ny,training_split,training_1038,12,since_baseline,,,paid_or_education_or_training,"'The education/employment outcome was defined by whether the client was enrolled in an education program (full- or part-time, including high school, vocational training, college, or graduate study) or had any paid employment (including competitive or noncompetitive work, self-employment, or internship).' (Methods, Measures, Outcomes, p. 51). Table footnote: 'Positive for education/work indicates the client was in school and/or employed at the time point'.",reported,point_prevalence,,397,555,,,1038,,outcome_observed,complete_case,"Table 'Education/Work Status and Hospitalization Status in the Training Data Set at Time Points in the First 2 Years', row '12 mo', Education/work column, p. 52",,,,,,,none,,,,,,,341,1298,,,,,,,"CONSTRUCT: this is the source's full composite and names all three of paid work, education and vocational training, so it is paid_or_education_or_training and never enters the primary pool (D6, D12.1). Paid employment cannot be separated from education in this report: no report gives the employed-only count for this sample. DENOMINATOR: the table prints 'Positive/total, No. (%)', so 555 is an observed denominator and not a reporting base. It falls from 1038 at baseline because of a rolling cohort: 'clients can have less than 24 months of follow-up due to censoring, ie, beginning the program less than 24 months before data was retrieved (24.7%) or being discharged from the program before 2 years (49.8%)'. SAMPLE: training/cross-validation split only, 1038 of the 1298 enrolled clients in 19 of 20 sites; the holdout set's outcome distributions are reported only as 'Similar distributions of outcomes were observed in the holdout data sets', with no counts, so the whole 1298 cannot be reconstructed. The split is a statistical holdout and is not employment-related. MODERATOR: the sex counts (341 women, 949 men, 8 another gender) are printed for the full 1298, not for the 1038 analysed here, which is why n_female_denominator is 1298. Baseline education/work in the training set was 431 of 1038 (41.5 per cent), a composite and not a paid-employment baseline, so n_employed_baseline is left blank. HORIZON: 12 months is an exact hit on the 12-month landmark and is the selected row for this cohort, construct and horizon under D11.2."
basaraba2023_training_t15m_eet,basaraba2023,ontracky_ny,training_split,training_1038,15,since_baseline,,,paid_or_education_or_training,"'The education/employment outcome was defined by whether the client was enrolled in an education program (full- or part-time, including high school, vocational training, college, or graduate study) or had any paid employment (including competitive or noncompetitive work, self-employment, or internship).' (Methods, Measures, Outcomes, p. 51). Table footnote: 'Positive for education/work indicates the client was in school and/or employed at the time point'.",reported,point_prevalence,,340,480,,,1038,,outcome_observed,complete_case,"Table 'Education/Work Status and Hospitalization Status in the Training Data Set at Time Points in the First 2 Years', row '15 mo', Education/work column, p. 52",,,,,,,none,,,,,,,341,1298,,,,,,,"CONSTRUCT: this is the source's full composite and names all three of paid work, education and vocational training, so it is paid_or_education_or_training and never enters the primary pool (D6, D12.1). Paid employment cannot be separated from education in this report: no report gives the employed-only count for this sample. DENOMINATOR: the table prints 'Positive/total, No. (%)', so 480 is an observed denominator and not a reporting base. It falls from 1038 at baseline because of a rolling cohort: 'clients can have less than 24 months of follow-up due to censoring, ie, beginning the program less than 24 months before data was retrieved (24.7%) or being discharged from the program before 2 years (49.8%)'. SAMPLE: training/cross-validation split only, 1038 of the 1298 enrolled clients in 19 of 20 sites; the holdout set's outcome distributions are reported only as 'Similar distributions of outcomes were observed in the holdout data sets', with no counts, so the whole 1298 cannot be reconstructed. The split is a statistical holdout and is not employment-related. MODERATOR: the sex counts (341 women, 949 men, 8 another gender) are printed for the full 1298, not for the 1038 analysed here, which is why n_female_denominator is 1298. Baseline education/work in the training set was 431 of 1038 (41.5 per cent), a composite and not a paid-employment baseline, so n_employed_baseline is left blank. HORIZON: 15 months falls in the 12-month band (nearest landmark 12, |15-12| = 3 against |15-24| = 9) and loses to the 12-month row."
basaraba2023_training_t18m_eet,basaraba2023,ontracky_ny,training_split,training_1038,18,since_baseline,,,paid_or_education_or_training,"'The education/employment outcome was defined by whether the client was enrolled in an education program (full- or part-time, including high school, vocational training, college, or graduate study) or had any paid employment (including competitive or noncompetitive work, self-employment, or internship).' (Methods, Measures, Outcomes, p. 51). Table footnote: 'Positive for education/work indicates the client was in school and/or employed at the time point'.",reported,point_prevalence,,287,409,,,1038,,outcome_observed,complete_case,"Table 'Education/Work Status and Hospitalization Status in the Training Data Set at Time Points in the First 2 Years', row '18 mo', Education/work column, p. 52",,,,,,,none,,,,,,,341,1298,,,,,,,"CONSTRUCT: this is the source's full composite and names all three of paid work, education and vocational training, so it is paid_or_education_or_training and never enters the primary pool (D6, D12.1). Paid employment cannot be separated from education in this report: no report gives the employed-only count for this sample. DENOMINATOR: the table prints 'Positive/total, No. (%)', so 409 is an observed denominator and not a reporting base. It falls from 1038 at baseline because of a rolling cohort: 'clients can have less than 24 months of follow-up due to censoring, ie, beginning the program less than 24 months before data was retrieved (24.7%) or being discharged from the program before 2 years (49.8%)'. SAMPLE: training/cross-validation split only, 1038 of the 1298 enrolled clients in 19 of 20 sites; the holdout set's outcome distributions are reported only as 'Similar distributions of outcomes were observed in the holdout data sets', with no counts, so the whole 1298 cannot be reconstructed. The split is a statistical holdout and is not employment-related. MODERATOR: the sex counts (341 women, 949 men, 8 another gender) are printed for the full 1298, not for the 1038 analysed here, which is why n_female_denominator is 1298. Baseline education/work in the training set was 431 of 1038 (41.5 per cent), a composite and not a paid-employment baseline, so n_employed_baseline is left blank. HORIZON: 18 months is equidistant from the 12- and 24-month landmarks, so under D11.1 it is assigned to the LONGER horizon, t24m; it then loses to the 24-month row on proximity."
basaraba2023_training_t21m_eet,basaraba2023,ontracky_ny,training_split,training_1038,21,since_baseline,,,paid_or_education_or_training,"'The education/employment outcome was defined by whether the client was enrolled in an education program (full- or part-time, including high school, vocational training, college, or graduate study) or had any paid employment (including competitive or noncompetitive work, self-employment, or internship).' (Methods, Measures, Outcomes, p. 51). Table footnote: 'Positive for education/work indicates the client was in school and/or employed at the time point'.",reported,point_prevalence,,236,334,,,1038,,outcome_observed,complete_case,"Table 'Education/Work Status and Hospitalization Status in the Training Data Set at Time Points in the First 2 Years', row '21 mo', Education/work column, p. 52",,,,,,,none,,,,,,,341,1298,,,,,,,"CONSTRUCT: this is the source's full composite and names all three of paid work, education and vocational training, so it is paid_or_education_or_training and never enters the primary pool (D6, D12.1). Paid employment cannot be separated from education in this report: no report gives the employed-only count for this sample. DENOMINATOR: the table prints 'Positive/total, No. (%)', so 334 is an observed denominator and not a reporting base. It falls from 1038 at baseline because of a rolling cohort: 'clients can have less than 24 months of follow-up due to censoring, ie, beginning the program less than 24 months before data was retrieved (24.7%) or being discharged from the program before 2 years (49.8%)'. SAMPLE: training/cross-validation split only, 1038 of the 1298 enrolled clients in 19 of 20 sites; the holdout set's outcome distributions are reported only as 'Similar distributions of outcomes were observed in the holdout data sets', with no counts, so the whole 1298 cannot be reconstructed. The split is a statistical holdout and is not employment-related. MODERATOR: the sex counts (341 women, 949 men, 8 another gender) are printed for the full 1298, not for the 1038 analysed here, which is why n_female_denominator is 1298. Baseline education/work in the training set was 431 of 1038 (41.5 per cent), a composite and not a paid-employment baseline, so n_employed_baseline is left blank. HORIZON: 21 months falls in the 24-month band and loses to the 24-month row on proximity."
basaraba2023_training_t24m_eet,basaraba2023,ontracky_ny,training_split,training_1038,24,since_baseline,,,paid_or_education_or_training,"'The education/employment outcome was defined by whether the client was enrolled in an education program (full- or part-time, including high school, vocational training, college, or graduate study) or had any paid employment (including competitive or noncompetitive work, self-employment, or internship).' (Methods, Measures, Outcomes, p. 51). Table footnote: 'Positive for education/work indicates the client was in school and/or employed at the time point'.",reported,point_prevalence,,186,265,,,1038,,outcome_observed,complete_case,"Table 'Education/Work Status and Hospitalization Status in the Training Data Set at Time Points in the First 2 Years', row '24 mo', Education/work column, p. 52",,,,,,,none,,,,,,,341,1298,,,,,,,"CONSTRUCT: this is the source's full composite and names all three of paid work, education and vocational training, so it is paid_or_education_or_training and never enters the primary pool (D6, D12.1). Paid employment cannot be separated from education in this report: no report gives the employed-only count for this sample. DENOMINATOR: the table prints 'Positive/total, No. (%)', so 265 is an observed denominator and not a reporting base. It falls from 1038 at baseline because of a rolling cohort: 'clients can have less than 24 months of follow-up due to censoring, ie, beginning the program less than 24 months before data was retrieved (24.7%) or being discharged from the program before 2 years (49.8%)'. SAMPLE: training/cross-validation split only, 1038 of the 1298 enrolled clients in 19 of 20 sites; the holdout set's outcome distributions are reported only as 'Similar distributions of outcomes were observed in the holdout data sets', with no counts, so the whole 1298 cannot be reconstructed. The split is a statistical holdout and is not employment-related. MODERATOR: the sex counts (341 women, 949 men, 8 another gender) are printed for the full 1298, not for the 1038 analysed here, which is why n_female_denominator is 1298. Baseline education/work in the training set was 431 of 1038 (41.5 per cent), a composite and not a paid-employment baseline, so n_employed_baseline is left blank. HORIZON: 24 months is an exact hit on the 24-month landmark and is the selected row for this cohort, construct and horizon."
benson2022_relapse_mostrecent_fulltime,benson2022,us_vha,relapse,relapse_16862,,unclear,,,paid_any,"Table 3, 'Employment status, n (%)', Relapse Cohort column (n = 16,862), row 'Full-time employment': 577 (5.4). The report defines none of its employment-status categories. 'Data for employment, marital, housing, and incarceration statuses were obtained through linkage to the Veterans Benefits Administration Corporate Database, which is updated biannually.' (Methods, Data Source) 'The frequency of unemployment, divorce, homelessness, incarceration, and premature death (defined as death before aged 80 years), based on the most recent nonmissing data during the study period, was reported for each cohort. The number and proportion of veterans with missing data for each of these variables were reported as a separate category.' (Methods, Study Outcomes)",component_only,unclear,,577,16311,,,16862,16862,entered,complete_case,"Table 3 'Non-Health Care Societal Burden Among the Matched Cohorts', Employment status block, PDF p. 5",,,,,,,unresolved,"UNRESOLVED: Table 3 prints '577 (5.4)' for full-time employment in the relapse cohort, but 577 of 16,862 is 3.4 per cent, and the relapse column's printed percentages sum to 102.0 rather than 100.0. The counts are the more likely correct values (the six categories sum to exactly 16,862, and the other five percentages each check out), and 5.4 is also the value printed in the adjacent nonrelapse column, so it looks like a copied cell. But under D12.3d a self-contradiction is resolved only by an author reply, not by an extractor's arithmetic, so this is blocked from every synthesis pending a reply. See unresolved_queries.md.",,,,,,,,,,,,,,"Fragment of the paid-employment total; no independent analytical meaning in this review, so result_role = component_only and it never enters any pool. Component of benson2022_relapse_mostrecent_paidany. // Author contacted, no response."
benson2022_relapse_mostrecent_parttime,benson2022,us_vha,relapse,relapse_16862,,unclear,,,paid_any,"Table 3, 'Employment status, n (%)', Relapse Cohort column (n = 16,862), row 'Part-time employment': 284 (1.7). The report defines none of its employment-status categories. 'Data for employment, marital, housing, and incarceration statuses were obtained through linkage to the Veterans Benefits Administration Corporate Database, which is updated biannually.' (Methods, Data Source) 'The frequency of unemployment, divorce, homelessness, incarceration, and premature death (defined as death before aged 80 years), based on the most recent nonmissing data during the study period, was reported for each cohort. The number and proportion of veterans with missing data for each of these variables were reported as a separate category.' (Methods, Study Outcomes)",component_only,unclear,,284,16311,,,16862,16862,entered,complete_case,"Table 3 'Non-Health Care Societal Burden Among the Matched Cohorts', Employment status block, PDF p. 5",,,,,,,none,,,,,,,,,,,,,,,"Fragment of the paid-employment total; no independent analytical meaning in this review, so result_role = component_only and it never enters any pool. Component of benson2022_relapse_mostrecent_paidany."
benson2022_relapse_mostrecent_selfemployed,benson2022,us_vha,relapse,relapse_16862,,unclear,,,paid_any,"Table 3, 'Employment status, n (%)', Relapse Cohort column (n = 16,862), row 'Self-employed': 68 (0.4). The report defines none of its employment-status categories. 'Data for employment, marital, housing, and incarceration statuses were obtained through linkage to the Veterans Benefits Administration Corporate Database, which is updated biannually.' (Methods, Data Source) 'The frequency of unemployment, divorce, homelessness, incarceration, and premature death (defined as death before aged 80 years), based on the most recent nonmissing data during the study period, was reported for each cohort. The number and proportion of veterans with missing data for each of these variables were reported as a separate category.' (Methods, Study Outcomes)",component_only,unclear,,68,16311,,,16862,16862,entered,complete_case,"Table 3 'Non-Health Care Societal Burden Among the Matched Cohorts', Employment status block, PDF p. 5",,,,,,,none,,,,,,,,,,,,,,,"Fragment of the paid-employment total; no independent analytical meaning in this review, so result_role = component_only and it never enters any pool. Component of benson2022_relapse_mostrecent_paidany."
benson2022_relapse_mostrecent_paidany,benson2022,us_vha,relapse,relapse_16862,,unclear,,,paid_any,"Table 3, 'Employment status, n (%)', Relapse Cohort column (n = 16,862): 'Full-time employment' 577, 'Part-time employment' 284, 'Unemployed' 12,721, 'Retired' 2,661, 'Self-employed' 68, 'Missing data' 551. 'Data for employment, marital, housing, and incarceration statuses were obtained through linkage to the Veterans Benefits Administration Corporate Database, which is updated biannually.' (Methods, Data Source) 'The frequency of unemployment, divorce, homelessness, incarceration, and premature death (defined as death before aged 80 years), based on the most recent nonmissing data during the study period, was reported for each cohort. The number and proportion of veterans with missing data for each of these variables were reported as a separate category.' (Methods, Study Outcomes)",derived,unclear,,929,16311,,,16862,16862,entered,complete_case,"Table 3 'Non-Health Care Societal Burden Among the Matched Cohorts', Employment status block, PDF p. 5",benson2022_relapse_mostrecent_fulltime;benson2022_relapse_mostrecent_parttime;benson2022_relapse_mostrecent_selfemployed,"Sum of the three printed paid-work categories in one mutually exclusive, exhaustive employment-status variable: full-time 577 + part-time 284 + self-employed 68 = 929. The denominator is the printed cohort n minus the printed missing-data count, 16,862 - 551 = 16311, which is a subtraction of two printed counts and not a back-calculation from a percentage. The six categories sum to exactly 16,862 (577 + 284 + 12721 + 2661 + 68 + 551), and the three non-paid categories reconcile with the derived total: 929 employed + 12721 unemployed + 2661 retired = 16311 observed.",yes,yes,yes,,unresolved,"UNRESOLVED: one of the three components carries a published self-contradiction. Table 3 prints '577 (5.4)' for full-time employment in the relapse cohort while 577 of 16,862 is 3.4 per cent, and the relapse column's percentages sum to 102.0. The count 577 is corroborated by the column summing to exactly 16,862 and by the other five percentages checking out, and the same table's Table 1 sibling prints '587,581 (3.4)' for cancer in a cohort of 16,862, so the typesetting of this article is demonstrably unreliable. Under D12.3d only an author reply resolves a self-contradiction, so this derived total is blocked from every synthesis pending one.",,,,56.4,,,,,,,,,,"ZERO SEPARABILITY (D12.3): satisfied. These are mutually exclusive employment-STATUS categories, not intensity bands: every category containing positive paid work (full-time, part-time, self-employed) is separate from every category containing no paid work (unemployed, retired), so there is no residual band pooling zero work with low-intensity work. Contrast rautio2016, where the '<25.0%' band made paid_any unidentifiable. SELF-EMPLOYMENT is counted as paid work; the sibling cohort's own review literature and nossel2018's definition both treat self-employment as paid employment. It is not counted as competitive because this report establishes no labour-market setting. DENOMINATOR: n_outcome_observed = 16311, the printed 16,862 minus the printed 551/501 with missing employment data. reported_percentage_base = 16,862 because the authors' own percentages divide by the full matched cohort including the missing category (12,721/16,862 = 75.4 exactly, as printed). NO HORIZON: followup_basis = unclear and followup_months is left blank. The outcome is 'based on the most recent nonmissing data during the study period', the study period runs 1 January 2013 to 30 September 2019 and includes the 12-month pre-index baseline, and the authors state that 'because a cross-sectional approach was used in examining societal outcomes across the full study period, no temporality was applied between the exposure (relapse) and the outcomes of interest'. Mean follow-up was 4.7 years but that is the length of the observation window, not the time at which employment was measured, so no elapsed time from cohort entry can be assigned and no landmark horizon applies. ARM: this is a propensity-score-matched relapse subgroup of the 119,343-veteran schizophrenia cohort, not a whole recruited cohort, so it cannot enter the primary prevalence estimand (SAP 2.1 and 7) irrespective of the conflict status. MODERATOR: only the male count is printed (15,499 of 16,862); the sex variable is not shown to be exhaustive, so n_female is left blank rather than derived by complement. // Author contacted, no response."
benson2022_nonrelapse_mostrecent_fulltime,benson2022,us_vha,nonrelapse,nonrelapse_16862,,unclear,,,paid_any,"Table 3, 'Employment status, n (%)', Nonrelapse Cohort column (n = 16,862), row 'Full-time employment': 908 (5.4). The report defines none of its employment-status categories. 'Data for employment, marital, housing, and incarceration statuses were obtained through linkage to the Veterans Benefits Administration Corporate Database, which is updated biannually.' (Methods, Data Source) 'The frequency of unemployment, divorce, homelessness, incarceration, and premature death (defined as death before aged 80 years), based on the most recent nonmissing data during the study period, was reported for each cohort. The number and proportion of veterans with missing data for each of these variables were reported as a separate category.' (Methods, Study Outcomes)",component_only,unclear,,908,16361,,,16862,16862,entered,complete_case,"Table 3 'Non-Health Care Societal Burden Among the Matched Cohorts', Employment status block, PDF p. 5",,,,,,,none,,,,,,,,,,,,,,,"Fragment of the paid-employment total; no independent analytical meaning in this review, so result_role = component_only and it never enters any pool. Component of benson2022_nonrelapse_mostrecent_paidany."
benson2022_nonrelapse_mostrecent_parttime,benson2022,us_vha,nonrelapse,nonrelapse_16862,,unclear,,,paid_any,"Table 3, 'Employment status, n (%)', Nonrelapse Cohort column (n = 16,862), row 'Part-time employment': 428 (2.5). The report defines none of its employment-status categories. 'Data for employment, marital, housing, and incarceration statuses were obtained through linkage to the Veterans Benefits Administration Corporate Database, which is updated biannually.' (Methods, Data Source) 'The frequency of unemployment, divorce, homelessness, incarceration, and premature death (defined as death before aged 80 years), based on the most recent nonmissing data during the study period, was reported for each cohort. The number and proportion of veterans with missing data for each of these variables were reported as a separate category.' (Methods, Study Outcomes)",component_only,unclear,,428,16361,,,16862,16862,entered,complete_case,"Table 3 'Non-Health Care Societal Burden Among the Matched Cohorts', Employment status block, PDF p. 5",,,,,,,none,,,,,,,,,,,,,,,"Fragment of the paid-employment total; no independent analytical meaning in this review, so result_role = component_only and it never enters any pool. Component of benson2022_nonrelapse_mostrecent_paidany."
benson2022_nonrelapse_mostrecent_selfemployed,benson2022,us_vha,nonrelapse,nonrelapse_16862,,unclear,,,paid_any,"Table 3, 'Employment status, n (%)', Nonrelapse Cohort column (n = 16,862), row 'Self-employed': 93 (0.6). The report defines none of its employment-status categories. 'Data for employment, marital, housing, and incarceration statuses were obtained through linkage to the Veterans Benefits Administration Corporate Database, which is updated biannually.' (Methods, Data Source) 'The frequency of unemployment, divorce, homelessness, incarceration, and premature death (defined as death before aged 80 years), based on the most recent nonmissing data during the study period, was reported for each cohort. The number and proportion of veterans with missing data for each of these variables were reported as a separate category.' (Methods, Study Outcomes)",component_only,unclear,,93,16361,,,16862,16862,entered,complete_case,"Table 3 'Non-Health Care Societal Burden Among the Matched Cohorts', Employment status block, PDF p. 5",,,,,,,none,,,,,,,,,,,,,,,"Fragment of the paid-employment total; no independent analytical meaning in this review, so result_role = component_only and it never enters any pool. Component of benson2022_nonrelapse_mostrecent_paidany."
benson2022_nonrelapse_mostrecent_paidany,benson2022,us_vha,nonrelapse,nonrelapse_16862,,unclear,,,paid_any,"Table 3, 'Employment status, n (%)', Nonrelapse Cohort column (n = 16,862): 'Full-time employment' 908, 'Part-time employment' 428, 'Unemployed' 12,043, 'Retired' 2,889, 'Self-employed' 93, 'Missing data' 501. 'Data for employment, marital, housing, and incarceration statuses were obtained through linkage to the Veterans Benefits Administration Corporate Database, which is updated biannually.' (Methods, Data Source) 'The frequency of unemployment, divorce, homelessness, incarceration, and premature death (defined as death before aged 80 years), based on the most recent nonmissing data during the study period, was reported for each cohort. The number and proportion of veterans with missing data for each of these variables were reported as a separate category.' (Methods, Study Outcomes)",derived,unclear,,1429,16361,,,16862,16862,entered,complete_case,"Table 3 'Non-Health Care Societal Burden Among the Matched Cohorts', Employment status block, PDF p. 5",benson2022_nonrelapse_mostrecent_fulltime;benson2022_nonrelapse_mostrecent_parttime;benson2022_nonrelapse_mostrecent_selfemployed,"Sum of the three printed paid-work categories in one mutually exclusive, exhaustive employment-status variable: full-time 908 + part-time 428 + self-employed 93 = 1429. The denominator is the printed cohort n minus the printed missing-data count, 16,862 - 501 = 16361, which is a subtraction of two printed counts and not a back-calculation from a percentage. The six categories sum to exactly 16,862 (908 + 428 + 12043 + 2889 + 93 + 501), and the three non-paid categories reconcile with the derived total: 1429 employed + 12043 unemployed + 2889 retired = 16361 observed.",yes,yes,yes,,none,,,,,56.6,,,,,,,,,,"ZERO SEPARABILITY (D12.3): satisfied. These are mutually exclusive employment-STATUS categories, not intensity bands: every category containing positive paid work (full-time, part-time, self-employed) is separate from every category containing no paid work (unemployed, retired), so there is no residual band pooling zero work with low-intensity work. Contrast rautio2016, where the '<25.0%' band made paid_any unidentifiable. SELF-EMPLOYMENT is counted as paid work; the sibling cohort's own review literature and nossel2018's definition both treat self-employment as paid employment. It is not counted as competitive because this report establishes no labour-market setting. DENOMINATOR: n_outcome_observed = 16361, the printed 16,862 minus the printed 551/501 with missing employment data. reported_percentage_base = 16,862 because the authors' own percentages divide by the full matched cohort including the missing category (12,721/16,862 = 75.4 exactly, as printed). NO HORIZON: followup_basis = unclear and followup_months is left blank. The outcome is 'based on the most recent nonmissing data during the study period', the study period runs 1 January 2013 to 30 September 2019 and includes the 12-month pre-index baseline, and the authors state that 'because a cross-sectional approach was used in examining societal outcomes across the full study period, no temporality was applied between the exposure (relapse) and the outcomes of interest'. Mean follow-up was 4.9 years but that is the length of the observation window, not the time at which employment was measured, so no elapsed time from cohort entry can be assigned and no landmark horizon applies. ARM: this is a propensity-score-matched nonrelapse subgroup of the 119,343-veteran schizophrenia cohort, not a whole recruited cohort, so it cannot enter the primary prevalence estimand (SAP 2.1 and 7) irrespective of the conflict status. MODERATOR: only the male count is printed (15,529 of 16,862); the sex variable is not shown to be exhaustive, so n_female is left blank rather than derived by complement."
killackey2019_ips_t6m_paidcomp,killackey2019,eppic_ips_rct,ips,ips_observed_6m_66,6,since_baseline,,,paid_competitive,"Consistent with previous IPS literature, employment was defined as working in a job that paid the legislated minimum wage for a minimum of 1 day in the previous 6-month period.",reported,period_prevalence,6,47,66,66,,73,66,outcome_observed,complete_case,"Results, 'Primary outcome - employment status', pp. 78-79: 'the IPS group had a significantly higher rate of having been employed (71.2%, 47/66)'; construct defined in Method, Outcomes, p. 77; denominator corroborated by Results, Participant flow, p. 78 (6-month missingness IPS 9.6%, n = 7, of 73 randomised)",,,,,,,none,,"odds ratio, IPS v. TAU over 0-6 months, random-effects logistic (xtlogit) model with treatment group, time period, baseline employment and a group-by-time interaction",3.40,,20.4,,31,73,,,,,16,73,"CONSTRUCT: the report never uses the word 'competitive' and never states the labour-market setting, but the numerator is defined by a legislated-minimum-wage floor, which is the standard operationalisation of competitive employment in the IPS literature the report cites, and IPS is described as designed to return people 'to mainstream employment' (p. 76). It is therefore NOT paid_any: paid work below the minimum wage, which in Australia includes most sheltered and supported-wage employment, is excluded by the definition. Recorded as paid_competitive with the source wording; a reviewer preferring `unclear` has the verbatim to work from (see unresolved_queries.md). HORIZON: 6 months falls in no landmark band (the 12-month band opens at 9 months), so this result cannot enter any horizon. Employment at 6-12 and 12-18 months is reported only as odds ratios, p-values and Fig. 1 predicted probabilities; no count is printed and none is recoverable. ASCERTAINMENT: period prevalence over a stated 6-month window, not point prevalence; one day of paid work in the window suffices. MODERATORS: mean_age and the sex and baseline-employment counts are arm-level baseline values from Table 1, p. 78, on all 73 randomised, not on the 66 observed at 6 months. perc_post_secondary left blank: Table 1 reports highest year of school only (VCE/VCAL 43.8%), which is school completion, not post-secondary education. ADJUSTED EFFECT: 3.40 (95% CI 1.17 to 9.91, z = 2.25, P = 0.025), p. 78; the adjusted model controlling additionally for gender and baseline depression gives 3.57 (95% CI 1.19 to 10.70). adjusted_se left blank rather than reconstructed from the interval."
killackey2019_tau_t6m_paidcomp,killackey2019,eppic_ips_rct,tau,tau_observed_6m_60,6,since_baseline,,,paid_competitive,"Consistent with previous IPS literature, employment was defined as working in a job that paid the legislated minimum wage for a minimum of 1 day in the previous 6-month period.",reported,period_prevalence,6,29,60,60,,73,60,outcome_observed,complete_case,"Results, 'Primary outcome - employment status', pp. 78-79: 'than the TAU group (48%, 29/60)'; construct defined in Method, Outcomes, p. 77; denominator corroborated by Results, Participant flow, p. 78 (6-month missingness TAU 17.8%, n = 13, of 73 randomised)",,,,,,,none,,,,,20.5,,14,73,,,,,8,73,"Same construct, window and caveats as the IPS arm. PRINTED PERCENTAGE: the Results text prints '48%' against 29/60, which is 48.3%; the abstract prints '48.0%'. The counts are printed unambiguously and are used as they stand, so conflict_status stays none; the discrepancy is recorded in inconsistencies.md as a rounding artefact rather than a contradiction about the numerator or denominator. MODERATORS from Table 1, p. 78, on all 73 randomised. perc_post_secondary left blank: only highest year of school is reported."
clarke2023_cohort_t18m_paidany,clarke2023,eppic_ips_rct,cohort,complete_18m_followup_100,18,since_baseline,,,paid_any,Currently in paid work (Table 1 row label). Methods: 'Employment status was treated as a binary variable (i.e. employed and unemployed) at baseline and follow-up.',reported,point_prevalence,,37,100,,,146,100,outcome_observed,complete_case,"Table 1 'Participant demographics, clinical characteristics, and QoL', Employment status row 'Currently in paid work', Follow-up column (N = 100), p. 773; construct in Materials and methods, Measures, Functioning, pp. 771-772; analysis sample in Results, Sample characteristics, p. 772",,,,,,,none,,,,,20.80,,34,100,,,,,24,146,"WHOLE TRIAL-DERIVED COHORT, BUT NOT PRIMARY-POOL ELIGIBLE, for two independent reasons: the cohort is employment-selected (D9), and the experimental intervention was specifically intended to change employment, which fails the SAP section 2.1 trial-derived safeguard recorded on the arm row. Both are recorded so a reader can see which gate removed it. COUNT VERIFIED INTERNALLY: Table 1 prints 37 (37.00) in paid work and 63 (63.00) not in paid work of N = 100, and Table 4 (p. 775) prints the same total across the three QoL clusters, 13 of 31 + 18 of 48 + 6 of 21 = 37 of 100. CONSTRUCT: coded paid_any because the source's own label is 'currently in paid work' with no restriction on labour-market setting, wage floor or hours. The report gives no definition of the variable, and the parent trial's separate 6-month outcome does carry a minimum-wage floor; see unresolved_queries.md. This is a POINT-prevalence variable ('currently'), distinct from the parent trial's 6-month period measure, and the two are not comparable. DENOMINATOR: the 100 are those with complete 18-month follow-up data, from 145 analysed (146 randomised minus one with missing quality-of-life data). That is attrition and analytic completeness, not post-randomisation subgroup selection (D12.3c). n_assessed left BLANK: killackey2019 reports 102 participants with 18-month data (73 - 17 IPS and 73 - 27 TAU), but that count is from the sibling report and on a different completeness criterion, so it is not typed into this row. MODERATORS: mean_age, n_female and their denominator are the follow-up column of Table 1, i.e. the same 100. n_employed_baseline 24/146 is from killackey2019 Table 1, p. 78 and describes ALL randomised participants, not the 100; clarke2023's own baseline column prints the same 24 but heads the column N = 145 while computing 16.44% on 146 (see inconsistencies.md), so 146 is used as the denominator because it is the base the printed percentage reproduces. HORIZON: 18 months is assigned to t24m under D11.1 (exact tie to the longer horizon)."
harrow2017_sz_ap20y_t240m_vocact,harrow2017,chicago_followup,sz_ap20y,sz_on_antipsychotics_at_20y_36,240,since_baseline,,,vocational_activity,"Patients who during the last year were working half time or more (paid work) were viewed as working. This included working half-time or more for the full year, and working full time for half a year or more. Favorable scores for work were given to those taking care of children or other dependents (often, but not always, women). Patients who were responsible for the welfare of one or more children or other dependents (i.e., a relative needing a live-in caregiver) were scored as working. Patients who kept house only for themselves and/or a live-in partner were not scored as working. Additionally, students who attended school 1/2 time or more were scored as working.",reported,period_prevalence,12,9,36,,,,36,outcome_observed,complete_case,"Results 3.2, p. 270: 'Thus 9 of 36 patients with schizophrenia prescribed antipsychotics at the 20-year assessments were working (25%) as compared to 16 of the 22 schizophrenia patients not on antipsychotics (73%) (chi-square = 12.683, 1 df, p < .001)'; construct defined in Method 2.3, 'Assessment of work functioning', p. 269; 20-year follow-up denominator in Method, p. 268",,,,,,,none,,,,,,,,,,,,,,,"CONSTRUCT IS NOT PAID EMPLOYMENT. The score counts three different things as working: paid work at half-time or more, unpaid care of children or other dependents, and attendance at school half-time or more. Paid work below half-time is NOT counted. No paid-employment numerator can be recovered: the report never reports the components separately, so paid_any is bounded only by 0 <= paid_any <= 36 for this group and is not identified (D12.3 reasoning applied to a composite rather than to intensity bands). Coded vocational_activity because the vocabulary's paid_* values all require the numerator to be paid work and paid_or_education would drop the carers. NOT SUMMED ACROSS THE TWO MEDICATION GROUPS: 9 + 16 = 25 of 36 + 22 = 58 would reproduce the manifest's '25/58', and 58 does match the 58 of 70 schizophrenia patients followed at 20 years, but the paper never prints it, the two components sit on different arms and different denominators, and the derived-count rule requires components to share one denominator. MODERATORS: none of mean_age, sex or education is reported for these two subgroups; the sample-level figures (mean age 22.9 years at index, 60% of schizophrenia patients male, median 13 years of education) describe the whole 139 at index hospitalisation, not this subgroup at 20 years, so they are not recorded here. Supplemental Table 1, which gives the other sample characteristics, is cited but not present in the PDF. ARITHMETIC: 9/36 = 25.0%, which reproduces the printed 25% exactly. FOLLOW-UP BASIS: 240 months is elapsed time from the index hospitalisation ('followed up on 5 or 6 subsequent occasions over a 20 year period... at 2 years, 4.5 years, 7.5 years, 10 years, 15 years and 20 years post-index hospitalization', p. 268), so since_baseline, and the horizon is the 108-months-and-above band. ARM: medication status at the 20-year assessment, which is a naturalistic, non-randomised subgroup of the recruited cohort, not an allocated arm and not a separately recruited sample."
harrow2017_sz_noap20y_t240m_vocact,harrow2017,chicago_followup,sz_noap20y,sz_not_on_antipsychotics_at_20y_22,240,since_baseline,,,vocational_activity,"Patients who during the last year were working half time or more (paid work) were viewed as working. This included working half-time or more for the full year, and working full time for half a year or more. Favorable scores for work were given to those taking care of children or other dependents (often, but not always, women). Patients who were responsible for the welfare of one or more children or other dependents (i.e., a relative needing a live-in caregiver) were scored as working. Patients who kept house only for themselves and/or a live-in partner were not scored as working. Additionally, students who attended school 1/2 time or more were scored as working.",reported,period_prevalence,12,16,22,,,,22,outcome_observed,complete_case,"Results 3.2, p. 270: 'as compared to 16 of the 22 schizophrenia patients not on antipsychotics (73%)'; construct defined in Method 2.3, 'Assessment of work functioning', p. 269",,,,,,,none,,,,,,,,,,,,,,,"CONSTRUCT IS NOT PAID EMPLOYMENT. The score counts three different things as working: paid work at half-time or more, unpaid care of children or other dependents, and attendance at school half-time or more. Paid work below half-time is NOT counted. No paid-employment numerator can be recovered: the report never reports the components separately, so paid_any is bounded only by 0 <= paid_any <= 22 for this group and is not identified (D12.3 reasoning applied to a composite rather than to intensity bands). Coded vocational_activity because the vocabulary's paid_* values all require the numerator to be paid work and paid_or_education would drop the carers. NOT SUMMED ACROSS THE TWO MEDICATION GROUPS: 9 + 16 = 25 of 36 + 22 = 58 would reproduce the manifest's '25/58', and 58 does match the 58 of 70 schizophrenia patients followed at 20 years, but the paper never prints it, the two components sit on different arms and different denominators, and the derived-count rule requires components to share one denominator. MODERATORS: none of mean_age, sex or education is reported for these two subgroups; the sample-level figures (mean age 22.9 years at index, 60% of schizophrenia patients male, median 13 years of education) describe the whole 139 at index hospitalisation, not this subgroup at 20 years, so they are not recorded here. Supplemental Table 1, which gives the other sample characteristics, is cited but not present in the PDF. ARITHMETIC: 16/22 = 72.7%, printed as 73%. The two subgroup denominators sum to 58, which matches the 58 of the 70 schizophrenia patients followed up at 20 years stated on p. 268, so the two groups exhaust the 20-year sample."
khare2022b_cohort_t12m_paidany_c_empboth,khare2022b,pune_public,cohort,followup_completers_107,12,since_baseline,,,paid_any,"Of the 107 participants, 45 (42.1%) were employed at both baseline and follow-up. Current work status was coded as employed or not employed.",component_only,point_prevalence,,45,107,107,,150,107,outcome_observed,complete_case,"Results, 'Consistency and Change in Work Status and Benefits and Problems Related to Work', p. 239",,,,,,,none,,,,,,,,,,,,,,,"COMPONENT ONLY: one cell of the baseline-by-follow-up cross-classification (employed at both assessments). It has no independent analytical meaning as a prevalence and never enters any pool; it exists to make the derived 12-month paid_any count checkable. 45/107 = 42.06%, printed as 42.1%."
khare2022b_cohort_t12m_paidany_c_newemp,khare2022b,pune_public,cohort,followup_completers_107,12,since_baseline,,,paid_any,Of the 107 participants... 8 (7.5%) were not employed at baseline but were at follow-up. Current work status was coded as employed or not employed.,component_only,point_prevalence,,8,107,107,,150,107,outcome_observed,complete_case,"Results, 'Consistency and Change in Work Status and Benefits and Problems Related to Work', p. 239",,,,,,,none,,,,,,,,,,,,,,,"COMPONENT ONLY: the second cell of the baseline-by-follow-up cross-classification (employed at follow-up but not at baseline). 8/107 = 7.48%, printed as 7.5%."
khare2022b_cohort_t12m_paidany,khare2022b,pune_public,cohort,followup_completers_107,12,since_baseline,,,paid_any,"Current work status was coded as employed or not employed. For current job, information about job title, employer, job duties, hours worked per week, and monthly income were collected. Discussion, limitations: 'the focus of the study was on paid employment and did not explore other comparable areas of role functioning such as household work'.",derived,point_prevalence,,53,107,107,,150,107,outcome_observed,complete_case,"Results, p. 239 (the four cells of the baseline-by-follow-up table and the printed 49.5% at follow-up); construct in Method, Measures, 'Current Work Status, and Benefits and Problems Related to Work', p. 238 and Discussion, limitations, p. 245; denominators in Results, p. 239 and Figure 1, p. 239",khare2022b_cohort_t12m_paidany_c_empboth; khare2022b_cohort_t12m_paidany_c_newemp,"45 employed at both assessments + 8 employed at follow-up but not at baseline = 53 employed at the 1-year follow-up, of the 107 who completed it. The report prints all four cells of the baseline-by-follow-up cross-classification of the same 107 people: 45 (42.1%) employed at both, 52 (48.6%) employed at neither, 2 (1.9%) employed at baseline only, 8 (7.5%) employed at follow-up only; they sum to 107, so the classification is mutually exclusive and exhaustive on one denominator. The derived count reproduces the report's own printed follow-up rate: 53/107 = 49.53%, printed as '49.5% at follow-up'. The same table gives 45 + 2 = 47 employed at baseline, 47/107 = 43.93%, printed as 43.9% and confirmed by 'Of the 47 participants employed at baseline' on p. 240. This is a sum of printed integer cells, not a back-calculation from a percentage.",yes,yes,yes,claude-opus-5 (batch F04): sum and both printed percentages recomputed; INDEPENDENT HUMAN CHECK STILL OUTSTANDING (Stage G),none,,,,,,,36,107,,,,,47,107,"THE ONLY RESULT IN BATCH F04 THAT REACHES A LANDMARK HORIZON (12 months; interviews were 'conducted between 11 and 13 months following baseline', Method, Procedure, p. 238). ZERO SEPARABLE: the categories are employed and not employed, so zero paid work is a category of its own and is separable from every category containing positive paid work. CONSTRUCT: paid_any. Work status is a binary current-status variable with no wage floor, no hours threshold and no restriction on labour-market setting; monthly income and hours were collected for every employed participant, employer type is categorised as independent employer, family-run business or self-employed, and the paper states that its focus was paid employment. DENOMINATOR: 107 of the 150 enrolled completed the follow-up (71.3%); the 43 lost are itemised in Figure 1 (30 unable to contact, 7 psychiatric hospitalisation, 3 died, 2 declined, 1 missed appointment). Completers differed from non-completers on prior hospitalisation and duration of illness (Results, p. 239), which is recorded for the risk-of-bias assessment and the bounding analyses, not treated as subgroup selection (D12.3c). POPULATION GATE: cohort selection is `none` and the analysed denominator carries no employment restriction, so both D9 gates pass. The cohort will nevertheless be dropped from the primary pool by the diagnosis gate as implemented, because diagnosis_group is smi_mixed and no psychosis-only subgroup employment count is extractable, even though 90% of the sample is schizophrenia-schizoaffective. See unresolved_queries.md; this is a decision for the review team, not something to code around. MODERATORS: n_female 36 of the 107 followed up (Table 1, p. 240). n_employed_baseline 47 of the same 107, from the same cross-classification, NOT the '40%' quoted for all 150, which has no printed count. mean_age left blank: khare2022b prints no age for the 107 (Supplemental Table 1 is cited but not in the PDF); khare2022's mean age of 38.5 years is for its own 133-participant MoCA sample and is not typed here."
strassnig2017_s2017cohort_t240m_paidcomp,strassnig2017,suffolk_county,s2017_scz_bp_complete,s2017_complete_data_128,240,since_baseline,,,paid_competitive,"gainful employment (part or full time employment in compensated, non-supportive settings)",reported,point_prevalence,,,,,,128,128,,complete_case,"Results section 3, p. 182 ('In the entire sample, 32.9% were employed'); Table 1, p. 182, row 'Gainful employment'; outcome definition at section 2.2, pp. 181-182",,,,,,,unresolved,"Table 1 (p. 182) prints ""Gainful employment 60 (20.6%)"" for schizophrenia (n=80) and ""23 (53.4%)"" for bipolar disorder (n=48). 60/80 = 75.0% and 23/48 = 47.9%, so neither count reproduces its own percentage. The counts sum to 83 of 128 (64.8%) whereas the text (Results section 3, p. 182) states ""In the entire sample, 32.9% were employed""; 32.9% is instead what the two printed percentages give (0.206*80 + 0.534*48 = 42.1, and 42.1/128 = 32.9%). The Discussion (p. 183) adds ""66/80 of the SCZ patients were both unemployed and living dependently"", which leaves at most 14 schizophrenia participants employed or living independently and contradicts both readings. The analysed n is given as 122 in the Abstract and 128 in the Results. No numerator can be recovered without back-calculating from a percentage, so none was recorded. Unresolved; blocked from every synthesis.",,,,47.8,,,,,,,,,,"Reported only as a percentage of the whole analysed sample; the numerator is unrecoverable. reported_percentage_base = 128 is the sample the Results section names, but the Abstract names 122 for the same analysis, so even the base is contested. paid_any is NOT identified: the construct excludes work in 'non-supportive settings', so supported and sheltered paid work are outside the numerator and are not separable from the not-employed group. // Author contacted, no response."
strassnig2018_s2018scz_t240m_paidcomp,strassnig2018,suffolk_county,s2018_scz,s2018_scz_146,240,since_baseline,,,paid_competitive,gainful employment (defined as competitively obtained part- or full-time employment vs. not employed in a steady job or participating in supported employment),reported,point_prevalence,,36,146,,,146,,outcome_observed,complete_case,"Table 1, p. 12 of the author manuscript (Schizophr Res 2018;197:150-155), row 'Employed', schizophrenia column (n=146); outcome definition at Methods, 'Everyday Functioning', p. 4",,,,,,,unresolved,"ADJUDICATED 12 August 2026: reverted from resolved to unresolved. The extractor's reconstruction (Table 1's percentage column shifted one row, evidenced by the printed pair being byte-identical to strassnig2017's residence pair) is the candidate resolution and stands as the author query, but it is an inference, not an authority. The conflict_status vocabulary requires 'resolved' to record on whose authority, and no author reply or authorship-group ruling exists. D12.3d has no exception for a contradiction an extractor believes is adjudicable by arithmetic, and creating one after seeing the data is what the review's sequencing exists to prevent. ORIGINAL EXTRACTOR NOTE: Table 1 prints ""Employed  36 (27.8%)"" for schizophrenia (n=146) and ""46 (76.7%)"" for bipolar disorder (n=87). Neither percentage reproduces its count: 36/146 = 24.7% and 46/87 = 52.9%, and those two values are exactly the percentages printed one row above, on ""Residentially Independent"". The percentage column of the two functioning rows is therefore shifted by one row, and the pair printed against Employed (27.8%, 76.7%) is byte-identical to the pair printed against ""Residential independence"" in strassnig2017 Table 1, where it matches nothing either. Sex and race in the same table are internally consistent (88/146 = 60.3%, 105/146 = 71.9%), so the counts, not the counts-and-percentages jointly, are the reliable column. RESOLVED in favour of the counts 36/146 and 46/87 because they reproduce two printed percentages exactly and no alternative count is printed anywhere. Resolution rests on extractor arithmetic only; no author was contacted. A residual anomaly is unresolved and is logged separately: the printed chi-square statistics (39.6 for employment, 64.1 for residence) do not reproduce from these counts (19.0 and 38.5) or from any other reading.",,,,47.9,,58,146,,,,,,,"paid_any is NOT identified for this arm: the construct explicitly excludes anyone 'participating in supported employment', and supported and sheltered paid workers are pooled with the not-employed, so zero paid work is not separable. Bounds 36 <= paid_any <= 146. n_female = 146 - 88 male (Table 1) and is exact arithmetic on printed counts, not a back-calculation from a percentage. mean_age 47.9 is age at the 20-year assessment; baseline age is not printed. // Author contacted, no response."
strassnig2018_s2018bp_t240m_paidcomp,strassnig2018,suffolk_county,s2018_bp,s2018_bp_87,240,since_baseline,,,paid_competitive,gainful employment (defined as competitively obtained part- or full-time employment vs. not employed in a steady job or participating in supported employment),reported,point_prevalence,,46,87,,,87,,outcome_observed,complete_case,"Table 1, p. 12 of the author manuscript (Schizophr Res 2018;197:150-155), row 'Employed', bipolar disorder column (n=87); outcome definition at Methods, 'Everyday Functioning', p. 4",,,,,,,unresolved,"ADJUDICATED 12 August 2026: reverted from resolved to unresolved. The extractor's reconstruction (Table 1's percentage column shifted one row, evidenced by the printed pair being byte-identical to strassnig2017's residence pair) is the candidate resolution and stands as the author query, but it is an inference, not an authority. The conflict_status vocabulary requires 'resolved' to record on whose authority, and no author reply or authorship-group ruling exists. D12.3d has no exception for a contradiction an extractor believes is adjudicable by arithmetic, and creating one after seeing the data is what the review's sequencing exists to prevent. ORIGINAL EXTRACTOR NOTE: Table 1 prints ""Employed  36 (27.8%)"" for schizophrenia (n=146) and ""46 (76.7%)"" for bipolar disorder (n=87). Neither percentage reproduces its count: 36/146 = 24.7% and 46/87 = 52.9%, and those two values are exactly the percentages printed one row above, on ""Residentially Independent"". The percentage column of the two functioning rows is therefore shifted by one row, and the pair printed against Employed (27.8%, 76.7%) is byte-identical to the pair printed against ""Residential independence"" in strassnig2017 Table 1, where it matches nothing either. Sex and race in the same table are internally consistent (88/146 = 60.3%, 105/146 = 71.9%), so the counts, not the counts-and-percentages jointly, are the reliable column. RESOLVED in favour of the counts 36/146 and 46/87 because they reproduce two printed percentages exactly and no alternative count is printed anywhere. Resolution rests on extractor arithmetic only; no author was contacted. A residual anomaly is unresolved and is logged separately: the printed chi-square statistics (39.6 for employment, 64.1 for residence) do not reproduce from these counts (19.0 and 38.5) or from any other reading.",,,,47.6,,44,87,,,,,,,"Bipolar disorder with psychosis. paid_any is NOT identified for this arm on the same grounds as the schizophrenia arm; bounds 46 <= paid_any <= 87. n_female = 87 - 43 male (Table 1). mean_age 47.6 is age at the 20-year assessment. // Author contacted, no response."
andersen2024_fep_cohort_t9m_c_workonly,andersen2024,headspace_hep_fep_au,cohort,hep_fep_in_service,9,since_baseline,,,unclear,Working [category of 'Studying and working status'; NEET is defined as not being in full- or part-time education and not being in full- or part-time employment],component_only,point_prevalence,,177,751,843,,1574,,outcome_observed,complete_case,"Table 2, p. 880, 'Vocational engagement over time in treatment for individuals with FEP and at UHR status', FEP panel, 'Studying and working status'; construct definition at Methods, 'Vocational outcome measures', p. 877",,,,,,,none,,,,,19.8,,479,1473,,,,,400,1543,"Cross-classification cell: in employment and NOT in education. It has no independent analytical meaning on its own and never enters any pool; it exists to be summed into paid_any. The controlled vocabulary has no value for 'paid work without education', so outcome_construct carries the nearest value, paid_any; the verbatim and this note carry the truth. See unresolved_queries.md."
andersen2024_fep_cohort_t9m_c_workstudy,andersen2024,headspace_hep_fep_au,cohort,hep_fep_in_service,9,since_baseline,,,unclear,Studying and working [category of 'Studying and working status'],component_only,point_prevalence,,91,751,843,,1574,,outcome_observed,complete_case,"Table 2, p. 880, 'Vocational engagement over time in treatment for individuals with FEP and at UHR status', FEP panel, 'Studying and working status'; construct definition at Methods, 'Vocational outcome measures', p. 877",,,,,,,none,,,,,19.8,,479,1473,,,,,400,1543,Cross-classification cell: in employment AND in education. Component of paid_any and of paid_or_education; never enters any pool on its own.
andersen2024_fep_cohort_t9m_paidany,andersen2024,headspace_hep_fep_au,cohort,hep_fep_in_service,9,since_baseline,,,unclear,Young people report their current education and employment status at each assessment. NEET is defined as not being in full- or part-time education and not being in full- or part-time employment. [paid_any = the 'Working' and 'Studying and working' categories combined],derived,point_prevalence,,268,751,843,,1574,,outcome_observed,complete_case,"Table 2, p. 880, 'Vocational engagement over time in treatment for individuals with FEP and at UHR status', FEP panel, 'Studying and working status'; construct definition at Methods, 'Vocational outcome measures', p. 877",andersen2024_fep_cohort_t9m_c_workonly;andersen2024_fep_cohort_t9m_c_workstudy,"Table 2 (p. 880) classifies every FEP participant with an observed status at 9 months into exactly one of four categories: NEET 309, Working 177, Studying 174, Studying and working 91, summing to 751, which equals the printed n minus the printed Missing. paid_any = Working + Studying and working = 177 + 91 = 268 of 751.",yes,yes,yes,"not_yet_checked: recomputed in this pass by extractor claude-opus-5 against Table 2, p. 880; an independent human check is a Stage G task",none,,,,,19.8,,479,1473,,,,,400,1543,"Zero paid work IS separable: 'NEET' and 'Studying' are both defined by absence of full- or part-time employment, and neither pools a positive amount of paid work with none, so D12.3 permits the derivation. The source says 'employment' without stating that it must be remunerated; paid_any is the nearest construct and the caveat is flagged in unresolved_queries.md."
andersen2024_fep_cohort_t9m_educonly,andersen2024,headspace_hep_fep_au,cohort,hep_fep_in_service,9,since_baseline,,,education_only,Studying [category of 'Studying and working status'; separable from 'Studying and working'],reported,point_prevalence,,174,751,843,,1574,,outcome_observed,complete_case,"Table 2, p. 880, 'Vocational engagement over time in treatment for individuals with FEP and at UHR status', FEP panel, 'Studying and working status'; construct definition at Methods, 'Vocational outcome measures', p. 877",,,,,,,none,,,,,19.8,,479,1473,,,,,400,1543,In full- or part-time education and not in employment. Separable because 'Studying and working' is a distinct printed category.
andersen2024_fep_cohort_t9m_paideduc,andersen2024,headspace_hep_fep_au,cohort,hep_fep_in_service,9,since_baseline,,,paid_or_education,Young people report their current education and employment status at each assessment. NEET is defined as not being in full- or part-time education and not being in full- or part-time employment. [the extracted result is the complement of NEET: in education or in employment or both],derived,point_prevalence,,442,751,843,,1574,,outcome_observed,complete_case,"Table 2, p. 880, 'Vocational engagement over time in treatment for individuals with FEP and at UHR status', FEP panel, 'Studying and working status'; construct definition at Methods, 'Vocational outcome measures', p. 877",andersen2024_fep_cohort_t9m_c_workonly;andersen2024_fep_cohort_t9m_c_workstudy;andersen2024_fep_cohort_t9m_educonly,"Complement of the printed NEET count on the same denominator: 751 observed minus 309 NEET = 442. Equivalently Working 177 + Studying 174 + Studying and working 91 = 442 (Table 2, p. 880).",yes,yes,,"not_yet_checked: recomputed in this pass by extractor claude-opus-5 against Table 2, p. 880; an independent human check is a Stage G task",none,,,,,19.8,,479,1473,,,,,400,1543,"Coded paid_or_education rather than paid_or_education_or_training because the source's own operational definition names only education and employment, even though the label it uses is NEET. D12.1 cites NEET as the exemplar of the three-way composite, so the label and the definition point to different values; the definition was followed and the mismatch is logged in inconsistencies.md for adjudication."
andersen2024_fep_cohort_t12m_c_workonly,andersen2024,headspace_hep_fep_au,cohort,hep_fep_in_service,12,since_baseline,,,unclear,Working [category of 'Studying and working status'; NEET is defined as not being in full- or part-time education and not being in full- or part-time employment],component_only,point_prevalence,,143,578,643,,1574,,outcome_observed,complete_case,"Table 2, p. 880, 'Vocational engagement over time in treatment for individuals with FEP and at UHR status', FEP panel, 'Studying and working status'; construct definition at Methods, 'Vocational outcome measures', p. 877",,,,,,,none,,,,,19.8,,479,1473,,,,,400,1543,"Cross-classification cell: in employment and NOT in education. It has no independent analytical meaning on its own and never enters any pool; it exists to be summed into paid_any. The controlled vocabulary has no value for 'paid work without education', so outcome_construct carries the nearest value, paid_any; the verbatim and this note carry the truth. See unresolved_queries.md."
andersen2024_fep_cohort_t12m_c_workstudy,andersen2024,headspace_hep_fep_au,cohort,hep_fep_in_service,12,since_baseline,,,unclear,Studying and working [category of 'Studying and working status'],component_only,point_prevalence,,62,578,643,,1574,,outcome_observed,complete_case,"Table 2, p. 880, 'Vocational engagement over time in treatment for individuals with FEP and at UHR status', FEP panel, 'Studying and working status'; construct definition at Methods, 'Vocational outcome measures', p. 877",,,,,,,none,,,,,19.8,,479,1473,,,,,400,1543,Cross-classification cell: in employment AND in education. Component of paid_any and of paid_or_education; never enters any pool on its own.
andersen2024_fep_cohort_t12m_paidany,andersen2024,headspace_hep_fep_au,cohort,hep_fep_in_service,12,since_baseline,,,unclear,Young people report their current education and employment status at each assessment. NEET is defined as not being in full- or part-time education and not being in full- or part-time employment. [paid_any = the 'Working' and 'Studying and working' categories combined],derived,point_prevalence,,205,578,643,,1574,,outcome_observed,complete_case,"Table 2, p. 880, 'Vocational engagement over time in treatment for individuals with FEP and at UHR status', FEP panel, 'Studying and working status'; construct definition at Methods, 'Vocational outcome measures', p. 877",andersen2024_fep_cohort_t12m_c_workonly;andersen2024_fep_cohort_t12m_c_workstudy,"Table 2 (p. 880) classifies every FEP participant with an observed status at 12 months into exactly one of four categories: NEET 246, Working 143, Studying 127, Studying and working 62, summing to 578, which equals the printed n minus the printed Missing. paid_any = Working + Studying and working = 143 + 62 = 205 of 578.",yes,yes,yes,"not_yet_checked: recomputed in this pass by extractor claude-opus-5 against Table 2, p. 880; an independent human check is a Stage G task",none,,,,,19.8,,479,1473,,,,,400,1543,"Zero paid work IS separable: 'NEET' and 'Studying' are both defined by absence of full- or part-time employment, and neither pools a positive amount of paid work with none, so D12.3 permits the derivation. The source says 'employment' without stating that it must be remunerated; paid_any is the nearest construct and the caveat is flagged in unresolved_queries.md."
andersen2024_fep_cohort_t12m_educonly,andersen2024,headspace_hep_fep_au,cohort,hep_fep_in_service,12,since_baseline,,,education_only,Studying [category of 'Studying and working status'; separable from 'Studying and working'],reported,point_prevalence,,127,578,643,,1574,,outcome_observed,complete_case,"Table 2, p. 880, 'Vocational engagement over time in treatment for individuals with FEP and at UHR status', FEP panel, 'Studying and working status'; construct definition at Methods, 'Vocational outcome measures', p. 877",,,,,,,none,,,,,19.8,,479,1473,,,,,400,1543,In full- or part-time education and not in employment. Separable because 'Studying and working' is a distinct printed category.
andersen2024_fep_cohort_t12m_paideduc,andersen2024,headspace_hep_fep_au,cohort,hep_fep_in_service,12,since_baseline,,,paid_or_education,Young people report their current education and employment status at each assessment. NEET is defined as not being in full- or part-time education and not being in full- or part-time employment. [the extracted result is the complement of NEET: in education or in employment or both],derived,point_prevalence,,332,578,643,,1574,,outcome_observed,complete_case,"Table 2, p. 880, 'Vocational engagement over time in treatment for individuals with FEP and at UHR status', FEP panel, 'Studying and working status'; construct definition at Methods, 'Vocational outcome measures', p. 877",andersen2024_fep_cohort_t12m_c_workonly;andersen2024_fep_cohort_t12m_c_workstudy;andersen2024_fep_cohort_t12m_educonly,"Complement of the printed NEET count on the same denominator: 578 observed minus 246 NEET = 332. Equivalently Working 143 + Studying 127 + Studying and working 62 = 332 (Table 2, p. 880).",yes,yes,,"not_yet_checked: recomputed in this pass by extractor claude-opus-5 against Table 2, p. 880; an independent human check is a Stage G task",none,,,,,19.8,,479,1473,,,,,400,1543,"Coded paid_or_education rather than paid_or_education_or_training because the source's own operational definition names only education and employment, even though the label it uses is NEET. D12.1 cites NEET as the exemplar of the three-way composite, so the label and the definition point to different values; the definition was followed and the mismatch is logged in inconsistencies.md for adjudication."
andersen2026_cohort_fu_paidcomp,andersen2026,dk_eop_pooled,cohort,dk_eop_205,139,calendar_end_common,,,paid_competitive,"Employment status was based on register-data on main source of income during last year of follow-up. In descriptive analyses, employment status was grouped into social benefits (unemployed/in supported employment), education, and competitive employment. [extracted category: 'In competitive employment']",reported,period_prevalence,12,49,198,,201,205,,outcome_observed,register_complete,"Table 2, p. 52, 'Primary source of income at follow-up', EOP column (n=198); construct definition at Methods section 2.3 Outcome measures, p. 49",,,,,,,none,,,,,15.8,,142,205,,,,,,,"paid_any is NOT identified. The register variable classifies people 'in supported employment' together with the unemployed under 'social benefits', so zero paid work is not separable from positive paid work and D12.3 forbids deriving paid_any. Bounds 49 <= paid_any <= 155 of 198. Ascertainment is period prevalence over the last year of follow-up ('main source of income during last year of follow-up'), not point prevalence. followup_basis is 'unclear' rather than 'since_baseline' as a deliberate block. The measurement is taken at a single calendar census date (31 December 2021), so elapsed follow-up runs from 4.5 to 23.5 years and the 139 months recorded here is a cohort MEAN spanning the 5-year and the 10-year-plus landmark bands. Coding it 'since_baseline' would place the cohort in the 108+ band on the strength of an average, which is the error D12.3b exists to prevent; the vocabulary has no value for 'mean elapsed follow-up to a fixed calendar date', so the horizon-blocking value was chosen and the gap is logged in unresolved_queries.md. The mean is itself contested: Results section 3.2 (p. 51) says 11.1 years, Table 2 (p. 52) says 11.6; 11.6 was used. Mean age at follow-up was 27.4 years (range 18 to 41)."
andersen2026_cohort_fu_paideduc,andersen2026,dk_eop_pooled,cohort,dk_eop_205,139,calendar_end_common,,,paid_or_education,Employment status was for this analysis constructed as a binary variable on being in competitive employment/education versus receiving social benefits (unemployed/in supported employment).,reported,period_prevalence,12,92,198,,201,205,,outcome_observed,register_complete,"Table 3, p. 53, column headings 'Not in competitive employment/education (n = 106)' and 'In competitive employment/education (n = 92)'; equals 43 in education + 49 in competitive employment in Table 2, p. 52",,,,,,,none,,,,,15.8,,142,205,,,,,,,"The paid component of this composite is competitive employment ONLY: supported employment sits in the comparison group. Coded paid_or_education because the source names no training component. The Discussion (p. 52) states the same figure as '46% were in competitive employment or education', and 92/198 = 46.5%. followup_basis is 'unclear' rather than 'since_baseline' as a deliberate block. The measurement is taken at a single calendar census date (31 December 2021), so elapsed follow-up runs from 4.5 to 23.5 years and the 139 months recorded here is a cohort MEAN spanning the 5-year and the 10-year-plus landmark bands. Coding it 'since_baseline' would place the cohort in the 108+ band on the strength of an average, which is the error D12.3b exists to prevent; the vocabulary has no value for 'mean elapsed follow-up to a fixed calendar date', so the horizon-blocking value was chosen and the gap is logged in unresolved_queries.md. The mean is itself contested: Results section 3.2 (p. 51) says 11.1 years, Table 2 (p. 52) says 11.6; 11.6 was used. Mean age at follow-up was 27.4 years (range 18 to 41)."
andersen2026_cohort_fu_educonly,andersen2026,dk_eop_pooled,cohort,dk_eop_205,139,calendar_end_common,,,education_only,"Employment status was based on register-data on main source of income during last year of follow-up. In descriptive analyses, employment status was grouped into social benefits (unemployed/in supported employment), education, and competitive employment. [extracted category: 'In education']",reported,period_prevalence,12,43,198,,201,205,,outcome_observed,register_complete,"Table 2, p. 52, 'Primary source of income at follow-up', EOP column (n=198)",,,,,,,none,,,,,15.8,,142,205,,,,,,,"Education as the main source of income, and therefore not in competitive employment. Someone in education who also held supported employment would be classified by main income source, which the report does not break down. followup_basis is 'unclear' rather than 'since_baseline' as a deliberate block. The measurement is taken at a single calendar census date (31 December 2021), so elapsed follow-up runs from 4.5 to 23.5 years and the 139 months recorded here is a cohort MEAN spanning the 5-year and the 10-year-plus landmark bands. Coding it 'since_baseline' would place the cohort in the 108+ band on the strength of an average, which is the error D12.3b exists to prevent; the vocabulary has no value for 'mean elapsed follow-up to a fixed calendar date', so the horizon-blocking value was chosen and the gap is logged in unresolved_queries.md. The mean is itself contested: Results section 3.2 (p. 51) says 11.1 years, Table 2 (p. 52) says 11.6; 11.6 was used. Mean age at follow-up was 27.4 years (range 18 to 41)."
baltazar2022_cohort_t348m_paidcomp,baltazar2022,iusmm_montreal,cohort,caps_observed_43,348,calendar_end_common,,,paid_competitive,"At T4 (27 to 31 years after first admission), 29 patients had no occupation, six held jobs on the regular market, and eight were receiving occupational therapy. Regarding the 29 patients who held no occupation, all were under 65 years of age (average age of 52.6). Data were missing for 65 patients (64 were out of CAPS and one had no occupational information in his chart).",reported,point_prevalence,,6,43,44,108,142,,outcome_observed,complete_case,"Results, Social outcomes, p. 1321 (text); category set and denominator corroborated in Fig. 1 'Occupational outcomes at different time points', p. 1321, whose legend is Dead / Missing-Out CASP / No occupation / Occupational therapy / Supervised / Normal",,,,,,,none,,,,,28.1,,41,142,,59,125,,,,"Jobs on the regular market are open-labour-market work, so paid_competitive. Denominator: 43 of the 108 alive at T4 had occupational status recorded (29 no occupation + 6 regular-market job + 8 occupational therapy = 43); 65 were missing (64 outside the catchment-area service, 1 with no occupational entry in the chart), and 44 of the alive were in catchment-area service so 44 charts were available. n_female is the exact complement of the printed 'Male (101/142)', not a back-calculation from a percentage. perc_employed_baseline is deliberately BLANK: the baseline 'Normal' proportion exists only as a segment of a stacked bar in Fig. 1, and reading a count off a graphical percentage is back-calculation. The abstract's 'From 15 to 25% might have been employed (supported or competitive employment)', the Results' 'a maximum of 28 patients (26%) were potentially employed' and the Discussion's '14.8% to 25.9% of the living cohort might have been employed' are all extrapolations from medication-insurance coverage, not observed employment; the manifest note directs that they not be used and they are not extracted. Follow-up runs from each individual's first admission (1983-1987) to one common end date (2014), so elapsed follow-up is 27 to 31 years; 348 months is the midpoint of that printed range and is NOT a reported mean. followup_basis = calendar_end_common bars the result from every landmark horizon (D12.8)."
baltazar2022_cohort_t348m_paidany,baltazar2022,iusmm_montreal,cohort,caps_observed_43,348,calendar_end_common,,,paid_any,"At T4 (27 to 31 years after first admission), 29 patients had no occupation, six held jobs on the regular market, and eight were receiving occupational therapy. Regarding the 29 patients who held no occupation, all were under 65 years of age (average age of 52.6). Data were missing for 65 patients (64 were out of CAPS and one had no occupational information in his chart). | Fig. 1 legend: 'Dead / Missing-Out CASP / No occupation / Occupational therapy / Supervised / Normal'. | Abstract: 'From 15 to 25% might have been employed (supported or competitive employment).'",derived,point_prevalence,,6,43,44,108,142,,outcome_observed,complete_case,"Results, Social outcomes, p. 1321 (text); category set and denominator corroborated in Fig. 1 'Occupational outcomes at different time points', p. 1321, whose legend is Dead / Missing-Out CASP / No occupation / Occupational therapy / Supervised / Normal",baltazar2022_cohort_t348m_paidcomp,"The 43 patients with observed occupational status at T4 partition exactly into the three printed categories: no occupation (29) + jobs on the regular market (6) + occupational therapy (8) = 43. Fig. 1's category set additionally contains 'Supervised' (supervised or supported employment), which must be zero at T4 because the three printed categories already exhaust the 43 observed; the same arithmetic holds on the figure's own base of 142 (6 + 0 + 8 + 29 + 65 missing + 34 dead = 142). The authors' own definition of employment is 'supported or competitive employment' (Abstract), so occupational therapy is a therapeutic activity rather than employment and no remuneration or employment relationship is established for it (SAP 3.1). paid_any = regular market (6) + supervised (0) = 6 of 43. This is a single-category identification, not a sum of two printed counts, and the component named is the paid_competitive row on the same denominator.",yes,yes,yes,unchecked_pending_stage_g,none,,,,,28.1,,41,142,,59,125,,,,"derivation_zero_separable = yes because 'no occupation' (29) is a clean zero-work category, separable from every category containing positive paid work, which is what D12.3 requires and what rautio2016's '<25%' band lacked. WARNING: checked_by records that the arithmetic has NOT yet been independently checked. A single automated extractor produced both the component and the derived row, so the codebook's independent-check requirement is unmet and is raised in unresolved_queries.md rather than asserted. Denominator: 43 of the 108 alive at T4 had occupational status recorded (29 no occupation + 6 regular-market job + 8 occupational therapy = 43); 65 were missing (64 outside the catchment-area service, 1 with no occupational entry in the chart), and 44 of the alive were in catchment-area service so 44 charts were available. n_female is the exact complement of the printed 'Male (101/142)', not a back-calculation from a percentage. perc_employed_baseline is deliberately BLANK: the baseline 'Normal' proportion exists only as a segment of a stacked bar in Fig. 1, and reading a count off a graphical percentage is back-calculation. The abstract's 'From 15 to 25% might have been employed (supported or competitive employment)', the Results' 'a maximum of 28 patients (26%) were potentially employed' and the Discussion's '14.8% to 25.9% of the living cohort might have been employed' are all extrapolations from medication-insurance coverage, not observed employment; the manifest note directs that they not be used and they are not extracted. Follow-up runs from each individual's first admission (1983-1987) to one common end date (2014), so elapsed follow-up is 27 to 31 years; 348 months is the midpoint of that printed range and is NOT a reported mean. followup_basis = calendar_end_common bars the result from every landmark horizon (D12.8)."
bell2018_cg_t12m_paidcomp,bell2018,va_ct_vr,cg,,12,since_baseline,,,paid_competitive,"Conditions did not differ by competitive employment rate at 12-month follow-up (VR + CG = 9/38, VR + CR = 9/36; X2(1) = 0.02, p = 0.89).",reported,point_prevalence,,9,,30,,38,38,,not_stated,"Results, Employment Outcome, p. 4 (text); denominators cross-checked against Table 2 'Employment Outcomes', Competitive Hours 12 row, p. 3 and Table 3 'Ever Employed' row, p. 4",,,,,,,unresolved,"The denominator of this result is contradicted within the report. The text gives the VR+CG 12-month competitive employment rate as 9/38, where 38 is the number randomised to VR+CG (Table 1, 'Total Baseline Participants 38'). Table 2 gives N = 30 for the VR+CG 'Competitive Hours 12' variable and Table 3 gives VR+CG 'Ever Employed' as 10 of 30, so 30 participants had 12-month vocational data. Retention at 12 months is separately reported as 71% for VR+CG, which is 27 of 38, and Table 3's 12-month QLS column gives N = 27 for VR+CG. The comparator arm is denominated on 36 in the text, in Table 2 and in Table 3 alike, so the two arms of the same printed chi-square sit on different kinds of denominator: one on randomised n, one on observed n. CANDIDATE RESOLUTION, recorded as the extractor's reconstruction and NOT as an authority under prompt rule 14: the observed denominator is 30 (vocational programme records), 27 is the number completing the 12-month interview, and the text's 38 is the randomised n used inadvertently for this arm alone. n_outcome_observed is left blank and the result is blocked until an author reply settles it.",,,,52.87,,5,38,,,,,,,"Competitive employment only, so NOT paid_any: the vocational programmes also supplied paid non-competitive placements ('Incentive Work Therapy (an in-house work placement that pays half minimum wage and has reduced expectations)' and 'Compensated Work Therapy (paid work placements through contracts)'), so the number in any paid work at 12 months is strictly larger than the competitive count. No count in any paid work is printed and none is derivable, because Table 2 reports only means, SDs and ranges of hours and earnings rather than counts of people. Baseline employment is left BLANK because the report contradicts itself: 'All participants were unemployed, though a few were earning money through informal work' (Methods, Participants, p. 6) against '24 (31%) had just begun working in Incentive Therapy; ... 6 (8%) had begun working in Compensated Work Therapy at the VA, and 2 (2.6%) were working casual jobs a few hours a week' (Results, Sample Characteristics, p. 2). n_assessed = 30 is the number with 12-month vocational data in Tables 2 and 3; n_outcome_observed is blank because the report contradicts itself about it."
bell2018_cr_t12m_paidcomp,bell2018,va_ct_vr,cr,,12,since_baseline,,,paid_competitive,"Conditions did not differ by competitive employment rate at 12-month follow-up (VR + CG = 9/38, VR + CR = 9/36; X2(1) = 0.02, p = 0.89).",reported,point_prevalence,,9,36,,,39,36,outcome_observed,not_stated,"Results, Employment Outcome, p. 4 (text); denominators cross-checked against Table 2 'Employment Outcomes', Competitive Hours 12 row, p. 3 and Table 3 'Ever Employed' row, p. 4",,,,,,,none,,,,,49.54,,3,39,,,,,,,"The VR+CR denominator of 36 is consistent across the text, Table 2 ('Competitive Hours 12', N = 36) and Table 3 ('Ever Employed ... 11 of 36 participants'), so this row is not blocked, unlike its VR+CG counterpart. It is nevertheless one arm of a comparison whose other arm is denominated differently, and the printed chi-square rests on that mismatch. 36 of the 39 randomised had 12-month vocational data, while only 29 completed the 12-month interview (Table 3 QLS column), which is consistent with vocational data coming from programme records rather than from interviews. Competitive employment only, so NOT paid_any: the vocational programmes also supplied paid non-competitive placements ('Incentive Work Therapy (an in-house work placement that pays half minimum wage and has reduced expectations)' and 'Compensated Work Therapy (paid work placements through contracts)'), so the number in any paid work at 12 months is strictly larger than the competitive count. No count in any paid work is printed and none is derivable, because Table 2 reports only means, SDs and ranges of hours and earnings rather than counts of people. Baseline employment is left BLANK because the report contradicts itself: 'All participants were unemployed, though a few were earning money through informal work' (Methods, Participants, p. 6) against '24 (31%) had just begun working in Incentive Therapy; ... 6 (8%) had begun working in Compensated Work Therapy at the VA, and 2 (2.6%) were working casual jobs a few hours a week' (Results, Sample Characteristics, p. 2)."
bell2018_cg_t12m_everemployed,bell2018,va_ct_vr,cg,,12,since_baseline,,,unclear,Ever Employed: VR + CR: 11 of 36 participants (30.6%) VR + CG: 10 of 30 participants (33.3%) | footnote b: 'Participants who obtained Employment anytime during the study.',reported,any_time_during_followup,12,10,30,,,38,,outcome_observed,not_stated,"Table 3 'Descriptive Statistics for Quality of Life (QLS scale), Neurocognitive, and Employment Outcomes by Treatment Condition', Ever Employed row and footnote b, p. 4",,,,,,,none,,,,,52.87,,5,38,,,,,,,"Coded `unclear` rather than paid_competitive or paid_any and its wording preserved: the row is labelled only 'Ever Employed' and 'obtained Employment anytime during the study', and the report nowhere states whether the paid non-competitive placements (Incentive Work Therapy, Compensated Work Therapy) count towards it, while Table 2 elsewhere carefully separates 'Competitive' from 'Productive' hours. Cumulative attainment across the 12-month study period, not a prevalence at 12 months, so it is excluded from both the point-prevalence and the period-prevalence syntheses. A related figure, '41.2% of participants receiving Supported Employment (SE) attained employment over 12 months compared with 16.7% of those in transitional employment' (p. 5), is a post-randomisation subgroup split printed as percentages with no counts and is NOT extracted; back-calculating it is forbidden."
bell2018_cr_t12m_everemployed,bell2018,va_ct_vr,cr,,12,since_baseline,,,unclear,Ever Employed: VR + CR: 11 of 36 participants (30.6%) VR + CG: 10 of 30 participants (33.3%) | footnote b: 'Participants who obtained Employment anytime during the study.',reported,any_time_during_followup,12,11,36,,,39,,outcome_observed,not_stated,"Table 3 'Descriptive Statistics for Quality of Life (QLS scale), Neurocognitive, and Employment Outcomes by Treatment Condition', Ever Employed row and footnote b, p. 4",,,,,,,none,,,,,49.54,,3,39,,,,,,,"Coded `unclear` rather than paid_competitive or paid_any and its wording preserved: the row is labelled only 'Ever Employed' and 'obtained Employment anytime during the study', and the report nowhere states whether the paid non-competitive placements (Incentive Work Therapy, Compensated Work Therapy) count towards it, while Table 2 elsewhere carefully separates 'Competitive' from 'Productive' hours. Cumulative attainment across the 12-month study period, not a prevalence at 12 months, so it is excluded from both the point-prevalence and the period-prevalence syntheses. A related figure, '41.2% of participants receiving Supported Employment (SE) attained employment over 12 months compared with 16.7% of those in transitional employment' (p. 5), is a post-randomisation subgroup split printed as percentages with no counts and is NOT extracted; back-calculating it is forbidden."
bhullar2018_cohort_t120m_paidany,bhullar2018,pepp_ontario_1997,cohort,,120,since_baseline,,,paid_any,"Employment status | Employed 35 (53.8) | Unemployed 30 (46.2) [Table 2, 'Sociodemographic and clinical characteristics of the sample (n = 65) at 10-year follow-up'] | 'over half of participants were employed (54%). None of the participants identified student, homemaker, or retired as their employment status.'",reported,point_prevalence,,35,65,68,131,132,,outcome_observed,complete_case,"Table 2, Employment status rows, p. 175; corroborated in Results, Sample, p. 175 ('over half of participants were employed (54%)')",,,,,,,none,,,,,38.8,,16,65,,34,65,,,,"Coded paid_any rather than `unclear` because the report's own employment-status categorisation separates employment from the non-employment statuses that could otherwise contaminate it: 'None of the participants identified student, homemaker, or retired as their employment status.' The report does not say whether any of the 35 jobs were sheltered or supported, which does not matter for paid_any, since paid_any covers competitive and paid sheltered work alike. This is a different measure from the same paper's 'occupational activity', which combines work with school and is extracted separately as bhullar2018_cohort_t120m_paidoredu. Denominators: 132 enrolled in the long-term follow-up study, 1 died, 68 participated at 10 years, 3 of those were excluded for missing one of the two outcome variables (2 missing the recovery score, 1 missing occupational activity), leaving 65 analysed. n_alive_eligible = 131 is 132 minus the single death shown in Fig. 1. Eligibility required that 'at least 10 years had elapsed since receiving initial treatment for FEP', so every participant is at or beyond 120 months and the assignment to the 108-months-and-above horizon holds under any distribution; the report gives neither the mean nor the maximum elapsed follow-up, which is recorded as a limitation rather than as a basis problem. mean_age 38.8 is age AT the 10-year follow-up, not at baseline, and n_post_secondary is education at the 10-year follow-up; baseline age and baseline education are not reported. perc_employed_baseline is blank because no baseline employment measure is reported."
bhullar2018_cohort_t120m_paidoredu,bhullar2018,pepp_ontario_1997,cohort,,120,since_baseline,,,paid_or_education,"Occupational activity was defined as engagement in work and/or school on a full-time or part-time basis in the past year. This was assessed at 10-year follow-up using items from the Life Chart Schedule (LCS). We dichotomized weeks of occupational activity because of its bimodal distribution using the median as the cut-point. Therefore, participants were engaged in occupational activity for either 52 weeks of the past year or for less than 52 weeks of the past year. | 'At 10-year follow-up, 33 participants were engaged in occupational activity for less than 52 weeks of the past year and 32 had been in part/full-time employment throughout the year.'",reported,period_prevalence,12,32,65,68,131,132,,outcome_observed,complete_case,"Methods, Occupational activity (objective recovery), p. 173; count in Results, Analysis: objective and subjective recovery, pp. 175-176",,,,,,,none,,,,,38.8,,16,65,,34,65,,,,"Two independent reasons this is not the primary construct. (i) The construct combines paid work with school, so it is paid_or_education; training is not named, so it is not paid_or_education_or_training. (ii) The printed count is THRESHOLD-DEFINED: 32 were occupationally active for all 52 weeks of the past year, and the residual category is '<52 weeks', which pools people with no occupational activity at all with people active for 1 to 51 weeks. The number engaged in ANY occupational activity in the past year is therefore bounded only by 32 <= x <= 65 and is not identified - the same failure mode D12.3 records for rautio2016's '<25.0%' band. No numerator for the unthresholded composite is recorded and none may be derived. Ascertainment is period prevalence over the past year, not point prevalence. Denominators: 132 enrolled in the long-term follow-up study, 1 died, 68 participated at 10 years, 3 of those were excluded for missing one of the two outcome variables (2 missing the recovery score, 1 missing occupational activity), leaving 65 analysed. n_alive_eligible = 131 is 132 minus the single death shown in Fig. 1. Eligibility required that 'at least 10 years had elapsed since receiving initial treatment for FEP', so every participant is at or beyond 120 months and the assignment to the 108-months-and-above horizon holds under any distribution; the report gives neither the mean nor the maximum elapsed follow-up, which is recorded as a limitation rather than as a basis problem. mean_age 38.8 is age AT the 10-year follow-up, not at baseline, and n_post_secondary is education at the 10-year follow-up; baseline age and baseline education are not reported. perc_employed_baseline is blank because no baseline employment measure is reported."
blackman2025_cohort_t103m_paidany,blackman2025,nimh_ctnb,cohort,recontacted_124,103,calendar_end_common,,,paid_any,"Paid work of any kind and amount was considered as being employed. | 'Employed - Follow-up Visit n = 56 (45.2 %)' [Table 1, Demographics, All participants column] | 'The binary employment outcome variable (any or no work within the last year) was designed to be robust to the limitations of retrospective self-report'",reported,period_prevalence,12,56,124,129,,,124,outcome_observed,complete_case,"Table 1 'Demographics', 'Employed - Follow-up Visit' row, p. 2; construct definition Methods 2.1 Participants, p. 2; ascertainment window Discussion, p. 5",,,,,,,none,,,,,32.5,,39,124,,,,,36,124,"The count IS printed, contrary to the triage note: Table 1 gives n = 56 (45.2 %), and the employment-change cross-classification in the same table corroborates it exactly (Unemployed:Employed 29 + Employed:Employed 27 = 56 employed at follow-up; Employed:Unemployed 9 + Employed:Employed 27 = 36 employed at the initial visit, matching the printed 36; the four change categories sum to 124). No back-calculation from 45.2% was needed or used. The construct wording is the cleanest paid_any definition in this batch: 'Paid work of any kind and amount', which excludes nothing paid and includes nothing unpaid. ASCERTAINMENT is period prevalence over the preceding year: the Methods call the outcome 'employment status', which alone would read as point prevalence, but the Discussion defines it as 'any or no work within the last year'; the more specific statement is taken. n_assessed = 129 is the sum of the three printed interviewed groups (124 analysed + 4 retired + 1 with undeterminable status); it is exact addition of printed integers, not a figure the paper prints. n_outcome_observed = 124 is a genuine observation denominator, not merely a reporting base: 'From the interviews of these 124 individuals, we obtained functional outcome information (e.g., whether employed or not)'. FOLLOW-UP: the recontact interval is 8.6 +/- 4.0 years, range 2-19 years, measured from each participant's own initial visit to a single later recontact campaign, so elapsed follow-up varies across the cohort and the printed figure is its mean. 103 months is 8.6 years rounded from 103.2; that mean spans the 24-month, 5-year and 10-year-plus bands at once, which is exactly the D12.8 failure mode, so followup_basis = calendar_end_common bars the result from every landmark horizon. `unclear` was not used because the report is perfectly clear about what it measured. The analysed denominator is employment-restricted (4 retirees removed); that is recorded at arm level as analysis_selection_status = selected."
bonnesen2026_cohort_t36m_paidoredu,bonnesen2026,cross_tracks_dk,cohort,alive_3y_2577,36,since_baseline,,,paid_or_education,"Employment was defined as periods with recorded labor market contribution or receiving benefits related to flexible job schemes. Educational enrollment was defined as periods during which individuals received a state educational grant, provided to all students enrolled in an education program. Employment and education were combined into a single outcome category and assessed at three and five years after the initial psychotic disorder diagnosis. | 'At the 3-year follow-up, 505 individuals (19.6%) were employed or enrolled in education'",reported,point_prevalence,,505,2577,,2577,2598,2577,outcome_observed,register_complete,"Results, 'Attachment to employment or education at 3- and 5-year follow-up', pp. 3-4; Table 2 header (n = 2577) and Total row (505 (19.6)), p. 6; flow chart Fig. 1",,,,,,,none,,,,,,,1049,2598,,,,,,,"n_outcome_observed equals n_alive_eligible because 'Analyses at the 3-year and 5-year follow-up were conducted among individuals alive at the respective time points' and register ascertainment is complete for those alive at 3 years. CAVEAT recorded rather than acted on: Table 2's civil status rows sum to 502 against the printed total of 505, and their implied denominators sum to about 2,560 against 2,577, whereas the other nine covariate partitions in the same table each sum to exactly 505 and the text prints 505 independently. The shortfall is therefore consistent with roughly 17 individuals having missing civil-status data, of whom 3 were attached, rather than with a contradiction about the numerator, so conflict_status is `none`. A checker who reads it as the hansen2024 pattern should set conflict_status = unresolved; the case for and against is written out in inconsistencies.md. Composite of paid employment and education, so NOT paid_any; training is not named anywhere in the outcome definition, so paid_or_education rather than paid_or_education_or_training. The employment component includes Danish flexible job schemes (fleksjob), which are paid, so it is not competitive-only either. No paid-only numerator is separable from the composite. Ascertainment is coded point_prevalence because the outcome is the status at a fixed timepoint ('assessed at three and five years after the initial psychotic disorder diagnosis'; 'outcome status could not be determined at that fixed time point'), although the underlying DREAM data are weekly benefit spells; the register-study trap of reading a tax-year period as a point does not arise here. missing_data_method = register_complete: DREAM covers the whole population by the same process. perc_employed_baseline is deliberately BLANK: the baseline measure is the SAME employment-or-education composite ('Baseline employment status was categorized in the same way as the outcome variable'; 564 of 2,598, 21.7%), so entering it as a baseline PAID-employment moderator would repeat at the moderator level the very substitution D6 forbids at the outcome level. mean_age is blank because only age bands (18-21, 22-25, 26-35) are printed. n_female = 1,049 on the Table 1 base of 2,598, which is the base the printed 40.4% uses, but note that Table 1's sex counts sum to 2,597 rather than 2,598 while every other Table 1 partition sums to 2,598 exactly (see inconsistencies.md)."
bonnesen2026_cohort_t60m_paidoredu,bonnesen2026,cross_tracks_dk,cohort,alive_5y_2493,60,since_baseline,,,paid_or_education,"Employment was defined as periods with recorded labor market contribution or receiving benefits related to flexible job schemes. Educational enrollment was defined as periods during which individuals received a state educational grant, provided to all students enrolled in an education program. Employment and education were combined into a single outcome category and assessed at three and five years after the initial psychotic disorder diagnosis. | '539 individuals (21.6%) were employed or enrolled in education at the 5-year follow-up'",reported,point_prevalence,,539,2493,,2561,2598,2493,outcome_observed,complete_case,"Results, 'Attachment to employment or education at 3- and 5-year follow-up', pp. 3-4; Table 3 header (n = 2,493) and Total row (539 (21.6)), p. 7; flow chart Fig. 1",,,,,,,none,,,,,,,1049,2598,,,,,,,"All ten covariate partitions in Table 3 sum to exactly 539, and the text prints the same figure, so this row carries none of the arithmetic doubt attaching to the 3-year row. n_alive_eligible = 2,561 is 2,577 alive at 3 years minus the 16 who died between 3 and 5 years, both printed; it is not printed as such, and Fig. 1 labels its final box 'Alive at 5-year follow-up, n=2,493' even though 68 of the 84 removed at that step were removed for missing 5-year data rather than death, so 2,493 is alive AND observed, not alive. missing_data_method is complete_case rather than register_complete at this timepoint because 68 individuals were excluded for a systematic calendar reason: 'Due to data limitations in the DREAM database, which only contains records up to November 2022, some individuals lacked complete data at the 5-year follow-up.' Composite of paid employment and education, so NOT paid_any; training is not named anywhere in the outcome definition, so paid_or_education rather than paid_or_education_or_training. The employment component includes Danish flexible job schemes (fleksjob), which are paid, so it is not competitive-only either. No paid-only numerator is separable from the composite. Ascertainment is coded point_prevalence because the outcome is the status at a fixed timepoint ('assessed at three and five years after the initial psychotic disorder diagnosis'; 'outcome status could not be determined at that fixed time point'), although the underlying DREAM data are weekly benefit spells; the register-study trap of reading a tax-year period as a point does not arise here. missing_data_method = register_complete: DREAM covers the whole population by the same process. perc_employed_baseline is deliberately BLANK: the baseline measure is the SAME employment-or-education composite ('Baseline employment status was categorized in the same way as the outcome variable'; 564 of 2,598, 21.7%), so entering it as a baseline PAID-employment moderator would repeat at the moderator level the very substitution D6 forbids at the outcome level. mean_age is blank because only age bands (18-21, 22-25, 26-35) are printed. n_female = 1,049 on the Table 1 base of 2,598, which is the base the printed 40.4% uses, but note that Table 1's sex counts sum to 2,597 rather than 2,598 while every other Table 1 partition sums to 2,598 exactly (see inconsistencies.md)."
conus2017_cohort_t18m_vocact,conus2017,eppic_melbourne_1998,cohort,mvsi_571,18,unclear,,,vocational_activity,"On the MVSI, 44.7% (n = 255, N = 571) were engaged in meaningful employment. | Definition: 'occupational/vocational status as measured by the MVSI [i.e., paid or unpaid full- or part-time employment, being an active student in school or university, or head of household with employed partner (homemaker), or full- or part-time volunteer]' | Limitation: 'functional recovery was broadly defined, including for example, part time unpaid job or living with friends. This definition may be considered over inclusive ... the definition of a fulfilling life does not forcibly include paid job.'",reported,point_prevalence,,255,571,,,661,571,outcome_observed,complete_case,"Results, 'Remission and recovery rates', p. 1092; construct definition Methods, 'Outcome definitions', p. 1091; endpoint definition Methods, 'Baseline and outcome characteristics', p. 1091",,,,,,,none,,,,,22.0,,226,661,,,,,,,"CONSTRUCT: neither paid_any nor paid_or_education. The MVSI composite explicitly counts unpaid employment, students, homemakers and volunteers alongside paid work, which the authors themselves flag as over-inclusive, so it is vocational_activity, the broadest value in the vocabulary. No paid-only numerator is separable and none may be derived. FOLLOW-UP BASIS: coded `unclear`, and the reason is not poor reporting. The endpoint is not a fixed elapsed time: outcome was rated 'at the time of discharge (either at the end of 18 months of treatment or on the basis of the last file-entry if patients moved out of catchment area, disengaged or had died)', and 'length of time in service varied from less than 1 week to 208 weeks', mean 63.3 weeks (SD 34.2), i.e. 14.6 months. The printed '18 months' is a maximum treatment duration, not an elapsed follow-up common to the cohort, and 18 months would otherwise be assigned to the 24-month band under D11.1. `calendar_end_common` was NOT used because there is no shared calendar end date: each participant is followed to their own discharge or last file entry. This is a third form of the D12.3b / D12.8 failure that the vocabulary does not yet name; a candidate new value is proposed in unresolved_queries.md. ASCERTAINMENT: point_prevalence, i.e. status at the endpoint rating, but the window is not established at endpoint - the 4-week qualifier ('having a job (full-time or part-time) or being a student at school or university for at least the previous 4 weeks') is stated only for the ENTRY rating and is not restated for the endpoint rating. DENOMINATORS: the MVSI measure has its own N of 571; the MLCI has 558 and the combined functional recovery 556, so the three functional measures sit on three different denominators and none may be borrowed for another. n_female = 226 is the exact complement of the printed 'Sex (% Male) 65.8 (435)' on 661. perc_employed_baseline is BLANK: 48.0% (n = 316) had 'employment/occupation' at entry, but the entry rating uses a NARROWER MVSI definition than the endpoint rating, and Table 1's percentages are 'based on non-missing observations' whose count is not printed, so the denominator is unrecoverable. The report's other functional figures (MLCI 463/558 living independently; functional recovery 246/556) are not employment constructs and are not extracted."
cook2016_cohort_cal2000_2012_paidany,cook2016,eidp_usa,cohort,ssa_matched_449,,calendar_end_common,,,paid_any,"labor force participation, which was defined as having any reported earnings from work [Table 2 row label: 'Any earnings during follow-up']",reported,any_time_during_followup,156,148,449,,,449,449,outcome_observed,register_complete,"Table 2, p. 1010 ('Any earnings during follow-up 148 32.9'); construct defined in Measurements, p. 1009",,,,,,,none,,,,,38.4,,215,449,,,,,,,"followup_basis = calendar_end_common (D12.8). The outcome window is the fixed calendar period 2000-2012, common to everyone, while participants entered EIDP at different dates between 1996 and 1998, so elapsed time from cohort entry differs across the sample and no single elapsed follow-up exists; followup_months is therefore left blank rather than filled with the 156-month window length. Barred from every landmark horizon. 24.5% of the sample died and were right-censored on program exit (Statistical Analysis, p. 1009), so exposure to the 13-year window is not uniform. The authors also warn that earnings data are incomplete for 2010-2012 because of lags in processing work reviews and for beneficiaries who left the rolls (Discussion, p. 1012-1013). Table 2 is internally consistent: 148/449 = 32.9%, and the arm counts 83 + 65 = 148. n_female DERIVED as 449 minus the printed 'Male 234 (52.1%)' in Table 1, p. 1009, which assumes a binary sex indicator with no missing values; the report prints no female row. perc_post_secondary left blank because Table 1 prints 'Less than high school education 123 (27.4%)', which is not post-secondary education. perc_employed_baseline left blank: everyone was required to be unemployed at entry (except at one site) and the nearest printed figure, 64% having worked in the 5 years before baseline, is a different construct."
cook2016_se_cal2000_2012_paidany,cook2016,eidp_usa,se,ssa_matched_449,,calendar_end_common,,,paid_any,"labor force participation, which was defined as having any reported earnings from work [Table 2 row label: 'Any earnings during follow-up']",reported,any_time_during_followup,156,83,234,,,234,234,outcome_observed,register_complete,"Table 2, p. 1010; construct defined in Measurements, p. 1009",,,,,,,none,,odds_ratio_any_earnings_supported_employment_vs_control_random_effects_logistic,2.89,,38.1,,108,234,,,,,,,"followup_basis = calendar_end_common (D12.8). The outcome window is the fixed calendar period 2000-2012, common to everyone, while participants entered EIDP at different dates between 1996 and 1998, so elapsed time from cohort entry differs across the sample and no single elapsed follow-up exists; followup_months is therefore left blank rather than filled with the 156-month window length. Barred from every landmark horizon. 24.5% of the sample died and were right-censored on program exit (Statistical Analysis, p. 1009), so exposure to the 13-year window is not uniform. The authors also warn that earnings data are incomplete for 2010-2012 because of lags in processing work reviews and for beneficiaries who left the rolls (Discussion, p. 1012-1013). Allocated arm of the randomised trial, not a whole cohort. n_female DERIVED as 234 minus the printed male count 126 (Table 1, p. 1009). n_entered is the number of this arm reaching the long-term follow-up sample, not the number originally randomised to it in EIDP, which this report does not give. Adjusted effect recorded from Table 3, p. 1011: odds ratio 2.89, p = 0.022, from a random-effects logistic model of up to 156 monthly observations adjusted for time, age, race/ethnicity, gender, education, schizophrenia diagnosis, substance abuse history and region. No standard error or confidence interval is printed, so adjusted_se is blank; it is not derived from the p value."
cook2016_control_cal2000_2012_paidany,cook2016,eidp_usa,control,ssa_matched_449,,calendar_end_common,,,paid_any,"labor force participation, which was defined as having any reported earnings from work [Table 2 row label: 'Any earnings during follow-up']",reported,any_time_during_followup,156,65,215,,,215,215,outcome_observed,register_complete,"Table 2, p. 1010; construct defined in Measurements, p. 1009",,,,,,,none,,,,,38.7,,107,215,,,,,,,"followup_basis = calendar_end_common (D12.8). The outcome window is the fixed calendar period 2000-2012, common to everyone, while participants entered EIDP at different dates between 1996 and 1998, so elapsed time from cohort entry differs across the sample and no single elapsed follow-up exists; followup_months is therefore left blank rather than filled with the 156-month window length. Barred from every landmark horizon. 24.5% of the sample died and were right-censored on program exit (Statistical Analysis, p. 1009), so exposure to the 13-year window is not uniform. The authors also warn that earnings data are incomplete for 2010-2012 because of lags in processing work reviews and for beneficiaries who left the rolls (Discussion, p. 1012-1013). Allocated arm of the randomised trial, not a whole cohort. n_female DERIVED as 215 minus the printed male count 108 (Table 1, p. 1009). n_entered is the number of this arm reaching the long-term follow-up sample, not the number originally randomised to it in EIDP, which this report does not give."
cook2016_se_t24m_paidany,cook2016,eidp_usa,se,ssa_matched_449,24,since_baseline,,,paid_any,"they were generally more likely to have worked at all (72% compared with 63%; x2=3.74, p=0.053) [during the 2-year EIDP study]",reported,any_time_during_followup,24,,,,,234,234,unclear,not_stated,"Results, first paragraph, p. 1009",,,,,,,none,,,,,,,,,,,,,,,"NUMERATOR NOT RECOVERABLE. The report prints only 72% for this arm during the 24-month EIDP study, with no count. 0.72 x 234 and 0.63 x 215 are not computed: a count back-calculated from a rounded percentage is wrong and would be treated as exact. reported_percentage_base = 234 is the arm size in Table 1, p. 1009, which the text's 'long-term follow-up subjects who had received supported employment' and 'participants in the control condition' identify; the report does not print the base itself, so n_outcome_observed stays blank."
cook2016_se_t24m_paidcomp,cook2016,eidp_usa,se,ssa_matched_449,24,since_baseline,,,paid_competitive,"long-term follow-up subjects who had received supported employment had significantly better outcomes than participants in the control condition in terms of achieving competitive employment (56% compared with 36%; x2=17.57, p<0.001)",reported,any_time_during_followup,24,,,,,234,234,unclear,not_stated,"Results, first paragraph, p. 1009",,,,,,,none,,,,,,,,,,,,,,,"NUMERATOR NOT RECOVERABLE. Only 56% is printed for this arm, with no count. Not back-calculated. Competitive employment is a subtype and must not substitute for paid_any; the paid_any row for the same arm and timepoint is recorded separately. reported_percentage_base = 234 as for the paid_any row."
cook2016_control_t24m_paidany,cook2016,eidp_usa,control,ssa_matched_449,24,since_baseline,,,paid_any,"they were generally more likely to have worked at all (72% compared with 63%; x2=3.74, p=0.053) [during the 2-year EIDP study]",reported,any_time_during_followup,24,,,,,215,215,unclear,not_stated,"Results, first paragraph, p. 1009",,,,,,,none,,,,,,,,,,,,,,,"NUMERATOR NOT RECOVERABLE. The report prints only 63% for this arm during the 24-month EIDP study, with no count. 0.72 x 234 and 0.63 x 215 are not computed: a count back-calculated from a rounded percentage is wrong and would be treated as exact. reported_percentage_base = 215 is the arm size in Table 1, p. 1009, which the text's 'long-term follow-up subjects who had received supported employment' and 'participants in the control condition' identify; the report does not print the base itself, so n_outcome_observed stays blank."
cook2016_control_t24m_paidcomp,cook2016,eidp_usa,control,ssa_matched_449,24,since_baseline,,,paid_competitive,"long-term follow-up subjects who had received supported employment had significantly better outcomes than participants in the control condition in terms of achieving competitive employment (56% compared with 36%; x2=17.57, p<0.001)",reported,any_time_during_followup,24,,,,,215,215,unclear,not_stated,"Results, first paragraph, p. 1009",,,,,,,none,,,,,,,,,,,,,,,"NUMERATOR NOT RECOVERABLE. Only 36% is printed for this arm, with no count. Not back-calculated. Competitive employment is a subtype and must not substitute for paid_any; the paid_any row for the same arm and timepoint is recorded separately. reported_percentage_base = 215 as for the paid_any row."
detore2019_ips_t24m_paidcomp,detore2019,hartford_ips_rct,ips,ips_allocated_68,24,since_baseline,,,paid_competitive,"A total of 68 participants were assigned to the IPS program, of whom of 51 (75%) obtained competitive work in the study, which comprised the sample for the present paper",reported,any_time_during_followup,24,51,68,,,68,68,outcome_observed,not_stated,"Method 2.1 Participants, p. 313",,,,,,,none,,,,,,,20,51,,,,,,,"The only extractable employment result in this report. It is cumulative attainment of competitive work over the 2-year study for the whole allocated IPS arm, not a point prevalence: 51 of 68 obtained a competitive job at some point. 51/68 = 75.0% exactly, matching the printed 75%. This is an allocated trial arm of a cohort that is `selected` on employment (unemployed and interested in competitive employment), so it belongs to the intervention-effect family only; the clubhouse and standard vocational arms are not reported here, so no within-study contrast can be formed from this report alone. Work was tracked weekly through participant interviews, employment specialist logs and collateral informants (Method 2.3.3, p. 314). mean_age is left blank on purpose: Table 1's characteristics (age 37.60, SD 8.37) describe only the 51 who obtained work, not the 68 allocated, and the field carries no denominator to record that in. n_female = 20 is recorded because n_female_denominator = 51 states its own base. perc_post_secondary blank: Table 1 gives high school completion (29, 56.9%), not post-secondary education."
domenicano2025_cohort_t12m_unclear,domenicano2025,eis_ferrara,cohort,fu12_139,12,since_baseline,,,unclear,"Employment status, N (%): Employed (yes) [Table 1 and Table 2 row label; the report nowhere defines what counted as employed, and the same tables carry separate Student (yes) and NEET (yes) rows]",reported,point_prevalence,,49,139,,139,174,139,outcome_observed,complete_case,"Table 2, p. 7 (12 months follow up, Employment status, Employed (yes) 49 (35.3))",,,,,,,none,,,,,24.3,,37,139,,23,170,,63,174,"outcome_construct = unclear, not paid_any: the report gives no definition of 'employed' anywhere, so remuneration and labour-market setting are not established. This matches the treatment of the same construct shape in dayabandara2026. This cell is internally consistent (49/139 = 35.3%; men 35/102 = 34.3%, women 14/37 = 37.8%, 35 + 14 = 49), so conflict_status = none even though other cells of Table 2 are not. The three printed employment-status rows do not sum to the stated N at any timepoint: 55 + 63 + 59 = 177 against 174 at baseline, 25 + 49 + 35 = 109 against 139 at 12 months, and 16 + 47 + 22 = 85 against 101 at 24 months. They are therefore neither mutually exclusive nor exhaustive as printed, and the report never says whether the gap is people in training (who are neither student, employed nor NEET by the acronym's own definition) or missing data. n_outcome_observed is nevertheless recorded because each row is a yes/no indicator on the stated N and the chi-squared test the authors report by sex is only computable if every participant has a value; the alternative reading, that status was unrecorded for some, is flagged in unresolved_queries.md. mean_age 24.3 (SD 4.3) is age at program admission for all 174 (Table 1, p. 5), a wider base than this result's 139. n_post_secondary = 17 short-cycle degrees + 6 master's degrees = 23, over 170 with education recorded (174 minus 4 'Unknown'); upper secondary school is not post-secondary. n_employed_baseline 63 of 174 from Table 1, p. 5."
domenicano2025_cohort_t24m_unclear,domenicano2025,eis_ferrara,cohort,fu24_101,24,since_baseline,,,unclear,"Employment status, N (%): Employed (yes) [Table 1 and Table 2 row label; the report nowhere defines what counted as employed, and the same tables carry separate Student (yes) and NEET (yes) rows]",reported,point_prevalence,,47,101,,101,174,101,outcome_observed,complete_case,"Table 2, p. 7 (24 months follow up, Employment status, Employed (yes) 47 (46.5))",,,,,,,unresolved,"UNRESOLVED: the 24-month denominator is contradicted three ways. Results 3.2, p. 4 states 'A total of 139 (102 M, 79.1%) and 104 individuals (78 M, 76.5%) were eligible, respectively for the 12 and 24 month follow up'; Figure 1, p. 4 and Table 2, p. 7 both give 101 (76 M, 25 F); and Figure 1's own subtraction from 139 (102 M, 37 F) of discharged n = 23 (15M, 8F) and dropped out n = 14 (11M, 3F) gives 102 (76 M, 26 F). The 12-month figures match exactly across the same three places, so 104 is not a different quantity such as 'eligible' against 'assessed'. Every percentage in Table 2's 24-month columns is computed on 101 (47/101 = 46.5%, 33/76 = 43.4%, 14/25 = 56.0%), so 101 is the base the authors used, but the report cannot be reconciled with itself. Candidate resolution, recorded but NOT applied because it is my own reconstruction and not an authority (prompt rule 14): 102 is arithmetically right and 101 and 104 are both errors. Blocked from every synthesis pending an author reply.",,,,24.3,,25,101,,23,170,,63,174,"outcome_construct = unclear for the reason given on the 12-month row. Within Table 2 the 24-month cells are consistent (33 + 14 = 47; 47/101 = 46.5%), and the triage figure of 47/101 is what the table prints; the contradiction is in the denominator, not the numerator. The three printed employment-status rows do not sum to the stated N at any timepoint: 55 + 63 + 59 = 177 against 174 at baseline, 25 + 49 + 35 = 109 against 139 at 12 months, and 16 + 47 + 22 = 85 against 101 at 24 months. They are therefore neither mutually exclusive nor exhaustive as printed, and the report never says whether the gap is people in training (who are neither student, employed nor NEET by the acronym's own definition) or missing data. n_outcome_observed is nevertheless recorded because each row is a yes/no indicator on the stated N and the chi-squared test the authors report by sex is only computable if every participant has a value; the alternative reading, that status was unrecorded for some, is flagged in unresolved_queries.md."
domenicano2025_cohort_t12m_eet,domenicano2025,eis_ferrara,cohort,fu12_139,12,since_baseline,,,paid_or_education_or_training,"Being NEET (Not in Education, Employment or Training) at 12 and 24 months after FEP program admission was also used to assess patients' outcomes [complement recorded]",derived,point_prevalence,,104,139,,139,174,139,outcome_observed,complete_case,"Table 2, p. 7 (12 months, NEET (yes) 35 (25.2)); construct defined in Methods 2.3, p. 3",,"139 minus the printed NEET total of 35; the source prints NEET, not its complement",,,,,unresolved,"UNRESOLVED: Table 2's 12-month NEET row does not sum. The total is 35 (25.2% of 139) and the female cell is 10 (27.0% of 37), which requires 25 men, and 25/102 = 24.5% is exactly the percentage printed in the male cell; but the male count printed is 50. 50 + 10 = 60 against a printed total of 35. The subgroups and the total cannot both be right, and this total is the numerator of the derived EET count. Candidate resolution, recorded but NOT applied (prompt rule 14): 50 is a typesetting error for 25, since 25 is required independently by the total and by the cell's own percentage. Blocked from every synthesis pending an author reply.",,,,24.3,,37,139,,23,170,,63,174,"DERIVED by complement: 139 - 35 = 104. Coded paid_or_education_or_training because NEET names all three components; this never enters the primary pool and is not a substitute for paid_any. The three printed employment-status rows do not sum to the stated N at any timepoint: 55 + 63 + 59 = 177 against 174 at baseline, 25 + 49 + 35 = 109 against 139 at 12 months, and 16 + 47 + 22 = 85 against 101 at 24 months. They are therefore neither mutually exclusive nor exhaustive as printed, and the report never says whether the gap is people in training (who are neither student, employed nor NEET by the acronym's own definition) or missing data. n_outcome_observed is nevertheless recorded because each row is a yes/no indicator on the stated N and the chi-squared test the authors report by sex is only computable if every participant has a value; the alternative reading, that status was unrecorded for some, is flagged in unresolved_queries.md."
domenicano2025_cohort_t24m_eet,domenicano2025,eis_ferrara,cohort,fu24_101,24,since_baseline,,,paid_or_education_or_training,"Being NEET (Not in Education, Employment or Training) at 12 and 24 months after FEP program admission was also used to assess patients' outcomes [complement recorded]",derived,point_prevalence,,79,101,,101,174,101,outcome_observed,complete_case,"Table 2, p. 7 (24 months, NEET (yes) 22 (21.8)); construct defined in Methods 2.3, p. 3",,"101 minus the printed NEET total of 22; the source prints NEET, not its complement",,,,,unresolved,"UNRESOLVED: same denominator contradiction as the 24-month employment row. Results 3.2, p. 4 gives 104 (78 M) eligible at 24 months; Figure 1, p. 4 and Table 2, p. 7 give 101 (76 M, 25 F); Figure 1's own subtraction gives 102 (76 M, 26 F). The derived complement moves with whichever denominator is correct, so both the numerator and the denominator of this row are in doubt. Blocked from every synthesis pending an author reply.",,,,24.3,,25,101,,23,170,,63,174,"DERIVED by complement: 101 - 22 = 79. The 24-month NEET cells themselves are consistent (20 + 2 = 22; 22/101 = 21.8%; 20/76 = 26.3%; 2/25 = 8.0%). The three printed employment-status rows do not sum to the stated N at any timepoint: 55 + 63 + 59 = 177 against 174 at baseline, 25 + 49 + 35 = 109 against 139 at 12 months, and 16 + 47 + 22 = 85 against 101 at 24 months. They are therefore neither mutually exclusive nor exhaustive as printed, and the report never says whether the gap is people in training (who are neither student, employed nor NEET by the acronym's own definition) or missing data. n_outcome_observed is nevertheless recorded because each row is a yes/no indicator on the stated N and the chi-squared test the authors report by sex is only computable if every participant has a value; the alternative reading, that status was unrecorded for some, is flagged in unresolved_queries.md."
drake2015_szsud_t12m_paidcomp,drake2015,ct_dual_diagnosis,sz_sud,interviewed_year1_133,12,since_baseline,,,paid_competitive,"competitive employment: worked in an integrated work setting that paid at least minimum wage and was contracted to the individual directly rather than to a program or mental health agency, for at least 1 day in the past 6 months [Table 3 row label: 'Competitive job past y (yes)']",reported,period_prevalence,12,23,,133,,150,,unclear,complete_case,"Table 3, Functional status, 'Competitive job past y (yes)', 1 Year column, p. 207",,,,,,,unresolved,"UNRESOLVED: no cell of the Table 3 'Competitive job past y (yes)' row is consistent with the column N printed above it. Baseline 20/150 = 13.3% against a printed 14%; year 1 23/133 = 17.3% against 16%; year 2 17/129 = 13.2% against 12%; year 3 22/131 = 16.8% against 16%; year 4 15/72 = 20.8% against 16%; year 5 20/70 = 28.6% against 23%; year 6 20/85 = 23.5% against 20%; year 7 27/90 = 30.0% against 28%. The printed percentages are the ones the abstract and discussion quote ('competitive employment (14%-28%)'), so the authors' own denominators differ from the column Ns and are nowhere printed; at years 4 to 7 the implied denominators (about 94, 87, 100 and 96) even exceed the number said to have been interviewed that year. Recovering a denominator would mean dividing a count by a rounded percentage, which is barred. The count and its own percentage cannot both sit on the printed N, so the result is blocked from every synthesis pending an author reply. A second contradiction affects the same row: the Measures section on p. 204 defines competitive employment as at least one day in the past 6 months, while the Table 3 row on p. 207 is labelled 'past y', so the ascertainment window is either 6 or 12 months and the report does not settle which.",,,,36.7,,37,150,,,,,,,"DENOMINATOR NOT RECOVERABLE. n_assessed is the column N printed in Table 3, the number interviewed that year; n_outcome_observed and reported_percentage_base are left blank because the printed percentage cannot be reproduced from the count over that N (see conflict_note). n_entered = 150 is the schizophrenia-spectrum subgroup analysed here; 198 entered the parent trial. This is a diagnostic subgroup of a randomised trial whose two case-management arms were merged, so arm_type is subgroup and it is not a whole recruited cohort. ascertainment_window_months = 12 is recorded from the label of the Table 3 row the count comes from, 'Competitive job past y (yes)', and Table 3 elsewhere distinguishes 'past y' from 'past 6 mo' deliberately (the substance-use rows are labelled 'past 6 mo'). It is CONTRADICTED by the Measures section on p. 204, which defines the competitive-employment recovery benchmark as 'worked ... for at least 1 day in the past 6 months'. Six months and twelve months are different estimands; the contradiction is recorded in conflict_note and in inconsistencies.md and the value must not be used without checking it. mean_age 36.7 (SD 7.6, range 20-59) and n_female DERIVED as 150 minus the printed 'Sex (male) 113 75%', both from Table 1, p. 205, for the whole 150; the derivation assumes a binary sex indicator with no missing values. perc_post_secondary blank: Table 1 prints 'Education (completed high school or higher) 73 48%', which is not post-secondary education. perc_employed_baseline blank: the baseline competitive-employment cell carries the same denominator defect as every other cell of its row."
drake2015_szsud_t24m_paidcomp,drake2015,ct_dual_diagnosis,sz_sud,interviewed_year2_129,24,since_baseline,,,paid_competitive,"competitive employment: worked in an integrated work setting that paid at least minimum wage and was contracted to the individual directly rather than to a program or mental health agency, for at least 1 day in the past 6 months [Table 3 row label: 'Competitive job past y (yes)']",reported,period_prevalence,12,17,,129,,150,,unclear,complete_case,"Table 3, Functional status, 'Competitive job past y (yes)', 2 Year column, p. 207",,,,,,,unresolved,"UNRESOLVED: no cell of the Table 3 'Competitive job past y (yes)' row is consistent with the column N printed above it. Baseline 20/150 = 13.3% against a printed 14%; year 1 23/133 = 17.3% against 16%; year 2 17/129 = 13.2% against 12%; year 3 22/131 = 16.8% against 16%; year 4 15/72 = 20.8% against 16%; year 5 20/70 = 28.6% against 23%; year 6 20/85 = 23.5% against 20%; year 7 27/90 = 30.0% against 28%. The printed percentages are the ones the abstract and discussion quote ('competitive employment (14%-28%)'), so the authors' own denominators differ from the column Ns and are nowhere printed; at years 4 to 7 the implied denominators (about 94, 87, 100 and 96) even exceed the number said to have been interviewed that year. Recovering a denominator would mean dividing a count by a rounded percentage, which is barred. The count and its own percentage cannot both sit on the printed N, so the result is blocked from every synthesis pending an author reply. A second contradiction affects the same row: the Measures section on p. 204 defines competitive employment as at least one day in the past 6 months, while the Table 3 row on p. 207 is labelled 'past y', so the ascertainment window is either 6 or 12 months and the report does not settle which.",,,,36.7,,37,150,,,,,,,"DENOMINATOR NOT RECOVERABLE. n_assessed is the column N printed in Table 3, the number interviewed that year; n_outcome_observed and reported_percentage_base are left blank because the printed percentage cannot be reproduced from the count over that N (see conflict_note). n_entered = 150 is the schizophrenia-spectrum subgroup analysed here; 198 entered the parent trial. This is a diagnostic subgroup of a randomised trial whose two case-management arms were merged, so arm_type is subgroup and it is not a whole recruited cohort. ascertainment_window_months = 12 is recorded from the label of the Table 3 row the count comes from, 'Competitive job past y (yes)', and Table 3 elsewhere distinguishes 'past y' from 'past 6 mo' deliberately (the substance-use rows are labelled 'past 6 mo'). It is CONTRADICTED by the Measures section on p. 204, which defines the competitive-employment recovery benchmark as 'worked ... for at least 1 day in the past 6 months'. Six months and twelve months are different estimands; the contradiction is recorded in conflict_note and in inconsistencies.md and the value must not be used without checking it. mean_age 36.7 (SD 7.6, range 20-59) and n_female DERIVED as 150 minus the printed 'Sex (male) 113 75%', both from Table 1, p. 205, for the whole 150; the derivation assumes a binary sex indicator with no missing values. perc_post_secondary blank: Table 1 prints 'Education (completed high school or higher) 73 48%', which is not post-secondary education. perc_employed_baseline blank: the baseline competitive-employment cell carries the same denominator defect as every other cell of its row."
drake2015_szsud_t36m_paidcomp,drake2015,ct_dual_diagnosis,sz_sud,interviewed_year3_131,36,since_baseline,,,paid_competitive,"competitive employment: worked in an integrated work setting that paid at least minimum wage and was contracted to the individual directly rather than to a program or mental health agency, for at least 1 day in the past 6 months [Table 3 row label: 'Competitive job past y (yes)']",reported,period_prevalence,12,22,,131,,150,,unclear,complete_case,"Table 3, Functional status, 'Competitive job past y (yes)', 3 Year column, p. 207",,,,,,,unresolved,"UNRESOLVED: no cell of the Table 3 'Competitive job past y (yes)' row is consistent with the column N printed above it. Baseline 20/150 = 13.3% against a printed 14%; year 1 23/133 = 17.3% against 16%; year 2 17/129 = 13.2% against 12%; year 3 22/131 = 16.8% against 16%; year 4 15/72 = 20.8% against 16%; year 5 20/70 = 28.6% against 23%; year 6 20/85 = 23.5% against 20%; year 7 27/90 = 30.0% against 28%. The printed percentages are the ones the abstract and discussion quote ('competitive employment (14%-28%)'), so the authors' own denominators differ from the column Ns and are nowhere printed; at years 4 to 7 the implied denominators (about 94, 87, 100 and 96) even exceed the number said to have been interviewed that year. Recovering a denominator would mean dividing a count by a rounded percentage, which is barred. The count and its own percentage cannot both sit on the printed N, so the result is blocked from every synthesis pending an author reply. A second contradiction affects the same row: the Measures section on p. 204 defines competitive employment as at least one day in the past 6 months, while the Table 3 row on p. 207 is labelled 'past y', so the ascertainment window is either 6 or 12 months and the report does not settle which.",,,,36.7,,37,150,,,,,,,"DENOMINATOR NOT RECOVERABLE. n_assessed is the column N printed in Table 3, the number interviewed that year; n_outcome_observed and reported_percentage_base are left blank because the printed percentage cannot be reproduced from the count over that N (see conflict_note). n_entered = 150 is the schizophrenia-spectrum subgroup analysed here; 198 entered the parent trial. This is a diagnostic subgroup of a randomised trial whose two case-management arms were merged, so arm_type is subgroup and it is not a whole recruited cohort. ascertainment_window_months = 12 is recorded from the label of the Table 3 row the count comes from, 'Competitive job past y (yes)', and Table 3 elsewhere distinguishes 'past y' from 'past 6 mo' deliberately (the substance-use rows are labelled 'past 6 mo'). It is CONTRADICTED by the Measures section on p. 204, which defines the competitive-employment recovery benchmark as 'worked ... for at least 1 day in the past 6 months'. Six months and twelve months are different estimands; the contradiction is recorded in conflict_note and in inconsistencies.md and the value must not be used without checking it. mean_age 36.7 (SD 7.6, range 20-59) and n_female DERIVED as 150 minus the printed 'Sex (male) 113 75%', both from Table 1, p. 205, for the whole 150; the derivation assumes a binary sex indicator with no missing values. perc_post_secondary blank: Table 1 prints 'Education (completed high school or higher) 73 48%', which is not post-secondary education. perc_employed_baseline blank: the baseline competitive-employment cell carries the same denominator defect as every other cell of its row."
drake2015_szsud_t48m_paidcomp,drake2015,ct_dual_diagnosis,sz_sud,interviewed_year4_72,48,since_baseline,,,paid_competitive,"competitive employment: worked in an integrated work setting that paid at least minimum wage and was contracted to the individual directly rather than to a program or mental health agency, for at least 1 day in the past 6 months [Table 3 row label: 'Competitive job past y (yes)']",reported,period_prevalence,12,15,,72,,150,,unclear,complete_case,"Table 3, Functional status, 'Competitive job past y (yes)', 4 Year column, p. 207",,,,,,,unresolved,"UNRESOLVED: no cell of the Table 3 'Competitive job past y (yes)' row is consistent with the column N printed above it. Baseline 20/150 = 13.3% against a printed 14%; year 1 23/133 = 17.3% against 16%; year 2 17/129 = 13.2% against 12%; year 3 22/131 = 16.8% against 16%; year 4 15/72 = 20.8% against 16%; year 5 20/70 = 28.6% against 23%; year 6 20/85 = 23.5% against 20%; year 7 27/90 = 30.0% against 28%. The printed percentages are the ones the abstract and discussion quote ('competitive employment (14%-28%)'), so the authors' own denominators differ from the column Ns and are nowhere printed; at years 4 to 7 the implied denominators (about 94, 87, 100 and 96) even exceed the number said to have been interviewed that year. Recovering a denominator would mean dividing a count by a rounded percentage, which is barred. The count and its own percentage cannot both sit on the printed N, so the result is blocked from every synthesis pending an author reply. A second contradiction affects the same row: the Measures section on p. 204 defines competitive employment as at least one day in the past 6 months, while the Table 3 row on p. 207 is labelled 'past y', so the ascertainment window is either 6 or 12 months and the report does not settle which.",,,,36.7,,37,150,,,,,,,"DENOMINATOR NOT RECOVERABLE. n_assessed is the column N printed in Table 3, the number interviewed that year; n_outcome_observed and reported_percentage_base are left blank because the printed percentage cannot be reproduced from the count over that N (see conflict_note). n_entered = 150 is the schizophrenia-spectrum subgroup analysed here; 198 entered the parent trial. This is a diagnostic subgroup of a randomised trial whose two case-management arms were merged, so arm_type is subgroup and it is not a whole recruited cohort. ascertainment_window_months = 12 is recorded from the label of the Table 3 row the count comes from, 'Competitive job past y (yes)', and Table 3 elsewhere distinguishes 'past y' from 'past 6 mo' deliberately (the substance-use rows are labelled 'past 6 mo'). It is CONTRADICTED by the Measures section on p. 204, which defines the competitive-employment recovery benchmark as 'worked ... for at least 1 day in the past 6 months'. Six months and twelve months are different estimands; the contradiction is recorded in conflict_note and in inconsistencies.md and the value must not be used without checking it. mean_age 36.7 (SD 7.6, range 20-59) and n_female DERIVED as 150 minus the printed 'Sex (male) 113 75%', both from Table 1, p. 205, for the whole 150; the derivation assumes a binary sex indicator with no missing values. perc_post_secondary blank: Table 1 prints 'Education (completed high school or higher) 73 48%', which is not post-secondary education. perc_employed_baseline blank: the baseline competitive-employment cell carries the same denominator defect as every other cell of its row."
drake2015_szsud_t60m_paidcomp,drake2015,ct_dual_diagnosis,sz_sud,interviewed_year5_70,60,since_baseline,,,paid_competitive,"competitive employment: worked in an integrated work setting that paid at least minimum wage and was contracted to the individual directly rather than to a program or mental health agency, for at least 1 day in the past 6 months [Table 3 row label: 'Competitive job past y (yes)']",reported,period_prevalence,12,20,,70,,150,,unclear,complete_case,"Table 3, Functional status, 'Competitive job past y (yes)', 5 Year column, p. 207",,,,,,,unresolved,"UNRESOLVED: no cell of the Table 3 'Competitive job past y (yes)' row is consistent with the column N printed above it. Baseline 20/150 = 13.3% against a printed 14%; year 1 23/133 = 17.3% against 16%; year 2 17/129 = 13.2% against 12%; year 3 22/131 = 16.8% against 16%; year 4 15/72 = 20.8% against 16%; year 5 20/70 = 28.6% against 23%; year 6 20/85 = 23.5% against 20%; year 7 27/90 = 30.0% against 28%. The printed percentages are the ones the abstract and discussion quote ('competitive employment (14%-28%)'), so the authors' own denominators differ from the column Ns and are nowhere printed; at years 4 to 7 the implied denominators (about 94, 87, 100 and 96) even exceed the number said to have been interviewed that year. Recovering a denominator would mean dividing a count by a rounded percentage, which is barred. The count and its own percentage cannot both sit on the printed N, so the result is blocked from every synthesis pending an author reply. A second contradiction affects the same row: the Measures section on p. 204 defines competitive employment as at least one day in the past 6 months, while the Table 3 row on p. 207 is labelled 'past y', so the ascertainment window is either 6 or 12 months and the report does not settle which.",,,,36.7,,37,150,,,,,,,"DENOMINATOR NOT RECOVERABLE. n_assessed is the column N printed in Table 3, the number interviewed that year; n_outcome_observed and reported_percentage_base are left blank because the printed percentage cannot be reproduced from the count over that N (see conflict_note). n_entered = 150 is the schizophrenia-spectrum subgroup analysed here; 198 entered the parent trial. This is a diagnostic subgroup of a randomised trial whose two case-management arms were merged, so arm_type is subgroup and it is not a whole recruited cohort. ascertainment_window_months = 12 is recorded from the label of the Table 3 row the count comes from, 'Competitive job past y (yes)', and Table 3 elsewhere distinguishes 'past y' from 'past 6 mo' deliberately (the substance-use rows are labelled 'past 6 mo'). It is CONTRADICTED by the Measures section on p. 204, which defines the competitive-employment recovery benchmark as 'worked ... for at least 1 day in the past 6 months'. Six months and twelve months are different estimands; the contradiction is recorded in conflict_note and in inconsistencies.md and the value must not be used without checking it. mean_age 36.7 (SD 7.6, range 20-59) and n_female DERIVED as 150 minus the printed 'Sex (male) 113 75%', both from Table 1, p. 205, for the whole 150; the derivation assumes a binary sex indicator with no missing values. perc_post_secondary blank: Table 1 prints 'Education (completed high school or higher) 73 48%', which is not post-secondary education. perc_employed_baseline blank: the baseline competitive-employment cell carries the same denominator defect as every other cell of its row."
drake2015_szsud_t72m_paidcomp,drake2015,ct_dual_diagnosis,sz_sud,interviewed_year6_85,72,since_baseline,,,paid_competitive,"competitive employment: worked in an integrated work setting that paid at least minimum wage and was contracted to the individual directly rather than to a program or mental health agency, for at least 1 day in the past 6 months [Table 3 row label: 'Competitive job past y (yes)']",reported,period_prevalence,12,20,,85,,150,,unclear,complete_case,"Table 3, Functional status, 'Competitive job past y (yes)', 6 Year column, p. 207",,,,,,,unresolved,"UNRESOLVED: no cell of the Table 3 'Competitive job past y (yes)' row is consistent with the column N printed above it. Baseline 20/150 = 13.3% against a printed 14%; year 1 23/133 = 17.3% against 16%; year 2 17/129 = 13.2% against 12%; year 3 22/131 = 16.8% against 16%; year 4 15/72 = 20.8% against 16%; year 5 20/70 = 28.6% against 23%; year 6 20/85 = 23.5% against 20%; year 7 27/90 = 30.0% against 28%. The printed percentages are the ones the abstract and discussion quote ('competitive employment (14%-28%)'), so the authors' own denominators differ from the column Ns and are nowhere printed; at years 4 to 7 the implied denominators (about 94, 87, 100 and 96) even exceed the number said to have been interviewed that year. Recovering a denominator would mean dividing a count by a rounded percentage, which is barred. The count and its own percentage cannot both sit on the printed N, so the result is blocked from every synthesis pending an author reply. A second contradiction affects the same row: the Measures section on p. 204 defines competitive employment as at least one day in the past 6 months, while the Table 3 row on p. 207 is labelled 'past y', so the ascertainment window is either 6 or 12 months and the report does not settle which.",,,,36.7,,37,150,,,,,,,"DENOMINATOR NOT RECOVERABLE. n_assessed is the column N printed in Table 3, the number interviewed that year; n_outcome_observed and reported_percentage_base are left blank because the printed percentage cannot be reproduced from the count over that N (see conflict_note). n_entered = 150 is the schizophrenia-spectrum subgroup analysed here; 198 entered the parent trial. This is a diagnostic subgroup of a randomised trial whose two case-management arms were merged, so arm_type is subgroup and it is not a whole recruited cohort. ascertainment_window_months = 12 is recorded from the label of the Table 3 row the count comes from, 'Competitive job past y (yes)', and Table 3 elsewhere distinguishes 'past y' from 'past 6 mo' deliberately (the substance-use rows are labelled 'past 6 mo'). It is CONTRADICTED by the Measures section on p. 204, which defines the competitive-employment recovery benchmark as 'worked ... for at least 1 day in the past 6 months'. Six months and twelve months are different estimands; the contradiction is recorded in conflict_note and in inconsistencies.md and the value must not be used without checking it. mean_age 36.7 (SD 7.6, range 20-59) and n_female DERIVED as 150 minus the printed 'Sex (male) 113 75%', both from Table 1, p. 205, for the whole 150; the derivation assumes a binary sex indicator with no missing values. perc_post_secondary blank: Table 1 prints 'Education (completed high school or higher) 73 48%', which is not post-secondary education. perc_employed_baseline blank: the baseline competitive-employment cell carries the same denominator defect as every other cell of its row."
drake2015_szsud_t84m_paidcomp,drake2015,ct_dual_diagnosis,sz_sud,interviewed_year7_90,84,since_baseline,,,paid_competitive,"competitive employment: worked in an integrated work setting that paid at least minimum wage and was contracted to the individual directly rather than to a program or mental health agency, for at least 1 day in the past 6 months [Table 3 row label: 'Competitive job past y (yes)']",reported,period_prevalence,12,27,,90,,150,,unclear,complete_case,"Table 3, Functional status, 'Competitive job past y (yes)', 7 Year column, p. 207",,,,,,,unresolved,"UNRESOLVED: no cell of the Table 3 'Competitive job past y (yes)' row is consistent with the column N printed above it. Baseline 20/150 = 13.3% against a printed 14%; year 1 23/133 = 17.3% against 16%; year 2 17/129 = 13.2% against 12%; year 3 22/131 = 16.8% against 16%; year 4 15/72 = 20.8% against 16%; year 5 20/70 = 28.6% against 23%; year 6 20/85 = 23.5% against 20%; year 7 27/90 = 30.0% against 28%. The printed percentages are the ones the abstract and discussion quote ('competitive employment (14%-28%)'), so the authors' own denominators differ from the column Ns and are nowhere printed; at years 4 to 7 the implied denominators (about 94, 87, 100 and 96) even exceed the number said to have been interviewed that year. Recovering a denominator would mean dividing a count by a rounded percentage, which is barred. The count and its own percentage cannot both sit on the printed N, so the result is blocked from every synthesis pending an author reply. A second contradiction affects the same row: the Measures section on p. 204 defines competitive employment as at least one day in the past 6 months, while the Table 3 row on p. 207 is labelled 'past y', so the ascertainment window is either 6 or 12 months and the report does not settle which.",,,,36.7,,37,150,,,,,,,"DENOMINATOR NOT RECOVERABLE. n_assessed is the column N printed in Table 3, the number interviewed that year; n_outcome_observed and reported_percentage_base are left blank because the printed percentage cannot be reproduced from the count over that N (see conflict_note). n_entered = 150 is the schizophrenia-spectrum subgroup analysed here; 198 entered the parent trial. This is a diagnostic subgroup of a randomised trial whose two case-management arms were merged, so arm_type is subgroup and it is not a whole recruited cohort. ascertainment_window_months = 12 is recorded from the label of the Table 3 row the count comes from, 'Competitive job past y (yes)', and Table 3 elsewhere distinguishes 'past y' from 'past 6 mo' deliberately (the substance-use rows are labelled 'past 6 mo'). It is CONTRADICTED by the Measures section on p. 204, which defines the competitive-employment recovery benchmark as 'worked ... for at least 1 day in the past 6 months'. Six months and twelve months are different estimands; the contradiction is recorded in conflict_note and in inconsistencies.md and the value must not be used without checking it. mean_age 36.7 (SD 7.6, range 20-59) and n_female DERIVED as 150 minus the printed 'Sex (male) 113 75%', both from Table 1, p. 205, for the whole 150; the derivation assumes a binary sex indicator with no missing values. perc_post_secondary blank: Table 1 prints 'Education (completed high school or higher) 73 48%', which is not post-secondary education. perc_employed_baseline blank: the baseline competitive-employment cell carries the same denominator defect as every other cell of its row."
falk2016_men_cal2010_paidany,falk2016,stockholm_2005,men,register_men_421,,calendar_end_common,,,paid_any,"Employment status was dichotomized as employed and non-employed. Non-employment was defined as having no registered income from paid employment, e.g. unemployed, students, and other economically inactive [the report presents only age-standardised NON-employment rates, never a count of the employed]",reported,period_prevalence,12,,,,,421,,unclear,register_complete,"Table 2, p. 262, 'Men, Persons with non-affective psychosis', non-employment 2010; construct defined in Materials and methods, Measures, p. 260",,,,,,,none,,age_standardised_non_employment_rate_percent,69.7,,,,,,,84,400,,,,"NUMERATOR AND DENOMINATOR NOT RECOVERABLE. Table 2 reports age-standardised rates of non-employment, directly standardised to the Stockholm County 2005 population stratified by sex and age. A directly standardised rate is a weighted average of stratum-specific rates, not a crude proportion, so it has no numerator and no denominator to read off, and 100 minus the rate is not the crude employment proportion. Neither is computed. No count of employed or non-employed people is printed anywhere in the report. The rate is recorded in adjusted_effect with adjusted_measure naming it explicitly so that it can never be read as a crude proportion; adjusted_se is blank because only a 95% confidence interval is printed and no standard error is derived from it. followup_basis = calendar_end_common (D12.8): baseline is one year before an inclusion year of 2005 or 2006 and follow-up is the single calendar year 2010, so elapsed follow-up is 4 to 6 years across the cohort and the authors describe it as '4-5 years follow-up'; followup_months is left blank and the result is barred from every landmark horizon. ascertainment_window_months = 12 is INFERRED from LISA being an annual income register and the rates being dated to single calendar years; the report never states the window, and that query is recorded in unresolved_queries.md. 2.9% of the cohort had died by follow-up (men n = 13, women n = 9). The age-standardised non-employment rate for this subgroup at follow-up is 69.7% (95% CI 65.0, 74.4); at baseline 2004/2005 it was 62.1%. Men and women are a post-hoc split of one recruited register cohort, so they are subgroup arms; no combined-sex rate is printed. n_post_secondary is Table 1's 'Higher education' category (more than 12 years) over the number with education recorded, which is the base the table's own percentages use (84/400 reproduces the printed percentage); the remainder of the arm has no education recorded. mean_age blank: only age bands are printed."
falk2016_women_cal2010_paidany,falk2016,stockholm_2005,women,register_women_335,,calendar_end_common,,,paid_any,"Employment status was dichotomized as employed and non-employed. Non-employment was defined as having no registered income from paid employment, e.g. unemployed, students, and other economically inactive [the report presents only age-standardised NON-employment rates, never a count of the employed]",reported,period_prevalence,12,,,,,335,,unclear,register_complete,"Table 2, p. 262, 'Women, Persons with non-affective psychosis', non-employment 2010; construct defined in Materials and methods, Measures, p. 260",,,,,,,none,,age_standardised_non_employment_rate_percent,65.9,,,,,,,95,322,,,,"NUMERATOR AND DENOMINATOR NOT RECOVERABLE. Table 2 reports age-standardised rates of non-employment, directly standardised to the Stockholm County 2005 population stratified by sex and age. A directly standardised rate is a weighted average of stratum-specific rates, not a crude proportion, so it has no numerator and no denominator to read off, and 100 minus the rate is not the crude employment proportion. Neither is computed. No count of employed or non-employed people is printed anywhere in the report. The rate is recorded in adjusted_effect with adjusted_measure naming it explicitly so that it can never be read as a crude proportion; adjusted_se is blank because only a 95% confidence interval is printed and no standard error is derived from it. followup_basis = calendar_end_common (D12.8): baseline is one year before an inclusion year of 2005 or 2006 and follow-up is the single calendar year 2010, so elapsed follow-up is 4 to 6 years across the cohort and the authors describe it as '4-5 years follow-up'; followup_months is left blank and the result is barred from every landmark horizon. ascertainment_window_months = 12 is INFERRED from LISA being an annual income register and the rates being dated to single calendar years; the report never states the window, and that query is recorded in unresolved_queries.md. 2.9% of the cohort had died by follow-up (men n = 13, women n = 9). The age-standardised non-employment rate for this subgroup at follow-up is 65.9% (95% CI 60.7, 71.2); at baseline 2004/2005 it was 61.8%. Men and women are a post-hoc split of one recruited register cohort, so they are subgroup arms; no combined-sex rate is printed. n_post_secondary is Table 1's 'Higher education' category (more than 12 years) over the number with education recorded, which is the base the table's own percentages use (95/322 reproduces the printed percentage); the remainder of the arm has no education recorded. mean_age blank: only age bands are printed."
fulford2018_cohort_t6m_paidoredu,fulford2018,raise_etp,cohort,surf_6mo_404,6,since_baseline,,,paid_or_education,"Three items from the SURF (ie, Are you currently a student? Have you worked for pay during the past 30 days? Have you done any casual work or day jobs, such as yard work or babysitting for which you got paid?) were combined into a single score to measure work or school functioning at each assessment point (ie, the past month) and aggregated across 6-month time points; each was rated as either 0 = no (ie, no paid work and not a student) or 1 = yes (ie, paid work or a student)",reported,period_prevalence,1,,404,,,404,,outcome_observed,complete_case,"Table 1, Outcome variables, 'SURF work or school 6 mo 71.8%', p. 371; measure defined in Measures, Occupational Functioning, p. 371",,,,,,,none,,,,,23.14,27.5,,,,,,,,,"NUMERATOR NOT RECOVERABLE. Table 1 prints only a percentage for the SURF work-or-school variable. It is not back-calculated, and in this case a back-calculation would not even be arithmetically possible: 39.8% at baseline is not n/404 for any integer n, which is consistent with the measure being a composite of three items aggregated across 6-month blocks, so the printed value is the mean of an aggregated score rather than a stated proportion of participants. outcome_construct is paid_or_education, not paid_any: the item set counts being a student as a positive, and it names no training component, so it is neither the primary construct nor the full EET composite. ascertainment_window_months = 1 records the measurement window the report states for each assessment, 'the past month'; the report then says the score was 'aggregated across 6-month time points', so the reported value is an aggregate of six such windows rather than a single month, and it should not be treated as a clean one-month period prevalence. missing_data_method is recorded as complete_case for these descriptive percentages; the structural equation models used full information maximum likelihood, which the controlled vocabulary has no value for. RAISE-ETP is cluster randomised by site (34 sites) and this report pools both allocation groups with treatment group as a moderator, so any arm-level or effect-level use would need the cluster design accounted for. perc_female = 27.5 is the complement of the printed 'Gender: male 72.5%' (Table 1, p. 371); no counts are printed, so no count is recorded. The printed value is 71.8%. n_outcome_observed = 404 is stated rather than inferred: 'Missing data due to treatment study dropout ranged from 0% (SURF) to 28% (QLS) at 6 months' (Results, p. 372), so the SURF was observed for the whole recruited sample at 6 months. Baseline was 39.8% on the same measure. 6 months falls in no prespecified landmark band."
fulford2018_cohort_t12m_paidoredu,fulford2018,raise_etp,cohort,surf_12mo_unstated,12,since_baseline,,,paid_or_education,"Three items from the SURF (ie, Are you currently a student? Have you worked for pay during the past 30 days? Have you done any casual work or day jobs, such as yard work or babysitting for which you got paid?) were combined into a single score to measure work or school functioning at each assessment point (ie, the past month) and aggregated across 6-month time points; each was rated as either 0 = no (ie, no paid work and not a student) or 1 = yes (ie, paid work or a student)",reported,period_prevalence,1,,,,,404,,unclear,complete_case,"Table 1, Outcome variables, 'SURF work or school 12 mo 66.6%', p. 371; measure defined in Measures, Occupational Functioning, p. 371",,,,,,,none,,,,,23.14,27.5,,,,,,,,,"NUMERATOR NOT RECOVERABLE. Table 1 prints only a percentage for the SURF work-or-school variable. It is not back-calculated, and in this case a back-calculation would not even be arithmetically possible: 39.8% at baseline is not n/404 for any integer n, which is consistent with the measure being a composite of three items aggregated across 6-month blocks, so the printed value is the mean of an aggregated score rather than a stated proportion of participants. outcome_construct is paid_or_education, not paid_any: the item set counts being a student as a positive, and it names no training component, so it is neither the primary construct nor the full EET composite. ascertainment_window_months = 1 records the measurement window the report states for each assessment, 'the past month'; the report then says the score was 'aggregated across 6-month time points', so the reported value is an aggregate of six such windows rather than a single month, and it should not be treated as a clean one-month period prevalence. missing_data_method is recorded as complete_case for these descriptive percentages; the structural equation models used full information maximum likelihood, which the controlled vocabulary has no value for. RAISE-ETP is cluster randomised by site (34 sites) and this report pools both allocation groups with treatment group as a moderator, so any arm-level or effect-level use would need the cluster design accounted for. perc_female = 27.5 is the complement of the printed 'Gender: male 72.5%' (Table 1, p. 371); no counts are printed, so no count is recorded. The printed value is 66.6%. DENOMINATOR NOT RECOVERABLE at this timepoint: the Table 1 footnote gives only 'Ns range from 257 (12 mo) to 404 (baseline)' across all variables, and Results, p. 372 says SURF missing data was 21% at 12 months, a rounded figure from which an exact denominator cannot be recovered. This is the timepoint that would otherwise sit in the 12-month landmark band."
greenwood2025_eye2_t12m_vocact,greenwood2025,eye2_trial,eye2,societal_consenting_232,12,since_baseline,,,vocational_activity,"Table 2 'Socio-occupational outcomes: adjusted differences', row 'Paid and unpaid employment': adjusted difference in mean days (expected value) 7.56, 95% CI -35.64 to 50.76, probability mean days higher for intervention participants 98[sic 77]%, N 232; footnote a 'All models based on imputed data samples (using multiple imputation methods).' | Method: 'A secondary economic analysis investigated differences in mental health plus wider care system costs (societal costs), as well as socio-occupational outcomes (days in stable accommodation, employment, education and training), based on data collected retrospectively from all consenting participants at 12 months by research assistants masked to group allocation, using the Adult Service Use Schedule'.",reported,period_prevalence,12,,,,,652,,unclear,multiple_imputation,"Table 2 'Socio-occupational outcomes: adjusted differences', p. 149; measure defined at Method, Outcomes, p. 145; subsample described at Results, p. 149",,,,,,,none,,"Adjusted difference in mean days in paid and unpaid employment over 12 months, EYE-2 + sEIP versus sEIP alone, from a generalised linear model with site fixed effects and baseline HoNOS score, on multiply-imputed data",7.56,,25.2,,247,652,,126,485,,,,"NO EMPLOYMENT COUNT EXISTS ANYWHERE IN THIS REPORT and none can be recovered. What is printed is an adjusted difference in mean DAYS between arms, estimated from multiply-imputed data, so it is neither a numerator nor a prevalence, and the arms' own mean days are not printed either. n_employed and n_outcome_observed are therefore blank, and this row exists to record that a registered outcome was measured and cannot be used. THE CONSTRUCT IS NOT paid_any: Table 2's row is 'Paid and unpaid employment', which by its own label pools unpaid work with paid work, so it is vocational_activity. The measure is also a duration rather than a prevalence, which the ascertainment vocabulary cannot express; period_prevalence with a 12-month window is the least wrong value because days were counted within a defined 12-month window, and the gap is raised in unresolved_queries.md U1. Denominators: the model N is 232, being the participants who consented to the societal cost-effectiveness interview, of whom 456 did not consent and 339 were lost to follow-up or not approached, out of 1027; that 232 spans BOTH arms and so is not recorded in any arm-level denominator field on this row. The consenting subsample was not representative: mean age 25.4 and baseline HoNOS 5.6 were similar to the whole sample but White ethnicity was higher at 59.7% and males fewer at 59.5%. 95% CI -35.64 to 50.76 is recorded here rather than in adjusted_se because converting a CI to a standard error assumes normality and a 1.96 multiplier that the bootstrap analysis does not state. Moderators are the arm's Table 1 values on 652 (mean age 25.2, female 247 of 652 with 400 male and 5 non-binary/not specified) and 126 of 485 with post-secondary education (undergraduate/NVQ 4-5/BTEC HND/foundation 107 plus postgraduate 19); these are whole-arm figures, not the 232 subsample's."
greenwood2025_eye2_t12m_edutrain,greenwood2025,eye2_trial,eye2,societal_consenting_232,12,since_baseline,,,education_or_training,"Table 2 'Socio-occupational outcomes: adjusted differences', row 'Education and training': adjusted difference in mean days (expected value) 27.59, 95% CI 1.52 to 53.68, probability mean days higher for intervention participants 99%, N 232; footnote a 'All models based on imputed data samples (using multiple imputation methods).' | Results: 'The EYE-2 intervention was associated with, on average, 5.73 more days in stable independent accommodation, 7.56 more days in employment, and 30 more days in education and training, with probabilities ranging from 77% to 99%'.",reported,period_prevalence,12,,,,,652,,unclear,multiple_imputation,"Table 2 'Socio-occupational outcomes: adjusted differences', p. 149; narrative at Results, p. 149",,,,,,,none,,"Adjusted difference in mean days in education and training over 12 months, EYE-2 + sEIP versus sEIP alone, from a generalised linear model with site fixed effects and baseline HoNOS score, on multiply-imputed data",27.59,,25.2,,247,652,,126,485,,,,"Recorded as education_or_training because the source's own label is 'Education and training' and it does not separate the two. Not paid employment and not an EET composite: paid and unpaid employment is a separate row of the same table. Same limitations as the employment row: an adjusted difference in mean days on multiply-imputed data from a 232 of 1027 consenting subsample, with no count and no prevalence. MINOR INTERNAL DISCREPANCY, recorded in inconsistencies.md I1: the Results text rounds 27.59 to '30 more days in education and training'."
hakulinen2019_cohort_age25_paidthresh,hakulinen2019,dk_registers_birth,cohort,,,chronological_age,25,,paid_intensity_threshold,"Employment status was derived from the Employment Classification Module (AKM), where based on the main source of income or employment, annual status of most important employment is classified. Individuals who were unemployed, retired (including early retirement and disability pension), and otherwise not working were categorized as outside the labour market. | Results, Employment: 'In absolute proportions, at the age of 25, 87% of the individuals with schizophrenia were not employed, and at the age of 60, 85% of the individuals with schizophrenia were not employed.'",reported,period_prevalence,12,,,,,9448,,unclear,register_complete,"Results, Employment, p. 1346 (text); the same series appears only as an unlabelled line in Fig. 1, right panel, p. 1345. Diagnosis-group size at Results, Sample, p. 1346. Outcome definition at Materials and methods, Labour market and social exclusion outcomes, p. 1344",,,,,,,none,,,,,,,,,,,,,,,"NUMERATOR DELIBERATELY BLANK. The only absolute employment figures in the article are whole-number percentages in the text (87% not employed at age 25) and an unlabelled line graph (Fig. 1, right panel). No denominator appears anywhere in the held PDF, and the Online Appendix Tables 1-3 cited in the Results are NOT in it, so even the manifest's 9,444 could not be seen. Multiplying a whole-number percentage by a denominator is forbidden by codebook rule 2 however exact the denominator looks: at 87% on about 9,444 the rounding interval alone spans roughly plus or minus 47 while the binomial standard error is about 33, so the reconstruction error would exceed the sampling error it replaces. Taking the complement of a rounded percentage is the same operation and is equally forbidden. THE CONSTRUCT IS NOT paid_any. AKM classifies the single most important employment status of the year from the main source of income, so a person whose main income is a disability pension is 'outside the labour market' even if they did some paid work. That is a dominance criterion which excludes low-intensity paid work exactly as an hours threshold would, and it must never substitute for paid_any; paid_intensity_threshold is the vocabulary value that carries the non-substitutability, and the fit is imperfect because the threshold is a dominance rule rather than a stated percentage of working days, which is raised in unresolved_queries.md U3. THE TIMEPOINT IS AN AGE, NOT AN ELAPSED FOLLOW-UP (D12.3b): schizophrenia was first diagnosed anywhere between ages 15 and 25, so elapsed time since diagnosis at age 25 ranges from zero to ten years. followup_basis = chronological_age bars this result from every landmark horizon, independently of the missing counts. NOT EXTRACTED, and noted here so the omission is visible: the same paragraph gives 85% and 56% not employed at ages 25 and 60 for the post-hoc subgroup not rehospitalised for schizophrenia after age 25 (6,328 of 9,448 were rehospitalised), which is a subgroup, not a whole cohort, and carries no counts either."
hakulinen2019_cohort_age60_paidthresh,hakulinen2019,dk_registers_birth,cohort,,,chronological_age,60,,paid_intensity_threshold,"Employment status was derived from the Employment Classification Module (AKM), where based on the main source of income or employment, annual status of most important employment is classified. | Results, Employment: 'at the age of 60, 85% of the individuals with schizophrenia were not employed.'",reported,period_prevalence,12,,,,,9448,,unclear,register_complete,"Results, Employment, p. 1346 (text); Fig. 1, right panel, p. 1345",,,,,,,none,,,,,,,,,,,,,,,"Numerator and denominator blank for the same reasons as the age-25 row. The age-60 denominator is additionally far smaller than 9,448 because only the earliest birth years reach age 60 within the 1980-2016 observation window (the manifest reports the appendix falling to 364 at age 59), and no denominator is printed in the article at any age. Age-anchored, so barred from every horizon."
hakulinen2020_cohort_t0_paidany_scz,hakulinen2020,fi_registers_scz,cohort,,,calendar_end_common,,,paid_any,"Annual employment status was measured as the employment status during the last week of each calendar year. Individuals who were working or self-employed were defined as employed. All others were classified as not employed. | Results: 'At the end of the year when the first inpatient diagnosis was given, on average, 14% (N=968) of individuals with schizophrenia, 33% (N=11,335) of individuals with other nonaffective psychosis, and 43% (N=3,875) of individuals with bipolar disorder were employed.'",reported,point_prevalence,,968,6939,,,6939,6939,outcome_observed,register_complete,"Results, p. 251 (printed count N=968 and percentage 14%); denominator 6,939 from Table 1 'Participants in a case-control study of employment status and personal income before and after onset of a serious mental disorder', row 'Year 0b', Schizophrenia Case column, p. 252, footnote b 'Year 0, the year in which the diagnosis was given (year of onset)'; outcome definition at Methods, Socioeconomic Measures, p. 251",,,,,,,none,,,,,,,,,,,,,,,"TRIAGE FIGURE 968/6939 VERIFIED, and verified from two independent printed places rather than reconstructed: the numerator 968 is printed as a count in the Results, and the denominator 6,939 is printed in Table 1 at year 0 and again in the Results as the number of individuals whose first inpatient diagnosis was schizophrenia. 968/6939 = 13.95%, which rounds to the printed 14%. The other two groups reconcile identically (11,335/34,565 = 32.8% against a printed 33%; 3,875/9,047 = 42.8% against a printed 43%), and the two printed control figures reconcile too (112,259/172,825 = 65.0%; 31,242/45,235 = 69.1%), so the whole sentence is internally consistent. The denominator is a genuine observed denominator and not a reporting base: the methods state 'If an individual did not have data for a certain year, the corresponding case or control participant was not included in the statistical analyses', and Table 1 prints the resulting per-year counts. CONSTRUCT: 'working or self-employed' with no dominance, hours or earnings qualifier, so this is paid_any. Note that the OTHER Hakulinen report in this batch uses a different and narrower definition; the two must not be treated as the same measure. ASCERTAINMENT: employment status in the last week of the calendar year, a reference-week measure and therefore point prevalence, not the tax-year period prevalence registers usually give; the one-week reference period is recorded here rather than in ascertainment_window_months, which is reserved for period prevalence. TIMEPOINT: 'time point zero represented the year when the first hospitalization ... occurred for each case participant', and the measurement is at the END of that calendar year, so elapsed time from cohort entry ranges from under a week for someone hospitalised in late December to nearly twelve months for someone hospitalised in January. followup_basis = calendar_end_common records that; the vocabulary's wording says 'one shared calendar end date' whereas this is a per-participant year end, which is raised in unresolved_queries.md U5. Either way it is barred from every horizon, and the year-0 timepoint is in any case below the review's twelve-month minimum. LATER YEARS ARE NOT EXTRACTED: Table 1 prints denominators for years -10 to +10 but the employment proportions for every year other than zero exist only as lines in Figure 1, and a count read off a graph is a fabrication.// ""Author provided employment counts for years -10 to +10 relative to first hospitalisation. Year 0: 968/6,939 (13.9%) verified. Complete series: Year -10: 699/2,287 through Year +10: 398/3,801. All years barred from horizon by calendar_end_common timepoint structure."""
hakulinen2020_cohort_t0_paidany_nonaff,hakulinen2020,fi_registers_nonaff,cohort,,,calendar_end_common,,,paid_any,"Annual employment status was measured as the employment status during the last week of each calendar year. Individuals who were working or self-employed were defined as employed. All others were classified as not employed. | Results: 'At the end of the year when the first inpatient diagnosis was given, on average, 14% (N=968) of individuals with schizophrenia, 33% (N=11,335) of individuals with other nonaffective psychosis, and 43% (N=3,875) of individuals with bipolar disorder were employed.'",reported,point_prevalence,,11335,34565,,,34565,34565,outcome_observed,register_complete,"Results, p. 251 (printed count N=11,335 and percentage 33%); denominator 34,565 from Table 1, row 'Year 0b', Nonaffective psychosis Case column, p. 252; outcome definition at Methods, Socioeconomic Measures, p. 251",,,,,,,none,,,,,,,,,,,,,,,"11,335/34,565 = 32.79%, matching the printed 33%. Same construct, ascertainment and follow-up caveats as the schizophrenia row: barred from every horizon by calendar_end_common and by being at year 0. The third case group, bipolar disorder (3,875 of 9,047), is not extracted because F30-F31 is not a qualifying psychosis diagnosis under SAP section 7; that omission is recorded in report_cohort_map.csv so it is visible."
hui2026_eianalysed_t48m_unclear,hui2026,hk_jcep_2009,ei_analysed,four_year_followup_219,48,since_baseline,,,unclear,"Methods, Measures: 'Functioning was indicated using the Social Occupational Functioning Assessment Scale (SOFAS), the Role Functioning Scale (RFS), and employment status (employed or not).' | Table 3, 'Functional outcomes at 4 years', row 'Unemployed, n (%)': Deprived (n = 112) 40 (65.6%), Non-deprived (n = 107) 21 (34.4%), B/OR 0.83, p 0.015, 95% CI [1.173, 4.492]. | Table 2 baseline, row 'Occupational status, n(%)': Employed 45 (37.2%) / 85 (75.2%); Unemployed 76 (62.8%) / 28 (24.8%).",reported,point_prevalence,,158,219,219,228,240,61,outcome_observed,complete_case,"Table 3 'Univariate linear and logistic regressions on whether financial deprivation at baseline predicts clinical, functioning, and neurocognitive outcomes at 4 years', Functional outcomes at 4 years, row 'Unemployed, n (%)', p. 291; flow at Fig. 1, p. 285; construct at Methods, Clinical, functional, and neurocognitive outcomes, p. 286",,,,,,,none,,,,,37.9,,128,234,,,,,130,234,"TRIAGE FIGURE 158/219 REFUTED AS A RECOVERABLE COUNT, and n_employed and n_outcome_observed are deliberately blank. What Table 3 prints at four years is 'Unemployed, n (%) 40 (65.6%) / 21 (34.4%)'. THOSE ARE ROW PERCENTAGES OF THE 61 UNEMPLOYED, NOT COLUMN PERCENTAGES: 40 + 21 = 61, 40/61 = 65.6% and 21/61 = 34.4%. Read as column percentages they would imply 65.6% of 112 = 73 unemployed in the deprived group, which is wrong. So the printed percentages carry NO information whatever about the denominator on which the employment variable was observed, which is why reported_percentage_base is 61 and n_outcome_observed is blank (prompt rule 7). No employed count is printed at four years at all; 158/219 would come from subtracting 61 from 219, and 219 would come from summing two column headers. That fails D12.2 twice over: its components would be two deprivation subgroups with different arm identities and different denominators (112 and 107), so they neither share an arm nor share one denominator. THE CANDIDATE VALUES, for an author query and NOT for use: if employment status were observed for all 112 and all 107, the complement gives 72/112 deprived and 86/107 non-deprived, totalling 158/219. Three things support that reading and one refutes it. Supporting: Fig. 1 shows 234 at baseline and '4-year follow-up analysis (n=219, 93.6%)' with 112 and 107 reconciling exactly (121-9 and 113-6); the employment variable had zero missingness at baseline (45+76 = 121 and 85+28 = 113 exactly); and the crude odds ratio those denominators imply, (40/72)/(21/86) = 2.28, is within one per cent of the printed adjusted OR of 2.29 (exp(0.83), and the geometric centre of [1.173, 4.492] is 2.295). Refuting: this paper demonstrably does not apply its column headers to every variable, since Table 1 reports t(213) and t(215) and Table 4 reports t(206) to t(208) against a stated n of 234, so per-variable denominators differ and are never printed. A denominator inferred against the paper's own evidence is not an observed denominator. See unresolved_queries.md U6. CONSTRUCT IS unclear: 'employment status (employed or not)' is never defined, so it is not established whether paid sheltered work, part-time work or student status were counted, and coding it paid_any would substitute an undefined measure for the primary construct. POPULATION: 120 of the 360 randomised were excluded from the analysis 'to better isolate the impact of financial deprivation on psychosis recovery outcomes', so the 240 is two of three allocation groups and not a whole recruited cohort; the row can never enter the prevalence intercept whatever the counts. Denominators recorded: n_entered 240 (entering the deprivation classification), n_alive_eligible 228 (234 with income data less the 6 deceased), n_assessed 219 (the 4-year follow-up analysis sample). MODERATORS: mean_age 37.9 is the n-weighted mean of the two printed group means (38.65 on 121 and 37.13 on 113), which is exact arithmetic on printed values rather than a back-calculation; n_female 128 = 70 + 58 and n_employed_baseline 130 = 45 + 85, each on the printed 234. // ""TABLE 3 ERROR CONFIRMED BY AUTHOR: Published table reports unemployed counts (40/21) as row percentages only. Author provided corrected employment figures: 72/112 (64.3%) deprived; 86/107 (80.4%) non-deprived. Author requesting journal correction."""
jackel2025_ips_t12m_eet15h,jackel2025,vivantes_berlin_rct,ips,itt_90,12,since_baseline,,,paid_or_education_or_training,"The primary outcome was defined as 'competitive employment, education/training (EET) for at least 15 h per week.' This criterion is based on the definition of 'ability to work' in the German social security system. | Employment was operationally defined as a competitive job on the open labor market. To be considered competitively employed, the participant had to (i) hold the job for at least 1 day and (ii) earn at least the minimum wage. Education/training is counted as mainstream education, leading to a nationally recognized vocational qualification or degree. The minimum wage in 2021 in Germany was 9.60 euro per hour. | Results 3.2: 'The percentage of participants in EET for at least 15 h per week for at least 1 week in the 12-month follow-up period was significantly higher in the IPS group, 78.3% (36/46), compared to 54.6% (24/44) in the TAU group.'",reported,any_time_during_followup,12,36,46,46,,56,46,outcome_observed,complete_case,"Results, 3.2 Primary EET Outcomes, p. 4 (36/46 and 78.3% printed); construct at Methods, 2.4.1 Data Sources, p. 3; flow at Figure 1 CONSORT study flowchart, p. 6",,,,,,,none,,"Unadjusted odds ratio, IPS versus TAU, for EET at least 15 h per week for at least 1 week during the 12-month follow-up",3.0,,27.2,,27,48,,27,48,,7,48,"TRIAGE FIGURE 36/46 VERIFIED: printed as a count over its denominator in Results 3.2, and 36/46 = 78.26% matches the printed 78.3%. THIS IS NOT paid_any AND MUST NOT SUBSTITUTE FOR IT. It is the source's full EET composite, naming competitive employment, education and training in one numerator, and it additionally carries a 15 hours per week intensity threshold and an any-time-during-the-follow-up ascertainment, so it fails the primary construct, the intensity rule and the ascertainment rule independently. The report gives NO arm-level paid-employment count at any timepoint: the employment subgroup analysis is reported only as chi-square 4.47, p = 0.03, OR 3.5, CI 1.07-11.4, with no numerators, and Figure 2's monthly EET rates are a graph. THE ARM IS AN ALLOCATED TRIAL ARM, not a whole cohort, and the cohort is employment-selected in any case. Effect: chi-square 5.69, p = 0.02, OR 3.0, CI 1.2-7.51, recorded as an unadjusted odds ratio; adjusted_se is left blank because converting the CI would assume a normal approximation the report does not state. NOT EXTRACTED AS A SEPARATE ROW, and recorded here so the omission is visible: the same paragraph gives the same outcome restricted to participants who were NEET at baseline, 71% (22/31) in IPS and 40% (12/30) in TAU. That is the same construct and timepoint on a denominator restricted by baseline employment status, which is an analytic restriction under D9, and result selection would never prefer it to the whole-arm figure. Table 1's denominators are the post-T0 baseline sample (total 94, IPS 48, TAU 46), whereas every outcome is analysed on the ITT sample (total 90, IPS 46, TAU 44). The moderator counts on this row use Table 1's own denominators, which is why n_female_denominator is not equal to n_outcome_observed. See inconsistencies.md I5."
jackel2025_tau_t12m_eet15h,jackel2025,vivantes_berlin_rct,tau,itt_90,12,since_baseline,,,paid_or_education_or_training,"The primary outcome was defined as 'competitive employment, education/training (EET) for at least 15 h per week.' | Results 3.2: 'The percentage of participants in EET for at least 15 h per week for at least 1 week in the 12-month follow-up period was significantly higher in the IPS group, 78.3% (36/46), compared to 54.6% (24/44) in the TAU group.'",reported,any_time_during_followup,12,24,44,44,,54,44,outcome_observed,complete_case,"Results, 3.2 Primary EET Outcomes, p. 4 (24/44 and 54.6% printed); construct at Methods, 2.4.1 Data Sources, p. 3; flow at Figure 1 CONSORT study flowchart, p. 6",,,,,,,none,,,,,25.4,,18,46,,21,46,,6,46,"TRIAGE FIGURE 24/44 VERIFIED: 24/44 = 54.55%, matching the printed 54.6%. The abstract rounds the same figure to 55%, and the Discussion to 54%, which is rounding rather than contradiction. Same construct and ascertainment caveats as the IPS row. Table 1's denominators are the post-T0 baseline sample (total 94, IPS 48, TAU 46), whereas every outcome is analysed on the ITT sample (total 90, IPS 46, TAU 44). The moderator counts on this row use Table 1's own denominators, which is why n_female_denominator is not equal to n_outcome_observed. See inconsistencies.md I5."
jackel2025_ips_t12m_eetany,jackel2025,vivantes_berlin_rct,ips,itt_90,12,since_baseline,,,paid_or_education_or_training,"Table 2 'Secondary outcomes in employment, education/training (EET)', row 'EET at least one day, n (%)': IPS (N = 46) 38 (82.6), TAU (N = 44) 26 (59.1), p 0.02, OR 3.29, CI 1.25-8.68. | Abstract, describing the same two numbers: 'The percentage of participants in EET for at least 1 week in the follow-up was 83% (38/46) versus 59% (26/44).'",reported,any_time_during_followup,12,38,46,46,,56,46,outcome_observed,complete_case,"Table 2 'Secondary outcomes in employment, education/training (EET)', p. 7; same figures in the Abstract, p. 1",,,,,,,unresolved,"The source gives two different minimum durations for the same two counts. Table 2 labels the row 'EET at least one day, n (%)' with 38 (82.6) and 26 (59.1); the Abstract describes exactly those numbers as 'the percentage of participants in EET for at least 1 week in the follow-up ... 83% (38/46) versus 59% (26/44)'. A day and a week are different thresholds and define different results, and nothing in the report resolves which was applied. CANDIDATE RESOLUTION, not adopted: the operational definition of competitive employment requires the participant to 'hold the job for at least 1 day', which fits Table 2's label, so the Abstract's 'at least 1 week' may be carried over from the primary outcome's wording. Under prompt rule 14 that is a reconstruction and not an authority, so the status stays unresolved and the question is put to the authors in unresolved_queries.md U7. The counts themselves are not in doubt.","Unadjusted odds ratio, IPS versus TAU, for EET at least one day (Table 2) or at least one week (Abstract) during the 12-month follow-up",3.29,,27.2,,27,48,,27,48,,7,48,"Blocked from every synthesis by conflict_status = unresolved, as D12.3d requires, because a numerically complete row would otherwise enter a pool silently while its construct definition is contradicted. Still an EET composite, and still ascertained at any time during the follow-up, so it could not enter the primary pool even if resolved. Table 1's denominators are the post-T0 baseline sample (total 94, IPS 48, TAU 46), whereas every outcome is analysed on the ITT sample (total 90, IPS 46, TAU 44). The moderator counts on this row use Table 1's own denominators, which is why n_female_denominator is not equal to n_outcome_observed. See inconsistencies.md I5."
jackel2025_tau_t12m_eetany,jackel2025,vivantes_berlin_rct,tau,itt_90,12,since_baseline,,,paid_or_education_or_training,"Table 2 'Secondary outcomes in employment, education/training (EET)', row 'EET at least one day, n (%)': IPS (N = 46) 38 (82.6), TAU (N = 44) 26 (59.1). | Abstract: 'The percentage of participants in EET for at least 1 week in the follow-up was 83% (38/46) versus 59% (26/44).'",reported,any_time_during_followup,12,26,44,44,,54,44,outcome_observed,complete_case,"Table 2 'Secondary outcomes in employment, education/training (EET)', p. 7; same figures in the Abstract, p. 1",,,,,,,unresolved,"Same contradiction as the IPS arm: Table 2 labels these counts 'EET at least one day' while the Abstract describes them as EET 'for at least 1 week in the follow-up'. 26/44 = 59.09%, matching the printed 59.1 and the Abstract's 59%, so the count is not in doubt; the duration threshold defining the result is.",,,,25.4,,18,46,,21,46,,6,46,"Blocked by conflict_status = unresolved. Table 1's denominators are the post-T0 baseline sample (total 94, IPS 48, TAU 46), whereas every outcome is analysed on the ITT sample (total 90, IPS 46, TAU 44). The moderator counts on this row use Table 1's own denominators, which is why n_female_denominator is not equal to n_outcome_observed. See inconsistencies.md I5."
jackel2025_ipsedu_t12m_edutrain,jackel2025,vivantes_berlin_rct,ips_edu,education_subsample_54,12,since_baseline,,,education_or_training,"Section 3.4 Educational Outcomes: 'Excluding all participants who never received education or training during the follow-up period, we compared the two subsamples IPS (N = 25) versus TAU (N = 29) in education/training.' | Table 3 'Subsample education/training (ET) secondary educational outcomes', row 'Education/training at least one day, n (%)': IPS (N = 25) 17 (68.0), TAU (N = 29) 11 (37.9), p 0.03, OR 3.48, CI 1.13-10.73. | Methods: 'Education/training is counted as mainstream education, leading to a nationally recognized vocational qualification or degree.'",reported,any_time_during_followup,12,17,25,25,,25,25,outcome_observed,complete_case,"Table 3 'Subsample education/training (ET) secondary educational outcomes', p. 7; subsample definition at Results, 3.4 Educational Outcomes, p. 4",,,,,,,unresolved,"The subsample definition and the table contradict each other. Section 3.4 defines the education/training subsamples by 'excluding all participants who never received education or training during the follow-up period', which makes every one of the 25 and 29 a person who WAS in education or training at some point. Table 3 then reports that only 17 of 25 and 11 of 29 were in 'Education/training at least one day'. Both cannot be true. CANDIDATE RESOLUTION, not adopted: the subsample may in fact be those whose vocational goal was education or training rather than employment, which would make Table 3 consistent; the sentence is ambiguously worded. Under prompt rule 14 that is a reconstruction and not an authority. A second, separate denominator problem sits in the same section: the sentence 'In the IPS-education group, 78.6% (11/14) succeeded in continuing or resuming education/training compared to 33.3% (6/18) of the participants in the TAU-education group' uses denominators of 14 and 18 that are never defined and do not match the 25 and 29 of the subsample it names. See unresolved_queries.md U8.","Unadjusted odds ratio, IPS versus TAU within the education/training subsample, for education or training at least one day",3.48,,,,,,,,,,,,"Blocked from every synthesis by conflict_status = unresolved. Extracted rather than omitted because education and training are registered outcomes (SAP 2.3) and this is the only place the report separates them from paid work; recording it with the block is what the codebook requires, whereas leaving it out would lose a registered outcome invisibly. The subsample is defined by an event occurring after randomisation and plausibly caused by the intervention, so the comparison is not protected by randomisation; that is recorded on the arm row as analysis_selection_status = selected with reason analytic_restriction, and in the risk-of-bias assessment. 17/25 = 68.0% and 11/29 = 37.93%, matching the printed percentages exactly, so the arithmetic within the table is sound."
jackel2025_tauedu_t12m_edutrain,jackel2025,vivantes_berlin_rct,tau_edu,education_subsample_54,12,since_baseline,,,education_or_training,"Table 3 'Subsample education/training (ET) secondary educational outcomes', row 'Education/training at least one day, n (%)': IPS (N = 25) 17 (68.0), TAU (N = 29) 11 (37.9). | Section 3.4: 'Excluding all participants who never received education or training during the follow-up period, we compared the two subsamples IPS (N = 25) versus TAU (N = 29) in education/training.'",reported,any_time_during_followup,12,11,29,29,,29,29,outcome_observed,complete_case,"Table 3 'Subsample education/training (ET) secondary educational outcomes', p. 7; subsample definition at Results, 3.4 Educational Outcomes, p. 4",,,,,,,unresolved,"Same contradiction as the IPS education row: the subsample is defined as excluding everyone who never received education or training during follow-up, yet only 11 of the 29 are reported as being in education or training for at least one day.",,,,,,,,,,,,,,"Blocked by conflict_status = unresolved. 11/29 = 37.93%, matching the printed 37.9."
jirapramukpitak2022_early_t12m_paidany,jirapramukpitak2022,bangkok_licm,early,,12,since_baseline,,,paid_any,"Employment was defined as respondents' reporting of 12-month personal earnings before taxes (counting only wages and other stipends from employment and excluding pensions, investments, or other financial assistance). The presence of such earnings was classified as being employed. | Table S3 'Information on employment and service use at one-year post-baseline period', Early stage (n=372), Employment Yes, Total column: 146 (39.3%).",reported,period_prevalence,12,146,372,372,,372,372,outcome_observed,complete_case,"Additional file 1, Table S3 'Information on employment and service use at one-year post-baseline period', Early stage panel, Employment row, Total column; stratum size 372 corroborated in the article at Table 2, row 'Number of past psychotic relapse, <=1 (early stage)', p. 7, and in Table 3's 'Early stage (n = 372)' column heading, p. 8; construct at Materials and methods, Outcome variables, p. 5",,,,,,,none,,,,,,,,,,,,,193,372,"TRIAGE FIGURE 146/372 VERIFIED against Table S3 itself, not against the manifest. Table S3 is in Additional file 1, which is NOT part of the article PDF and is not in dissertation_shared_folder/supplements/; it was retrieved during this extraction from the publisher CDN and every cell was read from it (see the report row for the URL and hash). The cell reconciles four ways: the early-stage panel prints Employment No 206 non-LICM, 20 LICM, 226 total and Employment Yes 140, 6, 146, so 140 + 6 = 146, 206 + 20 = 226, and 146 + 226 = 372, which is exactly the stratum size printed in the article. The printed 39.3% matches 146/372 = 39.25%. THE OUTCOME IS PERIOD PREVALENCE over a twelve-month earnings window, so it goes to the separate period-prevalence synthesis and not the primary point-prevalence pool, whatever else it satisfies. THE DENOMINATOR IS COMPLETE: the Yes and No cells sum to the full stratum, so employment status was recorded for every participant, including the eight who died during follow-up, whose information was supplied by legally authorised representatives ('LARs also gave consent to participate and provided information on behalf of the participants later in the study period if they were unable to do so for other reasons such as worsening symptoms, being hospitalized or death'). A decedent counted as not employed is a defensible but consequential choice and is flagged in inconsistencies.md I8. THE WHOLE-COHORT COUNT IS NOT RECORDED: 146 + 43 = 189 over 372 + 177 = 549 is exact and the strata are a mutually exclusive and exhaustive partition of the recruited cohort, but the two components sit on different arm_ids and different denominators, which D12.2 and the validator both forbid for a named-component derivation. See unresolved_queries.md U9. Baseline employment 193 of 372 is read from Table S2 (186 non-LICM plus 7 LICM), whose cells reconcile to the same stratum size."
jirapramukpitak2022_later_t12m_paidany,jirapramukpitak2022,bangkok_licm,later,,12,since_baseline,,,paid_any,"Employment was defined as respondents' reporting of 12-month personal earnings before taxes (counting only wages and other stipends from employment and excluding pensions, investments, or other financial assistance). The presence of such earnings was classified as being employed. | Table S3, Later stage (n=177), Employment Yes, Total column: 43 (24.3%).",reported,period_prevalence,12,43,177,177,,177,177,outcome_observed,complete_case,"Additional file 1, Table S3, Later stage panel, Employment row, Total column; stratum size 177 corroborated at Table 2, row 'Number of past psychotic relapse, >1 (later stage)', p. 7, and Table 3's 'Later stage (n = 177)' column heading, p. 8",,,,,,,none,,,,,,,,,,,,,59,177,"TRIAGE FIGURE 43/177 VERIFIED against Table S3. The later-stage panel prints Employment No 103 non-LICM, 31 LICM, 134 total and Employment Yes 36, 7, 43, so 36 + 7 = 43, 103 + 31 = 134, and 43 + 134 = 177, the printed stratum size. 43/177 = 24.29%, matching the printed 24.3%. Period prevalence over a twelve-month earnings window. Baseline employment 59 of 177 from Table S2 (51 non-LICM plus 8 LICM)."
jirapramukpitak2022_earlynonlicm_t12m_paidany,jirapramukpitak2022,bangkok_licm,early_nonlicm,,12,since_baseline,,,paid_any,"Employment was defined as respondents' reporting of 12-month personal earnings before taxes (counting only wages and other stipends from employment and excluding pensions, investments, or other financial assistance). The presence of such earnings was classified as being employed. | Table S3, Early stage, Non-LICM, Employment Yes: 140 (40.5%).",reported,period_prevalence,12,140,346,346,,346,346,outcome_observed,complete_case,"Additional file 1, Table S3, Early stage panel, Non-LICM column, Employment row; group size 346 corroborated at Table 2, row 'Number of past psychotic relapse', Non-LICM column, p. 7",,,,,,,none,,,,,,,,,,,,,186,346,"140/346 = 40.46%, matching the printed 40.5%. The comparison against early_licm is NOT randomised: LICM attendance was decided by the programme on symptoms, adherence, problem behaviours and family support, and the two groups differ sharply at baseline, so this row is appraised with ROBINS-I. The article's own effect estimate for this stratum is an AIPW average treatment effect of 0.10 (95% CI 0.05-0.14, p < 0.001) with potential outcome means of 0.40 non-LICM and 0.49 LICM; those POMs are model predictions and must not be read as observed proportions, which is why the counts here come from Table S3 instead."
jirapramukpitak2022_earlylicm_t12m_paidany,jirapramukpitak2022,bangkok_licm,early_licm,,12,since_baseline,,,paid_any,"Employment was defined as respondents' reporting of 12-month personal earnings before taxes ... The presence of such earnings was classified as being employed. | Table S3, Early stage, LICM, Employment Yes: 6 (23.1%).",reported,period_prevalence,12,6,26,26,,26,26,outcome_observed,complete_case,"Additional file 1, Table S3, Early stage panel, LICM column, Employment row; group size 26 corroborated at Table 2, row 'Number of past psychotic relapse', LICM column, p. 7",,,,,,,none,,,,,,,,,,,,,7,26,"6/26 = 23.08%, matching the printed 23.1%. A very small arm: 26 early-stage participants attended LICM. Baseline employment in this arm was 7 of 26 (26.9%) against 186 of 346 (53.8%) in the non-LICM comparison, so the crude one-year figures are not comparable without the propensity adjustment the authors applied."
jirapramukpitak2022_laternonlicm_t12m_paidany,jirapramukpitak2022,bangkok_licm,later_nonlicm,,12,since_baseline,,,paid_any,"Employment was defined as respondents' reporting of 12-month personal earnings before taxes ... The presence of such earnings was classified as being employed. | Table S3, Later stage, Non-LICM, Employment Yes: 36 (25.9%).",reported,period_prevalence,12,36,139,139,,139,139,outcome_observed,complete_case,"Additional file 1, Table S3, Later stage panel, Non-LICM column, Employment row; group size 139 corroborated at Table 2, row 'Number of past psychotic relapse', Non-LICM column, p. 7",,,,,,,none,,,,,,,,,,,,,51,139,"36/139 = 25.90%, matching the printed 25.9%. The article's AIPW average treatment effect for this stratum is -0.02 (95% CI -0.19 to 0.15, p = 0.826)."
jirapramukpitak2022_laterlicm_t12m_paidany,jirapramukpitak2022,bangkok_licm,later_licm,,12,since_baseline,,,paid_any,"Employment was defined as respondents' reporting of 12-month personal earnings before taxes ... The presence of such earnings was classified as being employed. | Table S3, Later stage, LICM, Employment Yes: 7 (18.4%).",reported,period_prevalence,12,7,38,38,,38,38,outcome_observed,complete_case,"Additional file 1, Table S3, Later stage panel, LICM column, Employment row; group size 38 corroborated at Table 2, row 'Number of past psychotic relapse', LICM column, p. 7",,,,,,,none,,,,,,,,,,,,,8,38,"7/38 = 18.42%, matching the printed 18.4%. Baseline employment in this arm was 8 of 38 (21.1%)."
khare2021_cohort_t12m_paidany_workboth,khare2021,pune_private,cohort,analysed_456,12,since_baseline,,,paid_any,"""Working at both assessments"" (Table 1 row label). Construct definition: ""Current work status was coded as working or not working.""",component_only,point_prevalence,,257,456,,,,,outcome_observed,complete_case,"Methods 2.3.2 Current work status, p. 473; Results 3.1 Consistency in work status, p. 474; Table 1, p. 475",,,,,,,none,,,,,,,,,,,,,,,"COMPONENT ONLY, never enters any pool. One of the two printed cells that together make up the number working at the 12-month follow-up. 257 of 456 (56.4 per cent) were working at BOTH baseline and follow-up."
khare2021_cohort_t12m_paidany_newjob,khare2021,pune_private,cohort,analysed_456,12,since_baseline,,,paid_any,"""30 (6.6%) were not working at baseline but were employed at follow-up"". Construct definition: ""Current work status was coded as working or not working.""",component_only,point_prevalence,,30,456,,,,,outcome_observed,complete_case,"Methods 2.3.2 Current work status, p. 473; Results 3.1 Consistency in work status, p. 474; Table 1, p. 475",,,,,,,none,,,,,,,,,,,,,,,"COMPONENT ONLY, never enters any pool. The second of the two printed cells that make up the number working at the 12-month follow-up."
khare2021_cohort_t12m_paidany,khare2021,pune_private,cohort,analysed_456,12,since_baseline,,,paid_any,"""Current work status was coded as working or not working. Information about current job was obtained, including title, employer, duties, hours worked/week, and monthly earnings."" Cells summed: ""Of the 456 participants, 257 (56.4%) were working at both assessments, 148 (32.4%) were not working at either assessment, 21 (4.6%) were working at baseline but not follow-up, and 30 (6.6%) were not working at baseline but were employed at follow-up.""",derived,point_prevalence,,287,456,459,,550,,outcome_observed,complete_case,"Methods 2.3.2 Current work status, p. 473; Results 3.1 Consistency in work status, p. 474; Table 1, p. 475",khare2021_cohort_t12m_paidany_workboth;khare2021_cohort_t12m_paidany_newjob,"Results 3.1 (p. 474) partitions all 456 analysed participants into four printed, mutually exclusive and exhaustive cells: working at both assessments 257, not working at either 148, working at baseline but not at follow-up 21, not working at baseline but employed at follow-up 30. 257+148+21+30 = 456 exactly, and each cell's printed percentage reproduces on 456 (56.4, 32.4, 4.6, 6.6, summing to 100.0). Working at the 12-month follow-up is exactly the union of the two cells that are working at follow-up: 257 + 30 = 287 of 456. Table 1 (p. 475) corroborates the partition by urban/rural: not working at both 148 = 112+36, working at either 51 = 35+16, working at both 257 = 125+132, and 272+184 = 456. The 51 in Table 1's 'working at either assessment' row equals the 21+30 of the text. NO PERCENTAGE WAS BACK-CALCULATED: every input is a printed count. The abstract's 'over 60% employed at baseline and follow-up assessment' is consistent (287/456 = 62.9 per cent at follow-up; 278/456 = 61.0 per cent at baseline).",yes,yes,yes,,none,,,,,39.12,42.5,,,,,,,278,456,"ZERO SEPARABILITY: satisfied exactly. The two cells not summed (148 not working at either assessment, 21 working at baseline but not follow-up) are precisely the people NOT working at follow-up, so zero work at 12 months is fully separable from every cell containing work at 12 months. This is the opposite of the rautio2016 case in D12.3. | CHECKED_BY IS BLANK: no independent human has checked this arithmetic yet, which is Stage G's job. Recorded in unresolved_queries.md rather than filled with a placeholder. | CONSTRUCT CAVEAT, please read before pooling: the paper never states that all work counted was remunerated. Two things support paid_any. First, the analysis deliberately excluded the one participant 'working as a volunteer' and the two full-time students, so unpaid activity and education are not in the numerator. Second, monthly earnings were obtained for every worker. But the paper also says 'To calculate monthly income of participants working in family-run businesses who were not paid separate wages, total family income was divided by the number of family members working', and 97 of the 257 employed at both assessments worked for family (Table 1, p. 475), rising to 83 of 132 rural participants. Family-business work without separate wages is economically productive and income was attributed to it, but a reviewer who reads paid_any strictly as wages or salary received personally would code this unclear. Flagged in unresolved_queries.md. | DENOMINATORS: 550 entered at baseline; 459 (83.5 per cent) completed the follow-up interview; 3 of those 459 were removed from the analyses (2 full-time students, 1 volunteer), leaving 456. 137 follow-up interviews were by telephone rather than in person. | MODERATORS: mean_age 39.12 and perc_female 42.5 are on the 459 completers, NOT the 456 analysed, and the source prints only '57.5% were male', so perc_female is the complement of a printed percentage and no counts are recoverable; n_female is therefore left blank rather than reconstructed. n_employed_baseline 278 = 257+21 from the same printed partition, on the 456 denominator. perc_post_secondary is not recoverable: education appears only in Table 2 for the unemployed-at-baseline subgroup."
leighton2019_nationaleden_t12m_eet,leighton2019,national_eden,cohort,vocational_807,12,since_baseline,,,paid_or_education_or_training,"""vocational recovery, assessing whether participants were in employment, education, or training"". Corroborated in the Discussion: ""the criteria used in our analysis for recovery outcomes were much narrower and, for three of four measures, were based on point outcomes (GAF; employment, education, or training status; and QoL) at 1 year"". Table 1 row label: ""Vocational recovery"".",reported,point_prevalence,,436,807,,,1027,,outcome_observed,complete_case,"Table 1, p. e265; Results, p. e265; Methods, Outcome variables, p. e263; Discussion, p. e268",,,,,,,none,,,,,,,,,,,,,,,"CONSTRUCT: an EET composite naming employment, education AND training, so paid_or_education_or_training and NOT paid_any. The triage note's '436/807 at 12m; composite EET' is confirmed. No paid-work-only count is printed anywhere in the report, so nothing can be extracted for the primary pool from national_eden. | COUNTS: Table 1 prints '436/807 (54%)' under 'Training data (EDEN studies)'; 436/807 = 54.0 per cent, consistent. The Results state '807 (79%) of 1027 had complete vocational recovery outcome data'; 807/1027 = 78.6 per cent, consistent. Studies with missing outcome data were removed from the analysis, so 807 is an available-case denominator. | OPUS IS NOT EXTRACTED FROM THIS REPORT. leighton2019 also prints vocational recovery for opus_1998 (173/553) and for a pooled 'Scottish' sample (59/142). Both are external validation samples, recorded in report_cohort_map.csv as validation_sample with contributes_results=no, and neither has a result row here. See inconsistencies.md. | MODERATORS: none are recoverable. Baseline demographic and social comparisons are in the online appendix p 2, which is not part of the PDF held."
leighton2019b_crisp_t12m_eet,leighton2019b,crisp_glasgow,cohort,eet_75,12,since_baseline,,,paid_or_education_or_training,"""The one-year binary outcome measures included EET status at one-year"" (Methods, Predictor and outcome measures). Table 1 row label: ""Employment, Education or Training Status"". Abstract: ""predict employment, education or training (EET) status, and symptom remission in patients with first episode psychosis (FEP) at one-year"". The report gives no further operational definition of EET.",reported,point_prevalence,,32,75,,,83,,outcome_observed,complete_case,"Table 1, p. 6; Methods, Predictor and outcome measures, p. 4; Methods, Participants and study design, p. 3",,,,,,,none,,,,,25.22,,28,83,,28,80,,,,"CONSTRUCT: EET names employment, education AND training, so paid_or_education_or_training and NOT paid_any. Triage note '32/75 training; composite EET' confirmed, where 'training' meant the machine learning TRAINING dataset, not vocational training. No paid-work-only count is printed. | COUNTS: Table 1 prints '32 / 75 (43)'; 32/75 = 42.7 per cent, consistent. 75 of the 83 entered had the outcome; 'After excluding participants with missing outcomes, models were built on the training dataset'. Note that missing PREDICTORS were k-nearest-neighbour imputed but missing OUTCOMES were excluded, so 75 is a genuine observed-outcome denominator. | MODERATORS: mean_age 25.22 (SD 5.54) on all 83, 0 missing. n_female 28 of 83, 0 missing. n_post_secondary 28 = College 19 + University 9, on 80 (83 less 3 missing); the remaining categories are 'Before 16' 14, 'At 16' 17, '17 to 18' 21, and 14+17+21+19+9 = 80. perc_employed_baseline is deliberately BLANK: the only baseline vocational figure is 'Employment, Education or Training 45 (56)', an EET composite on a denominator of 81, which is not baseline paid employment and must not be typed into an employment field."
leighton2019b_gled_t12m_eet,leighton2019b,glasgow_edinburgh_2006,cohort,eet_67,12,since_baseline,,,paid_or_education_or_training,"""The one-year binary outcome measures included EET status at one-year"" (Methods, Predictor and outcome measures). Table 1 row label: ""Employment, Education or Training Status"". Abstract: ""predict employment, education or training (EET) status, and symptom remission in patients with first episode psychosis (FEP) at one-year"". The report gives no further operational definition of EET.",reported,point_prevalence,,27,67,,,79,,outcome_observed,complete_case,"Table 1, p. 6; Methods, Predictor and outcome measures, p. 4; Methods, Participants and study design, p. 4",,,,,,,none,,,,,24.64,,25,79,,18,71,,,,"SECOND COHORT of leighton2019b, given its own cohort_id under D12.5: 79 FEP patients recruited to a separate earlier study in NHS Glasgow and NHS Edinburgh between 1 September 2006 and 31 August 2009, different years and different health boards from CR:ISP. Coding it as a subgroup arm of crisp_glasgow would have merged two separately recruited samples. | COUNTS: Table 1 prints '27 / 67 (40)'; 27/67 = 40.3 per cent, consistent. | MODERATORS: mean_age 24.64 (SD 7.08) is on 76, since age has 3 missing of 79; the denominator differs from n_female_denominator 79 (0 missing) and from n_post_secondary_denominator 71 (8 missing), which is exactly why the schema gives each moderator its own denominator. n_post_secondary 18 = College 11 + University 7; 16+17+20+11+7 = 71. perc_employed_baseline left blank: the baseline figure is the EET composite 40 (52) on 77, not paid employment."
liangrong2021_cohort_t67m_paidany,liangrong2021,sunyatsen_guangzhou,cohort,followup_170,67,since_baseline_mean,,,paid_any,"""Occupational/educational status is defined and quantified as at school or employed, dropped out of school, or unemployed."" Table 4 row: ""Employed 70 (41.2)"", within ""Occupational/education status"".",reported,point_prevalence,,70,170,,,276,,outcome_observed,complete_case,"Table 4 Outcomes of COS, p. 6; Methods, Outcome Measures, p. 3; Table 2, p. 4 (length of follow-up); Results, Outcomes of COS, p. 5",,,,,,,none,,,,,,,88,170,,,,,,,"FOLLOW-UP BASIS, the decision that matters most here. The 67 months is 5.6 years, and 5.6 years is the MEDIAN length of follow-up over a range of 0.2 to 16.8 years (IQR 3.0 to 7.7), printed in Table 2 (p. 4) and in the Abstract. It is not an elapsed timepoint and it is barred from every landmark horizon under D12.3b. The vocabulary has no exact value for it, so the closest barring value is used and the gap is flagged: since_onset_mean is the only value whose definition covers 'a mean or median time ... across a cohort whose individual follow-ups differ', which is precisely what this is, but its anchor is illness onset whereas this cohort's anchor is first admission, so mean_years_since_onset is left BLANK rather than filled with a figure the paper does not give. calendar_end_common was considered and REFUTED: a shared end date is impossible against admissions running from January 2000 to December 2013 and a minimum follow-up of 0.2 years, so elapsed follow-up did not simply vary around one common endpoint. unclear was considered and rejected because the report does establish its anchor (patients were followed from first discharge) and prints the full range and interquartile range, so calling it unclear would misreport clear reporting as poor reporting, the error D12.8 exists to correct. A new followup_basis value analogous to calendar_end_common is proposed in unresolved_queries.md. Both since_onset_mean and unclear bar the horizon identically, so no result's eligibility turns on the choice. The report never states what ends an individual's follow-up, which is recorded against JBI item 7. | CONSTRUCT CAVEAT: the paper never defines 'employed' and never states that the work was remunerated, and the three categories are mutually exclusive, so anyone both at school and in paid work is counted under 'At school' and is invisible in the 70. In a cohort with a median age of 18 at the end of follow-up and 52.3 per cent still at school, part-time student employment could be material, so 70 is best read as employment as a primary activity and may understate any paid work. Recorded as paid_any because 'employed' is the paper's own word and the alternative categories are explicitly 'dropped out of school or unemployed', but flagged in unresolved_queries.md. | ARITHMETIC: Table 4 is internally consistent throughout. 89+70 = 159 'at school or employed'; 159+11 = 170; every printed percentage reproduces on 170 (52.3, 41.2, 93.5, 6.5). | ATTRITION: 170 of 276 followed up (61.6 per cent); the 106 excluded for failure to return, only short-term follow-up, absent outcome information, or a changed diagnosis were compared with completers on only three variables. | MODERATORS: n_female 88 of 170. mean_age is BLANK because the paper reports only medians: age at first onset 13 (IQR 12-13), age at first admission 14 (13-14), age at end of follow-up 18 (range 7-30). measurement_age_years is blank for the same reason; 18 is a median, not a fixed measurement age."
liangrong2021_cohort_t67m_paidoredu,liangrong2021,sunyatsen_guangzhou,cohort,followup_170,67,since_baseline_mean,,,paid_or_education,"""Occupational/educational status is defined and quantified as at school or employed, dropped out of school, or unemployed."" Table 4 row: ""At school or employed 159 (93.5)"". Results: ""Most patients (93.5%) were at school or employed.""",reported,point_prevalence,,159,170,,,276,,outcome_observed,complete_case,"Table 4 Outcomes of COS, p. 6; Methods, Outcome Measures, p. 3; Table 2, p. 4 (length of follow-up); Results, Outcomes of COS, p. 5",,,,,,,none,,,,,,,88,170,,,,,,,"Composite of paid work and education. paid_or_education rather than paid_or_education_or_training because the source names school and employment only and never mentions training. Never enters the primary pool. Printed directly as 159 (93.5 per cent) and equal to the sum of its two printed parts (89+70), so no derivation is needed. FOLLOW-UP BASIS, the decision that matters most here. The 67 months is 5.6 years, and 5.6 years is the MEDIAN length of follow-up over a range of 0.2 to 16.8 years (IQR 3.0 to 7.7), printed in Table 2 (p. 4) and in the Abstract. It is not an elapsed timepoint and it is barred from every landmark horizon under D12.3b. The vocabulary has no exact value for it, so the closest barring value is used and the gap is flagged: since_onset_mean is the only value whose definition covers 'a mean or median time ... across a cohort whose individual follow-ups differ', which is precisely what this is, but its anchor is illness onset whereas this cohort's anchor is first admission, so mean_years_since_onset is left BLANK rather than filled with a figure the paper does not give. calendar_end_common was considered and REFUTED: a shared end date is impossible against admissions running from January 2000 to December 2013 and a minimum follow-up of 0.2 years, so elapsed follow-up did not simply vary around one common endpoint. unclear was considered and rejected because the report does establish its anchor (patients were followed from first discharge) and prints the full range and interquartile range, so calling it unclear would misreport clear reporting as poor reporting, the error D12.8 exists to correct. A new followup_basis value analogous to calendar_end_common is proposed in unresolved_queries.md. Both since_onset_mean and unclear bar the horizon identically, so no result's eligibility turns on the choice. The report never states what ends an individual's follow-up, which is recorded against JBI item 7."
liangrong2021_cohort_t67m_edu,liangrong2021,sunyatsen_guangzhou,cohort,followup_170,67,since_baseline_mean,,,education_only,"""Occupational/educational status is defined and quantified as at school or employed, dropped out of school, or unemployed."" Table 4 row: ""At school 89 (52.3)"". Results: ""Among the 89 patients at school, four were studying for a master's degree, and two were studying in the United States.""",reported,point_prevalence,,89,170,,,276,,outcome_observed,complete_case,"Table 4 Outcomes of COS, p. 6; Methods, Outcome Measures, p. 3; Table 2, p. 4 (length of follow-up); Results, Outcomes of COS, p. 5",,,,,,,none,,,,,,,88,170,,,,,,,"Education separable from employment because the source's categories are mutually exclusive: 'At school' 89 and 'Employed' 70 are printed as distinct rows. Recorded so the education outcome is not lost, and it is the mirror of the caveat on the paid_any row: whichever way a student in paid work was classified, these two rows move in opposite directions. FOLLOW-UP BASIS, the decision that matters most here. The 67 months is 5.6 years, and 5.6 years is the MEDIAN length of follow-up over a range of 0.2 to 16.8 years (IQR 3.0 to 7.7), printed in Table 2 (p. 4) and in the Abstract. It is not an elapsed timepoint and it is barred from every landmark horizon under D12.3b. The vocabulary has no exact value for it, so the closest barring value is used and the gap is flagged: since_onset_mean is the only value whose definition covers 'a mean or median time ... across a cohort whose individual follow-ups differ', which is precisely what this is, but its anchor is illness onset whereas this cohort's anchor is first admission, so mean_years_since_onset is left BLANK rather than filled with a figure the paper does not give. calendar_end_common was considered and REFUTED: a shared end date is impossible against admissions running from January 2000 to December 2013 and a minimum follow-up of 0.2 years, so elapsed follow-up did not simply vary around one common endpoint. unclear was considered and rejected because the report does establish its anchor (patients were followed from first discharge) and prints the full range and interquartile range, so calling it unclear would misreport clear reporting as poor reporting, the error D12.8 exists to correct. A new followup_basis value analogous to calendar_end_common is proposed in unresolved_queries.md. Both since_onset_mean and unclear bar the horizon identically, so no result's eligibility turns on the choice. The report never states what ends an individual's follow-up, which is recorded against JBI item 7."
lindgren2020_cohort_t12m_paidoredu,lindgren2020,helsinki_eps,cohort,occ_53,12,since_baseline,,,paid_or_education,"""Occupational status after 1 year was based on a self-report and case records, and was defined as working (full-time or part-time work) or studying and not being on sick leave (yes/no) at the time of the 1-year interview."" Table 1 row label: ""Working or studying"".",reported,point_prevalence,,26,53,54,,,,outcome_observed,complete_case,"Table 1, p. 4; Methods, Participants and outcome definitions, p. 3; Results, p. 3",,,,,,,none,,,,,26.7,,24,54,,,,,,,"CONSTRUCT: a COMPOSITE, confirmed. 'working (full-time or part-time work) or studying' names work and education but not training, so paid_or_education, not paid_or_education_or_training and certainly not paid_any. It never enters the primary pool. The definition also carries an unusual extra condition, 'and not being on sick leave', which removes people who hold a job but are signed off from it, so the composite is narrower than work-or-study alone in one direction and broader in another. No paid-work-only count is printed anywhere in the report. | COUNTS: Table 1 prints 'Working or studying 26/53 (49.1%)'; 26/53 = 49.1 per cent, consistent. This row's arithmetic checks out even though a neighbouring row in the same table does not, see inconsistencies.md. | TIMEPOINT: 12 months from cohort entry. The study protocol 'included follow-ups after 2 and 12 months', and the outcome is measured 'at the time of the 1-year interview'. The paper's own analytical baseline is the 2-month assessment, so the interval between the paper's two assessments is 10 months, but elapsed time since first psychiatric treatment contact, which is cohort entry, is 12 months. Either reading falls in the 9 to 18 month window and 12 is the honest figure. | DENOMINATORS: n_entered is BLANK because the size of the recruited Helsinki Early Psychosis Study cohort is never printed. Baseline cognitive testing data were available for 67, and 54 had both baseline cognitive and 1-year clinical data; the 54 is therefore itself a data-availability subset of an unstated whole, which limits the SAP section 6 bounding analyses. Small sample confirmed. | MODERATORS: mean_age 26.7 (SD 5.5) and n_female 24 of 54 are on the 54-patient Table 1 sample, one more than the 53 in the outcome denominator. perc_post_secondary is not recoverable: education is reported only as mean years, 14.5 (SD 3.4). perc_employed_baseline is not reported at all. | DIAGNOSIS: schizophrenia spectrum 32 (59.3 per cent), affective psychosis 12 (22.2), other psychotic disorder 10 (18.5); all 54 are first-episode psychosis, so 100 per cent carry a qualifying diagnosis under SAP section 7."
luo2019_act_t12m_paidany,luo2019,changsha_act_rct,act,mitt_30,12,since_baseline,,,paid_any,"""Re-employment days. Number of days of any form of paid employment, whether temporary or regular over the 12-months."" Result sentence: ""Ten patients in the ACT group and one patient in the control group returned to wage-earning employment (four patients in the ACT group got competitive employment and other six were in transitional employment) over the 12-month follow-up"".",reported,any_time_during_followup,12,10,30,,,30,,outcome_observed,complete_case,"Results, Occurrence, duration, and timing of hospital admission, relapse, and re-employment, p. 975; Methods, Study outcomes and data collection, p. 972; Abstract, p. 969",,,,,,,none,,,,,29.2,,9,30,,,,,,,"NEAR-ZERO CELL, recorded exactly as printed with NO continuity correction: 10 of 30 in the ACT arm against 1 of 28 in the control arm. Applying a correction is the analysis's job, not the extractor's. Printed percentages reproduce: 10/30 = 33.3 per cent and 1/28 = 3.6 per cent. | ASCERTAINMENT IS any_time_during_followup, NOT point prevalence. This corrects the triage framing. The counts are of patients who 'returned to wage-earning employment ... over the 12-month follow-up', that is cumulative employment attainment at any time in the window, confirmed by the Kaplan-Meier analysis of time to first re-employment 'censored at 365 days if the event did not occur during the full 12 months of follow-up'. No employment status at the 12-month timepoint is printed for either arm. Under SAP section 3.3 this is a separate cumulative-attainment estimand and is excluded from both the point-prevalence and the period-prevalence syntheses. | ALLOCATED ARM, not a whole cohort. No arm_type=cohort row is created for changsha_act_rct, for three independent reasons: the ACT intervention was employment-targeted (the team included 'a part-time employment specialist' and the services included 'setting goals for employment'), which fails the SAP section 2.1 safeguard on its own; the ascertainment is cumulative rather than point prevalence; and the two arms sit on different denominators, 30 and 28. | CONSTRUCT: 'any form of paid employment, whether temporary or regular' and 'wage-earning employment' is a clean paid_any definition, wider than competitive employment and explicitly remunerated. | The ACT arm's 10 splits into the two printed sub-counts recorded as luo2019_act_t12m_paidcomp (4 competitive) and luo2019_act_t12m_transitional (6 transitional); 4+6 = 10. They are not named as derivation components because 10 is itself printed, so this row is reported and not derived. | MODERATORS: mean_age 29.2 (SD 4.3), n_female 9 of 30. Table 1 also prints 'Previous work experience: Never 14 (46.7%), Ever 16 (53.3%)', which is lifetime work history and NOT baseline employment, so perc_employed_baseline is left blank. Baseline employment status is never printed for either arm, which is also why the cohort's employment selection is coded unclear."
luo2019_tau_t12m_paidany,luo2019,changsha_act_rct,tau,mitt_28,12,since_baseline,,,paid_any,"""Re-employment days. Number of days of any form of paid employment, whether temporary or regular over the 12-months."" Result sentence: ""Ten patients in the ACT group and one patient in the control group returned to wage-earning employment (four patients in the ACT group got competitive employment and other six were in transitional employment) over the 12-month follow-up"".",reported,any_time_during_followup,12,1,28,,,30,,outcome_observed,complete_case,"Results, Occurrence, duration, and timing of hospital admission, relapse, and re-employment, p. 975; Methods, Study outcomes and data collection, p. 972; Abstract, p. 969",,,,,,,none,,,,,30.2,,10,30,,,,,,,"Control arm, treatment as usual under the national '686 program'. 1 of 28 re-employed at any time in the 12 months; 1/28 = 3.6 per cent, matching the printed figure. Recorded as printed, no continuity correction. | ASCERTAINMENT IS any_time_during_followup, NOT point prevalence. This corrects the triage framing. The counts are of patients who 'returned to wage-earning employment ... over the 12-month follow-up', that is cumulative employment attainment at any time in the window, confirmed by the Kaplan-Meier analysis of time to first re-employment 'censored at 365 days if the event did not occur during the full 12 months of follow-up'. No employment status at the 12-month timepoint is printed for either arm. Under SAP section 3.3 this is a separate cumulative-attainment estimand and is excluded from both the point-prevalence and the period-prevalence syntheses. | DENOMINATOR: 30 randomised, 28 in the modified intention-to-treat analysis. 'Of the 30 controls, 26 completed the study, one could not be located after the baseline assessment, one moved out of the district after the baseline assessment, and two could not be contacted after the 9-month assessment. The two patients who were not follow-up right after baseline were not included in the modified intent-to-treat outcome analyses. For the two participants who were lost after the 9-month assessment, they are included in the analyses ... Their data for the 12-month were regarded as missing.' So 2 of the 28 in this denominator were observed for only 9 of the 12 months, which matters for a cumulative outcome: the 12-month at-any-time denominator is not fully observed for them. Every one of the four losses is in this arm; the ACT arm had none. | MODERATORS: mean_age 30.2 (SD 7.0), n_female 10 of 30, both on the 30 randomised rather than the 28 analysed, since Table 1 reports the randomised groups."
luo2019_act_t12m_paidcomp,luo2019,changsha_act_rct,act,mitt_30,12,since_baseline,,,paid_competitive,"""four patients in the ACT group got competitive employment"", within ""returned to wage-earning employment ... over the 12-month follow-up"".",reported,any_time_during_followup,12,4,30,,,30,,outcome_observed,complete_case,"Results, Occurrence, duration, and timing of hospital admission, relapse, and re-employment, p. 975; Methods, Study outcomes and data collection, p. 972; Abstract, p. 969",,,,,,,none,,,,,,,,,,,,,,,"Sub-count of the ACT arm's 10 re-employed. Kept as a reported result in the competitive-employment family under D12.2, since being used as a component is a relationship and not a property. It must NEVER substitute for paid_any: doing so would replace 10 with 4 while keeping the paid label. | NO RANDOMISED COMPARISON EXISTS for this sub-construct: the control arm's single re-employed patient is not broken down by employment type, so the 4 is descriptive only. | ASCERTAINMENT IS any_time_during_followup, NOT point prevalence. This corrects the triage framing. The counts are of patients who 'returned to wage-earning employment ... over the 12-month follow-up', that is cumulative employment attainment at any time in the window, confirmed by the Kaplan-Meier analysis of time to first re-employment 'censored at 365 days if the event did not occur during the full 12 months of follow-up'. No employment status at the 12-month timepoint is printed for either arm. Under SAP section 3.3 this is a separate cumulative-attainment estimand and is excluded from both the point-prevalence and the period-prevalence syntheses."
luo2019_act_t12m_transitional,luo2019,changsha_act_rct,act,mitt_30,12,since_baseline,,,unclear,"""other six were in transitional employment"", within ""returned to wage-earning employment ... over the 12-month follow-up"".",reported,any_time_during_followup,12,6,30,,,30,,outcome_observed,complete_case,"Results, Occurrence, duration, and timing of hospital admission, relapse, and re-employment, p. 975; Methods, Study outcomes and data collection, p. 972; Abstract, p. 969",,,,,,,none,,,,,,,,,,,,,,,"CONSTRUCT unclear, deliberately. 'Transitional employment' is never defined in the report. It is paid, since all 10 'returned to wage-earning employment', but the report does not establish whether the jobs were in the open labour market or in reserved or segregated placements, and the codebook requires unclear where the labour-market setting is not established rather than a guess at paid_sheltered_noncompetitive. Support does not by itself make a job sheltered. | Sub-count of the ACT arm's 10; 4 competitive + 6 transitional = 10. No control-arm counterpart is printed. | ASCERTAINMENT IS any_time_during_followup, NOT point prevalence. This corrects the triage framing. The counts are of patients who 'returned to wage-earning employment ... over the 12-month follow-up', that is cumulative employment attainment at any time in the window, confirmed by the Kaplan-Meier analysis of time to first re-employment 'censored at 365 days if the event did not occur during the full 12 months of follow-up'. No employment status at the 12-month timepoint is printed for either arm. Under SAP section 3.3 this is a separate cumulative-attainment estimand and is excluded from both the point-prevalence and the period-prevalence syntheses."
maguire2021_migrants_discharge_paidoreduc,maguire2021,eppic_melbourne_2011,migrants,,,calendar_end_common,,,paid_or_education,"Employed or studying at discharge [Table 3 row label]. Definition: 'Occupation at discharge was obtained from the discharge summary or progress notes for each young person. For the purposes of this study, being an engaged student or having regular employment made one eligible for the ""working or studying"" group. However, being school-aged but not attending was not considered to be studying.'",component_only,point_prevalence,,137,293,,,293,293,outcome_observed,not_stated,"Table 3 'Outcomes for migrants and Australian-born individuals', p. 1394; construct definition Methods, Study design & sources of information, p. 1391; Results, Functioning, p. 1395",,,,,,,resolved,"Table 3 (p. 1394) prints 'Employed or studying at discharge: Migrants 137, 46.8%'. The Results text on p. 1395 prints 'At the time of discharge, 47.3% of migrants were either working or studying compared to 50.6% of Australian-born young people'. 137/293 = 46.76 per cent, which rounds to Table 3's 46.8 and NOT to 47.3; 47.3 per cent of 293 would be 138.6 people. The Australian-born figure of 50.6 per cent agrees exactly between table and text (457/903 = 50.61), so this is not a systematic difference in what the two places report. CANDIDATE RESOLUTION, recorded but NOT applied: the text figure is a typographical error and Table 3's 137/293 is correct, which would make the whole-cohort count 594/1196. Under extraction_v3 rule 14 and D12.3d that is a reconstruction and not an authority, so the status stays unresolved pending an author reply; see unresolved_queries.md. //The discrepency between Table 3 and the Results section regarding percentages (46.8% vs 47.3%) has been resolved. Author confirms that 46.8% is accurate, thereby making the employment outcomes correct.",,,,20.2,,105,293,,,,,,,"First-generation migrants, i.e. born outside Australia. component_only: a post-hoc subgroup of one recruited cohort, split by country of birth. It cannot enter the prevalence estimand, which admits only a whole recruited cohort (SAP 2.1 and 5), and no intervention effect is at issue, so it has no analytical meaning of its own within this review; it exists here as a named component of the whole-cohort row. FOLLOW-UP BASIS, the decision the triage note asked for. Occupation is measured at DISCHARGE from the EPPIC service, and discharge timing varies by person: 'Young people attending the EPPIC service can receive up to 2 years of treatment with the Early Intervention service, unless they are aged less than 16 at the time of presentation, as in these cases, they can attend the service up until the age of 18' (p. 1390), and Table 3 prints a MEDIAN duration of care of 581 days (IQR 333-730) for migrants against 667 days (IQR 478-741) for Australian-born young people, with no whole-cohort figure at all. Those IQRs span roughly 11 to 24 months, i.e. both the 9-18 month and the 18-30 month landmark windows, which is the failure D12.8 names. followup_months is therefore left BLANK (no single elapsed follow-up exists for the cohort) and followup_basis = calendar_end_common. That value is used for its defining property, that every participant is followed from entry to one common END POINT so elapsed follow-up varies and the printed figure is a median; the end point here is service discharge rather than a shared calendar date, which is a slightly wider reading than the D12.8 wording but matches the use already made of the value for baltazar2022 in batch F06. `unclear` was considered and rejected under extraction_v3 rule 13: this report is entirely clear about what it measured, and coding it unclear would misreport it as poor reporting in the risk-of-bias and missing-evidence assessments. The vocabulary gap is raised in unresolved_queries.md."
maguire2021_ausborn_discharge_paidoreduc,maguire2021,eppic_melbourne_2011,australian_born,,,calendar_end_common,,,paid_or_education,"Employed or studying at discharge [Table 3 row label]. Definition: 'Occupation at discharge was obtained from the discharge summary or progress notes for each young person. For the purposes of this study, being an engaged student or having regular employment made one eligible for the ""working or studying"" group. However, being school-aged but not attending was not considered to be studying.'",component_only,point_prevalence,,457,903,,,903,903,outcome_observed,not_stated,"Table 3 'Outcomes for migrants and Australian-born individuals', p. 1394; construct definition Methods, Study design & sources of information, p. 1391; Results, Functioning, p. 1395",,,,,,,none,,,,,19.4,,391,903,,,,,,,"Australian-born young people. The authors state this group also contains second-generation migrants, because 'reliable information relating to the place of birth of parents could not be obtained'. Table 3's 457 and 50.6 per cent agree exactly with the text on p. 1395 (457/903 = 50.61), so this component carries no conflict of its own; the whole-cohort row is nevertheless blocked because its other component is contradicted. component_only for the same reason as the migrant row: a post-hoc subgroup of one recruited cohort enters no pool in this review."
maguire2021_cohort_discharge_paidoreduc,maguire2021,eppic_melbourne_2011,cohort,,,calendar_end_common,,,paid_or_education,"Employed or studying at discharge [Table 3 row label]. Definition: 'Occupation at discharge was obtained from the discharge summary or progress notes for each young person. For the purposes of this study, being an engaged student or having regular employment made one eligible for the ""working or studying"" group. However, being school-aged but not attending was not considered to be studying.'",derived,point_prevalence,,594,1196,,,1220,1196,outcome_observed,complete_case,"Table 3 'Outcomes for migrants and Australian-born individuals', p. 1394; construct definition Methods, Study design & sources of information, p. 1391; Results, Functioning, p. 1395",maguire2021_migrants_discharge_paidoreduc;maguire2021_ausborn_discharge_paidoreduc,"137 (migrants) + 457 (Australian-born) = 594 employed or studying at discharge, on 293 + 903 = 1196 with an observed status. Both numerators and both denominators are printed in Table 3, p. 1394 (the denominators as the bases of the printed 46.8 and 50.6 per cent, and corroborated by Table 1 where 188 + 105 = 293 migrants and 512 + 391 = 903 Australian-born by sex, and by the text's '24.5% (n = 293) of the cohort were first-generation migrants' against a complete-data total of 1196). Nothing is back-calculated from a percentage. The two groups are mutually exclusive by definition (born outside Australia against born in Australia) and exhaustive of the 1196 with a recorded place of birth; the 24 cases with missing place of birth are excluded from both and appear only in n_entered = 1220. derivation_component_result_ids is deliberately left BLANK even though the two component rows exist in this shard, and the reason is recorded rather than assumed: naming them was tried and Rscript R/01_validate_data.R rejected it with 'components disagree with the derived row on arm_id', because the codebook's component-linking constraints require components to share cohort_id, arm_id, followup_months, ascertainment and ascertainment_window_months AND to sit on one shared denominator. Those constraints were written for a within-arm category sum, such as adding intensity bands or job types measured on one arm. This is a different derivation shape: a PARTITION sum across two subgroup arms whose denominators, 293 and 903, are legitimately different and sum to the derived denominator of 1196. The component result_ids are maguire2021_migrants_discharge_paidoreduc and maguire2021_ausborn_discharge_paidoreduc, recorded here in prose so the arithmetic stays auditable. The schema gap is raised in unresolved_queries.md; the rule needs a partition case, and this row should be relinked once it has one.",yes,yes,,unchecked_pending_stage_g,resolved,"Inherited from the migrant component and therefore blocking this total. Table 3 (p. 1394) prints 'Employed or studying at discharge: Migrants 137, 46.8%'. The Results text on p. 1395 prints 'At the time of discharge, 47.3% of migrants were either working or studying compared to 50.6% of Australian-born young people'. 137/293 = 46.76 per cent, which rounds to Table 3's 46.8 and NOT to 47.3; 47.3 per cent of 293 would be 138.6 people. The Australian-born figure of 50.6 per cent agrees exactly between table and text (457/903 = 50.61), so this is not a systematic difference in what the two places report. CANDIDATE RESOLUTION, recorded but NOT applied: the text figure is a typographical error and Table 3's 137/293 is correct, which would make the whole-cohort count 594/1196. Under extraction_v3 rule 14 and D12.3d that is a reconstruction and not an authority, so the status stays unresolved pending an author reply; see unresolved_queries.md. //The discrepency between Table 3 and the Results section regarding percentages (46.8% vs 47.3%) has been resolved. Author confirms that 46.8% is accurate, thereby making the employment outcomes correct.",,,,19.6,,496,1196,,,,15.8,,,"WHOLE-COHORT WORK-OR-STUDY COMPOSITE. This is the report's only employment result and it is NOT paid_any: 'being an engaged student or having regular employment made one eligible for the ""working or studying"" group'. It names work and study and does NOT name training, so it is paid_or_education and not paid_or_education_or_training (D12.1). No paid-only numerator exists anywhere in the report, so a paid_any row is not recoverable and none is created. DENOMINATOR: n_outcome_observed = 1196 is recorded rather than left blank because the methods state the outcome was ascertained for everyone, 'Occupation at discharge was obtained from the discharge summary or progress notes for each young person', and because Table 3's employment row, unlike its four HoNOS rows, carries no reduced n; the HoNOS rows explicitly print n = 830, 839, 831 and 746, which shows the authors do report reduced denominators when they have them. The residual risk is recorded in the jbi5 and jbi9 risk-of-bias judgements. MODERATOR: perc_employed_baseline is typed as the source's printed 15.8 per cent rather than recorded as counts. The count 187 IS printed, but its denominator is not: the Employment block of Table 1 sums to 1183 rather than 1196, and one of its cells is printed garbled as 'Student not attending school 3.1 (37.4)' with the percentage and count run together, so establishing 1183 requires reconstruction. Under codebook rule 2 that denominator is left blank. Note also that this baseline variable is paid employment only (Employed 15.8 per cent is a separate row from Student 37.4 per cent), so it is NOT the same construct as the outcome composite. FOLLOW-UP BASIS, the decision the triage note asked for. Occupation is measured at DISCHARGE from the EPPIC service, and discharge timing varies by person: 'Young people attending the EPPIC service can receive up to 2 years of treatment with the Early Intervention service, unless they are aged less than 16 at the time of presentation, as in these cases, they can attend the service up until the age of 18' (p. 1390), and Table 3 prints a MEDIAN duration of care of 581 days (IQR 333-730) for migrants against 667 days (IQR 478-741) for Australian-born young people, with no whole-cohort figure at all. Those IQRs span roughly 11 to 24 months, i.e. both the 9-18 month and the 18-30 month landmark windows, which is the failure D12.8 names. followup_months is therefore left BLANK (no single elapsed follow-up exists for the cohort) and followup_basis = calendar_end_common. That value is used for its defining property, that every participant is followed from entry to one common END POINT so elapsed follow-up varies and the printed figure is a median; the end point here is service discharge rather than a shared calendar date, which is a slightly wider reading than the D12.8 wording but matches the use already made of the value for baltazar2022 in batch F06. `unclear` was considered and rejected under extraction_v3 rule 13: this report is entirely clear about what it measured, and coding it unclear would misreport it as poor reporting in the risk-of-bias and missing-evidence assessments. The vocabulary gap is raised in unresolved_queries.md."
martini2017_cohort_t18m_paidthreshold30d,martini2017,saopaulo_prevoc,cohort,,18,since_baseline,,,paid_intensity_threshold,"The sample was divided into two groups based on job acquisition: those who obtained any kind of paid work, either formal or informal, for at least 30 days (EG), n=19, and those who did not (UG), n=26. | 'baseline clinical and neuropsychological data were compared between those who worked for at least 1 month during the 18-month follow up (employed group [EG]) and those who did not (unemployed group [UG]) ... In the present study, job acquisition was defined as 1 month of employment'",reported,any_time_during_followup,18,19,45,,,53,53,outcome_observed,complete_case,"Materials and methods, Statistical analysis, p. 37 (EG n=19, UG n=26); Materials and methods, Study design, p. 37 ('Of the 53 participants, 45 were followed up for 18 months'); Results, Sociodemographic data, p. 38 ('A total of 45 patients completed the study; of those, 19 (35.8%) acquired a job'); Discussion, p. 39 ('35.8% of all individuals gaining some work experience during the follow-up period')",,,,,,,unresolved,"THREE incompatible denominators for the same 19 people. (1) The Results sentence on p. 38 reads 'A total of 45 patients completed the study; of those, 19 (35.8%) acquired a job', but 19/45 = 42.2 per cent, not 35.8. (2) 19/53 = 35.85 per cent, and the Discussion on p. 39 describes the same figure as '35.8% of all individuals', which points at the enrolled sample of 53 rather than the 45 followed. (3) The job-duration breakdown on p. 38 gives 'Three individuals remained employed for less than 6 months (6.8%); six (13.6%) remained employed between 6 and 12 months and 10 (22.7%) for more than 12 months', and 3, 6 and 10 sum to the same 19 while 3/44, 6/44 and 10/44 give exactly 6.8, 13.6 and 22.7 per cent, implying a THIRD base of 44. CANDIDATE RESOLUTION, recorded but NOT applied: the analysed denominator is 45 (19 + 26, both printed as group sizes and both used as the bases of Tables 1 and 2), the 35.8 per cent was computed on the enrolled 53, and 44 is a further error. Under extraction_v3 rule 14 and D12.3d that reconstruction is not an authority, so the status stays unresolved pending an author reply.",,,,34.23,,13,45,,15,45,,,,"CONSTRUCT. Not paid_any, despite the phrase 'any kind of paid work'. The measure adds an explicit duration threshold, 'for at least 30 days' within the 18-month window, and everyone who worked for fewer than 30 days is counted as unemployed. Under D12.3a a threshold-defined result is precisely defined and is recorded as paid_intensity_threshold, never as paid_any and never as a substitute for it, because excluding everyone below the threshold changes the numerator while keeping a paid-employment label. The threshold is recorded in outcome_verbatim as required. ASCERTAINMENT. any_time_during_followup, not point prevalence: the numerator counts anyone who worked at any point during the 18 months, which is cumulative employment attainment and is synthesised separately under SAP 3.3. The paper's only point-prevalence figure is the 7 of 19 still working at the end of the study, recorded as a separate component_only row. MODERATORS. mean_age 34.23 is the mean of the ENROLLED 53, the only mean the paper prints; the 45 analysed have group means of 33.26 and 34.54 which the paper does not combine, and no weighted mean is typed here. n_female = 13 and n_post_secondary = 15 are sums of printed Table 1 cells on the 45 (female 5 + 8; higher education 7 + 8), which is why their denominator is 45 and not 53. perc_employed_baseline is left blank: the paper reports previous work experience but no baseline current-employment count."
martini2017_egworked_t18m_paidany_retention,martini2017,saopaulo_prevoc,eg_worked,,18,since_baseline,,,paid_any,"At the end of the study, only 7 EG participants (36.8%) were still working. [EG membership definition: 'those who obtained any kind of paid work, either formal or informal, for at least 30 days']",component_only,point_prevalence,,7,19,,,19,19,outcome_observed,not_stated,"Discussion, p. 39; group size from Materials and methods, Statistical analysis, p. 37",,,,,,,none,,,,,33.26,,5,19,,7,19,,,,"JOB RETENTION, NOT A PREVALENCE. This is the only point-prevalence employment figure in the report, and it is recorded so that it is not lost, but it is component_only and enters no pool. Its denominator is the employed group, a subgroup defined BY the outcome: the 19 are exactly those who obtained paid work, so 7/19 is conditional on having worked and cannot estimate employment prevalence in the cohort. It is not extended to the full 45 either: the unemployed group is defined as not having worked for at least 30 days, which does not establish that none of them was working at month 18, so 7/45 would rest on an assumption the paper does not support and is NOT derived. 7/19 = 36.84 per cent, which matches the printed 36.8, so this row carries no conflict of its own, unlike the cohort row it sits inside."
mcgurk2016_evr_t36m_paidcomp,mcgurk2016,brooklyn_tsw_rct,evr,,36,since_baseline,,,paid_competitive,"Any competitive work (yes) [Table 3 row label, E-VR arm]. Definition: 'Competitive work was defined as jobs paying at least minimum wage, ""owned"" by the participant (as opposed to jobs contracted by the vocational agency), and not set aside for a person with a disability'",reported,any_time_during_followup,36,12,26,,,26,26,entered,not_stated,"Table 3 'Employment outcomes for individuals in the Enhanced Vocational Rehabilitation (E-VR) or Thinking Skills for Work (TSW) programs over 3 years for the full study sample', p. 54; construct definitions 1.2.1 Work and school activity, p. 50; Results, p. 53",,,,,,,unresolved,"Table 3 (p. 54) prints the E-VR cell as '12/26' beside '48%'. 12/26 = 46.15 per cent, which does not round to 48; 12/25 = 48.00 per cent exactly. A denominator of 25 for E-VR is not arbitrary: Table 1 (p. 51) reports 'Any competitive work past 5 years' for E-VR as 23 yes and 2 no, which sums to 25 rather than 26. Both E-VR employment cells (any competitive work and any paid work) print 12 against 48 per cent, so the discrepancy is systematic within the arm rather than a single rounding slip; every TSW cell is internally consistent (16/28 = 57.1, 17/28 = 60.7, 21/28 = 75.0). The Discussion compounds it: 'vocational outcomes were relatively good, with 54% of total sample obtaining competitive work and 67% involved in some work related activity over the course of the study' (p. 55), whereas the table counts give 12 + 16 = 28 of 54 = 51.9 per cent competitive and 13 + 21 = 34 of 54 = 63.0 per cent any work activity. CANDIDATE RESOLUTIONS, recorded but NOT applied: either the E-VR denominator is 25 and '/26' is the error, or the printed percentages are wrong and the counts stand. Choosing between them is a reconstruction, not an authority (extraction_v3 rule 14, D12.3d), so the status stays unresolved.",,,,39.04,,9,26,,,,,,,"Competitive work only. This is a paid-employment SUBTYPE and must not substitute for paid_any (SAP 3.1, extraction_v3 rule 5); the report gives a separate all-paid count, recorded as its own row. Ascertainment is cumulative over the whole three years, 'over the 3-year study', not status at 36 months, so it belongs to the cumulative-attainment synthesis and never to the point-prevalence pool. TRACKING COVERAGE. n_outcome_observed is set to the denominator Table 3 itself prints (12/26, 16/28 and so on), which is every randomised participant, but the paper also states 'Information on employment was available for all 54 participants (100%) during the 12 months of the study, for 52 (96%) participants in months 13-18, for 49 (88%) participants in months 19-24, for 46 (82%) participants in months 25-30, and for 42 (75%) participants in months 31-36' (1.2.1, p. 50). For a cumulative 'ever worked over three years' outcome, a quarter of the sample is therefore not observed for the final six months, which can only bias the numerator downwards. The paper states no handling method, so missing_data_method = not_stated and the issue is carried into the rob2_3_missing_outcome_data judgement rather than into a silent adjustment of the denominator."
mcgurk2016_evr_t36m_paidany,mcgurk2016,brooklyn_tsw_rct,evr,,36,since_baseline,,,paid_any,"Any paid work (yes) [Table 3 row label under the heading 'All paid employment', E-VR arm]. Scope: 'Information for all work, including competitive work, other paid work, and volunteer work, was tracked weekly for three years' ... 'Examples of non-competitive work activity of study participants included paid clerical training, stipend-supported distribution of advertisements for local companies, and enclave maintenance work'",reported,any_time_during_followup,36,12,26,,,26,26,entered,not_stated,"Table 3 'Employment outcomes for individuals in the Enhanced Vocational Rehabilitation (E-VR) or Thinking Skills for Work (TSW) programs over 3 years for the full study sample', p. 54; construct definitions 1.2.1 Work and school activity, p. 50; Results, p. 53",,,,,,,unresolved,"Table 3 (p. 54) prints the E-VR cell as '12/26' beside '48%'. 12/26 = 46.15 per cent, which does not round to 48; 12/25 = 48.00 per cent exactly. A denominator of 25 for E-VR is not arbitrary: Table 1 (p. 51) reports 'Any competitive work past 5 years' for E-VR as 23 yes and 2 no, which sums to 25 rather than 26. Both E-VR employment cells (any competitive work and any paid work) print 12 against 48 per cent, so the discrepancy is systematic within the arm rather than a single rounding slip; every TSW cell is internally consistent (16/28 = 57.1, 17/28 = 60.7, 21/28 = 75.0). The Discussion compounds it: 'vocational outcomes were relatively good, with 54% of total sample obtaining competitive work and 67% involved in some work related activity over the course of the study' (p. 55), whereas the table counts give 12 + 16 = 28 of 54 = 51.9 per cent competitive and 13 + 21 = 34 of 54 = 63.0 per cent any work activity. CANDIDATE RESOLUTIONS, recorded but NOT applied: either the E-VR denominator is 25 and '/26' is the error, or the printed percentages are wrong and the counts stand. Choosing between them is a reconstruction, not an authority (extraction_v3 rule 14, D12.3d), so the status stays unresolved.",,,,39.04,,9,26,,,,,,,"Genuinely any paid work: the report separates 'All paid employment' from 'Competitive employment' above it and from 'All work activity' below it, and names paid non-competitive examples, so this is the paid_any construct and not a competitive-only or sheltered-only subtype. It nevertheless CANNOT enter the primary pool, for three independent reasons: the cohort is employment-selected under D9; the ascertainment is cumulative over three years rather than point prevalence; and the row is an allocated trial arm, not a whole recruited cohort. The E-VR cells are additionally blocked by an unresolved contradiction; see conflict_note. TRACKING COVERAGE. n_outcome_observed is set to the denominator Table 3 itself prints (12/26, 16/28 and so on), which is every randomised participant, but the paper also states 'Information on employment was available for all 54 participants (100%) during the 12 months of the study, for 52 (96%) participants in months 13-18, for 49 (88%) participants in months 19-24, for 46 (82%) participants in months 25-30, and for 42 (75%) participants in months 31-36' (1.2.1, p. 50). For a cumulative 'ever worked over three years' outcome, a quarter of the sample is therefore not observed for the final six months, which can only bias the numerator downwards. The paper states no handling method, so missing_data_method = not_stated and the issue is carried into the rob2_3_missing_outcome_data judgement rather than into a silent adjustment of the denominator."
mcgurk2016_evr_t36m_vocact,mcgurk2016,brooklyn_tsw_rct,evr,,36,since_baseline,,,vocational_activity,"Any work activity (yes) [Table 3 row label under the heading 'All work activity', E-VR arm]. Scope: 'those in TSW were more likely to be engaged in any work activity, including paid or volunteer work'",reported,any_time_during_followup,36,13,26,,,26,26,entered,not_stated,"Table 3 'Employment outcomes for individuals in the Enhanced Vocational Rehabilitation (E-VR) or Thinking Skills for Work (TSW) programs over 3 years for the full study sample', p. 54; construct definitions 1.2.1 Work and school activity, p. 50; Results, p. 53",,,,,,,unresolved,"The Discussion states 'vocational outcomes were relatively good, with 54% of total sample obtaining competitive work and 67% involved in some work related activity over the course of the study' (p. 55). Table 3 (p. 54) gives 12 + 16 = 28 of 54 obtaining any competitive work, which is 51.9 per cent, and 13 + 21 = 34 of 54 engaging in any work activity, which is 63.0 per cent. Neither printed whole-sample percentage can be reproduced from the printed arm counts, so the source contradicts itself about how many people in this trial worked. CANDIDATE RESOLUTION, recorded but NOT applied: the Discussion percentages are loose and the Table 3 counts stand. That is a reconstruction and not an authority, so the status stays unresolved.",,,,39.04,,9,26,,,,,,,"vocational_activity, the broadest value: the composite explicitly includes unpaid volunteer work alongside paid work, so it is neither paid_any nor an education or training composite. Secondary or narrative only under SAP 3.2. Both arms are blocked because the Discussion's whole-sample figure of 67 per cent cannot be reproduced from 13 + 21 = 34 of 54 = 63.0 per cent. TRACKING COVERAGE. n_outcome_observed is set to the denominator Table 3 itself prints (12/26, 16/28 and so on), which is every randomised participant, but the paper also states 'Information on employment was available for all 54 participants (100%) during the 12 months of the study, for 52 (96%) participants in months 13-18, for 49 (88%) participants in months 19-24, for 46 (82%) participants in months 25-30, and for 42 (75%) participants in months 31-36' (1.2.1, p. 50). For a cumulative 'ever worked over three years' outcome, a quarter of the sample is therefore not observed for the final six months, which can only bias the numerator downwards. The paper states no handling method, so missing_data_method = not_stated and the issue is carried into the rob2_3_missing_outcome_data judgement rather than into a silent adjustment of the denominator."
mcgurk2016_tsw_t36m_paidcomp,mcgurk2016,brooklyn_tsw_rct,tsw,,36,since_baseline,,,paid_competitive,"Any competitive work (yes) [Table 3 row label, TSW arm]. Definition: 'Competitive work was defined as jobs paying at least minimum wage, ""owned"" by the participant (as opposed to jobs contracted by the vocational agency), and not set aside for a person with a disability'",reported,any_time_during_followup,36,16,28,,,28,28,entered,not_stated,"Table 3 'Employment outcomes for individuals in the Enhanced Vocational Rehabilitation (E-VR) or Thinking Skills for Work (TSW) programs over 3 years for the full study sample', p. 54; construct definitions 1.2.1 Work and school activity, p. 50; Results, p. 53",,,,,,,unresolved,"The Discussion states 'vocational outcomes were relatively good, with 54% of total sample obtaining competitive work and 67% involved in some work related activity over the course of the study' (p. 55). Table 3 (p. 54) gives 12 + 16 = 28 of 54 obtaining any competitive work, which is 51.9 per cent, and 13 + 21 = 34 of 54 engaging in any work activity, which is 63.0 per cent. Neither printed whole-sample percentage can be reproduced from the printed arm counts, so the source contradicts itself about how many people in this trial worked. CANDIDATE RESOLUTION, recorded but NOT applied: the Discussion percentages are loose and the Table 3 counts stand. That is a reconstruction and not an authority, so the status stays unresolved.",,,,36.43,,7,28,,,,,,,"Competitive work only. This is a paid-employment SUBTYPE and must not substitute for paid_any (SAP 3.1, extraction_v3 rule 5); the report gives a separate all-paid count, recorded as its own row. Ascertainment is cumulative over the whole three years, 'over the 3-year study', not status at 36 months, so it belongs to the cumulative-attainment synthesis and never to the point-prevalence pool. TRACKING COVERAGE. n_outcome_observed is set to the denominator Table 3 itself prints (12/26, 16/28 and so on), which is every randomised participant, but the paper also states 'Information on employment was available for all 54 participants (100%) during the 12 months of the study, for 52 (96%) participants in months 13-18, for 49 (88%) participants in months 19-24, for 46 (82%) participants in months 25-30, and for 42 (75%) participants in months 31-36' (1.2.1, p. 50). For a cumulative 'ever worked over three years' outcome, a quarter of the sample is therefore not observed for the final six months, which can only bias the numerator downwards. The paper states no handling method, so missing_data_method = not_stated and the issue is carried into the rob2_3_missing_outcome_data judgement rather than into a silent adjustment of the denominator."
mcgurk2016_tsw_t36m_paidany,mcgurk2016,brooklyn_tsw_rct,tsw,,36,since_baseline,,,paid_any,"Any paid work (yes) [Table 3 row label under the heading 'All paid employment', TSW arm]. Scope: 'Information for all work, including competitive work, other paid work, and volunteer work, was tracked weekly for three years' ... 'Examples of non-competitive work activity of study participants included paid clerical training, stipend-supported distribution of advertisements for local companies, and enclave maintenance work'",reported,any_time_during_followup,36,17,28,,,28,28,entered,not_stated,"Table 3 'Employment outcomes for individuals in the Enhanced Vocational Rehabilitation (E-VR) or Thinking Skills for Work (TSW) programs over 3 years for the full study sample', p. 54; construct definitions 1.2.1 Work and school activity, p. 50; Results, p. 53",,,,,,,none,,,,,36.43,,7,28,,,,,,,"Genuinely any paid work: the report separates 'All paid employment' from 'Competitive employment' above it and from 'All work activity' below it, and names paid non-competitive examples, so this is the paid_any construct and not a competitive-only or sheltered-only subtype. It nevertheless CANNOT enter the primary pool, for three independent reasons: the cohort is employment-selected under D9; the ascertainment is cumulative over three years rather than point prevalence; and the row is an allocated trial arm, not a whole recruited cohort. The TSW cells are internally consistent (17/28 = 60.7 per cent against a printed 61 per cent), and no whole-sample paid-work percentage is printed in the Discussion to contradict them, which is why this row is not blocked while its E-VR counterpart is. TRACKING COVERAGE. n_outcome_observed is set to the denominator Table 3 itself prints (12/26, 16/28 and so on), which is every randomised participant, but the paper also states 'Information on employment was available for all 54 participants (100%) during the 12 months of the study, for 52 (96%) participants in months 13-18, for 49 (88%) participants in months 19-24, for 46 (82%) participants in months 25-30, and for 42 (75%) participants in months 31-36' (1.2.1, p. 50). For a cumulative 'ever worked over three years' outcome, a quarter of the sample is therefore not observed for the final six months, which can only bias the numerator downwards. The paper states no handling method, so missing_data_method = not_stated and the issue is carried into the rob2_3_missing_outcome_data judgement rather than into a silent adjustment of the denominator."
mcgurk2016_tsw_t36m_vocact,mcgurk2016,brooklyn_tsw_rct,tsw,,36,since_baseline,,,vocational_activity,"Any work activity (yes) [Table 3 row label under the heading 'All work activity', TSW arm]. Scope: 'those in TSW were more likely to be engaged in any work activity, including paid or volunteer work'",reported,any_time_during_followup,36,21,28,,,28,28,entered,not_stated,"Table 3 'Employment outcomes for individuals in the Enhanced Vocational Rehabilitation (E-VR) or Thinking Skills for Work (TSW) programs over 3 years for the full study sample', p. 54; construct definitions 1.2.1 Work and school activity, p. 50; Results, p. 53",,,,,,,unresolved,"The Discussion states 'vocational outcomes were relatively good, with 54% of total sample obtaining competitive work and 67% involved in some work related activity over the course of the study' (p. 55). Table 3 (p. 54) gives 12 + 16 = 28 of 54 obtaining any competitive work, which is 51.9 per cent, and 13 + 21 = 34 of 54 engaging in any work activity, which is 63.0 per cent. Neither printed whole-sample percentage can be reproduced from the printed arm counts, so the source contradicts itself about how many people in this trial worked. CANDIDATE RESOLUTION, recorded but NOT applied: the Discussion percentages are loose and the Table 3 counts stand. That is a reconstruction and not an authority, so the status stays unresolved.",,,,36.43,,7,28,,,,,,,"vocational_activity, the broadest value: the composite explicitly includes unpaid volunteer work alongside paid work, so it is neither paid_any nor an education or training composite. Secondary or narrative only under SAP 3.2. Both arms are blocked because the Discussion's whole-sample figure of 67 per cent cannot be reproduced from 13 + 21 = 34 of 54 = 63.0 per cent. TRACKING COVERAGE. n_outcome_observed is set to the denominator Table 3 itself prints (12/26, 16/28 and so on), which is every randomised participant, but the paper also states 'Information on employment was available for all 54 participants (100%) during the 12 months of the study, for 52 (96%) participants in months 13-18, for 49 (88%) participants in months 19-24, for 46 (82%) participants in months 25-30, and for 42 (75%) participants in months 31-36' (1.2.1, p. 50). For a cumulative 'ever worked over three years' outcome, a quarter of the sample is therefore not observed for the final six months, which can only bias the numerator downwards. The paper states no handling method, so missing_data_method = not_stated and the issue is carried into the rob2_3_missing_outcome_data judgement rather than into a silent adjustment of the denominator."
mervis2017_ivip_t12m_unclear,mervis2017,institute_living_rct,ivip,,12,since_baseline,,,unclear,"At follow-up, the number of participants in supported employment was tallied as an external validator of IVIP's effects on real-world outcomes. | 'participation in IVIP would be associated with better critical steps towards functional improvement goals as measured by percentage of those who enrolled in supported employment (SE) by time of follow-up' | 'nearly half of the IVIP group went on to secure supported employment by follow-up (14 out of 29; 48%), compared to 17% of those in the SG condition (6 out of 35)' | 'There was no significant attrition in the IVIP group's supported employment enrollment status ... but there was a significant drop in the SG group's enrollment status'",reported,point_prevalence,,14,29,,,29,29,entered,not_stated,"Results, p. 132 ('14 out of 29; 48%' and '6 out of 35'); measure definition 2.5.1.3 Supported employment, p. 131; analysis plan 2.6, p. 131; arm sizes Table 1, p. 132",,,,,,,none,,,,,36.91,41,,,,,,,,,"Arithmetic checks out: 14/29 = 48.3 per cent and 6/35 = 17.1 per cent, both matching the printed 48 and 17, and 29 + 35 = 64 randomised. No conflict on this result. CONSTRUCT IS `unclear`, AND THAT IS THE FINDING. The report never establishes that the supported employment it counted is paid work. It gives no wage, no employer, no hours and no labour-market setting for the outcome, defines supported employment nowhere, and alternates between two different things: 'enrolled in supported employment' and 'supported employment enrollment status' describe entry to a SERVICE, while 'went on to secure supported employment' describes obtaining a JOB. SAP 3.1 excludes any activity for which remuneration or an employment relationship cannot be established, and the codebook is explicit that where a report does not establish the labour-market setting or the remuneration the value is `unclear` with the wording preserved. Coding it paid_competitive from the label alone would be the support-versus-setting error the vocabulary exists to stop, and coding it paid_any would put an unverified numerator into the primary construct. The one wage figure in the paper, 'Participants were paid $10 per hour worked', belongs to the four-month WORK THERAPY placement that BOTH arms received as a condition of entry, not to the supported-employment outcome, and that placement is itself described as 'not in conventionally competitive employment'. An author query is filed in unresolved_queries.md. ASCERTAINMENT is coded point_prevalence on the strength of the measures section, 'At follow-up, the number of participants in supported employment was tallied', and of the within-group McNemar tests, which compare enrolment status at two timepoints and therefore treat it as a status rather than as a cumulative event. The Results phrase 'by time of follow-up' points the other way and the ambiguity is recorded; it does not change eligibility, because the construct already blocks the row. MODERATORS: perc_female is typed from Table 1's printed 41 and 38 per cent because the source prints no female counts. perc_post_secondary is left blank: Table 1 gives mean YEARS of education (15.14 and 14.86), which is not a proportion with post-secondary education."
mervis2017_sg_t12m_unclear,mervis2017,institute_living_rct,sg,,12,since_baseline,,,unclear,"At follow-up, the number of participants in supported employment was tallied as an external validator of IVIP's effects on real-world outcomes. | 'participation in IVIP would be associated with better critical steps towards functional improvement goals as measured by percentage of those who enrolled in supported employment (SE) by time of follow-up' | 'nearly half of the IVIP group went on to secure supported employment by follow-up (14 out of 29; 48%), compared to 17% of those in the SG condition (6 out of 35)' | 'There was no significant attrition in the IVIP group's supported employment enrollment status ... but there was a significant drop in the SG group's enrollment status'",reported,point_prevalence,,6,35,,,35,35,entered,not_stated,"Results, p. 132 ('14 out of 29; 48%' and '6 out of 35'); measure definition 2.5.1.3 Supported employment, p. 131; analysis plan 2.6, p. 131; arm sizes Table 1, p. 132",,,,,,,none,,,,,35.28,38,,,,,,,,,"Arithmetic checks out: 14/29 = 48.3 per cent and 6/35 = 17.1 per cent, both matching the printed 48 and 17, and 29 + 35 = 64 randomised. No conflict on this result. CONSTRUCT IS `unclear`, AND THAT IS THE FINDING. The report never establishes that the supported employment it counted is paid work. It gives no wage, no employer, no hours and no labour-market setting for the outcome, defines supported employment nowhere, and alternates between two different things: 'enrolled in supported employment' and 'supported employment enrollment status' describe entry to a SERVICE, while 'went on to secure supported employment' describes obtaining a JOB. SAP 3.1 excludes any activity for which remuneration or an employment relationship cannot be established, and the codebook is explicit that where a report does not establish the labour-market setting or the remuneration the value is `unclear` with the wording preserved. Coding it paid_competitive from the label alone would be the support-versus-setting error the vocabulary exists to stop, and coding it paid_any would put an unverified numerator into the primary construct. The one wage figure in the paper, 'Participants were paid $10 per hour worked', belongs to the four-month WORK THERAPY placement that BOTH arms received as a condition of entry, not to the supported-employment outcome, and that placement is itself described as 'not in conventionally competitive employment'. An author query is filed in unresolved_queries.md. ASCERTAINMENT is coded point_prevalence on the strength of the measures section, 'At follow-up, the number of participants in supported employment was tallied', and of the within-group McNemar tests, which compare enrolment status at two timepoints and therefore treat it as a status rather than as a cumulative event. The Results phrase 'by time of follow-up' points the other way and the ambiguity is recorded; it does not change eligibility, because the construct already blocks the row. MODERATORS: perc_female is typed from Table 1's printed 41 and 38 per cent because the source prints no female counts. perc_post_secondary is left blank: Table 1 gives mean YEARS of education (15.14 and 14.86), which is not a proportion with post-secondary education."
moncrieff2025_relapsed_t24m_eet,moncrieff2025,radar_trial,relapsed,,24,since_baseline,,,paid_or_education_or_training,"Rate of employment, education and training [Table 2 row label]. Definition: 'employment status, categorised as being or not being in employment, education or training'",component_only,point_prevalence,,8,66,,,82,66,outcome_observed,complete_case,"Table 2 'Regression analysis of relationships between outcomes and occurrence of relapse', pp. 675-676; construct definition Method, p. 674; completion rates Results, p. 674; subgroup sizes Table 1, p. 675",,,,,,,unresolved,"The 190 participants with a 24-month employment, education and training status are split between the relapse groups in three mutually incompatible ways. (1) Table 2 (p. 676) prints 8/66 for those who relapsed and 30/124 for those who did not. (2) The Results text (p. 674) states 'Employment, education and training status was available for 70.7% of the participants who had relapsed and 77.2% of those who had not'; applied to the printed group sizes of 82 and 171 those give 58 and 132. (3) Table 4 (p. 676) reports employment-status change on 57 relapsers and 132 non-relapsers, total 189. The text percentages are not loose: the same sentence reproduces Table 2's MANSA denominators exactly (64.6 per cent of 82 = 53; 71.4 per cent of 171 = 122) and its PANSS denominators exactly (42.7 per cent of 82 = 35; 44.4 per cent of 171 = 76), so the method that generates 58 and 132 is demonstrably the method behind the other rows of the same table. Eight people are therefore attributed to the relapsed group in Table 2 that the text attributes to the non-relapsed group, which changes both printed rates (8/58 = 13.8 per cent rather than 12.1; 30/132 = 22.7 per cent rather than 24.2). CANDIDATE RESOLUTION, recorded but NOT applied: the group TOTAL is unaffected, because 66 + 124 = 58 + 132 = 190 and the numerators 8 + 30 = 38 either way, so the whole-cohort figure of 38/190 may well be correct even though the split is not. That is an inference about which of two printed splits is wrong and it is not an authority (extraction_v3 rule 14, D12.3d), and it does not establish that the numerators are correctly allocated either, so every row stays unresolved pending an author reply.",,,,44.25,,28,82,,,,,,,"Participants with at least one relapse of any severity during the trial. component_only: this is a POST-RANDOMISATION subgroup, defined by an event occurring after allocation, which SAP 2.1 explicitly bars from the prevalence estimand, and relapse is not randomised so it supports no randomised effect either. It exists here as a component of the whole-cohort total. n_outcome_observed is recorded as Table 2's printed 66 and NOT as the 58 implied by the Results text; the two are irreconcilable, which is why the row is blocked rather than adjusted."
moncrieff2025_notrelapsed_t24m_eet,moncrieff2025,radar_trial,not_relapsed,,24,since_baseline,,,paid_or_education_or_training,"Rate of employment, education and training [Table 2 row label]. Definition: 'employment status, categorised as being or not being in employment, education or training'",component_only,point_prevalence,,30,124,,,171,124,outcome_observed,complete_case,"Table 2 'Regression analysis of relationships between outcomes and occurrence of relapse', pp. 675-676; construct definition Method, p. 674; completion rates Results, p. 674; subgroup sizes Table 1, p. 675",,,,,,,unresolved,"The 190 participants with a 24-month employment, education and training status are split between the relapse groups in three mutually incompatible ways. (1) Table 2 (p. 676) prints 8/66 for those who relapsed and 30/124 for those who did not. (2) The Results text (p. 674) states 'Employment, education and training status was available for 70.7% of the participants who had relapsed and 77.2% of those who had not'; applied to the printed group sizes of 82 and 171 those give 58 and 132. (3) Table 4 (p. 676) reports employment-status change on 57 relapsers and 132 non-relapsers, total 189. The text percentages are not loose: the same sentence reproduces Table 2's MANSA denominators exactly (64.6 per cent of 82 = 53; 71.4 per cent of 171 = 122) and its PANSS denominators exactly (42.7 per cent of 82 = 35; 44.4 per cent of 171 = 76), so the method that generates 58 and 132 is demonstrably the method behind the other rows of the same table. Eight people are therefore attributed to the relapsed group in Table 2 that the text attributes to the non-relapsed group, which changes both printed rates (8/58 = 13.8 per cent rather than 12.1; 30/132 = 22.7 per cent rather than 24.2). CANDIDATE RESOLUTION, recorded but NOT applied: the group TOTAL is unaffected, because 66 + 124 = 58 + 132 = 190 and the numerators 8 + 30 = 38 either way, so the whole-cohort figure of 38/190 may well be correct even though the split is not. That is an inference about which of two printed splits is wrong and it is not an authority (extraction_v3 rule 14, D12.3d), and it does not establish that the numerators are correctly allocated either, so every row stays unresolved pending an author reply.",,,,47.30,,54,171,,,,,,,Participants with no relapse during the trial. component_only for the same reason as the relapsed row: a post-randomisation subgroup enters no pool in this review. n_outcome_observed is recorded as Table 2's printed 124 and not as the 132 implied by the Results text and by Table 4.
moncrieff2025_cohort_t24m_eet,moncrieff2025,radar_trial,cohort,,24,since_baseline,,,paid_or_education_or_training,"Rate of employment, education and training [Table 2 row label]. Definition: 'employment status, categorised as being or not being in employment, education or training'",derived,point_prevalence,,38,190,,,253,190,outcome_observed,complete_case,"Table 2 'Regression analysis of relationships between outcomes and occurrence of relapse', pp. 675-676; construct definition Method, p. 674; completion rates Results, p. 674; subgroup sizes Table 1, p. 675; whole-cohort sizes Results, p. 674 ('Two hundred and fifty-three participants were recruited and randomised into the RADAR trial and 190 participants completed the research assessments at 24-month follow-up')",moncrieff2025_relapsed_t24m_eet;moncrieff2025_notrelapsed_t24m_eet,"8 (relapsed) + 30 (not relapsed) = 38 in employment, education or training at 24 months, on 66 + 124 = 190 with an observed status. All four inputs are printed in Table 2 (pp. 675-676); nothing is back-calculated from a percentage. The two relapse groups are mutually exclusive and exhaustive of the randomised cohort by construction: 82 relapsed and 171 did not, and 82 + 171 = 253, the number randomised, while the derived denominator of 190 reproduces the printed '190 participants completed the research assessments at 24-month follow-up' exactly. The report itself licenses the pooling: 'The present analysis treats participants recruited to the trial as a single cohort' and 'For all analyses, we combined data from both randomised groups'. derivation_component_result_ids is deliberately left BLANK even though the two component rows exist in this shard, for the same reason as the maguire2021 whole-cohort row and confirmed the same way: naming components invokes the codebook's constraints that they share cohort_id, arm_id, followup_months, ascertainment and ascertainment_window_months and sit on one shared denominator, and Rscript R/01_validate_data.R rejects a partition sum on the arm_id rule. Those constraints were written for within-arm category sums; here the components sit on 66 and 124 and the derived row sits on their SUM, which is a different derivation shape. The component result_ids are moncrieff2025_relapsed_t24m_eet and moncrieff2025_notrelapsed_t24m_eet, recorded here in prose so the link is auditable without asserting a relation the validator would read differently. derivation_zero_separable is left blank because the derived construct is not paid_any.",yes,yes,,unchecked_pending_stage_g,unresolved,"Inherited from both components and therefore blocking this total. The 190 participants with a 24-month employment, education and training status are split between the relapse groups in three mutually incompatible ways. (1) Table 2 (p. 676) prints 8/66 for those who relapsed and 30/124 for those who did not. (2) The Results text (p. 674) states 'Employment, education and training status was available for 70.7% of the participants who had relapsed and 77.2% of those who had not'; applied to the printed group sizes of 82 and 171 those give 58 and 132. (3) Table 4 (p. 676) reports employment-status change on 57 relapsers and 132 non-relapsers, total 189. The text percentages are not loose: the same sentence reproduces Table 2's MANSA denominators exactly (64.6 per cent of 82 = 53; 71.4 per cent of 171 = 122) and its PANSS denominators exactly (42.7 per cent of 82 = 35; 44.4 per cent of 171 = 76), so the method that generates 58 and 132 is demonstrably the method behind the other rows of the same table. Eight people are therefore attributed to the relapsed group in Table 2 that the text attributes to the non-relapsed group, which changes both printed rates (8/58 = 13.8 per cent rather than 12.1; 30/132 = 22.7 per cent rather than 24.2). CANDIDATE RESOLUTION, recorded but NOT applied: the group TOTAL is unaffected, because 66 + 124 = 58 + 132 = 190 and the numerators 8 + 30 = 38 either way, so the whole-cohort figure of 38/190 may well be correct even though the split is not. That is an inference about which of two printed splits is wrong and it is not an authority (extraction_v3 rule 14, D12.3d), and it does not establish that the numerators are correctly allocated either, so every row stays unresolved pending an author reply.",,,,,,82,253,,,,,,,"WHOLE RECRUITED TRIAL COHORT, both allocation groups combined as the report does. This is the only row in batch F10 whose cohort passes the D9 employment-selection gate with employment_selection_status = none AND is a whole recruited cohort AND sits at a landmark horizon (24 months, since_baseline). It is stopped by two further gates, each on its own sufficient. FIRST, the construct: 'employment, education or training' names all three, so it is paid_or_education_or_training and never enters the primary paid_any pool (D6, SAP 3.1). No paid-only numerator exists anywhere in the report, so no paid_any row is recoverable and none is created. SECOND, the unresolved denominator contradiction in conflict_note, which blocks it from every synthesis including the EET secondary family until an author replies. Both reasons are recorded so that resolving one does not silently admit the result on the other. TRIAL-DERIVED WHOLE-COHORT SAFEGUARDS (SAP 2.1), all satisfied and recorded on the arm row: both original allocation groups are represented with no reweighting; the same construct and ascertainment apply across groups; no post-randomisation subgroup is SELECTED, since summing the two relapse groups reconstructs the whole cohort rather than choosing one of them; and the experimental intervention is a gradual antipsychotic dose-reduction regimen, not an employment intervention. MODERATORS: mean_age is left BLANK. The report prints no whole-cohort mean, only 44.25 in 82 relapsers and 47.30 in 171 non-relapsers; their sample-size-weighted mean is 46.3 years, which is recorded here in prose but not typed into the field, because it is this extractor's arithmetic rather than a printed value. perc_employed_baseline is also left BLANK on purpose: Table 1's baseline figure of 21/80 plus 53/171 in employment, education or training is an EET composite, not paid employment, and typing an EET proportion into a moderator named for baseline employment would overstate the baseline paid-work rate in every meta-regression that used it. Note also that Table 1 prints 21/80 as 25.3 per cent when 21/80 is 26.3 per cent."
mucci2021_cohort_t48m_working,mucci2021,nirp_italy,cohort,followup_618,48,since_baseline,,,unclear,"""Within-participant comparisons of baseline vs follow-up P values showed that patients had ... a modest increase in working status (170 [28.9%] vs 208 [35.4%]; P < .001) ... (eTable 2 in Supplement 1)"". The report never defines what 'working status' counted: no definition, instrument or window is given anywhere in the article, and eTable 2 is not held.",reported,point_prevalence,,208,,618,,921,,,not_stated,"Results, Study Population, p. 553 (reporting eTable 2 in Supplement 1, not held)",,,,,,,unresolved,"UNRESOLVED. The report states twice that 618 participated (""Of 921 individuals recruited at baseline, 618 participated in the present study""; ""Of 618 participants, 427 (69.1%) were male"") and then reports 208 (35.4%) in working status at follow-up. 208/618 = 33.7%, not 35.4%, so the count and the percentage cannot both be right against the only denominator the report states. CANDIDATE RESOLUTION, recorded as a candidate and NOT applied (prompt rule 14, D12.3d): the McNemar within-participant comparison uses only pairs with both baseline and follow-up status, and 170/588 = 28.91% and 208/588 = 35.37% both round to the printed values, so the base is probably 588. That is a reconstruction by this extractor, not an authority, so the status stays `unresolved` and the numerator is not paired with a denominator. Other variables in the same sentence imply yet other bases (76 and 62 supported housing and 52 and 8 legal problems imply 612; 432 and 441 second-generation antipsychotic imply 618), which is consistent with item-level missingness but is never stated. An author reply giving the denominator for working status would resolve this.",,,,45.1,,191,618,,,,,170,,"DENOMINATOR UNRECOVERABLE: n_outcome_observed is left blank because recovering it needs back-calculation from a printed percentage, which the codebook forbids. reported_percentage_base is also left blank because the base is not printed, only implied. n_assessed = 618 (participated in the follow-up study); n_entered = 921 (recruited at baseline). n_female = 191 is 618 - 427 male, both printed integers, so no percentage was back-calculated. n_employed_baseline = 170 is the baseline arm of the same within-participant comparison and carries the same unstated denominator. ascertainment coded point_prevalence because the reassessment was a single visit at which all baseline measures were repeated, but the report never states an ascertainment window; see unresolved_queries.md."
nakamura2025_cohort_t12m_paidany,nakamura2025,kariya_daycare,cohort,completers_21,12,since_baseline,,,paid_any,"""Of these, four participants (19.0%) obtained formal employment based on labor contracts: two through part-time employment and two through disability employment programs."" Defined at Methods, Study design: ""For clarity, in this study, 'employment' was defined as engagement in work under a formal labor contract, including part-time or disability employment that meets legal wage and insurance requirements."" Counted only if sustained ""for at least 3 months during the 12-month follow-up"".",reported,any_time_during_followup,12,4,21,21,,23,,outcome_observed,complete_case,"Results, Employment outcomes, p. 6 of 13; construct defined Methods, Study design, p. 2 of 13",,,,,,,none,,,,,40.7,,7,21,,,,,,,"THE ONLY PAID-WORK COUNT IN THIS REPORT. 4/21 = 19.0% as printed. Formal employment here requires a labour contract meeting legal wage and insurance requirements, so it is paid work under SAP 3.1; both part-time and Japanese disability employment are wage employment. NOT eligible for the primary pool: ascertainment is attainment at any time during the 12-month follow-up sustained for at least 3 months, not point prevalence, and the cohort is employment-selected. Follow-up clock: the 12 months run from the END of the 3-month CRT (""The 12-month follow-up period started after the intervention, excluding the 3-month CRT implementation period""), i.e. about 15 months after study entry; both 12 and 15 fall in the 9-18 month band so the choice does not move the horizon."
nakamura2025_cohort_t12m_vocact_composite,nakamura2025,kariya_daycare,cohort,completers_21,12,since_baseline,,,vocational_activity,"""Among the 21 participants who underwent CRT, nine individuals (42.8%) transitioned from psychiatric daycare to either formal employment or vocational activity within 1 year after the intervention."" Defined at Methods: ""Employment transition was defined as engaging in structured vocational activity for at least 3 months, including welfare-based employment (e.g., non-Type A support programs), supported employment, part-time employment, or regular employment ... Participants who engaged in either formal employment or vocational activity for at least 3 months during the 12-month follow-up were classified as having achieved vocational transition.""",reported,any_time_during_followup,12,9,21,21,,23,,outcome_observed,complete_case,"Results, Employment outcomes, p. 6 of 13; Table 4 footnote, p. 10 of 13",,,,,,,none,,,,,40.7,,7,21,,,,,,,"NOT paid_any. The composite deliberately includes Type B continuous employment support, which the report states is ""not legally classified as employment under national labor law"" and describes as ""structured pre-vocational engagement""; the report never states how Type B work is remunerated, and SAP 3.1 excludes welfare-benefit remuneration and any activity for which an employment relationship cannot be established. 9 = 4 formal employment + 5 vocational activity."
nakamura2025_cohort_t12m_vocact_typeb,nakamura2025,kariya_daycare,cohort,completers_21,12,since_baseline,,,vocational_activity,"""The remaining five participants (23.8%) engaged in vocational activity, specifically welfare-based work settings such as Type B continuous employment support services, which are not legally classified as employment but are recognized as structured prevocational engagement under Japan's disability support system.""",reported,any_time_during_followup,12,5,21,21,,23,,outcome_observed,complete_case,"Results, Employment outcomes, p. 6 of 13",,,,,,,none,,,,,40.7,,7,21,,,,,,,"NESTED within nakamura2025_cohort_t12m_vocact_composite (9 = 4 + 5); do not pool both, and never pool either with a paid-employment row. Remuneration of Type B work is never described in the report, which is why this is vocational_activity rather than paid_sheltered_noncompetitive: the paid/unpaid question the primary construct turns on cannot be answered from the source. An author query is logged."
pedersen2025_morpheus_t24m_paid_any_point,pedersen2025,opus_2014,morpheus,morpheus_116,24,since_baseline,,,paid_any,"Table 2 row ""Employment"". Defined at Methods 2.6.2: ""Employment status was obtained from the Danish Register for Evaluation of Marginalisation (DREAM) ... Weeks with labour market contribution were defined as periods of employment, with the specific number of hours worked each month extracted."" Row: ""2 years after baseline"".",reported,point_prevalence,,10,116,,,116,,outcome_observed,register_complete,"Table 2, p. 7 of 11 (Employment, education and non-competitive employment during follow-up)",,,,,,,none,,odds_ratio,1.14,,23.34,,46,116,,,,,18,116,"Adjusted OR (95% CI) for Morpheus vs standard vocational rehabilitation at this row: 1.14 (0.37; 3.45); crude OR 1.13 (0.45; 2.83); adjusted for gender, age, education and employment status at baseline (Table 2, p. 7 of 11). Status at the timepoint: employment and education are recorded weekly in DREAM and the periods are converted to weeks 0-104 and 105-208, so ""2 years after baseline"" is status in the week at 2 years. Employment-selected cohort and an allocated-arm row, so this cannot enter the primary prevalence pool under D9 and SAP 2.1 whatever its ascertainment. Baseline is the date of inclusion in the OPUS programme (Methods 2.6.2); the abstract's ""2 and 4 years after diagnosis"" is a looser restatement of the same clock."
pedersen2025_standard_t24m_paid_any_point,pedersen2025,opus_2014,standard,standard_130,24,since_baseline,,,paid_any,"Table 2 row ""Employment"". Defined at Methods 2.6.2: ""Employment status was obtained from the Danish Register for Evaluation of Marginalisation (DREAM) ... Weeks with labour market contribution were defined as periods of employment, with the specific number of hours worked each month extracted."" Row: ""2 years after baseline"".",reported,point_prevalence,,10,130,,,130,,outcome_observed,register_complete,"Table 2, p. 7 of 11 (Employment, education and non-competitive employment during follow-up)",,,,,,,none,,,,,23.17,,53,130,,,,,7,130,"Adjusted OR (95% CI) for Morpheus vs standard vocational rehabilitation at this row: 1.14 (0.37; 3.45); crude OR 1.13 (0.45; 2.83); adjusted for gender, age, education and employment status at baseline (Table 2, p. 7 of 11). Status at the timepoint: employment and education are recorded weekly in DREAM and the periods are converted to weeks 0-104 and 105-208, so ""2 years after baseline"" is status in the week at 2 years. Employment-selected cohort and an allocated-arm row, so this cannot enter the primary prevalence pool under D9 and SAP 2.1 whatever its ascertainment. Baseline is the date of inclusion in the OPUS programme (Methods 2.6.2); the abstract's ""2 and 4 years after diagnosis"" is a looser restatement of the same clock."
pedersen2025_morpheus_t48m_paid_any_point,pedersen2025,opus_2014,morpheus,morpheus_116,48,since_baseline,,,paid_any,"Table 2 row ""Employment"". Defined at Methods 2.6.2: ""Employment status was obtained from the Danish Register for Evaluation of Marginalisation (DREAM) ... Weeks with labour market contribution were defined as periods of employment, with the specific number of hours worked each month extracted."" Row: ""4 years after baseline"".",reported,point_prevalence,,22,116,,,116,,outcome_observed,register_complete,"Table 2, p. 7 of 11 (Employment, education and non-competitive employment during follow-up)",,,,,,,none,,odds_ratio,1.51,,23.34,,46,116,,,,,18,116,"Adjusted OR (95% CI) for Morpheus vs standard vocational rehabilitation at this row: 1.51 (0.70; 3.27); crude OR 1.79 (0.88; 3.65); adjusted for gender, age, education and employment status at baseline (Table 2, p. 7 of 11). Status at the timepoint: employment and education are recorded weekly in DREAM and the periods are converted to weeks 0-104 and 105-208, so ""2 years after baseline"" is status in the week at 2 years. Employment-selected cohort and an allocated-arm row, so this cannot enter the primary prevalence pool under D9 and SAP 2.1 whatever its ascertainment. Baseline is the date of inclusion in the OPUS programme (Methods 2.6.2); the abstract's ""2 and 4 years after diagnosis"" is a looser restatement of the same clock."
pedersen2025_standard_t48m_paid_any_point,pedersen2025,opus_2014,standard,standard_130,48,since_baseline,,,paid_any,"Table 2 row ""Employment"". Defined at Methods 2.6.2: ""Employment status was obtained from the Danish Register for Evaluation of Marginalisation (DREAM) ... Weeks with labour market contribution were defined as periods of employment, with the specific number of hours worked each month extracted."" Row: ""4 years after baseline"".",reported,point_prevalence,,15,130,,,130,,outcome_observed,register_complete,"Table 2, p. 7 of 11 (Employment, education and non-competitive employment during follow-up)",,,,,,,none,,,,,23.17,,53,130,,,,,7,130,"Adjusted OR (95% CI) for Morpheus vs standard vocational rehabilitation at this row: 1.51 (0.70; 3.27); crude OR 1.79 (0.88; 3.65); adjusted for gender, age, education and employment status at baseline (Table 2, p. 7 of 11). Status at the timepoint: employment and education are recorded weekly in DREAM and the periods are converted to weeks 0-104 and 105-208, so ""2 years after baseline"" is status in the week at 2 years. Employment-selected cohort and an allocated-arm row, so this cannot enter the primary prevalence pool under D9 and SAP 2.1 whatever its ascertainment. Baseline is the date of inclusion in the OPUS programme (Methods 2.6.2); the abstract's ""2 and 4 years after diagnosis"" is a looser restatement of the same clock."
pedersen2025_morpheus_t24m_paid_any_any,pedersen2025,opus_2014,morpheus,morpheus_116,24,since_baseline,,,paid_any,"Table 2 row ""Employment"". Defined at Methods 2.6.2: ""Employment status was obtained from the Danish Register for Evaluation of Marginalisation (DREAM) ... Weeks with labour market contribution were defined as periods of employment, with the specific number of hours worked each month extracted."" Row: ""0-2 years after baseline"".",reported,any_time_during_followup,24,33,116,,,116,,outcome_observed,register_complete,"Table 2, p. 7 of 11 (Employment, education and non-competitive employment during follow-up)",,,,,,,none,,odds_ratio,1.37,,23.34,,46,116,,,,,18,116,"Adjusted OR (95% CI) for Morpheus vs standard vocational rehabilitation at this row: 1.37 (0.68; 2.78); crude OR 1.76 (0.96; 3.20); adjusted for gender, age, education and employment status at baseline (Table 2, p. 7 of 11). Cumulative attainment: the report's own wording is ""employment any time during the periods 0-2 and 2-4 years of follow-up"" (Methods 2.7.1). Not point prevalence. Employment-selected cohort and an allocated-arm row, so this cannot enter the primary prevalence pool under D9 and SAP 2.1 whatever its ascertainment. Baseline is the date of inclusion in the OPUS programme (Methods 2.6.2); the abstract's ""2 and 4 years after diagnosis"" is a looser restatement of the same clock."
pedersen2025_standard_t24m_paid_any_any,pedersen2025,opus_2014,standard,standard_130,24,since_baseline,,,paid_any,"Table 2 row ""Employment"". Defined at Methods 2.6.2: ""Employment status was obtained from the Danish Register for Evaluation of Marginalisation (DREAM) ... Weeks with labour market contribution were defined as periods of employment, with the specific number of hours worked each month extracted."" Row: ""0-2 years after baseline"".",reported,any_time_during_followup,24,24,130,,,130,,outcome_observed,register_complete,"Table 2, p. 7 of 11 (Employment, education and non-competitive employment during follow-up)",,,,,,,none,,,,,23.17,,53,130,,,,,7,130,"Adjusted OR (95% CI) for Morpheus vs standard vocational rehabilitation at this row: 1.37 (0.68; 2.78); crude OR 1.76 (0.96; 3.20); adjusted for gender, age, education and employment status at baseline (Table 2, p. 7 of 11). Cumulative attainment: the report's own wording is ""employment any time during the periods 0-2 and 2-4 years of follow-up"" (Methods 2.7.1). Not point prevalence. Employment-selected cohort and an allocated-arm row, so this cannot enter the primary prevalence pool under D9 and SAP 2.1 whatever its ascertainment. Baseline is the date of inclusion in the OPUS programme (Methods 2.6.2); the abstract's ""2 and 4 years after diagnosis"" is a looser restatement of the same clock."
pedersen2025_morpheus_t48m_paid_any_any,pedersen2025,opus_2014,morpheus,morpheus_116,48,since_baseline,,,paid_any,"Table 2 row ""Employment"". Defined at Methods 2.6.2: ""Employment status was obtained from the Danish Register for Evaluation of Marginalisation (DREAM) ... Weeks with labour market contribution were defined as periods of employment, with the specific number of hours worked each month extracted."" Row: ""2-4 years after baseline"".",reported,any_time_during_followup,24,37,116,,,116,,outcome_observed,register_complete,"Table 2, p. 7 of 11 (Employment, education and non-competitive employment during follow-up)",,,,,,,none,,odds_ratio,1.20,,23.34,,46,116,,,,,18,116,"Adjusted OR (95% CI) for Morpheus vs standard vocational rehabilitation at this row: 1.20 (0.65; 2.22); crude OR 1.38 (0.79; 2.40); adjusted for gender, age, education and employment status at baseline (Table 2, p. 7 of 11). Cumulative attainment: the report's own wording is ""employment any time during the periods 0-2 and 2-4 years of follow-up"" (Methods 2.7.1). Not point prevalence. Employment-selected cohort and an allocated-arm row, so this cannot enter the primary prevalence pool under D9 and SAP 2.1 whatever its ascertainment. Baseline is the date of inclusion in the OPUS programme (Methods 2.6.2); the abstract's ""2 and 4 years after diagnosis"" is a looser restatement of the same clock."
pedersen2025_standard_t48m_paid_any_any,pedersen2025,opus_2014,standard,standard_130,48,since_baseline,,,paid_any,"Table 2 row ""Employment"". Defined at Methods 2.6.2: ""Employment status was obtained from the Danish Register for Evaluation of Marginalisation (DREAM) ... Weeks with labour market contribution were defined as periods of employment, with the specific number of hours worked each month extracted."" Row: ""2-4 years after baseline"".",reported,any_time_during_followup,24,33,130,,,130,,outcome_observed,register_complete,"Table 2, p. 7 of 11 (Employment, education and non-competitive employment during follow-up)",,,,,,,none,,,,,23.17,,53,130,,,,,7,130,"Adjusted OR (95% CI) for Morpheus vs standard vocational rehabilitation at this row: 1.20 (0.65; 2.22); crude OR 1.38 (0.79; 2.40); adjusted for gender, age, education and employment status at baseline (Table 2, p. 7 of 11). Cumulative attainment: the report's own wording is ""employment any time during the periods 0-2 and 2-4 years of follow-up"" (Methods 2.7.1). Not point prevalence. Employment-selected cohort and an allocated-arm row, so this cannot enter the primary prevalence pool under D9 and SAP 2.1 whatever its ascertainment. Baseline is the date of inclusion in the OPUS programme (Methods 2.6.2); the abstract's ""2 and 4 years after diagnosis"" is a looser restatement of the same clock."
pedersen2025_morpheus_t24m_edu_point,pedersen2025,opus_2014,morpheus,morpheus_116,24,since_baseline,,,education_only,"Table 2 row ""Education"". Defined at Methods 2.6.2: ""Education was defined by the number of weeks with state educational grants."" Row: ""2 years after baseline"".",reported,point_prevalence,,12,116,,,116,,outcome_observed,register_complete,"Table 2, p. 7 of 11 (Employment, education and non-competitive employment during follow-up)",,,,,,,none,,odds_ratio,2.02,,23.34,,46,116,,,,,18,116,"Adjusted OR (95% CI) for Morpheus vs standard vocational rehabilitation at this row: 2.02 (0.64; 6.29); crude OR 2.88 (0.98; 8.45); adjusted for gender, age, education and employment status at baseline (Table 2, p. 7 of 11). Status at the timepoint: employment and education are recorded weekly in DREAM and the periods are converted to weeks 0-104 and 105-208, so ""2 years after baseline"" is status in the week at 2 years. Baseline is the date of inclusion in the OPUS programme (Methods 2.6.2); the abstract's ""2 and 4 years after diagnosis"" is a looser restatement of the same clock."
pedersen2025_standard_t24m_edu_point,pedersen2025,opus_2014,standard,standard_130,24,since_baseline,,,education_only,"Table 2 row ""Education"". Defined at Methods 2.6.2: ""Education was defined by the number of weeks with state educational grants."" Row: ""2 years after baseline"".",reported,point_prevalence,,5,130,,,130,,outcome_observed,register_complete,"Table 2, p. 7 of 11 (Employment, education and non-competitive employment during follow-up)",,,,,,,none,,,,,23.17,,53,130,,,,,7,130,"Adjusted OR (95% CI) for Morpheus vs standard vocational rehabilitation at this row: 2.02 (0.64; 6.29); crude OR 2.88 (0.98; 8.45); adjusted for gender, age, education and employment status at baseline (Table 2, p. 7 of 11). Status at the timepoint: employment and education are recorded weekly in DREAM and the periods are converted to weeks 0-104 and 105-208, so ""2 years after baseline"" is status in the week at 2 years. Baseline is the date of inclusion in the OPUS programme (Methods 2.6.2); the abstract's ""2 and 4 years after diagnosis"" is a looser restatement of the same clock."
pedersen2025_morpheus_t48m_edu_point,pedersen2025,opus_2014,morpheus,morpheus_116,48,since_baseline,,,education_only,"Table 2 row ""Education"". Defined at Methods 2.6.2: ""Education was defined by the number of weeks with state educational grants."" Row: ""4 years after baseline"".",reported,point_prevalence,,12,116,,,116,,outcome_observed,register_complete,"Table 2, p. 7 of 11 (Employment, education and non-competitive employment during follow-up)",,,,,,,none,,odds_ratio,1.08,,23.34,,46,116,,,,,18,116,"Adjusted OR (95% CI) for Morpheus vs standard vocational rehabilitation at this row: 1.08 (0.42; 2.75); crude OR 1.38 (0.57; 3.34); adjusted for gender, age, education and employment status at baseline (Table 2, p. 7 of 11). Status at the timepoint: employment and education are recorded weekly in DREAM and the periods are converted to weeks 0-104 and 105-208, so ""2 years after baseline"" is status in the week at 2 years. Baseline is the date of inclusion in the OPUS programme (Methods 2.6.2); the abstract's ""2 and 4 years after diagnosis"" is a looser restatement of the same clock."
pedersen2025_standard_t48m_edu_point,pedersen2025,opus_2014,standard,standard_130,48,since_baseline,,,education_only,"Table 2 row ""Education"". Defined at Methods 2.6.2: ""Education was defined by the number of weeks with state educational grants."" Row: ""4 years after baseline"".",reported,point_prevalence,,10,130,,,130,,outcome_observed,register_complete,"Table 2, p. 7 of 11 (Employment, education and non-competitive employment during follow-up)",,,,,,,none,,,,,23.17,,53,130,,,,,7,130,"Adjusted OR (95% CI) for Morpheus vs standard vocational rehabilitation at this row: 1.08 (0.42; 2.75); crude OR 1.38 (0.57; 3.34); adjusted for gender, age, education and employment status at baseline (Table 2, p. 7 of 11). Status at the timepoint: employment and education are recorded weekly in DREAM and the periods are converted to weeks 0-104 and 105-208, so ""2 years after baseline"" is status in the week at 2 years. Baseline is the date of inclusion in the OPUS programme (Methods 2.6.2); the abstract's ""2 and 4 years after diagnosis"" is a looser restatement of the same clock."
pedersen2025_morpheus_t24m_noncomp_point,pedersen2025,opus_2014,morpheus,morpheus_116,24,since_baseline,,,vocational_activity,"Table 2 row ""Non-competitive employment"". Defined at Methods 2.6.2: ""Non-competitive employment was defined by weeks during which individuals received social benefits, contingent on their engagement in supportive employment or internships."" Row: ""2 years after baseline"".",reported,point_prevalence,,13,116,,,116,,outcome_observed,register_complete,"Table 2, p. 7 of 11 (Employment, education and non-competitive employment during follow-up)",,,,,,,none,,odds_ratio,0.51,,23.34,,46,116,,,,,18,116,"Adjusted OR (95% CI) for Morpheus vs standard vocational rehabilitation at this row: 0.51 (0.23; 1.16); crude OR 0.46 (0.23; 0.94); adjusted for gender, age, education and employment status at baseline (Table 2, p. 7 of 11). Status at the timepoint: employment and education are recorded weekly in DREAM and the periods are converted to weeks 0-104 and 105-208, so ""2 years after baseline"" is status in the week at 2 years. NOT PAID WORK: the source defines non-competitive employment by receipt of social benefits contingent on engagement in supported employment or internships, i.e. welfare remuneration, which SAP 3.1 excludes from paid work. Coded vocational_activity, never paid_sheltered_noncompetitive. Baseline is the date of inclusion in the OPUS programme (Methods 2.6.2); the abstract's ""2 and 4 years after diagnosis"" is a looser restatement of the same clock."
pedersen2025_standard_t24m_noncomp_point,pedersen2025,opus_2014,standard,standard_130,24,since_baseline,,,vocational_activity,"Table 2 row ""Non-competitive employment"". Defined at Methods 2.6.2: ""Non-competitive employment was defined by weeks during which individuals received social benefits, contingent on their engagement in supportive employment or internships."" Row: ""2 years after baseline"".",reported,point_prevalence,,28,130,,,130,,outcome_observed,register_complete,"Table 2, p. 7 of 11 (Employment, education and non-competitive employment during follow-up)",,,,,,,none,,,,,23.17,,53,130,,,,,7,130,"Adjusted OR (95% CI) for Morpheus vs standard vocational rehabilitation at this row: 0.51 (0.23; 1.16); crude OR 0.46 (0.23; 0.94); adjusted for gender, age, education and employment status at baseline (Table 2, p. 7 of 11). Status at the timepoint: employment and education are recorded weekly in DREAM and the periods are converted to weeks 0-104 and 105-208, so ""2 years after baseline"" is status in the week at 2 years. NOT PAID WORK: the source defines non-competitive employment by receipt of social benefits contingent on engagement in supported employment or internships, i.e. welfare remuneration, which SAP 3.1 excludes from paid work. Coded vocational_activity, never paid_sheltered_noncompetitive. Baseline is the date of inclusion in the OPUS programme (Methods 2.6.2); the abstract's ""2 and 4 years after diagnosis"" is a looser restatement of the same clock."
pedersen2025_morpheus_t48m_noncomp_point,pedersen2025,opus_2014,morpheus,morpheus_116,48,since_baseline,,,vocational_activity,"Table 2 row ""Non-competitive employment"". Defined at Methods 2.6.2: ""Non-competitive employment was defined by weeks during which individuals received social benefits, contingent on their engagement in supportive employment or internships."" Row: ""4 years after baseline"".",reported,point_prevalence,,9,116,,,116,,outcome_observed,register_complete,"Table 2, p. 7 of 11 (Employment, education and non-competitive employment during follow-up)",,,,,,,none,,odds_ratio,0.44,,23.34,,46,116,,,,,18,116,"Adjusted OR (95% CI) for Morpheus vs standard vocational rehabilitation at this row: 0.44 (0.19; 1.01); crude OR 0.37 (0.16; 0.84); adjusted for gender, age, education and employment status at baseline (Table 2, p. 7 of 11). Status at the timepoint: employment and education are recorded weekly in DREAM and the periods are converted to weeks 0-104 and 105-208, so ""2 years after baseline"" is status in the week at 2 years. NOT PAID WORK: the source defines non-competitive employment by receipt of social benefits contingent on engagement in supported employment or internships, i.e. welfare remuneration, which SAP 3.1 excludes from paid work. Coded vocational_activity, never paid_sheltered_noncompetitive. Baseline is the date of inclusion in the OPUS programme (Methods 2.6.2); the abstract's ""2 and 4 years after diagnosis"" is a looser restatement of the same clock."
pedersen2025_standard_t48m_noncomp_point,pedersen2025,opus_2014,standard,standard_130,48,since_baseline,,,vocational_activity,"Table 2 row ""Non-competitive employment"". Defined at Methods 2.6.2: ""Non-competitive employment was defined by weeks during which individuals received social benefits, contingent on their engagement in supportive employment or internships."" Row: ""4 years after baseline"".",reported,point_prevalence,,24,130,,,130,,outcome_observed,register_complete,"Table 2, p. 7 of 11 (Employment, education and non-competitive employment during follow-up)",,,,,,,none,,,,,23.17,,53,130,,,,,7,130,"Adjusted OR (95% CI) for Morpheus vs standard vocational rehabilitation at this row: 0.44 (0.19; 1.01); crude OR 0.37 (0.16; 0.84); adjusted for gender, age, education and employment status at baseline (Table 2, p. 7 of 11). Status at the timepoint: employment and education are recorded weekly in DREAM and the periods are converted to weeks 0-104 and 105-208, so ""2 years after baseline"" is status in the week at 2 years. NOT PAID WORK: the source defines non-competitive employment by receipt of social benefits contingent on engagement in supported employment or internships, i.e. welfare remuneration, which SAP 3.1 excludes from paid work. Coded vocational_activity, never paid_sheltered_noncompetitive. Baseline is the date of inclusion in the OPUS programme (Methods 2.6.2); the abstract's ""2 and 4 years after diagnosis"" is a looser restatement of the same clock."
peebo2022_cohort_t12m_employment_completers,peebo2022,tallinn_fep,cohort,completers_107,12,since_baseline,,,unclear,"Table 2a/2b row ""Employment%"". The report gives NO definition of employment anywhere. The only structure available is the mutually exclusive baseline classification in Table 1 (p. 209): ""Employed 88 (44.2) / Unemployed 57 (28.6) / Student 28 (14.1) / Permanent incapacity for work 1 (0.5) / No answer 25 (12.6)"", in which students are counted separately from the employed. Narrative: ""After 2 years, employment was significantly higher than at baseline, increased by 14% (from 43.9% at baseline to 57.9% at the two-year follow-up).""",reported,point_prevalence,,,107,107,,199,107,outcome_observed,complete_case,"Table 2a, p. 210; narrative Results, Early assessment, p. 209",,,,,,,none,,,,,28.4,,60,107,,,,,,,"NO NUMERATOR EXISTS IN THIS REPORT. Employment at every follow-up is printed as a percentage only; n_employed is left blank rather than back-calculated, which is why peebo2022 carries report_quantifiable = no. outcome_construct is `unclear` because the report never defines what ""Employment"" counted (prompt stop rule: the construct is never defined); the Table 1 category structure suggests paid employment excluding students, but that is an inference, not the source. Timepoints are months after discharge from the index admission (""Assessments were done at admission and 6 (except Q-les-Q), 12 and 24 months after discharge""). The 6-month figures are not extracted: they fall below the review's twelve-month minimum. Table 2a is explicitly the 107 ""who attended all the follow-ups"", so employment status was observed for all 107. 47.7% of 107 = 51.0, i.e. the printed percentage is consistent with an integer numerator of 51 on this base; the numerator is nevertheless left blank because recovering it requires back-calculation from a percentage."
peebo2022_cohort_t24m_employment_completers,peebo2022,tallinn_fep,cohort,completers_107,24,since_baseline,,,unclear,"Table 2a/2b row ""Employment%"". The report gives NO definition of employment anywhere. The only structure available is the mutually exclusive baseline classification in Table 1 (p. 209): ""Employed 88 (44.2) / Unemployed 57 (28.6) / Student 28 (14.1) / Permanent incapacity for work 1 (0.5) / No answer 25 (12.6)"", in which students are counted separately from the employed. Narrative: ""After 2 years, employment was significantly higher than at baseline, increased by 14% (from 43.9% at baseline to 57.9% at the two-year follow-up).""",reported,point_prevalence,,,107,107,,199,107,outcome_observed,complete_case,"Table 2a, p. 210; narrative Results, Early assessment, p. 209",,,,,,,none,,,,,28.4,,60,107,,,,,,,"NO NUMERATOR EXISTS IN THIS REPORT. Employment at every follow-up is printed as a percentage only; n_employed is left blank rather than back-calculated, which is why peebo2022 carries report_quantifiable = no. outcome_construct is `unclear` because the report never defines what ""Employment"" counted (prompt stop rule: the construct is never defined); the Table 1 category structure suggests paid employment excluding students, but that is an inference, not the source. Timepoints are months after discharge from the index admission (""Assessments were done at admission and 6 (except Q-les-Q), 12 and 24 months after discharge""). The 6-month figures are not extracted: they fall below the review's twelve-month minimum. Table 2a, 107 who attended all follow-ups. 57.9% of 107 = 61.9, consistent with an integer numerator of 62, but the numerator is not printed and is not back-calculated. This is the longest timepoint with an employment proportion in the report; the 10-year follow-up reports only mean months of employment."
peebo2022_cohort_t12m_employment_all154,peebo2022,tallinn_fep,cohort,all_at_12m_154,12,since_baseline,,,unclear,"Table 2a/2b row ""Employment%"". The report gives NO definition of employment anywhere. The only structure available is the mutually exclusive baseline classification in Table 1 (p. 209): ""Employed 88 (44.2) / Unemployed 57 (28.6) / Student 28 (14.1) / Permanent incapacity for work 1 (0.5) / No answer 25 (12.6)"", in which students are counted separately from the employed. Narrative: ""After 2 years, employment was significantly higher than at baseline, increased by 14% (from 43.9% at baseline to 57.9% at the two-year follow-up).""",reported,point_prevalence,,,154,154,,199,154,unclear,complete_case,"Table 2b, p. 210; narrative Results, Early assessment, p. 209",,,,,,,unresolved,"UNRESOLVED. Table 2b is headed ""all patients that participated in different follow-up"" with the 12-month column labelled n = 154, and prints Employment 47.7% against that base. No integer numerator over 154 yields 47.7% under any rounding convention: 73/154 = 47.40% and 74/154 = 48.05%. The same 47.7% is printed in Table 2a for the 107 completers, where 51/107 = 47.66% is consistent. CANDIDATE RESOLUTION, recorded as a candidate and NOT applied (prompt rule 14): the 12-month cell of Table 2b appears to repeat Table 2a's completer figure rather than to have been computed on 154. The same table's 6-month unemployment cell (9.9% on n = 166) is likewise unattainable with any integer numerator (16/166 = 9.64%, 17/166 = 10.24%), so the problem is not isolated. An author reply giving the numerators for Table 2b would resolve it.",,,,28.4,,,,,,,,88,199,"NO NUMERATOR EXISTS IN THIS REPORT. Employment at every follow-up is printed as a percentage only; n_employed is left blank rather than back-calculated, which is why peebo2022 carries report_quantifiable = no. outcome_construct is `unclear` because the report never defines what ""Employment"" counted (prompt stop rule: the construct is never defined); the Table 1 category structure suggests paid employment excluding students, but that is an inference, not the source. Timepoints are months after discharge from the index admission (""Assessments were done at admission and 6 (except Q-les-Q), 12 and 24 months after discharge""). The 6-month figures are not extracted: they fall below the review's twelve-month minimum. Nested against the completer rows; do not pool this row with peebo2022_cohort_t12m_employment_completers. Retained because it records that a larger analysis population exists at 12 months and that its printed proportion is not reproducible. denominator_basis is `unclear` rather than `outcome_observed`: Table 2b states n = 154 participated at 12 months, but its own printed percentage cannot be produced on that base, so what the 47.7% was divided by is not established."
petrakis2019_cohort_prog_vocact_any,petrakis2019,stvincents_ips,cohort,program_136,,calendar_end_common,,,vocational_activity,"""Across both clinics 46.3% of program participants (N = 63) achieved an employment outcome."" Table 3 row ""Employment Outcome 63 46.3%""; Table 4 row ""Clients placed into work 63 46.3%"". Table 3 note: ""In some instances participants achieved more than one employment placement and these were often varied between competitive and non-competitive jobs. Therefore, participants are considered to have achieved a competitive employment outcome if one or more jobs were competitive. Those participants with both non-competitive and non-specified placements has been labelled as non-specified. All percentages were calculated using N values as denominators.""",reported,any_time_during_followup,,63,136,136,,137,136,outcome_observed,not_stated,"Table 3, p. 541; Table 4, p. 542; narrative Results, Employment outcomes, p. 540",,,,,,,none,,,,,39,,33,136,,15,136,,,,"FOLLOW-UP IS NOT AN ELAPSED TIME. Outcomes are attainment ""during their engagement in the IPS program"", which ran March 2006 to February 2013 and closed for everyone at once when the Commonwealth DES funding changed; individual engagement periods are never reported. Elapsed follow-up therefore varies from days to 84 months with a shared calendar end, which is followup_basis = calendar_end_common under D12.8 and is barred from every landmark horizon. followup_months is left blank rather than filled with the 84-month programme span, which is not any participant's follow-up. NOT paid_any, despite the label ""employment outcome"". Table 4 shows that the 92 placements behind this count include Volunteer Work (3) and an Unpaid Work Experience Position (1), so some participants counted here attained only unpaid activity, and the report does not say how many. 63 = 31 competitive + 8 non-competitive + 24 type not specified. Denominator is the study cohort N = 136 of 137 referred and engaged, per the Table 3 note ""All percentages were calculated using N values as denominators""; 63/136 = 46.3%, 31/136 = 22.8%, 8/136 = 5.9%, 24/136 = 17.6%, 17/136 = 12.5%, all as printed."
petrakis2019_cohort_prog_paidcomp,petrakis2019,stvincents_ips,cohort,program_136,,calendar_end_common,,,paid_competitive,"""Overall, 22.8% (N = 31) of participants achieved a confirmed competitive open employment role"". Table 3 row ""Competitive Employment 31 22.8%""; Table 4 row ""Clients placed into competitive work 31 22.8%"".",reported,any_time_during_followup,,31,136,136,,137,136,outcome_observed,not_stated,"Table 3, p. 541; Table 4, p. 542; narrative Results, Employment outcomes, p. 540",,,,,,,none,,,,,39,,33,136,,15,136,,,,"FOLLOW-UP IS NOT AN ELAPSED TIME. Outcomes are attainment ""during their engagement in the IPS program"", which ran March 2006 to February 2013 and closed for everyone at once when the Commonwealth DES funding changed; individual engagement periods are never reported. Elapsed follow-up therefore varies from days to 84 months with a shared calendar end, which is followup_basis = calendar_end_common under D12.8 and is barred from every landmark horizon. followup_months is left blank rather than filled with the 84-month programme span, which is not any participant's follow-up. Competitive open employment in the Australian labour market, obtained with IPS support; support does not make a mainstream job sheltered, so this is paid_competitive. It is a subtype and must never substitute for paid_any. NESTED within petrakis2019_cohort_prog_vocact_any. Denominator is the study cohort N = 136 of 137 referred and engaged, per the Table 3 note ""All percentages were calculated using N values as denominators""; 63/136 = 46.3%, 31/136 = 22.8%, 8/136 = 5.9%, 24/136 = 17.6%, 17/136 = 12.5%, all as printed."
petrakis2019_cohort_prog_vocact_noncomp,petrakis2019,stvincents_ips,cohort,program_136,,calendar_end_common,,,vocational_activity,"Table 3 row ""Non-competitive Employment 8 5.9%"". The placement-level composition of non-competitive placements is given in Table 4: ""Non-competitive employment 15 16.3% / Social Firm 4 4.3% / Transitional Employment Program 5 5.4% / Sheltered Employment 2 2.2% / Volunteer Work 3 3.3% / Unpaid Work Experience Position 1 1.1%"".",reported,any_time_during_followup,,8,136,136,,137,136,outcome_observed,not_stated,"Table 3, p. 541; Table 4, p. 542; narrative Results, Employment outcomes, p. 540",,,,,,,none,,,,,39,,33,136,,15,136,,,,"FOLLOW-UP IS NOT AN ELAPSED TIME. Outcomes are attainment ""during their engagement in the IPS program"", which ran March 2006 to February 2013 and closed for everyone at once when the Commonwealth DES funding changed; individual engagement periods are never reported. Elapsed follow-up therefore varies from days to 84 months with a shared calendar end, which is followup_basis = calendar_end_common under D12.8 and is barred from every landmark horizon. followup_months is left blank rather than filled with the 84-month programme span, which is not any participant's follow-up. Coded vocational_activity, NOT paid_sheltered_noncompetitive: the non-competitive category demonstrably mixes paid sheltered work with volunteer and unpaid work experience, and the person-level split between paid and unpaid is not recoverable (Table 4 counts placements, not people). NESTED within petrakis2019_cohort_prog_vocact_any. Denominator is the study cohort N = 136 of 137 referred and engaged, per the Table 3 note ""All percentages were calculated using N values as denominators""; 63/136 = 46.3%, 31/136 = 22.8%, 8/136 = 5.9%, 24/136 = 17.6%, 17/136 = 12.5%, all as printed."
petrakis2019_cohort_prog_unclear_notspec,petrakis2019,stvincents_ips,cohort,program_136,,calendar_end_common,,,unclear,"Table 3 row ""Not specified 24 17.6%"", with the narrative ""outcome type was not specified for 17.6% (N = 24) of placements"" and ""organisational processes interrupted the consistent recording of data on this variable and type of employment (competitive or non-competitive) was not specified for 17.6% of the working group; this may or may not indicate that the competitive employment rate was considerably higher.""",reported,any_time_during_followup,,24,136,136,,137,136,outcome_observed,not_stated,"Table 3, p. 541; Table 4, p. 542; narrative Results, Employment outcomes, p. 540",,,,,,,none,,,,,39,,33,136,,15,136,,,,"FOLLOW-UP IS NOT AN ELAPSED TIME. Outcomes are attainment ""during their engagement in the IPS program"", which ran March 2006 to February 2013 and closed for everyone at once when the Commonwealth DES funding changed; individual engagement periods are never reported. Elapsed follow-up therefore varies from days to 84 months with a shared calendar end, which is followup_basis = calendar_end_common under D12.8 and is barred from every landmark horizon. followup_months is left blank rather than filled with the 84-month programme span, which is not any participant's follow-up. Recorded so that the unclassified fraction is visible rather than absorbed into either subtype. NESTED within petrakis2019_cohort_prog_vocact_any. The narrative calls 17.6% a proportion of placements in one sentence and of the working group in another; Table 3's denominator note settles it as participants. Denominator is the study cohort N = 136 of 137 referred and engaged, per the Table 3 note ""All percentages were calculated using N values as denominators""; 63/136 = 46.3%, 31/136 = 22.8%, 8/136 = 5.9%, 24/136 = 17.6%, 17/136 = 12.5%, all as printed."
petrakis2019_cohort_prog_edu,petrakis2019,stvincents_ips,cohort,program_136,,calendar_end_common,,,education_or_training,"Table 3 rows ""Education Outcome 17 12.5% / Certificate/Diploma Level 15 11.0% / University Level 2 1.5%"".",reported,any_time_during_followup,,17,136,136,,137,136,outcome_observed,not_stated,"Table 3, p. 541; Table 4, p. 542; narrative Results, Employment outcomes, p. 540",,,,,,,none,,,,,39,,33,136,,15,136,,,,"FOLLOW-UP IS NOT AN ELAPSED TIME. Outcomes are attainment ""during their engagement in the IPS program"", which ran March 2006 to February 2013 and closed for everyone at once when the Commonwealth DES funding changed; individual engagement periods are never reported. Elapsed follow-up therefore varies from days to 84 months with a shared calendar end, which is followup_basis = calendar_end_common under D12.8 and is barred from every landmark horizon. followup_months is left blank rather than filled with the 84-month programme span, which is not any participant's follow-up. Coded education_or_training: 15 of the 17 are Australian Certificate or Diploma qualifications, which are vocational education and training, and 2 are university, and the report does not say whether these participants were simultaneously employed, so education_only would misstate it. May overlap the employment rows; do not add. Denominator is the study cohort N = 136 of 137 referred and engaged, per the Table 3 note ""All percentages were calculated using N values as denominators""; 63/136 = 46.3%, 31/136 = 22.8%, 8/136 = 5.9%, 24/136 = 17.6%, 17/136 = 12.5%, all as printed."
ringbom2023_cohort_age28_paidany,ringbom2023,fi_birth_1987,cohort,psychosis_288,,chronological_age,28,,paid_any,"Derived from Table 1 row ""Working / 0 year: 85"" for the 288 with any nonaffective psychotic disorder. Construct defined at Methods, Definitions of Outcomes, p. 92: ""Employment was defined as receiving any salary that contributed to a pension scheme.""",derived,any_time_during_followup,96,203,288,288,288,288,,outcome_observed,register_complete,"Table 1, p. 93 (Status during 2008-2015); outcome definitions Methods, Definitions of Outcomes, p. 92",,"Complement of the printed zero band: 288 in the arm minus 85 with 0 years of working = 203 who worked in at least one calendar year during 2008-2015. The Working bands are 0 year / 1-4 year / >=5 year, are mutually exclusive and exhaustive (85 + 101 + 102 = 288, matching the arm total), and the lowest band is EXACTLY zero rather than a residual low-intensity band, so zero work is separable and paid_any is identified (D12.3, contrast rautio2016 whose lowest band is <25%). CORROBORATED BY THE AUTHORS: ""It is also important to note that 71% of the 288 diagnosed with a psychotic disorder by 2004-2007 had worked at some point during 2008-2015 and the figure for those with a diagnosis of schizophrenia or a schizoaffective disorder was 54%"" (Discussion, p. 95); 203/288 = 70.5% and 46/86 = 53.5%. No count was back-calculated from a percentage: every input is a printed integer.",yes,yes,yes,pending_stage_g_human_check,none,,,,,,,153,288,,,,,,,"MEASUREMENT IS AGE-ANCHORED, NOT ELAPSED (D12.3b). Every cohort member was born in 1987, so the 2008-2015 observation window is the same eight calendar years and the same ages (20-28) for all of them, while time since the first psychosis diagnosis (2004-2007) varies from 8 to 11 years and is never used or reported. followup_basis = chronological_age and followup_months is left blank; measurement_age_years = 28 is the age at the end of the window, which runs from age 20 or 21 (the abstract and Methods say 20-28, Table 1's title says 21-28). Not assignable to any landmark horizon. Cumulative attainment over eight years, not point prevalence, so it does not enter the primary pool. Full band table for this arm: Working 0 year 85, 1-4 year 101, >=5 year 102."
ringbom2023_cohort_age28_paidthresh,ringbom2023,fi_birth_1987,cohort,psychosis_288,,chronological_age,28,,paid_intensity_threshold,"Table 1 row ""Working / >= 5 year: 102"" for the 288 with any nonaffective psychotic disorder, i.e. salary contributing to a pension scheme in at least five of the eight calendar years 2008-2015. ""Employment was defined as receiving any salary that contributed to a pension scheme"" (Methods, p. 92).",reported,period_prevalence,96,102,288,288,288,288,,outcome_observed,register_complete,"Table 1, p. 93 (Status during 2008-2015); outcome definitions Methods, Definitions of Outcomes, p. 92",,,,,,,none,,,,,,,153,288,,,,,,,"MEASUREMENT IS AGE-ANCHORED, NOT ELAPSED (D12.3b). Every cohort member was born in 1987, so the 2008-2015 observation window is the same eight calendar years and the same ages (20-28) for all of them, while time since the first psychosis diagnosis (2004-2007) varies from 8 to 11 years and is never used or reported. followup_basis = chronological_age and followup_months is left blank; measurement_age_years = 28 is the age at the end of the window, which runs from age 20 or 21 (the abstract and Methods say 20-28, Table 1's title says 21-28). Not assignable to any landmark horizon. Threshold-defined and therefore precisely specified, not `unclear` (D12.3a). It excludes everyone who worked in one to four of the eight years, so it never substitutes for paid_any."
ringbom2023_cohort_age28_eet,ringbom2023,fi_birth_1987,cohort,psychosis_288,,chronological_age,28,,paid_or_education_or_training,"Table 1 row ""Not in education, employment or training / 0 year: 99"" for the 288 with any nonaffective psychotic disorder, i.e. no calendar year of NEET during 2008-2015. Defined at Methods, Definitions of Outcomes, p. 92: ""Subjects were regarded as long-term NEET if they had not been working, studying on parental leave or taking part in jobseekers' programmes for five calendar years between 2008 and 2015. Employment was defined as receiving any salary that contributed to a pension scheme. Being in education was defined as receiving any student benefits. Parental leave was defined as receiving childcare benefits. Participating in jobseekers' programmes was counted as training.""",reported,period_prevalence,96,99,288,288,288,288,,outcome_observed,register_complete,"Table 1, p. 93 (Status during 2008-2015); outcome definitions Methods, Definitions of Outcomes, p. 92",,,,,,,none,,,,,,,153,288,,,,,,,"MEASUREMENT IS AGE-ANCHORED, NOT ELAPSED (D12.3b). Every cohort member was born in 1987, so the 2008-2015 observation window is the same eight calendar years and the same ages (20-28) for all of them, while time since the first psychosis diagnosis (2004-2007) varies from 8 to 11 years and is never used or reported. followup_basis = chronological_age and followup_months is left blank; measurement_age_years = 28 is the age at the end of the window, which runs from age 20 or 21 (the abstract and Methods say 20-28, Table 1's title says 21-28). Not assignable to any landmark horizon. NEET is the source composite and is coded paid_or_education_or_training under D12.1; it never enters the primary pool. THE NUMERATOR IS THE COMPLEMENT OF NEET, not NEET itself: 99 had zero years of NEET, i.e. were working, studying, on parental leave or in a jobseekers' programme in every one of the eight years. NOTE that the source composite also counts PARENTAL LEAVE, which is neither employment, education nor training; the definition is quoted in full so that the departure is visible. The paper's headline figure is the opposite tail: long-term NEET for >=5 years is 103 of 288 (35.8%), with 1-4 years 86. 'Any EET at some point' is NOT identified by these bands, because the >=5 year band pools people with five to eight NEET years; it is bounded only by 185 <= any-EET <= 288."
ringbom2023_cohort_age28_training,ringbom2023,fi_birth_1987,cohort,psychosis_288,,chronological_age,28,,training_only,"Table 1 row ""Training / Any time: 138"" for the 288 with any nonaffective psychotic disorder. Defined at Methods, Definitions of Outcomes, p. 92: ""Participating in jobseekers' programmes was counted as training.""",reported,any_time_during_followup,96,138,288,288,288,288,,outcome_observed,register_complete,"Table 1, p. 93 (Status during 2008-2015); outcome definitions Methods, Definitions of Outcomes, p. 92",,,,,,,none,,,,,,,153,288,,,,,,,"MEASUREMENT IS AGE-ANCHORED, NOT ELAPSED (D12.3b). Every cohort member was born in 1987, so the 2008-2015 observation window is the same eight calendar years and the same ages (20-28) for all of them, while time since the first psychosis diagnosis (2004-2007) varies from 8 to 11 years and is never used or reported. followup_basis = chronological_age and followup_months is left blank; measurement_age_years = 28 is the age at the end of the window, which runs from age 20 or 21 (the abstract and Methods say 20-28, Table 1's title says 21-28). Not assignable to any landmark horizon. Registered secondary outcome. Training here means participation in a mainstream jobseekers' programme run by the unemployment agency, not paid work, and overlaps the employment and education rows; do not add."
ringbom2023_cohort_age28_education,ringbom2023,fi_birth_1987,cohort,psychosis_288,,chronological_age,28,,education_only,"Derived from Table 1 row ""Studying / 0 year: 159"" for the 288 with any nonaffective psychotic disorder. Defined at Methods, Definitions of Outcomes, p. 92: ""Being in education was defined as receiving any student benefits.""",derived,any_time_during_followup,96,129,288,288,288,288,,outcome_observed,register_complete,"Table 1, p. 93 (Status during 2008-2015); outcome definitions Methods, Definitions of Outcomes, p. 92",,Complement of the printed zero band: 288 minus 159 with 0 years of studying = 129 who received student benefits in at least one calendar year during 2008-2015. The Studying bands 0 year / 1-4 year / >=5 year are mutually exclusive and exhaustive (159 + 84 + 45 = 288) and the lowest band is exactly zero. Every input is a printed integer; nothing was back-calculated from a percentage.,yes,yes,,pending_stage_g_human_check,none,,,,,,,153,288,,,,,,,"MEASUREMENT IS AGE-ANCHORED, NOT ELAPSED (D12.3b). Every cohort member was born in 1987, so the 2008-2015 observation window is the same eight calendar years and the same ages (20-28) for all of them, while time since the first psychosis diagnosis (2004-2007) varies from 8 to 11 years and is never used or reported. followup_basis = chronological_age and followup_months is left blank; measurement_age_years = 28 is the age at the end of the window, which runs from age 20 or 21 (the abstract and Methods say 20-28, Table 1's title says 21-28). Not assignable to any landmark horizon. Registered secondary outcome. The source does NOT establish whether these individuals were also in paid work, so education_only is used in its activity-type sense and must not be read as 'education instead of employment'; it overlaps the employment rows and must not be added to them."
ringbom2023_sz_sza_age28_paidany,ringbom2023,fi_birth_1987,sz_sza,szsza_86,,chronological_age,28,,paid_any,"Derived from Table 1 row ""Working / 0 year: 40"" for the 86 with schizophrenia or schizoaffective disorder. Construct defined at Methods, Definitions of Outcomes, p. 92: ""Employment was defined as receiving any salary that contributed to a pension scheme.""",derived,any_time_during_followup,96,46,86,86,86,86,,outcome_observed,register_complete,"Table 1, p. 93 (Status during 2008-2015); outcome definitions Methods, Definitions of Outcomes, p. 92",,"Complement of the printed zero band: 86 in the arm minus 40 with 0 years of working = 46 who worked in at least one calendar year during 2008-2015. The Working bands are 0 year / 1-4 year / >=5 year, are mutually exclusive and exhaustive (40 + 29 + 17 = 86, matching the arm total), and the lowest band is EXACTLY zero rather than a residual low-intensity band, so zero work is separable and paid_any is identified (D12.3, contrast rautio2016 whose lowest band is <25%). CORROBORATED BY THE AUTHORS: ""It is also important to note that 71% of the 288 diagnosed with a psychotic disorder by 2004-2007 had worked at some point during 2008-2015 and the figure for those with a diagnosis of schizophrenia or a schizoaffective disorder was 54%"" (Discussion, p. 95); 203/288 = 70.5% and 46/86 = 53.5%. No count was back-calculated from a percentage: every input is a printed integer.",yes,yes,yes,pending_stage_g_human_check,unresolved,"UNRESOLVED. The size of the schizophrenia or schizoaffective group is stated twice and differently. Results, Labor Market Outcomes, p. 93: ""The 86 subjects diagnosed with schizophrenia or schizoaffective disorders were more likely to be not studying..."", and Table 1's column is headed ""Schizophrenia (n = 86)"" with every band summing to 86 (40+29+17, 61+18+7, 75+11+0, 13+24+49) and with 68 F20 plus 18 F25 = 86 in the Results diagnosis breakdown. Results, Clinical Characteristics, p. 95 instead says ""These were for the 137 (47.6%) with schizophrenia or a schizoaffective disorder"", and 137/288 = 47.6% is internally consistent with its own percentage. CANDIDATE RESOLUTION, recorded as a candidate and NOT applied (prompt rule 14): 86 is anchored by four independent sums and by the abstract's 57.0% (49/86 = 56.98%), so 137 is probably a different or later ascertainment of the same diagnoses used only in Supplementary Table 1, which is not held. Until an author or the supplement says so, every result attached to this subgroup is blocked.",,,,,,,,,,,,,,"MEASUREMENT IS AGE-ANCHORED, NOT ELAPSED (D12.3b). Every cohort member was born in 1987, so the 2008-2015 observation window is the same eight calendar years and the same ages (20-28) for all of them, while time since the first psychosis diagnosis (2004-2007) varies from 8 to 11 years and is never used or reported. followup_basis = chronological_age and followup_months is left blank; measurement_age_years = 28 is the age at the end of the window, which runs from age 20 or 21 (the abstract and Methods say 20-28, Table 1's title says 21-28). Not assignable to any landmark horizon. Cumulative attainment over eight years, not point prevalence, so it does not enter the primary pool. Full band table for this arm: Working 0 year 40, 1-4 year 29, >=5 year 17."
ringbom2023_sz_sza_age28_paidthresh,ringbom2023,fi_birth_1987,sz_sza,szsza_86,,chronological_age,28,,paid_intensity_threshold,"Table 1 row ""Working / >= 5 year: 17"" for the 86 with schizophrenia or schizoaffective disorder, i.e. salary contributing to a pension scheme in at least five of the eight calendar years 2008-2015. ""Employment was defined as receiving any salary that contributed to a pension scheme"" (Methods, p. 92).",reported,period_prevalence,96,17,86,86,86,86,,outcome_observed,register_complete,"Table 1, p. 93 (Status during 2008-2015); outcome definitions Methods, Definitions of Outcomes, p. 92",,,,,,,unresolved,"UNRESOLVED. The size of the schizophrenia or schizoaffective group is stated twice and differently. Results, Labor Market Outcomes, p. 93: ""The 86 subjects diagnosed with schizophrenia or schizoaffective disorders were more likely to be not studying..."", and Table 1's column is headed ""Schizophrenia (n = 86)"" with every band summing to 86 (40+29+17, 61+18+7, 75+11+0, 13+24+49) and with 68 F20 plus 18 F25 = 86 in the Results diagnosis breakdown. Results, Clinical Characteristics, p. 95 instead says ""These were for the 137 (47.6%) with schizophrenia or a schizoaffective disorder"", and 137/288 = 47.6% is internally consistent with its own percentage. CANDIDATE RESOLUTION, recorded as a candidate and NOT applied (prompt rule 14): 86 is anchored by four independent sums and by the abstract's 57.0% (49/86 = 56.98%), so 137 is probably a different or later ascertainment of the same diagnoses used only in Supplementary Table 1, which is not held. Until an author or the supplement says so, every result attached to this subgroup is blocked.",,,,,,,,,,,,,,"MEASUREMENT IS AGE-ANCHORED, NOT ELAPSED (D12.3b). Every cohort member was born in 1987, so the 2008-2015 observation window is the same eight calendar years and the same ages (20-28) for all of them, while time since the first psychosis diagnosis (2004-2007) varies from 8 to 11 years and is never used or reported. followup_basis = chronological_age and followup_months is left blank; measurement_age_years = 28 is the age at the end of the window, which runs from age 20 or 21 (the abstract and Methods say 20-28, Table 1's title says 21-28). Not assignable to any landmark horizon. Threshold-defined and therefore precisely specified, not `unclear` (D12.3a). It excludes everyone who worked in one to four of the eight years, so it never substitutes for paid_any."
ringbom2023_sz_sza_age28_eet,ringbom2023,fi_birth_1987,sz_sza,szsza_86,,chronological_age,28,,paid_or_education_or_training,"Table 1 row ""Not in education, employment or training / 0 year: 13"" for the 86 with schizophrenia or schizoaffective disorder, i.e. no calendar year of NEET during 2008-2015. Defined at Methods, Definitions of Outcomes, p. 92: ""Subjects were regarded as long-term NEET if they had not been working, studying on parental leave or taking part in jobseekers' programmes for five calendar years between 2008 and 2015. Employment was defined as receiving any salary that contributed to a pension scheme. Being in education was defined as receiving any student benefits. Parental leave was defined as receiving childcare benefits. Participating in jobseekers' programmes was counted as training.""",reported,period_prevalence,96,13,86,86,86,86,,outcome_observed,register_complete,"Table 1, p. 93 (Status during 2008-2015); outcome definitions Methods, Definitions of Outcomes, p. 92",,,,,,,unresolved,"UNRESOLVED. The size of the schizophrenia or schizoaffective group is stated twice and differently. Results, Labor Market Outcomes, p. 93: ""The 86 subjects diagnosed with schizophrenia or schizoaffective disorders were more likely to be not studying..."", and Table 1's column is headed ""Schizophrenia (n = 86)"" with every band summing to 86 (40+29+17, 61+18+7, 75+11+0, 13+24+49) and with 68 F20 plus 18 F25 = 86 in the Results diagnosis breakdown. Results, Clinical Characteristics, p. 95 instead says ""These were for the 137 (47.6%) with schizophrenia or a schizoaffective disorder"", and 137/288 = 47.6% is internally consistent with its own percentage. CANDIDATE RESOLUTION, recorded as a candidate and NOT applied (prompt rule 14): 86 is anchored by four independent sums and by the abstract's 57.0% (49/86 = 56.98%), so 137 is probably a different or later ascertainment of the same diagnoses used only in Supplementary Table 1, which is not held. Until an author or the supplement says so, every result attached to this subgroup is blocked.",,,,,,,,,,,,,,"MEASUREMENT IS AGE-ANCHORED, NOT ELAPSED (D12.3b). Every cohort member was born in 1987, so the 2008-2015 observation window is the same eight calendar years and the same ages (20-28) for all of them, while time since the first psychosis diagnosis (2004-2007) varies from 8 to 11 years and is never used or reported. followup_basis = chronological_age and followup_months is left blank; measurement_age_years = 28 is the age at the end of the window, which runs from age 20 or 21 (the abstract and Methods say 20-28, Table 1's title says 21-28). Not assignable to any landmark horizon. NEET is the source composite and is coded paid_or_education_or_training under D12.1; it never enters the primary pool. THE NUMERATOR IS THE COMPLEMENT OF NEET, not NEET itself: 13 had zero years of NEET, i.e. were working, studying, on parental leave or in a jobseekers' programme in every one of the eight years. NOTE that the source composite also counts PARENTAL LEAVE, which is neither employment, education nor training; the definition is quoted in full so that the departure is visible. The paper's headline figure is the opposite tail: long-term NEET for >=5 years is 49 of 86 (57.0%), with 1-4 years 24. 'Any EET at some point' is NOT identified by these bands, because the >=5 year band pools people with five to eight NEET years; it is bounded only by 37 <= any-EET <= 86."
ringbom2023_sz_sza_age28_training,ringbom2023,fi_birth_1987,sz_sza,szsza_86,,chronological_age,28,,training_only,"Table 1 row ""Training / Any time: 31"" for the 86 with schizophrenia or schizoaffective disorder. Defined at Methods, Definitions of Outcomes, p. 92: ""Participating in jobseekers' programmes was counted as training.""",reported,any_time_during_followup,96,31,86,86,86,86,,outcome_observed,register_complete,"Table 1, p. 93 (Status during 2008-2015); outcome definitions Methods, Definitions of Outcomes, p. 92",,,,,,,unresolved,"UNRESOLVED. The size of the schizophrenia or schizoaffective group is stated twice and differently. Results, Labor Market Outcomes, p. 93: ""The 86 subjects diagnosed with schizophrenia or schizoaffective disorders were more likely to be not studying..."", and Table 1's column is headed ""Schizophrenia (n = 86)"" with every band summing to 86 (40+29+17, 61+18+7, 75+11+0, 13+24+49) and with 68 F20 plus 18 F25 = 86 in the Results diagnosis breakdown. Results, Clinical Characteristics, p. 95 instead says ""These were for the 137 (47.6%) with schizophrenia or a schizoaffective disorder"", and 137/288 = 47.6% is internally consistent with its own percentage. CANDIDATE RESOLUTION, recorded as a candidate and NOT applied (prompt rule 14): 86 is anchored by four independent sums and by the abstract's 57.0% (49/86 = 56.98%), so 137 is probably a different or later ascertainment of the same diagnoses used only in Supplementary Table 1, which is not held. Until an author or the supplement says so, every result attached to this subgroup is blocked.",,,,,,,,,,,,,,"MEASUREMENT IS AGE-ANCHORED, NOT ELAPSED (D12.3b). Every cohort member was born in 1987, so the 2008-2015 observation window is the same eight calendar years and the same ages (20-28) for all of them, while time since the first psychosis diagnosis (2004-2007) varies from 8 to 11 years and is never used or reported. followup_basis = chronological_age and followup_months is left blank; measurement_age_years = 28 is the age at the end of the window, which runs from age 20 or 21 (the abstract and Methods say 20-28, Table 1's title says 21-28). Not assignable to any landmark horizon. Registered secondary outcome. Training here means participation in a mainstream jobseekers' programme run by the unemployment agency, not paid work, and overlaps the employment and education rows; do not add."
ringbom2023_sz_sza_age28_education,ringbom2023,fi_birth_1987,sz_sza,szsza_86,,chronological_age,28,,education_only,"Derived from Table 1 row ""Studying / 0 year: 61"" for the 86 with schizophrenia or schizoaffective disorder. Defined at Methods, Definitions of Outcomes, p. 92: ""Being in education was defined as receiving any student benefits.""",derived,any_time_during_followup,96,25,86,86,86,86,,outcome_observed,register_complete,"Table 1, p. 93 (Status during 2008-2015); outcome definitions Methods, Definitions of Outcomes, p. 92",,Complement of the printed zero band: 86 minus 61 with 0 years of studying = 25 who received student benefits in at least one calendar year during 2008-2015. The Studying bands 0 year / 1-4 year / >=5 year are mutually exclusive and exhaustive (61 + 18 + 7 = 86) and the lowest band is exactly zero. Every input is a printed integer; nothing was back-calculated from a percentage.,yes,yes,,pending_stage_g_human_check,unresolved,"UNRESOLVED. The size of the schizophrenia or schizoaffective group is stated twice and differently. Results, Labor Market Outcomes, p. 93: ""The 86 subjects diagnosed with schizophrenia or schizoaffective disorders were more likely to be not studying..."", and Table 1's column is headed ""Schizophrenia (n = 86)"" with every band summing to 86 (40+29+17, 61+18+7, 75+11+0, 13+24+49) and with 68 F20 plus 18 F25 = 86 in the Results diagnosis breakdown. Results, Clinical Characteristics, p. 95 instead says ""These were for the 137 (47.6%) with schizophrenia or a schizoaffective disorder"", and 137/288 = 47.6% is internally consistent with its own percentage. CANDIDATE RESOLUTION, recorded as a candidate and NOT applied (prompt rule 14): 86 is anchored by four independent sums and by the abstract's 57.0% (49/86 = 56.98%), so 137 is probably a different or later ascertainment of the same diagnoses used only in Supplementary Table 1, which is not held. Until an author or the supplement says so, every result attached to this subgroup is blocked.",,,,,,,,,,,,,,"MEASUREMENT IS AGE-ANCHORED, NOT ELAPSED (D12.3b). Every cohort member was born in 1987, so the 2008-2015 observation window is the same eight calendar years and the same ages (20-28) for all of them, while time since the first psychosis diagnosis (2004-2007) varies from 8 to 11 years and is never used or reported. followup_basis = chronological_age and followup_months is left blank; measurement_age_years = 28 is the age at the end of the window, which runs from age 20 or 21 (the abstract and Methods say 20-28, Table 1's title says 21-28). Not assignable to any landmark horizon. Registered secondary outcome. The source does NOT establish whether these individuals were also in paid work, so education_only is used in its activity-type sense and must not be read as 'education instead of employment'; it overlaps the employment rows and must not be added to them."
rodriguezpulido2021_crips_t8m_paidcomp,rodriguezpulido2021,tenerife_cr_rct,cr_ips,completers_23,8,since_baseline,,,paid_competitive,The employment rates are calculated as the percentage of participants over the total of each group that obtains at least one job in the study period fixed (8-months and 12-months).,reported,any_time_during_followup,8,,23,23,,28,23,outcome_observed,complete_case,"Results, p. 307 ('More clients in the CR + IPS group worked at 8 and 12 months (52.2% and 60.9%, respectively) than IPS (29.2% and 37.5%, p = .023 and p = .025, respectively)'); Figure 3, p. 307; group denominators from Table 4 column headers, p. 308",,,,,,,none,,,,,,,8,23,,,,,,,"Printed value: 52.2% of the 23 completers in this arm obtained at least one job by 8 months. NO NUMERATOR RECOVERABLE. The paper prints the employment rate only as a percentage of the group (Results p. 307 and Figure 3 p. 307); Table 4 (p. 308) reports mean number of jobs per individual, mean weekly hours and mean hourly wage, and no employment count appears anywhere in the article. The denominator IS printed (Table 4 column headers, p. 308), so multiplying it by the percentage would give a whole number, but that is exactly the back-calculation forbidden by extraction_v3 rule 1 and codebook rule 2, so n_employed is left blank. | CONSTRUCT: paid_competitive, not paid_any. The intervention is IPS, whose stated aim is competitive employment (""the aim of competitive employment with individual and rapid search jobs"", p. 294); the discussion describes the outcome as ""the achievement of competitive employment"" (p. 309) and the study counts ""the number of competitive jobs"" (p. 304). | ASCERTAINMENT: any_time_during_followup, not point prevalence. The rate counts anyone who ""obtains at least one job in the study period"" and the paper calls these ""Cumulative work rates"" (p. 304). | This result cannot enter the primary pool on four independent grounds: employment-related selection at recruitment, an allocated trial arm rather than a whole cohort, a competitive-only construct, and cumulative rather than point ascertainment. | MODERATORS: no mean age is printed, only age bands (18-35, 36-45, 46-65) in Table 1, p. 301. Education is banded as Elementary School / School certificate / High school (Table 1, p. 301); none of these is post-secondary, so perc_post_secondary is left blank rather than set to zero. Baseline employment is reported only as the mean number of competitive jobs in the 6 months before entry (0.22 in CR+IPS, 0.31 in IPS-only, p. 304), which is not a proportion employed."
rodriguezpulido2021_crips_t12m_paidcomp,rodriguezpulido2021,tenerife_cr_rct,cr_ips,completers_23,12,since_baseline,,,paid_competitive,The employment rates are calculated as the percentage of participants over the total of each group that obtains at least one job in the study period fixed (8-months and 12-months).,reported,any_time_during_followup,12,,23,23,,28,23,outcome_observed,complete_case,"Results, p. 307 ('More clients in the CR + IPS group worked at 8 and 12 months (52.2% and 60.9%, respectively) than IPS (29.2% and 37.5%, p = .023 and p = .025, respectively)'); Figure 3, p. 307; group denominators from Table 4 column headers, p. 308",,,,,,,none,,,,,,,8,23,,,,,,,"Printed value: 60.9% of the 23 completers in this arm obtained at least one job by 12 months. NO NUMERATOR RECOVERABLE. The paper prints the employment rate only as a percentage of the group (Results p. 307 and Figure 3 p. 307); Table 4 (p. 308) reports mean number of jobs per individual, mean weekly hours and mean hourly wage, and no employment count appears anywhere in the article. The denominator IS printed (Table 4 column headers, p. 308), so multiplying it by the percentage would give a whole number, but that is exactly the back-calculation forbidden by extraction_v3 rule 1 and codebook rule 2, so n_employed is left blank. | CONSTRUCT: paid_competitive, not paid_any. The intervention is IPS, whose stated aim is competitive employment (""the aim of competitive employment with individual and rapid search jobs"", p. 294); the discussion describes the outcome as ""the achievement of competitive employment"" (p. 309) and the study counts ""the number of competitive jobs"" (p. 304). | ASCERTAINMENT: any_time_during_followup, not point prevalence. The rate counts anyone who ""obtains at least one job in the study period"" and the paper calls these ""Cumulative work rates"" (p. 304). | This result cannot enter the primary pool on four independent grounds: employment-related selection at recruitment, an allocated trial arm rather than a whole cohort, a competitive-only construct, and cumulative rather than point ascertainment. | MODERATORS: no mean age is printed, only age bands (18-35, 36-45, 46-65) in Table 1, p. 301. Education is banded as Elementary School / School certificate / High school (Table 1, p. 301); none of these is post-secondary, so perc_post_secondary is left blank rather than set to zero. Baseline employment is reported only as the mean number of competitive jobs in the 6 months before entry (0.22 in CR+IPS, 0.31 in IPS-only, p. 304), which is not a proportion employed."
rodriguezpulido2021_ipsonly_t8m_paidcomp,rodriguezpulido2021,tenerife_cr_rct,ips_only,completers_24,8,since_baseline,,,paid_competitive,The employment rates are calculated as the percentage of participants over the total of each group that obtains at least one job in the study period fixed (8-months and 12-months).,reported,any_time_during_followup,8,,24,24,,29,24,outcome_observed,complete_case,"Results, p. 307 ('More clients in the CR + IPS group worked at 8 and 12 months (52.2% and 60.9%, respectively) than IPS (29.2% and 37.5%, p = .023 and p = .025, respectively)'); Figure 3, p. 307; group denominators from Table 4 column headers, p. 308",,,,,,,none,,,,,,,7,24,,,,,,,"Printed value: 29.2% of the 24 completers in this arm obtained at least one job by 8 months. NO NUMERATOR RECOVERABLE. The paper prints the employment rate only as a percentage of the group (Results p. 307 and Figure 3 p. 307); Table 4 (p. 308) reports mean number of jobs per individual, mean weekly hours and mean hourly wage, and no employment count appears anywhere in the article. The denominator IS printed (Table 4 column headers, p. 308), so multiplying it by the percentage would give a whole number, but that is exactly the back-calculation forbidden by extraction_v3 rule 1 and codebook rule 2, so n_employed is left blank. | CONSTRUCT: paid_competitive, not paid_any. The intervention is IPS, whose stated aim is competitive employment (""the aim of competitive employment with individual and rapid search jobs"", p. 294); the discussion describes the outcome as ""the achievement of competitive employment"" (p. 309) and the study counts ""the number of competitive jobs"" (p. 304). | ASCERTAINMENT: any_time_during_followup, not point prevalence. The rate counts anyone who ""obtains at least one job in the study period"" and the paper calls these ""Cumulative work rates"" (p. 304). | This result cannot enter the primary pool on four independent grounds: employment-related selection at recruitment, an allocated trial arm rather than a whole cohort, a competitive-only construct, and cumulative rather than point ascertainment. | MODERATORS: no mean age is printed, only age bands (18-35, 36-45, 46-65) in Table 1, p. 301. Education is banded as Elementary School / School certificate / High school (Table 1, p. 301); none of these is post-secondary, so perc_post_secondary is left blank rather than set to zero. Baseline employment is reported only as the mean number of competitive jobs in the 6 months before entry (0.22 in CR+IPS, 0.31 in IPS-only, p. 304), which is not a proportion employed."
rodriguezpulido2021_ipsonly_t12m_paidcomp,rodriguezpulido2021,tenerife_cr_rct,ips_only,completers_24,12,since_baseline,,,paid_competitive,The employment rates are calculated as the percentage of participants over the total of each group that obtains at least one job in the study period fixed (8-months and 12-months).,reported,any_time_during_followup,12,,24,24,,29,24,outcome_observed,complete_case,"Results, p. 307 ('More clients in the CR + IPS group worked at 8 and 12 months (52.2% and 60.9%, respectively) than IPS (29.2% and 37.5%, p = .023 and p = .025, respectively)'); Figure 3, p. 307; group denominators from Table 4 column headers, p. 308",,,,,,,none,,,,,,,7,24,,,,,,,"Printed value: 37.5% of the 24 completers in this arm obtained at least one job by 12 months. NO NUMERATOR RECOVERABLE. The paper prints the employment rate only as a percentage of the group (Results p. 307 and Figure 3 p. 307); Table 4 (p. 308) reports mean number of jobs per individual, mean weekly hours and mean hourly wage, and no employment count appears anywhere in the article. The denominator IS printed (Table 4 column headers, p. 308), so multiplying it by the percentage would give a whole number, but that is exactly the back-calculation forbidden by extraction_v3 rule 1 and codebook rule 2, so n_employed is left blank. | CONSTRUCT: paid_competitive, not paid_any. The intervention is IPS, whose stated aim is competitive employment (""the aim of competitive employment with individual and rapid search jobs"", p. 294); the discussion describes the outcome as ""the achievement of competitive employment"" (p. 309) and the study counts ""the number of competitive jobs"" (p. 304). | ASCERTAINMENT: any_time_during_followup, not point prevalence. The rate counts anyone who ""obtains at least one job in the study period"" and the paper calls these ""Cumulative work rates"" (p. 304). | This result cannot enter the primary pool on four independent grounds: employment-related selection at recruitment, an allocated trial arm rather than a whole cohort, a competitive-only construct, and cumulative rather than point ascertainment. | MODERATORS: no mean age is printed, only age bands (18-35, 36-45, 46-65) in Table 1, p. 301. Education is banded as Elementary School / School certificate / High school (Table 1, p. 301); none of these is post-secondary, so perc_post_secondary is left blank rather than set to zero. Baseline employment is reported only as the mean number of competitive jobs in the 6 months before entry (0.22 in CR+IPS, 0.31 in IPS-only, p. 304), which is not a proportion employed."
shimada2022_gotiot_t60m_vocact,shimada2022,nagano_iot_rct,got_iot,five_year_completers_48,60,since_baseline,,,vocational_activity,"employment/occupation (engagement in productive employment or a structured program with daily activities): score range, 0-10. A higher score indicates a higher level of social functioning.",reported,unclear,,,,48,,68,,,complete_case,"Table 2, p. 482, row 'Employment/occupation'; subscale definition at Methods, 2.4 Outcome measures, p. 478",,,,,,,none,,,,,,,22,48,,,,,,,"NO NUMERATOR EXISTS. The paper prints only a subscale mean: baseline 1.81 (SD 2.46), five-year follow-up 4.46 (SD 2.20) on a 0-10 scale (Table 2, p. 482). A subscale mean is not a proportion; nobody in this report is classified as employed or not employed, so there is no numerator and no denominator to leave blank pending an author reply, only a score. n_assessed records how many completed the five-year assessment; n_outcome_observed is deliberately left blank because employment status was never observed as a status at all. | CONSTRUCT: the subscale explicitly combines 'productive employment' with 'a structured program with daily activities', so even a count would have been vocational_activity, never paid_any. | ASCERTAINMENT unclear: the report does not state the recall window of the SFS. | TIMEPOINT: the follow-up assessment was 'administered at five years after index discharge' (Methods, 2.2, p. 478) while baseline was at hospitalisation; mean length of the most recent hospital stay was 132.18 days, so elapsed time from baseline is nearer 64 months than 60. Both sit in the 48-78 month band, so the horizon is unaffected. | n_female is the exact complement of the printed male counts (26 of 48 and 28 of 54, Table 1, pp. 479-480); it is arithmetic on counts, not a back-calculation from a percentage. | Table 1 (pp. 479-480) reports 'Income, n (% yes)' 96 (94.12%) of 102; income is undefined there, covers any source, and is not offered as an employment outcome, so it is NOT extracted as one."
shimada2022_gotalone_t60m_vocact,shimada2022,nagano_iot_rct,got_alone,five_year_completers_54,60,since_baseline,,,vocational_activity,"employment/occupation (engagement in productive employment or a structured program with daily activities): score range, 0-10. A higher score indicates a higher level of social functioning.",reported,unclear,,,,54,,68,,,complete_case,"Table 2, p. 482, row 'Employment/occupation'; subscale definition at Methods, 2.4 Outcome measures, p. 478",,,,,,,none,,,,,,,26,54,,,,,,,"NO NUMERATOR EXISTS. The paper prints only a subscale mean: baseline 1.87 (SD 1.96), five-year follow-up 2.46 (SD 2.36) on a 0-10 scale (Table 2, p. 482). A subscale mean is not a proportion; nobody in this report is classified as employed or not employed, so there is no numerator and no denominator to leave blank pending an author reply, only a score. n_assessed records how many completed the five-year assessment; n_outcome_observed is deliberately left blank because employment status was never observed as a status at all. | CONSTRUCT: the subscale explicitly combines 'productive employment' with 'a structured program with daily activities', so even a count would have been vocational_activity, never paid_any. | ASCERTAINMENT unclear: the report does not state the recall window of the SFS. | TIMEPOINT: the follow-up assessment was 'administered at five years after index discharge' (Methods, 2.2, p. 478) while baseline was at hospitalisation; mean length of the most recent hospital stay was 132.18 days, so elapsed time from baseline is nearer 64 months than 60. Both sit in the 48-78 month band, so the horizon is unaffected. | n_female is the exact complement of the printed male counts (26 of 48 and 28 of 54, Table 1, pp. 479-480); it is arithmetic on counts, not a back-calculation from a percentage. | Table 1 (pp. 479-480) reports 'Income, n (% yes)' 96 (94.12%) of 102; income is undefined there, covers any source, and is not offered as an employment outcome, so it is NOT extracted as one."
solmi2022_cohort_t12m_paidthresh,solmi2022,se_registers,cohort,dp_free_at_entry_21551,12,since_baseline,,,paid_intensity_threshold,"People were categorized yearly based on their main activity or source of income from 2 years before to 5 years after date of first diagnosis. The starting point was categorization by Statistics Sweden, where people were categorized as employed or not employed based on income. Alternative activities and sources of income were evaluated by the number of days of receipt of social security benefits full- or part-time (including SA, parental leave, and DP) and the number of days registered as unemployed; people were assigned to the occupational activity generating income for more than 6 months yearly.",reported,period_prevalence,12,,,,,21551,21551,,not_stated,"Figure 1, p. 942 ('Development of main occupational activity of persons with first-episode nonaffective psychosis, from 2 calendar years before to 5 years after first diagnosis'); the year-1 and year-5 values are restated in Results, Sample Characteristics, p. 940; construct definition at Methods, Other Measures, pp. 939-940",,,,,,,unresolved,"UNRESOLVED: the base of the Figure 1 percentages is contradicted by the reported follow-up structure. The Figure 1 footnote (p. 942) states ""N=21,551"" for a series running to 5 years after first diagnosis, but cohort accrual ran to 2016 while data linkage ended 31 December 2016 (Methods, p. 940) and the median follow-up was 4.8 years (IQR 2.2-7.7, Results p. 940), so a large part of the cohort cannot have any year-5 observation and some cannot have a year-1 observation either. Separately, follow-up is stated to end at ""death, emigration, DP, or the end of data linkage"" (Methods, p. 940), yet disability pension appears in Figure 1 as a rising occupational category reaching 27.3% at year 5, so the occupational-activity series must use a different and unstated at-risk definition from the survival analysis. The two accounts cannot both be right, and which one holds determines what the printed percentages are percentages OF. Blocked from every synthesis pending an author reply. Candidate resolution (mine, not an authority, so the status stays unresolved under extraction_v3 rule 14): the occupational series is probably computed on the shrinking number under observation in each year, which would make N=21,551 a cohort size printed in a figure footnote rather than the denominator of its percentages.",,,,29,,8481,21551,,4508,21551,,7634,21551,"Printed value: 19.5% employed at 1 year after diagnosis. NO COUNT IS PRINTED for this or any other year, and none is recoverable: the only denominator offered is the figure footnote's N=21,551, which the methods contradict (see conflict_note). Nothing is read off the plotted bars; the percentages above are the figure's own printed data labels, two of which are repeated verbatim in the running text. FULL PRINTED SERIES (Figure 1, p. 942, 'Employed' row): 32.0% at 2 years before diagnosis, 30.5% at 1 year before, 22.2% in the diagnosis year, then 19.5%, 22.1%, 22.9%, 23.9% and 25.1% at years 1 to 5 after diagnosis. Years 3 and 4 are not given their own rows because year 3 (36 months) falls in no prespecified band and year 4 (48 months) is further from the 5-year landmark than year 5. | ANALYSIS-LEVEL SELECTION: 5,144 people already on disability pension at first diagnosis were excluded from the cohort (Methods, p. 940). Disability pension in Sweden is granted when work capacity is permanently reduced, so this removes precisely those least able to work and raises every employment percentage the paper prints by an unknown amount. Recorded as analysis_selection_status = selected with reason analytic_restriction on the arm row, following the precedent set for mihaljevicpeles2016. | CONSTRUCT is paid_intensity_threshold, NOT paid_any. 'Employed' here is a mutually exclusive MAIN-ACTIVITY category assigned to whoever generated income from that activity for more than 6 months of the year, so anyone in paid work for a smaller part of the year, or whose dominant income came from benefits, is counted elsewhere. The report's own Table 1 shows the two constructs differ: 35.4% had 'any income from work during previous calendar year' at cohort entry against 32.0% classified as employed two years before diagnosis. | ASCERTAINMENT is period_prevalence over a 12-month window, not point prevalence. | FOLLOW-UP: 'Time point 0 refers to the year of first psychosis diagnosis' (Figure 1 footnote, p. 942), so the timepoints are whole calendar years indexed to each person's own diagnosis year. That is measured from cohort entry, hence since_baseline, but elapsed time at 'year 1' varies across roughly 0-24 months depending on where in the diagnosis year the diagnosis fell. Raised as an author query. | MODERATORS: n_female is the exact complement of the printed male count (13,070 of 21,551, Table 1, p. 941), and Table 1's footnote states that education was the only variable with missing data, so the complement is exact. n_post_secondary uses 'High (>12 years)' education 4,508 of 21,551; note that 2,604 have unknown education, so the proportion among those with known education is higher than 20.9%. n_employed_baseline is 'Any income from work during previous calendar year' 7,634 of 21,551 (Table 1, p. 941), which is a PRE-baseline period-prevalence count and the only recoverable employment count in the report. | The paper's own estimand, an adjusted within-subject hazard ratio for sickness absence or disability pension during antipsychotic use versus nonuse (aHR=0.65, 95% CI 0.59-0.72), is not an employment outcome of this review and is not extracted as one; work disability is not employment. That within-subject effect would take ROBINS-I; the results extracted here are whole-cohort prevalences and take JBI, per SAP section 8."
solmi2022_cohort_t24m_paidthresh,solmi2022,se_registers,cohort,dp_free_at_entry_21551,24,since_baseline,,,paid_intensity_threshold,"People were categorized yearly based on their main activity or source of income from 2 years before to 5 years after date of first diagnosis. The starting point was categorization by Statistics Sweden, where people were categorized as employed or not employed based on income. Alternative activities and sources of income were evaluated by the number of days of receipt of social security benefits full- or part-time (including SA, parental leave, and DP) and the number of days registered as unemployed; people were assigned to the occupational activity generating income for more than 6 months yearly.",reported,period_prevalence,12,,,,,21551,21551,,not_stated,"Figure 1, p. 942 ('Development of main occupational activity of persons with first-episode nonaffective psychosis, from 2 calendar years before to 5 years after first diagnosis'); the year-1 and year-5 values are restated in Results, Sample Characteristics, p. 940; construct definition at Methods, Other Measures, pp. 939-940",,,,,,,unresolved,"UNRESOLVED: the base of the Figure 1 percentages is contradicted by the reported follow-up structure. The Figure 1 footnote (p. 942) states ""N=21,551"" for a series running to 5 years after first diagnosis, but cohort accrual ran to 2016 while data linkage ended 31 December 2016 (Methods, p. 940) and the median follow-up was 4.8 years (IQR 2.2-7.7, Results p. 940), so a large part of the cohort cannot have any year-5 observation and some cannot have a year-1 observation either. Separately, follow-up is stated to end at ""death, emigration, DP, or the end of data linkage"" (Methods, p. 940), yet disability pension appears in Figure 1 as a rising occupational category reaching 27.3% at year 5, so the occupational-activity series must use a different and unstated at-risk definition from the survival analysis. The two accounts cannot both be right, and which one holds determines what the printed percentages are percentages OF. Blocked from every synthesis pending an author reply. Candidate resolution (mine, not an authority, so the status stays unresolved under extraction_v3 rule 14): the occupational series is probably computed on the shrinking number under observation in each year, which would make N=21,551 a cohort size printed in a figure footnote rather than the denominator of its percentages.",,,,29,,8481,21551,,4508,21551,,7634,21551,"Printed value: 22.1% employed at 2 years after diagnosis. NO COUNT IS PRINTED for this or any other year, and none is recoverable: the only denominator offered is the figure footnote's N=21,551, which the methods contradict (see conflict_note). Nothing is read off the plotted bars; the percentages above are the figure's own printed data labels, two of which are repeated verbatim in the running text. | ANALYSIS-LEVEL SELECTION: 5,144 people already on disability pension at first diagnosis were excluded from the cohort (Methods, p. 940). Disability pension in Sweden is granted when work capacity is permanently reduced, so this removes precisely those least able to work and raises every employment percentage the paper prints by an unknown amount. Recorded as analysis_selection_status = selected with reason analytic_restriction on the arm row, following the precedent set for mihaljevicpeles2016. | CONSTRUCT is paid_intensity_threshold, NOT paid_any. 'Employed' here is a mutually exclusive MAIN-ACTIVITY category assigned to whoever generated income from that activity for more than 6 months of the year, so anyone in paid work for a smaller part of the year, or whose dominant income came from benefits, is counted elsewhere. The report's own Table 1 shows the two constructs differ: 35.4% had 'any income from work during previous calendar year' at cohort entry against 32.0% classified as employed two years before diagnosis. | ASCERTAINMENT is period_prevalence over a 12-month window, not point prevalence. | FOLLOW-UP: 'Time point 0 refers to the year of first psychosis diagnosis' (Figure 1 footnote, p. 942), so the timepoints are whole calendar years indexed to each person's own diagnosis year. That is measured from cohort entry, hence since_baseline, but elapsed time at 'year 1' varies across roughly 0-24 months depending on where in the diagnosis year the diagnosis fell. Raised as an author query. | MODERATORS: n_female is the exact complement of the printed male count (13,070 of 21,551, Table 1, p. 941), and Table 1's footnote states that education was the only variable with missing data, so the complement is exact. n_post_secondary uses 'High (>12 years)' education 4,508 of 21,551; note that 2,604 have unknown education, so the proportion among those with known education is higher than 20.9%. n_employed_baseline is 'Any income from work during previous calendar year' 7,634 of 21,551 (Table 1, p. 941), which is a PRE-baseline period-prevalence count and the only recoverable employment count in the report. | The paper's own estimand, an adjusted within-subject hazard ratio for sickness absence or disability pension during antipsychotic use versus nonuse (aHR=0.65, 95% CI 0.59-0.72), is not an employment outcome of this review and is not extracted as one; work disability is not employment. That within-subject effect would take ROBINS-I; the results extracted here are whole-cohort prevalences and take JBI, per SAP section 8."
solmi2022_cohort_t60m_paidthresh,solmi2022,se_registers,cohort,dp_free_at_entry_21551,60,since_baseline,,,paid_intensity_threshold,"People were categorized yearly based on their main activity or source of income from 2 years before to 5 years after date of first diagnosis. The starting point was categorization by Statistics Sweden, where people were categorized as employed or not employed based on income. Alternative activities and sources of income were evaluated by the number of days of receipt of social security benefits full- or part-time (including SA, parental leave, and DP) and the number of days registered as unemployed; people were assigned to the occupational activity generating income for more than 6 months yearly.",reported,period_prevalence,12,,,,,21551,21551,,not_stated,"Figure 1, p. 942 ('Development of main occupational activity of persons with first-episode nonaffective psychosis, from 2 calendar years before to 5 years after first diagnosis'); the year-1 and year-5 values are restated in Results, Sample Characteristics, p. 940; construct definition at Methods, Other Measures, pp. 939-940",,,,,,,unresolved,"UNRESOLVED: the base of the Figure 1 percentages is contradicted by the reported follow-up structure. The Figure 1 footnote (p. 942) states ""N=21,551"" for a series running to 5 years after first diagnosis, but cohort accrual ran to 2016 while data linkage ended 31 December 2016 (Methods, p. 940) and the median follow-up was 4.8 years (IQR 2.2-7.7, Results p. 940), so a large part of the cohort cannot have any year-5 observation and some cannot have a year-1 observation either. Separately, follow-up is stated to end at ""death, emigration, DP, or the end of data linkage"" (Methods, p. 940), yet disability pension appears in Figure 1 as a rising occupational category reaching 27.3% at year 5, so the occupational-activity series must use a different and unstated at-risk definition from the survival analysis. The two accounts cannot both be right, and which one holds determines what the printed percentages are percentages OF. Blocked from every synthesis pending an author reply. Candidate resolution (mine, not an authority, so the status stays unresolved under extraction_v3 rule 14): the occupational series is probably computed on the shrinking number under observation in each year, which would make N=21,551 a cohort size printed in a figure footnote rather than the denominator of its percentages.",,,,29,,8481,21551,,4508,21551,,7634,21551,"Printed value: 25.1% employed at 5 years after diagnosis. NO COUNT IS PRINTED for this or any other year, and none is recoverable: the only denominator offered is the figure footnote's N=21,551, which the methods contradict (see conflict_note). Nothing is read off the plotted bars; the percentages above are the figure's own printed data labels, two of which are repeated verbatim in the running text. | ANALYSIS-LEVEL SELECTION: 5,144 people already on disability pension at first diagnosis were excluded from the cohort (Methods, p. 940). Disability pension in Sweden is granted when work capacity is permanently reduced, so this removes precisely those least able to work and raises every employment percentage the paper prints by an unknown amount. Recorded as analysis_selection_status = selected with reason analytic_restriction on the arm row, following the precedent set for mihaljevicpeles2016. | CONSTRUCT is paid_intensity_threshold, NOT paid_any. 'Employed' here is a mutually exclusive MAIN-ACTIVITY category assigned to whoever generated income from that activity for more than 6 months of the year, so anyone in paid work for a smaller part of the year, or whose dominant income came from benefits, is counted elsewhere. The report's own Table 1 shows the two constructs differ: 35.4% had 'any income from work during previous calendar year' at cohort entry against 32.0% classified as employed two years before diagnosis. | ASCERTAINMENT is period_prevalence over a 12-month window, not point prevalence. | FOLLOW-UP: 'Time point 0 refers to the year of first psychosis diagnosis' (Figure 1 footnote, p. 942), so the timepoints are whole calendar years indexed to each person's own diagnosis year. That is measured from cohort entry, hence since_baseline, but elapsed time at 'year 1' varies across roughly 0-24 months depending on where in the diagnosis year the diagnosis fell. Raised as an author query. | MODERATORS: n_female is the exact complement of the printed male count (13,070 of 21,551, Table 1, p. 941), and Table 1's footnote states that education was the only variable with missing data, so the complement is exact. n_post_secondary uses 'High (>12 years)' education 4,508 of 21,551; note that 2,604 have unknown education, so the proportion among those with known education is higher than 20.9%. n_employed_baseline is 'Any income from work during previous calendar year' 7,634 of 21,551 (Table 1, p. 941), which is a PRE-baseline period-prevalence count and the only recoverable employment count in the report. | The paper's own estimand, an adjusted within-subject hazard ratio for sickness absence or disability pension during antipsychotic use versus nonuse (aHR=0.65, 95% CI 0.59-0.72), is not an employment outcome of this review and is not extracted as one; work disability is not employment. That within-subject effect would take ROBINS-I; the results extracted here are whole-cohort prevalences and take JBI, per SAP section 8."
stouten2019_dutch_t12m_vocact,stouten2019,parnassia_hague,dutch,assessed_at_both_timepoints_46,12,since_baseline,,,vocational_activity,The PSP uses 4 subscales to assess problems in specific social functioning domains: (1) Social useful activities including study and work (SUA) ... Higher subscale scores reflect more problems.,reported,unclear,,,,46,,,,,complete_case,"Table 4, p. 651 ('Psychosocial functioning at baseline and at 12-mo follow-up for the 3 study groups'), row 'Work and study' within this migration group; subscale definition at Methods, 2.3.4 Psychosocial functioning, p. 648",,,,,,,none,,,,,28.43,,,,,,,,,,"NO NUMERATOR EXISTS. The paper prints only a mean severity-of-problems score on the PSP work-and-study subscale: baseline 2.39, 12 months 2.11 on a 0-4 range where HIGHER means MORE problems (P = .113). Nobody in this report is classified as employed or not employed, so there is no count to recover and no author query could produce one from what was measured; only a re-analysis of the raw PSP items could. | CONSTRUCT: the subscale is 'Social useful activities including study and work', which combines paid work with study and with other socially useful activity, so even a count would have been vocational_activity and never paid_any. | ASCERTAINMENT unclear: no recall window is stated for the PSP. | MODERATORS: Table 1 (p. 649) prints 'N (% male)' as 46 (80%), giving a male percentage but no male or female COUNT and no female percentage, so n_female and perc_female are both left blank rather than derived from a percentage. Education is given as mean years completed, not as a proportion with post-secondary education. 'Annual income (x 1000)' is a group mean in thousands, not an employment measure. | The three migration groups are a post-hoc split of ONE recruited sample of 162 and are coded as subgroup arms under D12.5, not as separate cohorts. | The sample is defined by completing both the baseline and the 12-month assessment, so the number referred and diagnosed over the recruitment period is never reported and n_entered cannot be filled."
stouten2019_gen2_t12m_vocact,stouten2019,parnassia_hague,gen2,assessed_at_both_timepoints_56,12,since_baseline,,,vocational_activity,The PSP uses 4 subscales to assess problems in specific social functioning domains: (1) Social useful activities including study and work (SUA) ... Higher subscale scores reflect more problems.,reported,unclear,,,,56,,,,,complete_case,"Table 4, p. 651 ('Psychosocial functioning at baseline and at 12-mo follow-up for the 3 study groups'), row 'Work and study' within this migration group; subscale definition at Methods, 2.3.4 Psychosocial functioning, p. 648",,,,,,,none,,,,,24.33,,,,,,,,,,"NO NUMERATOR EXISTS. The paper prints only a mean severity-of-problems score on the PSP work-and-study subscale: baseline 2.60, 12 months 2.34 on a 0-4 range where HIGHER means MORE problems (P = .030). Nobody in this report is classified as employed or not employed, so there is no count to recover and no author query could produce one from what was measured; only a re-analysis of the raw PSP items could. | CONSTRUCT: the subscale is 'Social useful activities including study and work', which combines paid work with study and with other socially useful activity, so even a count would have been vocational_activity and never paid_any. | ASCERTAINMENT unclear: no recall window is stated for the PSP. | MODERATORS: Table 1 (p. 649) prints 'N (% male)' as 56 (70%), giving a male percentage but no male or female COUNT and no female percentage, so n_female and perc_female are both left blank rather than derived from a percentage. Education is given as mean years completed, not as a proportion with post-secondary education. 'Annual income (x 1000)' is a group mean in thousands, not an employment measure. | The three migration groups are a post-hoc split of ONE recruited sample of 162 and are coded as subgroup arms under D12.5, not as separate cohorts. | The sample is defined by completing both the baseline and the 12-month assessment, so the number referred and diagnosed over the recruitment period is never reported and n_entered cannot be filled."
stouten2019_gen1_t12m_vocact,stouten2019,parnassia_hague,gen1,assessed_at_both_timepoints_60,12,since_baseline,,,vocational_activity,The PSP uses 4 subscales to assess problems in specific social functioning domains: (1) Social useful activities including study and work (SUA) ... Higher subscale scores reflect more problems.,reported,unclear,,,,60,,,,,complete_case,"Table 4, p. 651 ('Psychosocial functioning at baseline and at 12-mo follow-up for the 3 study groups'), row 'Work and study' within this migration group; subscale definition at Methods, 2.3.4 Psychosocial functioning, p. 648",,,,,,,none,,,,,29.79,,,,,,,,,,"NO NUMERATOR EXISTS. The paper prints only a mean severity-of-problems score on the PSP work-and-study subscale: baseline 2.63, 12 months 2.41 on a 0-4 range where HIGHER means MORE problems (P = .054). Nobody in this report is classified as employed or not employed, so there is no count to recover and no author query could produce one from what was measured; only a re-analysis of the raw PSP items could. | CONSTRUCT: the subscale is 'Social useful activities including study and work', which combines paid work with study and with other socially useful activity, so even a count would have been vocational_activity and never paid_any. | ASCERTAINMENT unclear: no recall window is stated for the PSP. | MODERATORS: Table 1 (p. 649) prints 'N (% male)' as 60 (65%), giving a male percentage but no male or female COUNT and no female percentage, so n_female and perc_female are both left blank rather than derived from a percentage. Education is given as mean years completed, not as a proportion with post-secondary education. 'Annual income (x 1000)' is a group mean in thousands, not an employment measure. | The three migration groups are a post-hoc split of ONE recruited sample of 162 and are coded as subgroup arms under D12.5, not as separate cohorts. | The sample is defined by completing both the baseline and the 12-month assessment, so the number referred and diagnosed over the recruitment period is never reported and n_entered cannot be filled."
stralin2019_cohort_t156m_paidthresh,stralin2019,parachute_sweden,cohort,register_complete_161,156,since_baseline,,,paid_intensity_threshold,"For the employment variable year 13, income above 100,000 Swedish kronor (SEK) (approximately 10,000 euro) was used as a cut-off for assignment as ""employed"".",reported,period_prevalence,12,67,161,,165,175,,outcome_observed,register_complete,"Table 1, p. 378 (row 'Cohort n = 161', column 'Employment year 13': '42% (67 av 161)'); restated in Results 3.5, p. 378; construct definition at Methods, 2.3 Late outcome analyses, p. 376",,,,,,,none,,,,,28.7,,,,,,,,,,"QUANTIFIABLE: 67 of 161. NOT paid_any. Employment is defined solely by an annual income threshold of 100,000 SEK from employment during the year, so everyone in paid work earning less than that is counted as not employed. That is a threshold-defined construct under D12.3a and it must never substitute for paid_any. | ASCERTAINMENT is period_prevalence over a calendar year (2009 for those included in 1996, 2010 for those included in 1997), not point prevalence. | DENOMINATORS: 175 entered; 3 could not be retrieved from the registers and 1 had incomplete data probably from international migration; 10 died before year 13, giving 165 alive and 161 with complete records for 2009-2010 (Methods, 2.3, p. 376). | FOLLOW-UP: year 13 is anchored to each individual's own inclusion year, not to a shared calendar end date, so this is since_baseline rather than calendar_end_common; 156 months falls in the 108-months-and-above horizon either way. | MODERATORS: '55% of the cases were males' (Results 3.1, p. 378) with no count and no stated denominator (175 or 161), so neither n_female nor perc_female is recorded. Table 1 gives 'High school exam 78%, (122 of 157)'; a Swedish high-school (gymnasium) exam is upper secondary, not post-secondary, so perc_post_secondary is left blank rather than set to 78. No baseline employment proportion is reported; the years 1 to 5 employment measure was the Strauss-Carpenter scale and the paper itself warns that it is not comparable with the year-13 register measure (Discussion, p. 379). | The cohort's diagnostic listing in Results 3.2 (p. 376) accounts for only 153 of the 161 cases; see inconsistencies.md. That contradiction concerns the diagnostic breakdown, not this employment result, whose text and Table 1 values agree exactly, so conflict_status is none."
stralin2019_cohort_t156m_anyincome,stralin2019,parachute_sweden,cohort,register_complete_161,156,since_baseline,,,unclear,86 cases (53%) had any income and 67 cases (42%) had an income above 100 000 SEK year 13.,reported,period_prevalence,12,86,161,,165,175,,outcome_observed,register_complete,"Results 3.5, p. 378, first sentence of the second paragraph",,,,,,,none,,,,,28.7,,,,,,,,,,"THE NEARLY-LOST RESULT OF THIS BATCH, RECORDED BUT NOT CLAIMED. 86 of 161 is a printed count on a printed denominator, so it is quantifiable; what it counts is not established. The sentence pairs 'any income' with 'an income above 100 000 SEK', which reads as any EMPLOYMENT income against employment income above the threshold, and on that reading 86/161 would be the paid_any numerator for this cohort at 13 years. But the same paper describes LISA as including 'data on income from employment, payments from sickness benefits and of student aides' (Methods, 2.3, p. 376), so 'any income' may equally mean income from any of those three sources, which is not employment at all. The report never defines the term, it appears nowhere else in the article, and neither Table 1 nor Figure 3 carries it. Coded outcome_construct = unclear under the codebook rule that an undefined construct takes `unclear` and keeps its wording; it therefore enters no pool. Promoting it to paid_any would put an unverified numerator into the primary estimand, which is the error this batch exists to avoid. An author reply on this single word would settle it; see unresolved_queries.md. | MODERATORS: '55% of the cases were males' (Results 3.1, p. 378) with no count and no stated denominator (175 or 161), so neither n_female nor perc_female is recorded. Table 1 gives 'High school exam 78%, (122 of 157)'; a Swedish high-school (gymnasium) exam is upper secondary, not post-secondary, so perc_post_secondary is left blank rather than set to 78. No baseline employment proportion is reported; the years 1 to 5 employment measure was the Strauss-Carpenter scale and the paper itself warns that it is not comparable with the year-13 register measure (Discussion, p. 379). | The cohort's diagnostic listing in Results 3.2 (p. 376) accounts for only 153 of the 161 cases; see inconsistencies.md. That contradiction concerns the diagnostic breakdown, not this employment result, whose text and Table 1 values agree exactly, so conflict_status is none."
topor2019_instrecovery_t120m_paidany,topor2019,stockholm_2000,inst_recovery,instrecovery_53,120,since_baseline,,,paid_any,"The economic incomes included in the follow-up were salary from work on the labour market and four kinds of allowances: financial support from social services, sickness benefit, disability pension, and unemployment benefit.",reported,period_prevalence,12,,,,,53,53,,register_complete,"Table 3, p. 923 ('Proportion (%) of persons in the institutional recovery group vs the ongoing experiences of institutionalisation group with income from different sources'), row 'Salary', column 'Year 10'; subgroup sizes from Table 1, p. 921; income definition from Method, p. 921",,,,,,,none,,,,,,,,,,,,70,,,"NO NUMERATOR RECOVERABLE. Table 3 prints 60% with income from salary at year 10 for this subgroup (persons without any contact with psychiatric or social institutional (in-patient or 24/7 housing accommodation) and community-based care (medical, psychotherapeutic or home support) for the last five consecutive years of the follow-up, n=53), and 70% at year 1. The table gives percentages only, with no counts in any of its 20 cells, and the counts cannot be recovered without back-calculating from a percentage. n_outcome_observed is left blank: the subgroup size is what the authors divided by, which belongs in reported_percentage_base, and the report never states for how many people income data were actually observed. | THE LARGER LOSS: no salary figure of any kind is printed for the 364-person working-age follow-up group. 53 + 159 = 212 of those 364 are in the two reported subgroups; the remaining 152 are never described, so even a complete set of counts for these two groups would not give a whole-cohort prevalence. | SUBGROUP SELECTION: both groups are defined by service contact during the LAST FIVE YEARS of the ten-year follow-up, a post-baseline variable the paper itself treats as an outcome ('different recovery paths'). They are subgroup arms of one cohort under D12.5, not cohorts, and they cannot enter the primary prevalence pool whatever their counts. | ANALYSIS-LEVEL SELECTION: the working-age group was formed by excluding 51 deceased, 10 untraceable and '22 retired persons' from 447. 'Retired' is nowhere defined. It most likely means old-age pensioners, since disability pension is separately tracked as a source of income WITHIN the analysed group (8% to 61%), which would make the restriction an age restriction and not an employment one; but the report does not say, and silence is not evidence of absence, so analysis_selection_status is `unclear` rather than `none`. | FOLLOW-UP: 'Year 1' is the year the psychosis diagnosis was set (Table 2 footnote a, p. 921), so year 10 is nine to ten years of elapsed time. 108 and 120 months both fall in the 108-months-and-above horizon, so the ambiguity has no effect on the band. | CONSTRUCT: 'salary from work on the labour market' establishes remuneration, so this is not `unclear`; it is coded paid_any because the register measure is any salary income with no threshold stated, though the report does not say whether subsidised or sheltered employment is included. | perc_employed_baseline records the year-1 (diagnosis-year) salary proportion of 70%, which is the only form in which the source prints it."
topor2019_ongoinginst_t120m_paidany,topor2019,stockholm_2000,ongoing_inst,ongoinginst_159,120,since_baseline,,,paid_any,"The economic incomes included in the follow-up were salary from work on the labour market and four kinds of allowances: financial support from social services, sickness benefit, disability pension, and unemployment benefit.",reported,period_prevalence,12,,,,,159,159,,register_complete,"Table 3, p. 923 ('Proportion (%) of persons in the institutional recovery group vs the ongoing experiences of institutionalisation group with income from different sources'), row 'Salary', column 'Year 10'; subgroup sizes from Table 1, p. 921; income definition from Method, p. 921",,,,,,,none,,,,,,,,,,,,53,,,"NO NUMERATOR RECOVERABLE. Table 3 prints 27% with income from salary at year 10 for this subgroup (persons who received psychiatric and/or social institutional-based and community-based care during the last five consecutive years of the follow-up, n=159), and 53% at year 1. The table gives percentages only, with no counts in any of its 20 cells, and the counts cannot be recovered without back-calculating from a percentage. n_outcome_observed is left blank: the subgroup size is what the authors divided by, which belongs in reported_percentage_base, and the report never states for how many people income data were actually observed. | THE LARGER LOSS: no salary figure of any kind is printed for the 364-person working-age follow-up group. 53 + 159 = 212 of those 364 are in the two reported subgroups; the remaining 152 are never described, so even a complete set of counts for these two groups would not give a whole-cohort prevalence. | SUBGROUP SELECTION: both groups are defined by service contact during the LAST FIVE YEARS of the ten-year follow-up, a post-baseline variable the paper itself treats as an outcome ('different recovery paths'). They are subgroup arms of one cohort under D12.5, not cohorts, and they cannot enter the primary prevalence pool whatever their counts. | ANALYSIS-LEVEL SELECTION: the working-age group was formed by excluding 51 deceased, 10 untraceable and '22 retired persons' from 447. 'Retired' is nowhere defined. It most likely means old-age pensioners, since disability pension is separately tracked as a source of income WITHIN the analysed group (8% to 61%), which would make the restriction an age restriction and not an employment one; but the report does not say, and silence is not evidence of absence, so analysis_selection_status is `unclear` rather than `none`. | FOLLOW-UP: 'Year 1' is the year the psychosis diagnosis was set (Table 2 footnote a, p. 921), so year 10 is nine to ten years of elapsed time. 108 and 120 months both fall in the 108-months-and-above horizon, so the ambiguity has no effect on the band. | CONSTRUCT: 'salary from work on the labour market' establishes remuneration, so this is not `unclear`; it is coded paid_any because the register measure is any salary income with no threshold stated, though the report does not say whether subsidised or sheltered employment is included. | perc_employed_baseline records the year-1 (diagnosis-year) salary proportion of 53%, which is the only form in which the source prints it."
tsiachristas2016_eip_t36m_unclearemp,tsiachristas2016,oxford_ahsn,eip,unemployed_at_start_of_followup_multiply_imputed,36,calendar_end_common,,,unclear,"'Outcomes were measured in terms of becoming employed (ie, proportion of those unemployed at start of follow-up who became employed during follow-up) ... The outcome variables were binary in nature (ie, Yes or No) and were calculated as the (earliest recorded to latest recorded) change in accommodation, employment status and HONOS scores between 2010/2011 and 2012/2013.' Table 1 records employment status in the categories 'Employed (%)', 'Students in full/part-time education (%)' and 'Missing (%)'.",reported,any_time_during_followup,,,,,,831,,unclear,multiple_imputation,"Table 3 'Results of the outcome analysis for patients with psychosis (n=3674)', row 'Becoming employed', p. 5; outcome definition in Methods, Healthcare costs, health and social outcomes, p. 3; baseline percentages in Table 1, p. 3; complete-case n in Table 5, p. 7",,,,,,,unresolved,"The stated outcome definition and the printed analysis population cannot both be right. Methods (p. 3) define the outcome as 'the proportion of those unemployed at start of follow-up who became employed during follow-up', but the complete-case analysis prints n = 1801 for becoming employed (Table 5, p. 7). Table 1 (p. 3) reports employment status missing for 48.62 per cent of the 831 EIP and 50.98 per cent of the 2843 non-EIP patients, so at most about 1,820 of the 3,674 had baseline employment status recorded at all, and of those about 1,120 were neither employed nor students (about 1,380 if students are counted as unemployed). A complete-case denominator of 1,801 is therefore incompatible with a denominator restricted to the baseline-unemployed and is close to the total with any baseline record, which suggests the model was in fact fitted on everyone with both measurements. The same failure appears for resuming studying (n = 1664 against an upper bound of about 1,565 not in education at baseline with a baseline record). CANDIDATE RESOLUTION, not applied: the probability ratios were computed on all patients with an observed change in status, not on the restricted denominator the Methods describe. Rule 14 forbids resolving a conflict on the extractor's own reconstruction, and the arithmetic above is approximate because Table 1 prints percentages only, so the status stays unresolved and the result is blocked from every synthesis. Author confirmation of the analysed denominator is required.","Probability ratio for becoming employed, EIP versus non-EIP, from a generalised linear model with binomial distribution and log link weighted by stabilised inverse propensity scores, fitted to 100 multiply-imputed data sets (95% CI 1.263 to 3.708, p = 0.005)",2.164,0.592,24.72,34.54,,,,,,12.24,,,"outcome_construct = unclear because the report never defines what the MHMDS employment-status field counts: neither remuneration, hours nor labour-market setting is stated. Employment and 'students in full/part-time education' are separate categories in Table 1, so education is excluded from the employment count, and the scenario analysis values the gain at mean English income and calls it 'paid employment' (Results, p. 6), which points towards paid work; but an authors' gloss in a cost model is not a construct definition, so the closest honest value is unclear with the wording preserved. NO COUNT IS RECOVERABLE. Table 3 (p. 5) prints probability ratios with standard errors and confidence intervals and no numerator or denominator; Table 1 (p. 3) prints baseline percentages only. Back-calculating 12.24 per cent of 831 is forbidden (codebook rule 2), so n_employed and n_outcome_observed are blank and the row exists to record that an eligible result exists and cannot be used. followup_basis = calendar_end_common: the outcome is 'the (earliest recorded to latest recorded) change in accommodation, employment status and HONOS scores between 2010/2011 and 2012/2013' (Methods, p. 3), so each patient's elapsed interval is the gap between their own first and last record inside one shared 3-year administrative window (April 2010 to March 2013) and varies across the cohort; no mean interval is printed anywhere, and the authors report separately that 'adjusting for the time interval between the earliest and most recent measurements of outcomes in the analysis provided similar results' (Discussion, p. 7), which confirms the interval varies. The 36 months recorded is the LENGTH OF THE WINDOW, not a mean elapsed follow-up, and calendar_end_common bars the result from every landmark horizon (D12.8). Moderators: mean_age, perc_female and perc_employed_baseline are the OBSERVED (pre-matching) EIP values from Table 1; after propensity-score matching the same table gives mean age 27.03, male 56.66 per cent and employed 12.75 per cent, and the models are weighted by the stabilised inverse propensity scores, so the analysed population is the matched one. perc_female is the exact complement of the printed 'Gender-male (%) 65.46' and no count is printed for either sex. perc_employed_baseline is the percentage of the WHOLE arm including the 48.62 per cent whose employment status is missing, not the percentage of those with a recorded status; it must not be read as a prevalence among the observed."
tsiachristas2016_eip_t36m_eduonly,tsiachristas2016,oxford_ahsn,eip,not_in_education_at_start_of_followup_multiply_imputed,36,calendar_end_common,,,education_only,"'resuming studying (ie, proportion of those not in education at start that were in education during follow-up)'",reported,any_time_during_followup,,,,,,831,,unclear,multiple_imputation,"Table 3 'Results of the outcome analysis for patients with psychosis (n=3674)', row 'Resuming studying', p. 5; outcome definition in Methods, p. 3; complete-case n = 1664 in Table 5, p. 7",,,,,,,unresolved,"The stated outcome definition and the printed analysis population cannot both be right. Methods (p. 3) define the outcome as 'the proportion of those unemployed at start of follow-up who became employed during follow-up', but the complete-case analysis prints n = 1801 for becoming employed (Table 5, p. 7). Table 1 (p. 3) reports employment status missing for 48.62 per cent of the 831 EIP and 50.98 per cent of the 2843 non-EIP patients, so at most about 1,820 of the 3,674 had baseline employment status recorded at all, and of those about 1,120 were neither employed nor students (about 1,380 if students are counted as unemployed). A complete-case denominator of 1,801 is therefore incompatible with a denominator restricted to the baseline-unemployed and is close to the total with any baseline record, which suggests the model was in fact fitted on everyone with both measurements. The same failure appears for resuming studying (n = 1664 against an upper bound of about 1,565 not in education at baseline with a baseline record). CANDIDATE RESOLUTION, not applied: the probability ratios were computed on all patients with an observed change in status, not on the restricted denominator the Methods describe. Rule 14 forbids resolving a conflict on the extractor's own reconstruction, and the arithmetic above is approximate because Table 1 prints percentages only, so the status stays unresolved and the result is blocked from every synthesis. Author confirmation of the analysed denominator is required.","Probability ratio for resuming studying, EIP versus non-EIP, from a generalised linear model with binomial distribution and log link weighted by stabilised inverse propensity scores, fitted to 100 multiply-imputed data sets (95% CI 0.793 to 4.212, p = 0.156)",1.828,0.775,24.72,34.54,,,,,,12.24,,,"Education is a registered outcome (SAP section 2.3) and is extracted as its own row so that it cannot be mistaken for employment. Baseline students were 9.96 per cent of the EIP arm and 6.08 per cent of the non-EIP arm (Table 1, p. 3), again with about half the arm missing. NO COUNT IS RECOVERABLE. Table 3 (p. 5) prints probability ratios with standard errors and confidence intervals and no numerator or denominator; Table 1 (p. 3) prints baseline percentages only. Back-calculating 12.24 per cent of 831 is forbidden (codebook rule 2), so n_employed and n_outcome_observed are blank and the row exists to record that an eligible result exists and cannot be used. followup_basis = calendar_end_common: the outcome is 'the (earliest recorded to latest recorded) change in accommodation, employment status and HONOS scores between 2010/2011 and 2012/2013' (Methods, p. 3), so each patient's elapsed interval is the gap between their own first and last record inside one shared 3-year administrative window (April 2010 to March 2013) and varies across the cohort; no mean interval is printed anywhere, and the authors report separately that 'adjusting for the time interval between the earliest and most recent measurements of outcomes in the analysis provided similar results' (Discussion, p. 7), which confirms the interval varies. The 36 months recorded is the LENGTH OF THE WINDOW, not a mean elapsed follow-up, and calendar_end_common bars the result from every landmark horizon (D12.8). Moderators: mean_age, perc_female and perc_employed_baseline are the OBSERVED (pre-matching) EIP values from Table 1; after propensity-score matching the same table gives mean age 27.03, male 56.66 per cent and employed 12.75 per cent, and the models are weighted by the stabilised inverse propensity scores, so the analysed population is the matched one. perc_female is the exact complement of the printed 'Gender-male (%) 65.46' and no count is printed for either sex. perc_employed_baseline is the percentage of the WHOLE arm including the 48.62 per cent whose employment status is missing, not the percentage of those with a recorded status; it must not be read as a prevalence among the observed."
turner2019_cohort_t18m_paidoredu_status,turner2019,detect_dublin,cohort,followed_up_34,18,unclear,,,paid_or_education,"'Change in work status between T1 and T2. Seventeen participants (50 per cent) were categorized as having a positive productive role at T1 and T2; eight participants (24 per cent) had attained a positive productive role by T2 and eight participants (24 per cent) were categorized as not having a positive productive role at both time points. One participant (3 per cent) lost their productive role between T1 and T2. Accumulatively, there were 25 out of 34 participants (74 per cent) in a productive role at T2.' Productive role is defined as 'paid employment or education'.",reported,point_prevalence,,25,34,34,,,,outcome_observed,complete_case,"Results, Work attainment outcomes, 'Change in work status between T1 and T2', p. 119; construct definition in Methods, The vocational intervention, p. 116",,,,,,,unresolved,"The number of unoccupied participants who attained a productive role is printed twice with different values. Abstract: 'At follow-up, 50 per cent (n = 10) of unoccupied participants had attained a productive role.' Results: 'eight participants (24 per cent) had attained a positive productive role by T2' (p. 119). The Results value is internally coherent: the four change categories sum exactly to the 34 followed up (17 retained + 8 attained + 8 never + 1 lost = 34), 17 + 8 = 25 gives the printed 'Accumulatively, there were 25 out of 34 participants (74 per cent) in a productive role at T2', and 8 of the 16 unoccupied at T1 is exactly the 50 per cent the Abstract also prints. If the Abstract's n = 10 were right the T2 total would be 27 of 34, not 25. CANDIDATE RESOLUTION, not applied: 8 of 16 is correct and the Abstract's n = 10 is an error. Rule 14 requires an authority rather than a reconstruction, so the status stays unresolved. Sample size is 39 in the Abstract ('In total, 39 (20 men, 19 women) consented'), corroborated by the sample description ('The final sample consisted of 20 men and 19 women') and by the intervention counts (21 IPS alone + 9 WFM alone + 9 both = 39), but 38 in the Results ('In total, 34 of 38 (87 per cent) were followed up') and in the Discussion ('The sample size of 38 participants'). The printed 87 per cent follow-up matches 34/39 (87.2 per cent), not 34/38 (89.5 per cent). n_entered is left BLANK on the whole-cohort rows rather than asserting either value.",,,,,,,,,,,,,,"Point prevalence at T2: the 25 is a status count at the follow-up assessment, built from the T1-by-T2 cross-classification (17 who held a role at both times plus 8 who attained one), not a count of anyone ever occupied. The word 'Accumulatively' in the source is misleading and the arithmetic settles it. This is the only point-prevalence result in turner2019; the three participation rows are cumulative. Construct is a paid-work-or-education composite, so it never enters the primary pool whatever the conflict status. followup_basis: NEITHER vocabulary value fits cleanly and the choice is descriptive only, because unclear and calendar_end_common block a horizon identically (D12.8). The anchor IS each participant's own baseline interview, but 'The mean length of follow-up was 18 months (SD 12; range 2-44)' (Results, p. 119) and the report states no follow-up schedule at all ('Participants were interviewed at baseline and one follow-up'), no common calendar end date, and the authors themselves record 'the variable length of follow-up making it difficult to analyse and interpret some of the results' as a limitation (p. 120). calendar_end_common would assert a shared end date the paper never states; unclear is used instead because what the timepoint is is genuinely not established, and here unclear reading as poor reporting in the risk-of-bias and missing-evidence assessments is accurate rather than a misdescription. The 18 months recorded in followup_months is the printed MEAN of intervals running from 2 to 44 months and must not be assigned to a horizon: it spans the 12-month, 24-month and 5-year bands. The denominator of 34 is those followed up; 5 of the 39 consenters were lost, and all 5 came from the 21 who were unoccupied at baseline (21 - 16 = 5, while 18 of 18 with a productive role were retained), so attrition is differential by baseline vocational status. That is outcome attrition, not post-randomisation subgroup selection (D12.3c), but it is recorded in jbi9_response_rate. Construct wording is not stable across the paper: 'a productive role (paid employment or education)' (p. 116) and 'in paid employment or education' (p. 119) name two components, while the derived time variable is 'a productive occupation (paid employment or formal education/training)' (Data analysis, p. 117), which names training. paid_or_education is used for the status and participation rows because the outcome definitions given where those results are reported name only paid work and education; the single 'formal education/training' phrase attaches to the summed-months variable, which is not extracted. See unresolved_queries.md Q5."
turner2019_cohort_t18m_paidthresh_participation,turner2019,detect_dublin,cohort,followed_up_34,18,unclear,,,paid_intensity_threshold,"'participation, defined as at least one month or more, in paid employment or education, during the follow-up period' ... 'Twenty-one participants (62 per cent) had spent at least one month in paid employment'",reported,any_time_during_followup,,21,34,34,,,,outcome_observed,complete_case,"Results, Work attainment outcomes, 'Participation in education or employment during the follow-up period', p. 119",,,,,,,unresolved,"The participation counts violate inclusion-exclusion. 'Twenty-seven participants (79 per cent) were found to have engaged in at least one month of paid employment or education during the follow-up period. Twenty-one participants (62 per cent) had spent at least one month in paid employment and nine participants (27 per cent) had spent at least one month in formal education. Four participants (12 per cent) had engaged in both paid employment and formal education' (Results, p. 119). 21 + 9 - 4 = 26, not 27; every printed percentage divides by 34 (27/34 = 79.4, 21/34 = 61.8, 9/34 = 26.5, 4/34 = 11.8), so the denominator is not the discrepancy. One of the four counts must be wrong and the report does not say which. CANDIDATE RESOLUTION, not applied: 'both' = 3 would reconcile all four figures. Rule 14 forbids resolving on the extractor's arithmetic, so all three participation rows stay unresolved. Sample size is 39 in the Abstract ('In total, 39 (20 men, 19 women) consented'), corroborated by the sample description ('The final sample consisted of 20 men and 19 women') and by the intervention counts (21 IPS alone + 9 WFM alone + 9 both = 39), but 38 in the Results ('In total, 34 of 38 (87 per cent) were followed up') and in the Discussion ('The sample size of 38 participants'). The printed 87 per cent follow-up matches 34/39 (87.2 per cent), not 34/38 (89.5 per cent). n_entered is left BLANK on the whole-cohort rows rather than asserting either value.",,,,,,,,,,,,,,"Coded paid_intensity_threshold, not paid_any: the count includes only those with at least one month of paid work during a follow-up averaging 18 months, so anyone who worked for a shorter spell is counted as not employed. The number ever in any paid work is therefore NOT identified and is bounded 21 <= ever-paid <= 34. The threshold is a duration inside the follow-up window rather than a proportion of working days as in rautio2016, but it excludes people below it in exactly the way D12.3a describes, and labelling it paid_any would change the numerator while keeping the primary label. followup_basis: NEITHER vocabulary value fits cleanly and the choice is descriptive only, because unclear and calendar_end_common block a horizon identically (D12.8). The anchor IS each participant's own baseline interview, but 'The mean length of follow-up was 18 months (SD 12; range 2-44)' (Results, p. 119) and the report states no follow-up schedule at all ('Participants were interviewed at baseline and one follow-up'), no common calendar end date, and the authors themselves record 'the variable length of follow-up making it difficult to analyse and interpret some of the results' as a limitation (p. 120). calendar_end_common would assert a shared end date the paper never states; unclear is used instead because what the timepoint is is genuinely not established, and here unclear reading as poor reporting in the risk-of-bias and missing-evidence assessments is accurate rather than a misdescription. The 18 months recorded in followup_months is the printed MEAN of intervals running from 2 to 44 months and must not be assigned to a horizon: it spans the 12-month, 24-month and 5-year bands. The denominator of 34 is those followed up; 5 of the 39 consenters were lost, and all 5 came from the 21 who were unoccupied at baseline (21 - 16 = 5, while 18 of 18 with a productive role were retained), so attrition is differential by baseline vocational status. That is outcome attrition, not post-randomisation subgroup selection (D12.3c), but it is recorded in jbi9_response_rate. Construct wording is not stable across the paper: 'a productive role (paid employment or education)' (p. 116) and 'in paid employment or education' (p. 119) name two components, while the derived time variable is 'a productive occupation (paid employment or formal education/training)' (Data analysis, p. 117), which names training. paid_or_education is used for the status and participation rows because the outcome definitions given where those results are reported name only paid work and education; the single 'formal education/training' phrase attaches to the summed-months variable, which is not extracted. See unresolved_queries.md Q5."
turner2019_cohort_t18m_eduonly_participation,turner2019,detect_dublin,cohort,followed_up_34,18,unclear,,,education_only,'nine participants (27 per cent) had spent at least one month in formal education. Four participants (12 per cent) had engaged in both paid employment and formal education.',reported,any_time_during_followup,,9,34,34,,,,outcome_observed,complete_case,"Results, Work attainment outcomes, 'Participation in education or employment during the follow-up period', p. 119",,,,,,,unresolved,"The participation counts violate inclusion-exclusion. 'Twenty-seven participants (79 per cent) were found to have engaged in at least one month of paid employment or education during the follow-up period. Twenty-one participants (62 per cent) had spent at least one month in paid employment and nine participants (27 per cent) had spent at least one month in formal education. Four participants (12 per cent) had engaged in both paid employment and formal education' (Results, p. 119). 21 + 9 - 4 = 26, not 27; every printed percentage divides by 34 (27/34 = 79.4, 21/34 = 61.8, 9/34 = 26.5, 4/34 = 11.8), so the denominator is not the discrepancy. One of the four counts must be wrong and the report does not say which. CANDIDATE RESOLUTION, not applied: 'both' = 3 would reconcile all four figures. Rule 14 forbids resolving on the extractor's arithmetic, so all three participation rows stay unresolved. Sample size is 39 in the Abstract ('In total, 39 (20 men, 19 women) consented'), corroborated by the sample description ('The final sample consisted of 20 men and 19 women') and by the intervention counts (21 IPS alone + 9 WFM alone + 9 both = 39), but 38 in the Results ('In total, 34 of 38 (87 per cent) were followed up') and in the Discussion ('The sample size of 38 participants'). The printed 87 per cent follow-up matches 34/39 (87.2 per cent), not 34/38 (89.5 per cent). n_entered is left BLANK on the whole-cohort rows rather than asserting either value.",,,,,,,,,,,,,,"education_only is the closest available construct but is an imperfect fit: the vocabulary defines it as education WITHOUT paid employment, whereas these 9 include the 4 who also had at least one month of paid work. The count is 'spent at least one month in formal education', with or without concurrent paid work. Recorded so the education component is visible; it must not be subtracted from or added to the paid row, since the two overlap. followup_basis: NEITHER vocabulary value fits cleanly and the choice is descriptive only, because unclear and calendar_end_common block a horizon identically (D12.8). The anchor IS each participant's own baseline interview, but 'The mean length of follow-up was 18 months (SD 12; range 2-44)' (Results, p. 119) and the report states no follow-up schedule at all ('Participants were interviewed at baseline and one follow-up'), no common calendar end date, and the authors themselves record 'the variable length of follow-up making it difficult to analyse and interpret some of the results' as a limitation (p. 120). calendar_end_common would assert a shared end date the paper never states; unclear is used instead because what the timepoint is is genuinely not established, and here unclear reading as poor reporting in the risk-of-bias and missing-evidence assessments is accurate rather than a misdescription. The 18 months recorded in followup_months is the printed MEAN of intervals running from 2 to 44 months and must not be assigned to a horizon: it spans the 12-month, 24-month and 5-year bands. The denominator of 34 is those followed up; 5 of the 39 consenters were lost, and all 5 came from the 21 who were unoccupied at baseline (21 - 16 = 5, while 18 of 18 with a productive role were retained), so attrition is differential by baseline vocational status. That is outcome attrition, not post-randomisation subgroup selection (D12.3c), but it is recorded in jbi9_response_rate. Construct wording is not stable across the paper: 'a productive role (paid employment or education)' (p. 116) and 'in paid employment or education' (p. 119) name two components, while the derived time variable is 'a productive occupation (paid employment or formal education/training)' (Data analysis, p. 117), which names training. paid_or_education is used for the status and participation rows because the outcome definitions given where those results are reported name only paid work and education; the single 'formal education/training' phrase attaches to the summed-months variable, which is not extracted. See unresolved_queries.md Q5."
turner2019_cohort_t18m_paidoredu_participation,turner2019,detect_dublin,cohort,followed_up_34,18,unclear,,,paid_or_education,'Twenty-seven participants (79 per cent) were found to have engaged in at least one month of paid employment or education during the follow-up period.',reported,any_time_during_followup,,27,34,34,,,,outcome_observed,complete_case,"Results, Work attainment outcomes, 'Participation in education or employment during the follow-up period', p. 119",,,,,,,unresolved,"The participation counts violate inclusion-exclusion. 'Twenty-seven participants (79 per cent) were found to have engaged in at least one month of paid employment or education during the follow-up period. Twenty-one participants (62 per cent) had spent at least one month in paid employment and nine participants (27 per cent) had spent at least one month in formal education. Four participants (12 per cent) had engaged in both paid employment and formal education' (Results, p. 119). 21 + 9 - 4 = 26, not 27; every printed percentage divides by 34 (27/34 = 79.4, 21/34 = 61.8, 9/34 = 26.5, 4/34 = 11.8), so the denominator is not the discrepancy. One of the four counts must be wrong and the report does not say which. CANDIDATE RESOLUTION, not applied: 'both' = 3 would reconcile all four figures. Rule 14 forbids resolving on the extractor's arithmetic, so all three participation rows stay unresolved. Sample size is 39 in the Abstract ('In total, 39 (20 men, 19 women) consented'), corroborated by the sample description ('The final sample consisted of 20 men and 19 women') and by the intervention counts (21 IPS alone + 9 WFM alone + 9 both = 39), but 38 in the Results ('In total, 34 of 38 (87 per cent) were followed up') and in the Discussion ('The sample size of 38 participants'). The printed 87 per cent follow-up matches 34/39 (87.2 per cent), not 34/38 (89.5 per cent). n_entered is left BLANK on the whole-cohort rows rather than asserting either value.",,,,,,,,,,,,,,"The composite whose components fail inclusion-exclusion. result_role stays reported, not derived: the 27 is printed by the authors, not summed by this extraction, and it does not equal the sum its own components imply. followup_basis: NEITHER vocabulary value fits cleanly and the choice is descriptive only, because unclear and calendar_end_common block a horizon identically (D12.8). The anchor IS each participant's own baseline interview, but 'The mean length of follow-up was 18 months (SD 12; range 2-44)' (Results, p. 119) and the report states no follow-up schedule at all ('Participants were interviewed at baseline and one follow-up'), no common calendar end date, and the authors themselves record 'the variable length of follow-up making it difficult to analyse and interpret some of the results' as a limitation (p. 120). calendar_end_common would assert a shared end date the paper never states; unclear is used instead because what the timepoint is is genuinely not established, and here unclear reading as poor reporting in the risk-of-bias and missing-evidence assessments is accurate rather than a misdescription. The 18 months recorded in followup_months is the printed MEAN of intervals running from 2 to 44 months and must not be assigned to a horizon: it spans the 12-month, 24-month and 5-year bands. The denominator of 34 is those followed up; 5 of the 39 consenters were lost, and all 5 came from the 21 who were unoccupied at baseline (21 - 16 = 5, while 18 of 18 with a productive role were retained), so attrition is differential by baseline vocational status. That is outcome attrition, not post-randomisation subgroup selection (D12.3c), but it is recorded in jbi9_response_rate. Construct wording is not stable across the paper: 'a productive role (paid employment or education)' (p. 116) and 'in paid employment or education' (p. 119) name two components, while the derived time variable is 'a productive occupation (paid employment or formal education/training)' (Data analysis, p. 117), which names training. paid_or_education is used for the status and participation rows because the outcome definitions given where those results are reported name only paid work and education; the single 'formal education/training' phrase attaches to the summed-months variable, which is not extracted. See unresolved_queries.md Q5."
turner2019_unoccupied_t1_t18m_paidoredu_attained,turner2019,detect_dublin,unoccupied_t1,unoccupied_at_t1_16,18,unclear,,,paid_or_education,"'eight participants (24 per cent) had attained a positive productive role by T2' ... 'the average among those unoccupied at T1 (n = 16) was 49 per cent' [of the follow-up period with a productive role]. Abstract: 'At follow-up, 50 per cent (n = 10) of unoccupied participants had attained a productive role, and 17 of the 18 participants had retained their productive role.'",reported,any_time_during_followup,,8,16,16,,21,,outcome_observed,complete_case,"Results, Work attainment outcomes, p. 119 (numerator 8 and the 24 per cent are of the 34 followed up; the subgroup denominator n = 16 is printed in the same section); competing numerator in the Abstract, p. 114",,,,,,,unresolved,"The number of unoccupied participants who attained a productive role is printed twice with different values. Abstract: 'At follow-up, 50 per cent (n = 10) of unoccupied participants had attained a productive role.' Results: 'eight participants (24 per cent) had attained a positive productive role by T2' (p. 119). The Results value is internally coherent: the four change categories sum exactly to the 34 followed up (17 retained + 8 attained + 8 never + 1 lost = 34), 17 + 8 = 25 gives the printed 'Accumulatively, there were 25 out of 34 participants (74 per cent) in a productive role at T2', and 8 of the 16 unoccupied at T1 is exactly the 50 per cent the Abstract also prints. If the Abstract's n = 10 were right the T2 total would be 27 of 34, not 25. CANDIDATE RESOLUTION, not applied: 8 of 16 is correct and the Abstract's n = 10 is an error. Rule 14 requires an authority rather than a reconstruction, so the status stays unresolved. Sample size is 39 in the Abstract ('In total, 39 (20 men, 19 women) consented'), corroborated by the sample description ('The final sample consisted of 20 men and 19 women') and by the intervention counts (21 IPS alone + 9 WFM alone + 9 both = 39), but 38 in the Results ('In total, 34 of 38 (87 per cent) were followed up') and in the Discussion ('The sample size of 38 participants'). The printed 87 per cent follow-up matches 34/39 (87.2 per cent), not 34/38 (89.5 per cent). n_entered is left BLANK on the whole-cohort rows rather than asserting either value.",,,,,,,,,,,,,,"The paper's headline claim, on an analysis-level restricted denominator: only the 16 who were unoccupied at T1 and were followed up. 21 of the 39 consenters were unoccupied at baseline and 5 of them were lost, so 16 remain. This is a post-hoc split of a single recruited sample and is coded arm_type = subgroup (D12.5), with analysis_selection_status = selected / analytic_restriction. The 8 is printed as a percentage of the whole 34 (24 per cent) and as a subgroup rate (50 per cent of 16); n_employed = 8 with n_outcome_observed = 16 records the subgroup reading, which is the one the Abstract and Discussion use. followup_basis: NEITHER vocabulary value fits cleanly and the choice is descriptive only, because unclear and calendar_end_common block a horizon identically (D12.8). The anchor IS each participant's own baseline interview, but 'The mean length of follow-up was 18 months (SD 12; range 2-44)' (Results, p. 119) and the report states no follow-up schedule at all ('Participants were interviewed at baseline and one follow-up'), no common calendar end date, and the authors themselves record 'the variable length of follow-up making it difficult to analyse and interpret some of the results' as a limitation (p. 120). calendar_end_common would assert a shared end date the paper never states; unclear is used instead because what the timepoint is is genuinely not established, and here unclear reading as poor reporting in the risk-of-bias and missing-evidence assessments is accurate rather than a misdescription. The 18 months recorded in followup_months is the printed MEAN of intervals running from 2 to 44 months and must not be assigned to a horizon: it spans the 12-month, 24-month and 5-year bands. The denominator of 34 is those followed up; 5 of the 39 consenters were lost, and all 5 came from the 21 who were unoccupied at baseline (21 - 16 = 5, while 18 of 18 with a productive role were retained), so attrition is differential by baseline vocational status. That is outcome attrition, not post-randomisation subgroup selection (D12.3c), but it is recorded in jbi9_response_rate. Construct wording is not stable across the paper: 'a productive role (paid employment or education)' (p. 116) and 'in paid employment or education' (p. 119) name two components, while the derived time variable is 'a productive occupation (paid employment or formal education/training)' (Data analysis, p. 117), which names training. paid_or_education is used for the status and participation rows because the outcome definitions given where those results are reported name only paid work and education; the single 'formal education/training' phrase attaches to the summed-months variable, which is not extracted. See unresolved_queries.md Q5."
xu2020_cohort_t125m_paidany,xu2020,pku_beijing,cohort,surviving_interviewees_62,125,since_baseline,,,paid_any,"'Thirty-four (55%), 23 (37%) and 5 (8%) respectively were unemployed, currently employed and currently in school.'",reported,point_prevalence,,23,62,65,,118,,outcome_observed,complete_case,"Results, Social outcomes, p. 4 of 9 (BMC Psychiatry 2020;20:67); corroborated in the Abstract, p. 1 of 9 ('Sixteen (26%) were economically self-sufficient, while 34 (55%) were unemployed'); follow-up length in Results, Baseline information, p. 3 of 9",,,,,,,none,,,,,13.3,49,,,,,,,,,"Construct coded paid_any on the standard labour-force trichotomy the source uses (unemployed / currently employed / currently in school), which establishes that students are excluded from the employment count and that 'employed' is the residual working category. The source never defines 'currently employed': neither remuneration, hours nor labour-market setting is stated, and 'economically self-sufficient' is reported as a SEPARATE and stricter variable (16 of 62), which shows the authors did not treat the two as synonyms. The undefined measure is recorded as a risk-of-bias judgement (jbi7_condition_measurement = no) rather than by downgrading the construct to unclear, because the latter would delete the only whole-cohort point-prevalence paid-employment result in this batch on a definitional technicality. An author query is raised (unresolved_queries.md Q7). mean_age is age at BASELINE (13.3 +/- 2.3 years at admission); mean age at follow-up was 25.9 +/- 2.1. perc_female is the printed 49 per cent for the interviewed group (Table 1); no count is printed for either sex and the interviewed-group base of 65 does not match the outcome denominator of 62, so n_female and n_female_denominator are left blank rather than asserting a count on the wrong base. followup_basis = since_baseline is a deliberate REFUTATION of the triage note's premise, and it is the single most consequential coding decision in F13 because it is what admits this result to the 10-year-or-more horizon. Reasoning: (a) the anchor is cohort entry (hospitalisation in 2006 and discharge), not time since onset and not a chronological age, so D12.3b does not apply, and age at follow-up (25.9 +/- 2.1) is a consequence of the design rather than the measurement anchor; (b) D12.8's trigger is that 'every participant is followed to one shared calendar end date', which this report nowhere states, and asserting it would invent a mechanism; (c) the study is designed and titled as a 10-year follow-up after discharge and the dispersion is small (SD 0.3 years, about 3.6 months), so every plausible individual follow-up lies inside the 108-months-and-above band and no participant is placed in a band on the strength of an average, which is the harm D12.8 exists to prevent. COUNTER-ARGUMENT recorded rather than hidden: all 118 were admitted during calendar 2006, and if the interviews were run as a single campaign the elapsed follow-up would inherit the entry spread, giving an SD of about 0.29 years for admissions spread uniformly over 12 months, which is what is observed. That is consistent with, but does not establish, a common end date. If the authors confirm a single interview end date this field must become calendar_end_common and the result is then barred from every horizon. See unresolved_queries.md Q6. Denominator: 62 is an OBSERVED denominator, not a reporting base. The three status categories are exhaustive and sum exactly to it (34 + 23 + 5 = 62) and every printed percentage reproduces on 62, so employment status was categorised for each of the 62 surviving interviewees. 65 were interviewed, of whom 3 had died; 118 entered; 48 were untraceable through discontinued phone numbers and 5 refused. n_alive_eligible is left BLANK: 62 of the interviewed were alive, but how many of the 53 not interviewed were alive at follow-up is unknown, so the alive-and-eligible denominator the SAP section 6 bounding analyses need cannot be established and 118 must not silently substitute for it. Ascertainment quality: follow-up 'was collected primarily via telephone interviews as most patients (66%) lived out-of-province', and 'The primary informant was a parent, the patient themselves, and another family member for 59, 3, and 3 subjects respectively'. Proxy report is a measurement-quality matter, recorded in jbi7_condition_measurement, and is NOT a reason to discard the count."
xu2020_cohort_t125m_eduonly,xu2020,pku_beijing,cohort,surviving_interviewees_62,125,since_baseline,,,education_only,"'Thirty-four (55%), 23 (37%) and 5 (8%) respectively were unemployed, currently employed and currently in school.'",reported,point_prevalence,,5,62,65,,118,,outcome_observed,complete_case,"Results, Social outcomes, p. 4 of 9 (BMC Psychiatry 2020;20:67); corroborated in the Abstract, p. 1 of 9 ('Sixteen (26%) were economically self-sufficient, while 34 (55%) were unemployed'); follow-up length in Results, Baseline information, p. 3 of 9",,,,,,,none,,,,,13.3,49,,,,,,,,,"Education is a registered outcome and is extracted separately (SAP section 3.2). 'Currently in school' is mutually exclusive of 'currently employed' in this trichotomy, so it is education without paid employment, which is what education_only means. A paid_or_education composite of 23 + 5 = 28 of 62 could be derived legitimately here (the categories are mutually exclusive and exhaustive on a common denominator), but it is NOT created: no such composite is printed, the construct cannot enter the primary pool, and the codebook requires an independent check of any derived count which this single-extractor pass cannot supply. followup_basis = since_baseline is a deliberate REFUTATION of the triage note's premise, and it is the single most consequential coding decision in F13 because it is what admits this result to the 10-year-or-more horizon. Reasoning: (a) the anchor is cohort entry (hospitalisation in 2006 and discharge), not time since onset and not a chronological age, so D12.3b does not apply, and age at follow-up (25.9 +/- 2.1) is a consequence of the design rather than the measurement anchor; (b) D12.8's trigger is that 'every participant is followed to one shared calendar end date', which this report nowhere states, and asserting it would invent a mechanism; (c) the study is designed and titled as a 10-year follow-up after discharge and the dispersion is small (SD 0.3 years, about 3.6 months), so every plausible individual follow-up lies inside the 108-months-and-above band and no participant is placed in a band on the strength of an average, which is the harm D12.8 exists to prevent. COUNTER-ARGUMENT recorded rather than hidden: all 118 were admitted during calendar 2006, and if the interviews were run as a single campaign the elapsed follow-up would inherit the entry spread, giving an SD of about 0.29 years for admissions spread uniformly over 12 months, which is what is observed. That is consistent with, but does not establish, a common end date. If the authors confirm a single interview end date this field must become calendar_end_common and the result is then barred from every horizon. See unresolved_queries.md Q6. Denominator: 62 is an OBSERVED denominator, not a reporting base. The three status categories are exhaustive and sum exactly to it (34 + 23 + 5 = 62) and every printed percentage reproduces on 62, so employment status was categorised for each of the 62 surviving interviewees. 65 were interviewed, of whom 3 had died; 118 entered; 48 were untraceable through discontinued phone numbers and 5 refused. n_alive_eligible is left BLANK: 62 of the interviewed were alive, but how many of the 53 not interviewed were alive at follow-up is unknown, so the alive-and-eligible denominator the SAP section 6 bounding analyses need cannot be established and 118 must not silently substitute for it. Ascertainment quality: follow-up 'was collected primarily via telephone interviews as most patients (66%) lived out-of-province', and 'The primary informant was a parent, the patient themselves, and another family member for 59, 3, and 3 subjects respectively'. Proxy report is a measurement-quality matter, recorded in jbi7_condition_measurement, and is NOT a reason to discard the count."
xu2020_cohort_t125m_selfsufficient,xu2020,pku_beijing,cohort,surviving_interviewees_62,125,since_baseline,,,unclear,'Sixteen (26%) reported that the patient was economically self-sufficient.',reported,point_prevalence,,16,62,65,,118,,outcome_observed,complete_case,"Results, Social outcomes, p. 4 of 9 (BMC Psychiatry 2020;20:67); corroborated in the Abstract, p. 1 of 9 ('Sixteen (26%) were economically self-sufficient, while 34 (55%) were unemployed'); follow-up length in Results, Baseline information, p. 3 of 9",,,,,,,none,,,,,13.3,49,,,,,,,,,"Extracted so that it cannot be confused with the employment count. The Abstract leads with 'Sixteen (26%) were economically self-sufficient, while 34 (55%) were unemployed', and an extractor working from the abstract alone would take 16 of 62 as the employment numerator; the employment numerator is 23. Construct is unclear because economic self-sufficiency is not defined in the report and is not an employment measure: it may be met by benefits, savings or family transfers and may be unmet by a low-paid job. It is proxy-reported ('reported that the patient was'). followup_basis = since_baseline is a deliberate REFUTATION of the triage note's premise, and it is the single most consequential coding decision in F13 because it is what admits this result to the 10-year-or-more horizon. Reasoning: (a) the anchor is cohort entry (hospitalisation in 2006 and discharge), not time since onset and not a chronological age, so D12.3b does not apply, and age at follow-up (25.9 +/- 2.1) is a consequence of the design rather than the measurement anchor; (b) D12.8's trigger is that 'every participant is followed to one shared calendar end date', which this report nowhere states, and asserting it would invent a mechanism; (c) the study is designed and titled as a 10-year follow-up after discharge and the dispersion is small (SD 0.3 years, about 3.6 months), so every plausible individual follow-up lies inside the 108-months-and-above band and no participant is placed in a band on the strength of an average, which is the harm D12.8 exists to prevent. COUNTER-ARGUMENT recorded rather than hidden: all 118 were admitted during calendar 2006, and if the interviews were run as a single campaign the elapsed follow-up would inherit the entry spread, giving an SD of about 0.29 years for admissions spread uniformly over 12 months, which is what is observed. That is consistent with, but does not establish, a common end date. If the authors confirm a single interview end date this field must become calendar_end_common and the result is then barred from every horizon. See unresolved_queries.md Q6. Denominator: 62 is an OBSERVED denominator, not a reporting base. The three status categories are exhaustive and sum exactly to it (34 + 23 + 5 = 62) and every printed percentage reproduces on 62, so employment status was categorised for each of the 62 surviving interviewees. 65 were interviewed, of whom 3 had died; 118 entered; 48 were untraceable through discontinued phone numbers and 5 refused. n_alive_eligible is left BLANK: 62 of the interviewed were alive, but how many of the 53 not interviewed were alive at follow-up is unknown, so the alive-and-eligible denominator the SAP section 6 bounding analyses need cannot be established and 118 must not silently substitute for it. Ascertainment quality: follow-up 'was collected primarily via telephone interviews as most patients (66%) lived out-of-province', and 'The primary informant was a parent, the patient themselves, and another family member for 59, 3, and 3 subjects respectively'. Proxy report is a measurement-quality matter, recorded in jbi7_condition_measurement, and is NOT a reason to discard the count."
yamaguchi2020_low_fidelity_t12m_paidcomp,yamaguchi2020,jisef_japan,low_fidelity,analysed_low_fidelity_29,12,since_baseline,,,paid_competitive,Table 2 row 'N of people who worked / During the past 12 months'. 'Competitive employment status data for participants during the 12-month follow-up were collected from their service records and based on their employment contract. Employment was operationally defined as working at least 1 day a month at minimum wage or more as determined by Japanese law during the follow-up period.',reported,any_time_during_followup,,11,29,,,,,outcome_observed,not_stated,"Table 2 'Employment outcomes among 51 participants in low- and high-fidelity supported employment programs in Japan', p. 474; outcome definition in Methods, Measures, Vocational outcomes, p. 475; analysed sample in Results, Sample Characteristics and Vocational Outcomes, p. 477",,,,,,,none,,,,,35.8,,6,29,,,,,,,"Low-fidelity programmes (JiSEF mean 80.1, SD 6.5; 7 programmes). The between-group difference (37.9 versus 68.2 per cent, chi-square = 4.58, df = 1, p = 0.032) is printed in Table 2 but is NOT recorded in adjusted_effect: it compares two non-randomised programme types and would require ROBINS-I, whereas the extracted result is the group proportion itself and is appraised with JBI. Construct is paid_competitive, not paid_any: only competitive employment evidenced by an employment contract was counted, so any sheltered or welfare-office work is excluded and paid_any is not identified. The 93 is NEITHER a reporting base NOR an observed denominator, and the triage note's framing of it as a denominator question needs that correction: 'During the recruitment period, 93 clients met the inclusion criteria, and 51 were included in the analyses' (Results, p. 477). 93 is a count of clients meeting the eligibility criteria; no percentage in the paper divides by it, so it is not a reporting base, and no outcome was observed for all 93, so it is not an observed denominator. The reporting base and the observed denominator are both 29 and 22, on which every printed percentage reproduces exactly (11/29 = 37.9, 15/22 = 68.2, 6/29 = 20.7, 13/22 = 59.1, 12/22 = 54.5). n_entered is left BLANK because the report does not say how many of the 93 consented and entered, and the flow diagram that would say is in an online supplement not held. The 42 unaccounted-for clients are why analysis_selection_status = unclear rather than none: whether they were non-consenters, dropouts or excluded for some employment-related reason cannot be established. Ascertainment is cumulative, not point prevalence: the Table 2 row is 'N of people who worked / During the past 12 months', which counts anyone meeting the definition at any point in the follow-up. Job tenure and retention are registered outcomes designated narrative-only (SAP section 2.3) and are recorded here rather than as separate result rows, because the schema has no job-tenure construct: maintained the initial job throughout the study period, 1 year after starting work, 6 of 29 (20.7 per cent) low-fidelity and 13 of 22 (59.1 per cent) high-fidelity; maintained the last job throughout the study period, 6 of 29 (20.7 per cent) and 12 of 22 (54.5 per cent); mean work tenure 56.4 (SD 101.0) and 166.2 (SD 135.0) days; mean days to the first job 298.2 (SD 107.1) and 190.5 (SD 140.1). The retention counts are anchored to each individual's job start date and extend beyond the 12-month follow-up ('we collected information about whether the participants maintained their employment for 1 year after starting their job, which was beyond the 12-month follow-up period. Data collection was completed in December 2017'). perc_employed_baseline is deliberately BLANK. Table 1 prints 'Job experience in past 6 months' (3 of 29 and 2 of 22), which is prior work experience, not employment at baseline, and typing it into a baseline-employment moderator would misstate the moderator. n_post_secondary is also blank: the education categories are Secondary / High school / Vocational school / Junior college / University, and whether Japanese vocational school counts as post-secondary is a classification judgement the source does not make. Low-fidelity: 3 / 16 / 4 / 1 / 5 of 29; high-fidelity: 3 / 8 / 2 / 2 / 7 of 22. n_female is the exact complement of the printed male counts (Table 1 lists only Male, 23 of 29 and 13 of 22, against the stated group totals), not a back-calculation from a percentage."
yamaguchi2020_high_fidelity_t12m_paidcomp,yamaguchi2020,jisef_japan,high_fidelity,analysed_high_fidelity_22,12,since_baseline,,,paid_competitive,Table 2 row 'N of people who worked / During the past 12 months'. 'Competitive employment status data for participants during the 12-month follow-up were collected from their service records and based on their employment contract. Employment was operationally defined as working at least 1 day a month at minimum wage or more as determined by Japanese law during the follow-up period.',reported,any_time_during_followup,,15,22,,,,,outcome_observed,not_stated,"Table 2 'Employment outcomes among 51 participants in low- and high-fidelity supported employment programs in Japan', p. 474; outcome definition in Methods, Measures, Vocational outcomes, p. 475; analysed sample in Results, Sample Characteristics and Vocational Outcomes, p. 477",,,,,,,none,,,,,39.1,,9,22,,,,,,,"High-fidelity programmes (JiSEF mean 100.8, SD 5.3; 6 programmes; cut-off 90/91). The 93 is NEITHER a reporting base NOR an observed denominator, and the triage note's framing of it as a denominator question needs that correction: 'During the recruitment period, 93 clients met the inclusion criteria, and 51 were included in the analyses' (Results, p. 477). 93 is a count of clients meeting the eligibility criteria; no percentage in the paper divides by it, so it is not a reporting base, and no outcome was observed for all 93, so it is not an observed denominator. The reporting base and the observed denominator are both 29 and 22, on which every printed percentage reproduces exactly (11/29 = 37.9, 15/22 = 68.2, 6/29 = 20.7, 13/22 = 59.1, 12/22 = 54.5). n_entered is left BLANK because the report does not say how many of the 93 consented and entered, and the flow diagram that would say is in an online supplement not held. The 42 unaccounted-for clients are why analysis_selection_status = unclear rather than none: whether they were non-consenters, dropouts or excluded for some employment-related reason cannot be established. Ascertainment is cumulative, not point prevalence: the Table 2 row is 'N of people who worked / During the past 12 months', which counts anyone meeting the definition at any point in the follow-up. Job tenure and retention are registered outcomes designated narrative-only (SAP section 2.3) and are recorded here rather than as separate result rows, because the schema has no job-tenure construct: maintained the initial job throughout the study period, 1 year after starting work, 6 of 29 (20.7 per cent) low-fidelity and 13 of 22 (59.1 per cent) high-fidelity; maintained the last job throughout the study period, 6 of 29 (20.7 per cent) and 12 of 22 (54.5 per cent); mean work tenure 56.4 (SD 101.0) and 166.2 (SD 135.0) days; mean days to the first job 298.2 (SD 107.1) and 190.5 (SD 140.1). The retention counts are anchored to each individual's job start date and extend beyond the 12-month follow-up ('we collected information about whether the participants maintained their employment for 1 year after starting their job, which was beyond the 12-month follow-up period. Data collection was completed in December 2017'). perc_employed_baseline is deliberately BLANK. Table 1 prints 'Job experience in past 6 months' (3 of 29 and 2 of 22), which is prior work experience, not employment at baseline, and typing it into a baseline-employment moderator would misstate the moderator. n_post_secondary is also blank: the education categories are Secondary / High school / Vocational school / Junior college / University, and whether Japanese vocational school counts as post-secondary is a classification judgement the source does not make. Low-fidelity: 3 / 16 / 4 / 1 / 5 of 29; high-fidelity: 3 / 8 / 2 / 2 / 7 of 22. n_female is the exact complement of the printed male counts (Table 1 lists only Male, 23 of 29 and 13 of 22, against the stated group totals), not a back-calculation from a percentage."
zhang2017_ise_t15m_paidthresh,zhang2017,wuxi_ise_rct,ise,itt_randomised_54,15,since_baseline,,,paid_intensity_threshold,"'At 15-mo follow-up, 34 (63.0%) of ISE participants had obtained competitive employment, compared with 27 (50.0%) of IPS and 18 (33.3%) of TVR participants.' 'Competitive employment referred to work at a full-time or part-time job in the free job market to which anyone could apply, and the salary was based on the market value and paid directly by the employers (Mak et al., 2006). Those who had continuously held competitive employment at least 20 hr/wk for 2 mo or longer were considered employed. The cumulative employment rate at different follow-up periods was also reported.'",reported,any_time_during_followup,,34,,,,54,54,entered,not_stated,"Results, Employment Rates, p. 7106165020p5; outcome definition in Method, Data Collection and Analysis, p. 7106165020p4; corroborated in the Abstract, p. 7106165020p1 (63.0%, 50.0%, 33.3%)",,,,,,,none,,,,,32.26,,30,54,,4,54,,0,54,"Integrated supported employment arm (IPS plus work-related social skills training). Construct is paid_intensity_threshold, NOT paid_competitive and certainly not paid_any: a participant counts as employed only if they held competitive work continuously for at least 20 hours a week for two months or longer, so everyone working fewer hours or for a shorter spell is counted as not employed. The labour-market setting is competitive and is preserved in the verbatim, but the threshold changes the numerator while keeping a paid-employment label, which is what D12.3a exists to stop; the number in any competitive employment is not identified and is bounded 34 <= x <= 54 in the ISE arm, 27 <= x <= 54 in IPS and 18 <= x <= 54 in TVR. Ascertainment is any_time_during_followup, confirming the triage note: the figure is the cumulative employment rate over follow-up, not point prevalence at 15 months. No point-prevalence count is printed at any timepoint. DENOMINATOR: n_outcome_observed is BLANK and 54 is recorded as n_entered and as reported_percentage_base. The authors state 'The participants (n = 162) were subject to intent-to-treat analyses on employment rate ... The drop-out cases were also included', which establishes that dropouts occurred and were counted in the denominator, but the report gives NO attrition figure anywhere, no flow diagram, and no statement of how employment status was obtained for those who dropped out. Printed percentages establish what the authors divided by, not that the outcome was observed for that many people (prompt rule 7), so 54 goes to reported_percentage_base and denominator_basis = entered. Without n_outcome_observed the row cannot enter the count model of SAP section 10.2; this is the batch's most consequential author query (unresolved_queries.md Q10). No whole-cohort (arm_type = cohort) row is created for this trial. Merging the three arms would fail the SAP section 2.1 safeguard employment_targeted_intervention, since every arm received a vocational intervention intended to change employment, and the cohort is employment-selected in any case. TIMEPOINT: followup_months = 15 measured from admission, which the assessment schedule establishes ('assessments at admission (baseline); at completion of the 3-mo program; and at 7-, 11-, and 15-mo follow-up'). One ambiguity is recorded rather than resolved: 'assessments at the 7th month after joining the program were operationally adopted as the baseline for the vocational outcomes including employment rate', so the window over which cumulative employment was accumulated may be months 7 to 15 rather than 0 to 15. That does not change the timepoint but leaves the length of the accumulation window unknown. 15 months falls in the 9-to-18-month band and would be assigned to the 12-month horizon under D11.1; the cumulative ascertainment and the allocated arm type keep it out of the primary pool regardless. Moderators: mean_age and n_female are per arm from Table 1. Education is printed as Junior secondary / Senior secondary / Tertiary, so post-secondary is identified exactly as the Tertiary count. Baseline employment is not a moderator here: all participants were unemployed at entry by eligibility criterion (3), so perc_employed_baseline is 0 by construction and is recorded as a count with its denominator; Table 1's 'Work experience' row (29, 30 and 33 of 54) is PRIOR work experience, not baseline employment, and is not used for that field."
zhang2017_ips_t15m_paidthresh,zhang2017,wuxi_ise_rct,ips,itt_randomised_54,15,since_baseline,,,paid_intensity_threshold,"'At 15-mo follow-up, 34 (63.0%) of ISE participants had obtained competitive employment, compared with 27 (50.0%) of IPS and 18 (33.3%) of TVR participants.' 'Competitive employment referred to work at a full-time or part-time job in the free job market to which anyone could apply, and the salary was based on the market value and paid directly by the employers (Mak et al., 2006). Those who had continuously held competitive employment at least 20 hr/wk for 2 mo or longer were considered employed. The cumulative employment rate at different follow-up periods was also reported.'",reported,any_time_during_followup,,27,,,,54,54,entered,not_stated,"Results, Employment Rates, p. 7106165020p5; outcome definition in Method, Data Collection and Analysis, p. 7106165020p4; corroborated in the Abstract, p. 7106165020p1 (63.0%, 50.0%, 33.3%)",,,,,,,none,,,,,34.70,,33,54,,2,54,,0,54,"Individual placement and support arm, an active vocational comparator. Construct is paid_intensity_threshold, NOT paid_competitive and certainly not paid_any: a participant counts as employed only if they held competitive work continuously for at least 20 hours a week for two months or longer, so everyone working fewer hours or for a shorter spell is counted as not employed. The labour-market setting is competitive and is preserved in the verbatim, but the threshold changes the numerator while keeping a paid-employment label, which is what D12.3a exists to stop; the number in any competitive employment is not identified and is bounded 34 <= x <= 54 in the ISE arm, 27 <= x <= 54 in IPS and 18 <= x <= 54 in TVR. Ascertainment is any_time_during_followup, confirming the triage note: the figure is the cumulative employment rate over follow-up, not point prevalence at 15 months. No point-prevalence count is printed at any timepoint. DENOMINATOR: n_outcome_observed is BLANK and 54 is recorded as n_entered and as reported_percentage_base. The authors state 'The participants (n = 162) were subject to intent-to-treat analyses on employment rate ... The drop-out cases were also included', which establishes that dropouts occurred and were counted in the denominator, but the report gives NO attrition figure anywhere, no flow diagram, and no statement of how employment status was obtained for those who dropped out. Printed percentages establish what the authors divided by, not that the outcome was observed for that many people (prompt rule 7), so 54 goes to reported_percentage_base and denominator_basis = entered. Without n_outcome_observed the row cannot enter the count model of SAP section 10.2; this is the batch's most consequential author query (unresolved_queries.md Q10). No whole-cohort (arm_type = cohort) row is created for this trial. Merging the three arms would fail the SAP section 2.1 safeguard employment_targeted_intervention, since every arm received a vocational intervention intended to change employment, and the cohort is employment-selected in any case. TIMEPOINT: followup_months = 15 measured from admission, which the assessment schedule establishes ('assessments at admission (baseline); at completion of the 3-mo program; and at 7-, 11-, and 15-mo follow-up'). One ambiguity is recorded rather than resolved: 'assessments at the 7th month after joining the program were operationally adopted as the baseline for the vocational outcomes including employment rate', so the window over which cumulative employment was accumulated may be months 7 to 15 rather than 0 to 15. That does not change the timepoint but leaves the length of the accumulation window unknown. 15 months falls in the 9-to-18-month band and would be assigned to the 12-month horizon under D11.1; the cumulative ascertainment and the allocated arm type keep it out of the primary pool regardless. Moderators: mean_age and n_female are per arm from Table 1. Education is printed as Junior secondary / Senior secondary / Tertiary, so post-secondary is identified exactly as the Tertiary count. Baseline employment is not a moderator here: all participants were unemployed at entry by eligibility criterion (3), so perc_employed_baseline is 0 by construction and is recorded as a count with its denominator; Table 1's 'Work experience' row (29, 30 and 33 of 54) is PRIOR work experience, not baseline employment, and is not used for that field."
zhang2017_tvr_t15m_paidthresh,zhang2017,wuxi_ise_rct,tvr,itt_randomised_54,15,since_baseline,,,paid_intensity_threshold,"'At 15-mo follow-up, 34 (63.0%) of ISE participants had obtained competitive employment, compared with 27 (50.0%) of IPS and 18 (33.3%) of TVR participants.' 'Competitive employment referred to work at a full-time or part-time job in the free job market to which anyone could apply, and the salary was based on the market value and paid directly by the employers (Mak et al., 2006). Those who had continuously held competitive employment at least 20 hr/wk for 2 mo or longer were considered employed. The cumulative employment rate at different follow-up periods was also reported.'",reported,any_time_during_followup,,18,,,,54,54,entered,not_stated,"Results, Employment Rates, p. 7106165020p5; outcome definition in Method, Data Collection and Analysis, p. 7106165020p4; corroborated in the Abstract, p. 7106165020p1 (63.0%, 50.0%, 33.3%)",,,,,,,none,,,,,31.48,,31,54,,6,54,,0,54,"Traditional vocational rehabilitation arm, an active vocational comparator delivering prevocational and sheltered vocational training. Construct is paid_intensity_threshold, NOT paid_competitive and certainly not paid_any: a participant counts as employed only if they held competitive work continuously for at least 20 hours a week for two months or longer, so everyone working fewer hours or for a shorter spell is counted as not employed. The labour-market setting is competitive and is preserved in the verbatim, but the threshold changes the numerator while keeping a paid-employment label, which is what D12.3a exists to stop; the number in any competitive employment is not identified and is bounded 34 <= x <= 54 in the ISE arm, 27 <= x <= 54 in IPS and 18 <= x <= 54 in TVR. Ascertainment is any_time_during_followup, confirming the triage note: the figure is the cumulative employment rate over follow-up, not point prevalence at 15 months. No point-prevalence count is printed at any timepoint. DENOMINATOR: n_outcome_observed is BLANK and 54 is recorded as n_entered and as reported_percentage_base. The authors state 'The participants (n = 162) were subject to intent-to-treat analyses on employment rate ... The drop-out cases were also included', which establishes that dropouts occurred and were counted in the denominator, but the report gives NO attrition figure anywhere, no flow diagram, and no statement of how employment status was obtained for those who dropped out. Printed percentages establish what the authors divided by, not that the outcome was observed for that many people (prompt rule 7), so 54 goes to reported_percentage_base and denominator_basis = entered. Without n_outcome_observed the row cannot enter the count model of SAP section 10.2; this is the batch's most consequential author query (unresolved_queries.md Q10). No whole-cohort (arm_type = cohort) row is created for this trial. Merging the three arms would fail the SAP section 2.1 safeguard employment_targeted_intervention, since every arm received a vocational intervention intended to change employment, and the cohort is employment-selected in any case. TIMEPOINT: followup_months = 15 measured from admission, which the assessment schedule establishes ('assessments at admission (baseline); at completion of the 3-mo program; and at 7-, 11-, and 15-mo follow-up'). One ambiguity is recorded rather than resolved: 'assessments at the 7th month after joining the program were operationally adopted as the baseline for the vocational outcomes including employment rate', so the window over which cumulative employment was accumulated may be months 7 to 15 rather than 0 to 15. That does not change the timepoint but leaves the length of the accumulation window unknown. 15 months falls in the 9-to-18-month band and would be assigned to the 12-month horizon under D11.1; the cumulative ascertainment and the allocated arm type keep it out of the primary pool regardless. Moderators: mean_age and n_female are per arm from Table 1. Education is printed as Junior secondary / Senior secondary / Tertiary, so post-secondary is identified exactly as the Tertiary count. Baseline employment is not a moderator here: all participants were unemployed at entry by eligibility criterion (3), so perc_employed_baseline is 0 by construction and is recorded as a count with its denominator; Table 1's 'Work experience' row (29, 30 and 33 of 54) is PRIOR work experience, not baseline employment, and is not used for that field."
