result_id,field,extracted_value,source_table,source_locator,extractor,extraction_date,batch_id,verification_tier,source_version,verifier,verified_date,verified_value,agreement,adjudication,notes
hansen2024_cohort_t240m_paidcomp,outcome_construct,paid_competitive,extraction_outcomes,,,,,2,stage-g-merge,,,,,,
hansen2024_cohort_t240m_paidcomp,ascertainment,period_prevalence,extraction_outcomes,,,,,2,stage-g-merge,,,,,,
hansen2024_cohort_t240m_paidcomp,ascertainment_window_months,12,extraction_outcomes,,,,,2,stage-g-merge,,,,,,
hansen2024_cohort_t240m_paidcomp,n_employed,54,extraction_outcomes,,,,,2,stage-g-merge,,,,,,
hansen2024_cohort_t240m_paidcomp,n_outcome_observed,416,extraction_outcomes,,,,,2,stage-g-merge,,,,,,
hansen2024_cohort_t240m_paidcomp,denominator_basis,outcome_observed,extraction_outcomes,,,,,2,stage-g-merge,,,,,,
hansen2024_cohort_t240m_paidcomp,followup_months,240,extraction_outcomes,,,,,2,stage-g-merge,,,,,,
hansen2024_cohort_t240m_paidcomp,followup_basis,since_baseline,extraction_outcomes,,,,,2,stage-g-merge,,,,,,
hansen2024_cohort_t240m_paidcomp,result_role,reported,extraction_outcomes,,,,,2,stage-g-merge,,,,,,
hansen2024_cohort_t240m_paidcomp,conflict_status,unresolved,extraction_outcomes,,,,,2,stage-g-merge,,,,,,
hansen2024_cohort_t240m_paidcomp,arm_id,cohort,extraction_outcomes,,,,,2,stage-g-merge,,,,,,
hansen2024_cohort_t240m_paidcomp,derivation_component_result_ids,,extraction_outcomes,,,,,2,stage-g-merge,,,,,,
hansen2024_cohort_t240m_paidcomp,employment_selection_status,none,extraction_cohorts,,,,,1,stage-g-merge,,,,,,
hansen2024_cohort_t240m_paidcomp,diagnosis_group,fep,extraction_cohorts,,,,,2,stage-g-merge,,,,,,
hansen2024_cohort_t240m_paidcomp,perc_qualifying_diagnosis,100,extraction_cohorts,,,,,2,stage-g-merge,,,,,,
hansen2024_cohort_t240m_paidcomp,design,rct,extraction_cohorts,,,,,1,stage-g-merge,,,,,,
hansen2024_cohort_t240m_paidcomp,arm_type,cohort,extraction_arms,,,,,2,stage-g-merge,,,,,,
hansen2024_cohort_t240m_paidcomp,analysis_selection_status,none,extraction_arms,,,,,2,stage-g-merge,,,,,,
hansen2024_cohort_t240m_paidcomp,employment_targeted_intervention,no,extraction_arms,,,,,2,stage-g-merge,,,,,,
hansen2024_cohort_t240m_paidany,outcome_construct,paid_any,extraction_outcomes,,,,,2,stage-g-merge,,,,,,
hansen2024_cohort_t240m_paidany,ascertainment,period_prevalence,extraction_outcomes,,,,,2,stage-g-merge,,,,,,
hansen2024_cohort_t240m_paidany,ascertainment_window_months,12,extraction_outcomes,,,,,2,stage-g-merge,,,,,,
hansen2024_cohort_t240m_paidany,n_employed,105,extraction_outcomes,,,,,2,stage-g-merge,,,,,,
hansen2024_cohort_t240m_paidany,n_outcome_observed,416,extraction_outcomes,,,,,2,stage-g-merge,,,,,,
hansen2024_cohort_t240m_paidany,denominator_basis,outcome_observed,extraction_outcomes,,,,,2,stage-g-merge,,,,,,
hansen2024_cohort_t240m_paidany,followup_months,240,extraction_outcomes,,,,,2,stage-g-merge,,,,,,
hansen2024_cohort_t240m_paidany,followup_basis,since_baseline,extraction_outcomes,,,,,2,stage-g-merge,,,,,,
hansen2024_cohort_t240m_paidany,result_role,reported,extraction_outcomes,,,,,2,stage-g-merge,,,,,,
hansen2024_cohort_t240m_paidany,conflict_status,unresolved,extraction_outcomes,,,,,2,stage-g-merge,,,,,,
hansen2024_cohort_t240m_paidany,arm_id,cohort,extraction_outcomes,,,,,2,stage-g-merge,,,,,,
hansen2024_cohort_t240m_paidany,derivation_component_result_ids,,extraction_outcomes,,,,,2,stage-g-merge,,,,,,
hansen2024_cohort_t240m_paidany,employment_selection_status,none,extraction_cohorts,,,,,1,stage-g-merge,,,,,,
hansen2024_cohort_t240m_paidany,diagnosis_group,fep,extraction_cohorts,,,,,2,stage-g-merge,,,,,,
hansen2024_cohort_t240m_paidany,perc_qualifying_diagnosis,100,extraction_cohorts,,,,,2,stage-g-merge,,,,,,
hansen2024_cohort_t240m_paidany,design,rct,extraction_cohorts,,,,,1,stage-g-merge,,,,,,
hansen2024_cohort_t240m_paidany,arm_type,cohort,extraction_arms,,,,,2,stage-g-merge,,,,,,
hansen2024_cohort_t240m_paidany,analysis_selection_status,none,extraction_arms,,,,,2,stage-g-merge,,,,,,
hansen2024_cohort_t240m_paidany,employment_targeted_intervention,no,extraction_arms,,,,,2,stage-g-merge,,,,,,
hansen2024_cohort_t240m_paidcomp_assessed,outcome_construct,paid_competitive,extraction_outcomes,,,,,2,stage-g-merge,,,,,,
hansen2024_cohort_t240m_paidcomp_assessed,ascertainment,period_prevalence,extraction_outcomes,,,,,2,stage-g-merge,,,,,,
hansen2024_cohort_t240m_paidcomp_assessed,ascertainment_window_months,12,extraction_outcomes,,,,,2,stage-g-merge,,,,,,
hansen2024_cohort_t240m_paidcomp_assessed,n_employed,27,extraction_outcomes,,,,,2,stage-g-merge,,,,,,
hansen2024_cohort_t240m_paidcomp_assessed,n_outcome_observed,143,extraction_outcomes,,,,,2,stage-g-merge,,,,,,
hansen2024_cohort_t240m_paidcomp_assessed,denominator_basis,outcome_observed,extraction_outcomes,,,,,2,stage-g-merge,,,,,,
hansen2024_cohort_t240m_paidcomp_assessed,followup_months,240,extraction_outcomes,,,,,2,stage-g-merge,,,,,,
hansen2024_cohort_t240m_paidcomp_assessed,followup_basis,since_baseline,extraction_outcomes,,,,,2,stage-g-merge,,,,,,
hansen2024_cohort_t240m_paidcomp_assessed,result_role,reported,extraction_outcomes,,,,,2,stage-g-merge,,,,,,
hansen2024_cohort_t240m_paidcomp_assessed,conflict_status,none,extraction_outcomes,,,,,2,stage-g-merge,,,,,,
hansen2024_cohort_t240m_paidcomp_assessed,arm_id,cohort,extraction_outcomes,,,,,2,stage-g-merge,,,,,,
hansen2024_cohort_t240m_paidcomp_assessed,derivation_component_result_ids,,extraction_outcomes,,,,,2,stage-g-merge,,,,,,
hansen2024_cohort_t240m_paidcomp_assessed,employment_selection_status,none,extraction_cohorts,,,,,1,stage-g-merge,,,,,,
hansen2024_cohort_t240m_paidcomp_assessed,diagnosis_group,fep,extraction_cohorts,,,,,2,stage-g-merge,,,,,,
hansen2024_cohort_t240m_paidcomp_assessed,perc_qualifying_diagnosis,100,extraction_cohorts,,,,,2,stage-g-merge,,,,,,
hansen2024_cohort_t240m_paidcomp_assessed,design,rct,extraction_cohorts,,,,,1,stage-g-merge,,,,,,
hansen2024_cohort_t240m_paidcomp_assessed,arm_type,cohort,extraction_arms,,,,,2,stage-g-merge,,,,,,
hansen2024_cohort_t240m_paidcomp_assessed,analysis_selection_status,none,extraction_arms,,,,,2,stage-g-merge,,,,,,
hansen2024_cohort_t240m_paidcomp_assessed,employment_targeted_intervention,no,extraction_arms,,,,,2,stage-g-merge,,,,,,
hansen2024_cohort_t240m_paidany_assessed,outcome_construct,paid_any,extraction_outcomes,,,,,2,stage-g-merge,,,,,,
hansen2024_cohort_t240m_paidany_assessed,ascertainment,period_prevalence,extraction_outcomes,,,,,2,stage-g-merge,,,,,,
hansen2024_cohort_t240m_paidany_assessed,ascertainment_window_months,12,extraction_outcomes,,,,,2,stage-g-merge,,,,,,
hansen2024_cohort_t240m_paidany_assessed,n_employed,48,extraction_outcomes,,,,,2,stage-g-merge,,,,,,
hansen2024_cohort_t240m_paidany_assessed,n_outcome_observed,143,extraction_outcomes,,,,,2,stage-g-merge,,,,,,
hansen2024_cohort_t240m_paidany_assessed,denominator_basis,outcome_observed,extraction_outcomes,,,,,2,stage-g-merge,,,,,,
hansen2024_cohort_t240m_paidany_assessed,followup_months,240,extraction_outcomes,,,,,2,stage-g-merge,,,,,,
hansen2024_cohort_t240m_paidany_assessed,followup_basis,since_baseline,extraction_outcomes,,,,,2,stage-g-merge,,,,,,
hansen2024_cohort_t240m_paidany_assessed,result_role,reported,extraction_outcomes,,,,,2,stage-g-merge,,,,,,
hansen2024_cohort_t240m_paidany_assessed,conflict_status,none,extraction_outcomes,,,,,2,stage-g-merge,,,,,,
hansen2024_cohort_t240m_paidany_assessed,arm_id,cohort,extraction_outcomes,,,,,2,stage-g-merge,,,,,,
hansen2024_cohort_t240m_paidany_assessed,derivation_component_result_ids,,extraction_outcomes,,,,,2,stage-g-merge,,,,,,
hansen2024_cohort_t240m_paidany_assessed,employment_selection_status,none,extraction_cohorts,,,,,1,stage-g-merge,,,,,,
hansen2024_cohort_t240m_paidany_assessed,diagnosis_group,fep,extraction_cohorts,,,,,2,stage-g-merge,,,,,,
hansen2024_cohort_t240m_paidany_assessed,perc_qualifying_diagnosis,100,extraction_cohorts,,,,,2,stage-g-merge,,,,,,
hansen2024_cohort_t240m_paidany_assessed,design,rct,extraction_cohorts,,,,,1,stage-g-merge,,,,,,
hansen2024_cohort_t240m_paidany_assessed,arm_type,cohort,extraction_arms,,,,,2,stage-g-merge,,,,,,
hansen2024_cohort_t240m_paidany_assessed,analysis_selection_status,none,extraction_arms,,,,,2,stage-g-merge,,,,,,
hansen2024_cohort_t240m_paidany_assessed,employment_targeted_intervention,no,extraction_arms,,,,,2,stage-g-merge,,,,,,
hansen2024_cohort_t240m_paidoredu,outcome_construct,paid_or_education,extraction_outcomes,,,,,2,stage-g-merge,,,,,,
hansen2024_cohort_t240m_paidoredu,ascertainment,point_prevalence,extraction_outcomes,,,,,2,stage-g-merge,,,,,,
hansen2024_cohort_t240m_paidoredu,ascertainment_window_months,,extraction_outcomes,,,,,2,stage-g-merge,,,,,,
hansen2024_cohort_t240m_paidoredu,n_employed,40,extraction_outcomes,,,,,2,stage-g-merge,,,,,,
hansen2024_cohort_t240m_paidoredu,n_outcome_observed,143,extraction_outcomes,,,,,2,stage-g-merge,,,,,,
hansen2024_cohort_t240m_paidoredu,denominator_basis,outcome_observed,extraction_outcomes,,,,,2,stage-g-merge,,,,,,
hansen2024_cohort_t240m_paidoredu,followup_months,240,extraction_outcomes,,,,,2,stage-g-merge,,,,,,
hansen2024_cohort_t240m_paidoredu,followup_basis,since_baseline,extraction_outcomes,,,,,2,stage-g-merge,,,,,,
hansen2024_cohort_t240m_paidoredu,result_role,reported,extraction_outcomes,,,,,2,stage-g-merge,,,,,,
hansen2024_cohort_t240m_paidoredu,conflict_status,none,extraction_outcomes,,,,,2,stage-g-merge,,,,,,
hansen2024_cohort_t240m_paidoredu,arm_id,cohort,extraction_outcomes,,,,,2,stage-g-merge,,,,,,
hansen2024_cohort_t240m_paidoredu,derivation_component_result_ids,,extraction_outcomes,,,,,2,stage-g-merge,,,,,,
hansen2024_cohort_t240m_paidoredu,employment_selection_status,none,extraction_cohorts,,,,,1,stage-g-merge,,,,,,
hansen2024_cohort_t240m_paidoredu,diagnosis_group,fep,extraction_cohorts,,,,,2,stage-g-merge,,,,,,
hansen2024_cohort_t240m_paidoredu,perc_qualifying_diagnosis,100,extraction_cohorts,,,,,2,stage-g-merge,,,,,,
hansen2024_cohort_t240m_paidoredu,design,rct,extraction_cohorts,,,,,1,stage-g-merge,,,,,,
hansen2024_cohort_t240m_paidoredu,arm_type,cohort,extraction_arms,,,,,2,stage-g-merge,,,,,,
hansen2024_cohort_t240m_paidoredu,analysis_selection_status,none,extraction_arms,,,,,2,stage-g-merge,,,,,,
hansen2024_cohort_t240m_paidoredu,employment_targeted_intervention,no,extraction_arms,,,,,2,stage-g-merge,,,,,,
hansen2024b_cohort_t240m_paidcomp,outcome_construct,paid_competitive,extraction_outcomes,,,,,2,stage-g-merge,,,,,,
hansen2024b_cohort_t240m_paidcomp,ascertainment,period_prevalence,extraction_outcomes,,,,,2,stage-g-merge,,,,,,
hansen2024b_cohort_t240m_paidcomp,ascertainment_window_months,12,extraction_outcomes,,,,,2,stage-g-merge,,,,,,
hansen2024b_cohort_t240m_paidcomp,n_employed,40,extraction_outcomes,,,,,2,stage-g-merge,,,,,,
hansen2024b_cohort_t240m_paidcomp,n_outcome_observed,174,extraction_outcomes,,,,,2,stage-g-merge,,,,,,
hansen2024b_cohort_t240m_paidcomp,denominator_basis,outcome_observed,extraction_outcomes,,,,,2,stage-g-merge,,,,,,
hansen2024b_cohort_t240m_paidcomp,followup_months,240,extraction_outcomes,,,,,2,stage-g-merge,,,,,,
hansen2024b_cohort_t240m_paidcomp,followup_basis,since_baseline,extraction_outcomes,,,,,2,stage-g-merge,,,,,,
hansen2024b_cohort_t240m_paidcomp,result_role,reported,extraction_outcomes,,,,,2,stage-g-merge,,,,,,
hansen2024b_cohort_t240m_paidcomp,conflict_status,none,extraction_outcomes,,,,,2,stage-g-merge,,,,,,
hansen2024b_cohort_t240m_paidcomp,arm_id,cohort,extraction_outcomes,,,,,2,stage-g-merge,,,,,,
hansen2024b_cohort_t240m_paidcomp,derivation_component_result_ids,,extraction_outcomes,,,,,2,stage-g-merge,,,,,,
hansen2024b_cohort_t240m_paidcomp,employment_selection_status,none,extraction_cohorts,,,,,1,stage-g-merge,,,,,,
hansen2024b_cohort_t240m_paidcomp,diagnosis_group,fep,extraction_cohorts,,,,,2,stage-g-merge,,,,,,
hansen2024b_cohort_t240m_paidcomp,perc_qualifying_diagnosis,100,extraction_cohorts,,,,,2,stage-g-merge,,,,,,
hansen2024b_cohort_t240m_paidcomp,design,rct,extraction_cohorts,,,,,1,stage-g-merge,,,,,,
hansen2024b_cohort_t240m_paidcomp,arm_type,cohort,extraction_arms,,,,,2,stage-g-merge,,,,,,
hansen2024b_cohort_t240m_paidcomp,analysis_selection_status,none,extraction_arms,,,,,2,stage-g-merge,,,,,,
hansen2024b_cohort_t240m_paidcomp,employment_targeted_intervention,no,extraction_arms,,,,,2,stage-g-merge,,,,,,
hansen2024b_cohort_t240m_paidany,outcome_construct,paid_any,extraction_outcomes,,,,,2,stage-g-merge,,,,,,
hansen2024b_cohort_t240m_paidany,ascertainment,period_prevalence,extraction_outcomes,,,,,2,stage-g-merge,,,,,,
hansen2024b_cohort_t240m_paidany,ascertainment_window_months,12,extraction_outcomes,,,,,2,stage-g-merge,,,,,,
hansen2024b_cohort_t240m_paidany,n_employed,64,extraction_outcomes,,,,,2,stage-g-merge,,,,,,
hansen2024b_cohort_t240m_paidany,n_outcome_observed,174,extraction_outcomes,,,,,2,stage-g-merge,,,,,,
hansen2024b_cohort_t240m_paidany,denominator_basis,outcome_observed,extraction_outcomes,,,,,2,stage-g-merge,,,,,,
hansen2024b_cohort_t240m_paidany,followup_months,240,extraction_outcomes,,,,,2,stage-g-merge,,,,,,
hansen2024b_cohort_t240m_paidany,followup_basis,since_baseline,extraction_outcomes,,,,,2,stage-g-merge,,,,,,
hansen2024b_cohort_t240m_paidany,result_role,reported,extraction_outcomes,,,,,2,stage-g-merge,,,,,,
hansen2024b_cohort_t240m_paidany,conflict_status,none,extraction_outcomes,,,,,2,stage-g-merge,,,,,,
hansen2024b_cohort_t240m_paidany,arm_id,cohort,extraction_outcomes,,,,,2,stage-g-merge,,,,,,
hansen2024b_cohort_t240m_paidany,derivation_component_result_ids,,extraction_outcomes,,,,,2,stage-g-merge,,,,,,
hansen2024b_cohort_t240m_paidany,employment_selection_status,none,extraction_cohorts,,,,,1,stage-g-merge,,,,,,
hansen2024b_cohort_t240m_paidany,diagnosis_group,fep,extraction_cohorts,,,,,2,stage-g-merge,,,,,,
hansen2024b_cohort_t240m_paidany,perc_qualifying_diagnosis,100,extraction_cohorts,,,,,2,stage-g-merge,,,,,,
hansen2024b_cohort_t240m_paidany,design,rct,extraction_cohorts,,,,,1,stage-g-merge,,,,,,
hansen2024b_cohort_t240m_paidany,arm_type,cohort,extraction_arms,,,,,2,stage-g-merge,,,,,,
hansen2024b_cohort_t240m_paidany,analysis_selection_status,none,extraction_arms,,,,,2,stage-g-merge,,,,,,
hansen2024b_cohort_t240m_paidany,employment_targeted_intervention,no,extraction_arms,,,,,2,stage-g-merge,,,,,,
hansen2024b_cohort_t240m_paidoredu,outcome_construct,paid_or_education,extraction_outcomes,,,,,2,stage-g-merge,,,,,,
hansen2024b_cohort_t240m_paidoredu,ascertainment,point_prevalence,extraction_outcomes,,,,,2,stage-g-merge,,,,,,
hansen2024b_cohort_t240m_paidoredu,ascertainment_window_months,,extraction_outcomes,,,,,2,stage-g-merge,,,,,,
hansen2024b_cohort_t240m_paidoredu,n_employed,52,extraction_outcomes,,,,,2,stage-g-merge,,,,,,
hansen2024b_cohort_t240m_paidoredu,n_outcome_observed,174,extraction_outcomes,,,,,2,stage-g-merge,,,,,,
hansen2024b_cohort_t240m_paidoredu,denominator_basis,outcome_observed,extraction_outcomes,,,,,2,stage-g-merge,,,,,,
hansen2024b_cohort_t240m_paidoredu,followup_months,240,extraction_outcomes,,,,,2,stage-g-merge,,,,,,
hansen2024b_cohort_t240m_paidoredu,followup_basis,since_baseline,extraction_outcomes,,,,,2,stage-g-merge,,,,,,
hansen2024b_cohort_t240m_paidoredu,result_role,reported,extraction_outcomes,,,,,2,stage-g-merge,,,,,,
hansen2024b_cohort_t240m_paidoredu,conflict_status,none,extraction_outcomes,,,,,2,stage-g-merge,,,,,,
hansen2024b_cohort_t240m_paidoredu,arm_id,cohort,extraction_outcomes,,,,,2,stage-g-merge,,,,,,
hansen2024b_cohort_t240m_paidoredu,derivation_component_result_ids,,extraction_outcomes,,,,,2,stage-g-merge,,,,,,
hansen2024b_cohort_t240m_paidoredu,employment_selection_status,none,extraction_cohorts,,,,,1,stage-g-merge,,,,,,
hansen2024b_cohort_t240m_paidoredu,diagnosis_group,fep,extraction_cohorts,,,,,2,stage-g-merge,,,,,,
hansen2024b_cohort_t240m_paidoredu,perc_qualifying_diagnosis,100,extraction_cohorts,,,,,2,stage-g-merge,,,,,,
hansen2024b_cohort_t240m_paidoredu,design,rct,extraction_cohorts,,,,,1,stage-g-merge,,,,,,
hansen2024b_cohort_t240m_paidoredu,arm_type,cohort,extraction_arms,,,,,2,stage-g-merge,,,,,,
hansen2024b_cohort_t240m_paidoredu,analysis_selection_status,none,extraction_arms,,,,,2,stage-g-merge,,,,,,
hansen2024b_cohort_t240m_paidoredu,employment_targeted_intervention,no,extraction_arms,,,,,2,stage-g-merge,,,,,,
rautio2016_cohort_age44_45_paidintensity25,outcome_construct,paid_intensity_threshold,extraction_outcomes,,,,,2,stage-g-merge,,,,,,
rautio2016_cohort_age44_45_paidintensity25,ascertainment,period_prevalence,extraction_outcomes,,,,,2,stage-g-merge,,,,,,
rautio2016_cohort_age44_45_paidintensity25,ascertainment_window_months,24,extraction_outcomes,,,,,2,stage-g-merge,,,,,,
rautio2016_cohort_age44_45_paidintensity25,n_employed,18,extraction_outcomes,,,,,2,stage-g-merge,,,,,,
rautio2016_cohort_age44_45_paidintensity25,n_outcome_observed,161,extraction_outcomes,,,,,2,stage-g-merge,,,,,,
rautio2016_cohort_age44_45_paidintensity25,denominator_basis,outcome_observed,extraction_outcomes,,,,,2,stage-g-merge,,,,,,
rautio2016_cohort_age44_45_paidintensity25,followup_months,,extraction_outcomes,,,,,2,stage-g-merge,,,,,,
rautio2016_cohort_age44_45_paidintensity25,followup_basis,chronological_age,extraction_outcomes,,,,,2,stage-g-merge,,,,,,
rautio2016_cohort_age44_45_paidintensity25,result_role,derived,extraction_outcomes,,,,,2,stage-g-merge,,,,,,
rautio2016_cohort_age44_45_paidintensity25,conflict_status,none,extraction_outcomes,,,,,2,stage-g-merge,,,,,,
rautio2016_cohort_age44_45_paidintensity25,arm_id,cohort,extraction_outcomes,,,,,2,stage-g-merge,,,,,,
rautio2016_cohort_age44_45_paidintensity25,derivation_component_result_ids,rautio2016_cohort_age44_45_band_25_49;rautio2016_cohort_age44_45_band_50_74;rautio2016_cohort_age44_45_band_75plus,extraction_outcomes,,,,,2,stage-g-merge,,,,,,
rautio2016_cohort_age44_45_paidintensity25,employment_selection_status,none,extraction_cohorts,,,,,1,stage-g-merge,,,,,,
rautio2016_cohort_age44_45_paidintensity25,diagnosis_group,psychosis_mixed,extraction_cohorts,,,,,2,stage-g-merge,,,,,,
rautio2016_cohort_age44_45_paidintensity25,perc_qualifying_diagnosis,100,extraction_cohorts,,,,,2,stage-g-merge,,,,,,
rautio2016_cohort_age44_45_paidintensity25,design,register_cohort,extraction_cohorts,,,,,1,stage-g-merge,,,,,,
rautio2016_cohort_age44_45_paidintensity25,arm_type,cohort,extraction_arms,,,,,2,stage-g-merge,,,,,,
rautio2016_cohort_age44_45_paidintensity25,analysis_selection_status,none,extraction_arms,,,,,2,stage-g-merge,,,,,,
rautio2016_cohort_age44_45_paidintensity25,employment_targeted_intervention,not_applicable,extraction_arms,,,,,2,stage-g-merge,,,,,,
majuri2021_dp_t242m_unclear,outcome_construct,unclear,extraction_outcomes,,,,,2,stage-g-merge,,,,,,
majuri2021_dp_t242m_unclear,ascertainment,any_time_during_followup,extraction_outcomes,,,,,2,stage-g-merge,,,,,,
majuri2021_dp_t242m_unclear,ascertainment_window_months,,extraction_outcomes,,,,,2,stage-g-merge,,,,,,
majuri2021_dp_t242m_unclear,n_employed,15,extraction_outcomes,,,,,2,stage-g-merge,,,,,,
majuri2021_dp_t242m_unclear,n_outcome_observed,170,extraction_outcomes,,,,,2,stage-g-merge,,,,,,
majuri2021_dp_t242m_unclear,denominator_basis,outcome_observed,extraction_outcomes,,,,,2,stage-g-merge,,,,,,
majuri2021_dp_t242m_unclear,followup_months,242,extraction_outcomes,,,,,2,stage-g-merge,,,,,,
majuri2021_dp_t242m_unclear,followup_basis,since_baseline,extraction_outcomes,,,,,2,stage-g-merge,,,,,,
majuri2021_dp_t242m_unclear,result_role,reported,extraction_outcomes,,,,,2,stage-g-merge,,,,,,
majuri2021_dp_t242m_unclear,conflict_status,none,extraction_outcomes,,,,,2,stage-g-merge,,,,,,
majuri2021_dp_t242m_unclear,arm_id,dp_psychiatric,extraction_outcomes,,,,,2,stage-g-merge,,,,,,
majuri2021_dp_t242m_unclear,derivation_component_result_ids,,extraction_outcomes,,,,,2,stage-g-merge,,,,,,
majuri2021_dp_t242m_unclear,employment_selection_status,none,extraction_cohorts,,,,,1,stage-g-merge,,,,,,
majuri2021_dp_t242m_unclear,diagnosis_group,psychosis_mixed,extraction_cohorts,,,,,2,stage-g-merge,,,,,,
majuri2021_dp_t242m_unclear,perc_qualifying_diagnosis,100,extraction_cohorts,,,,,2,stage-g-merge,,,,,,
majuri2021_dp_t242m_unclear,design,register_cohort,extraction_cohorts,,,,,1,stage-g-merge,,,,,,
majuri2021_dp_t242m_unclear,arm_type,subgroup,extraction_arms,,,,,2,stage-g-merge,,,,,,
majuri2021_dp_t242m_unclear,analysis_selection_status,none,extraction_arms,,,,,2,stage-g-merge,,,,,,
majuri2021_dp_t242m_unclear,employment_targeted_intervention,,extraction_arms,,,,,2,stage-g-merge,,,,,,
majuri2021_dp_t157m_unclear,outcome_construct,unclear,extraction_outcomes,,,,,2,stage-g-merge,,,,,,
majuri2021_dp_t157m_unclear,ascertainment,any_time_during_followup,extraction_outcomes,,,,,2,stage-g-merge,,,,,,
majuri2021_dp_t157m_unclear,ascertainment_window_months,,extraction_outcomes,,,,,2,stage-g-merge,,,,,,
majuri2021_dp_t157m_unclear,n_employed,17,extraction_outcomes,,,,,2,stage-g-merge,,,,,,
majuri2021_dp_t157m_unclear,n_outcome_observed,91,extraction_outcomes,,,,,2,stage-g-merge,,,,,,
majuri2021_dp_t157m_unclear,denominator_basis,outcome_observed,extraction_outcomes,,,,,2,stage-g-merge,,,,,,
majuri2021_dp_t157m_unclear,followup_months,157,extraction_outcomes,,,,,2,stage-g-merge,,,,,,
majuri2021_dp_t157m_unclear,followup_basis,since_baseline,extraction_outcomes,,,,,2,stage-g-merge,,,,,,
majuri2021_dp_t157m_unclear,result_role,reported,extraction_outcomes,,,,,2,stage-g-merge,,,,,,
majuri2021_dp_t157m_unclear,conflict_status,none,extraction_outcomes,,,,,2,stage-g-merge,,,,,,
majuri2021_dp_t157m_unclear,arm_id,dp_psychiatric,extraction_outcomes,,,,,2,stage-g-merge,,,,,,
majuri2021_dp_t157m_unclear,derivation_component_result_ids,,extraction_outcomes,,,,,2,stage-g-merge,,,,,,
majuri2021_dp_t157m_unclear,employment_selection_status,none,extraction_cohorts,,,,,1,stage-g-merge,,,,,,
majuri2021_dp_t157m_unclear,diagnosis_group,psychosis_mixed,extraction_cohorts,,,,,2,stage-g-merge,,,,,,
majuri2021_dp_t157m_unclear,perc_qualifying_diagnosis,100,extraction_cohorts,,,,,2,stage-g-merge,,,,,,
majuri2021_dp_t157m_unclear,design,register_cohort,extraction_cohorts,,,,,1,stage-g-merge,,,,,,
majuri2021_dp_t157m_unclear,arm_type,subgroup,extraction_arms,,,,,2,stage-g-merge,,,,,,
majuri2021_dp_t157m_unclear,analysis_selection_status,none,extraction_arms,,,,,2,stage-g-merge,,,,,,
majuri2021_dp_t157m_unclear,employment_targeted_intervention,,extraction_arms,,,,,2,stage-g-merge,,,,,,
thomson2023_cohort_t240m_paidany,outcome_construct,paid_any,extraction_outcomes,,,,,2,stage-g-merge,,,,,,
thomson2023_cohort_t240m_paidany,ascertainment,point_prevalence,extraction_outcomes,,,,,2,stage-g-merge,,,,,,
thomson2023_cohort_t240m_paidany,ascertainment_window_months,,extraction_outcomes,,,,,2,stage-g-merge,,,,,,
thomson2023_cohort_t240m_paidany,n_employed,0,extraction_outcomes,,,,,2,stage-g-merge,,,,,,
thomson2023_cohort_t240m_paidany,n_outcome_observed,,extraction_outcomes,,,,,2,stage-g-merge,,,,,,
thomson2023_cohort_t240m_paidany,denominator_basis,unclear,extraction_outcomes,,,,,2,stage-g-merge,,,,,,
thomson2023_cohort_t240m_paidany,followup_months,240,extraction_outcomes,,,,,2,stage-g-merge,,,,,,
thomson2023_cohort_t240m_paidany,followup_basis,since_baseline,extraction_outcomes,,,,,2,stage-g-merge,,,,,,
thomson2023_cohort_t240m_paidany,result_role,reported,extraction_outcomes,,,,,2,stage-g-merge,,,,,,
thomson2023_cohort_t240m_paidany,conflict_status,none,extraction_outcomes,,,,,2,stage-g-merge,,,,,,
thomson2023_cohort_t240m_paidany,arm_id,cohort,extraction_outcomes,,,,,2,stage-g-merge,,,,,,
thomson2023_cohort_t240m_paidany,derivation_component_result_ids,,extraction_outcomes,,,,,2,stage-g-merge,,,,,,
thomson2023_cohort_t240m_paidany,employment_selection_status,none,extraction_cohorts,,,,,1,stage-g-merge,,,,,,
thomson2023_cohort_t240m_paidany,diagnosis_group,smi_mixed,extraction_cohorts,,,,,2,stage-g-merge,,,,,,
thomson2023_cohort_t240m_paidany,perc_qualifying_diagnosis,70,extraction_cohorts,,,,,2,stage-g-merge,,,,,,
thomson2023_cohort_t240m_paidany,design,prospective_cohort,extraction_cohorts,,,,,1,stage-g-merge,,,,,,
thomson2023_cohort_t240m_paidany,arm_type,cohort,extraction_arms,,,,,2,stage-g-merge,,,,,,
thomson2023_cohort_t240m_paidany,analysis_selection_status,none,extraction_arms,,,,,2,stage-g-merge,,,,,,
thomson2023_cohort_t240m_paidany,employment_targeted_intervention,not_applicable,extraction_arms,,,,,2,stage-g-merge,,,,,,
thomson2023_cohort_t240m_vocact,outcome_construct,vocational_activity,extraction_outcomes,,,,,2,stage-g-merge,,,,,,
thomson2023_cohort_t240m_vocact,ascertainment,point_prevalence,extraction_outcomes,,,,,2,stage-g-merge,,,,,,
thomson2023_cohort_t240m_vocact,ascertainment_window_months,,extraction_outcomes,,,,,2,stage-g-merge,,,,,,
thomson2023_cohort_t240m_vocact,n_employed,,extraction_outcomes,,,,,2,stage-g-merge,,,,,,
thomson2023_cohort_t240m_vocact,n_outcome_observed,,extraction_outcomes,,,,,2,stage-g-merge,,,,,,
thomson2023_cohort_t240m_vocact,denominator_basis,unclear,extraction_outcomes,,,,,2,stage-g-merge,,,,,,
thomson2023_cohort_t240m_vocact,followup_months,240,extraction_outcomes,,,,,2,stage-g-merge,,,,,,
thomson2023_cohort_t240m_vocact,followup_basis,since_baseline,extraction_outcomes,,,,,2,stage-g-merge,,,,,,
thomson2023_cohort_t240m_vocact,result_role,reported,extraction_outcomes,,,,,2,stage-g-merge,,,,,,
thomson2023_cohort_t240m_vocact,conflict_status,none,extraction_outcomes,,,,,2,stage-g-merge,,,,,,
thomson2023_cohort_t240m_vocact,arm_id,cohort,extraction_outcomes,,,,,2,stage-g-merge,,,,,,
thomson2023_cohort_t240m_vocact,derivation_component_result_ids,,extraction_outcomes,,,,,2,stage-g-merge,,,,,,
thomson2023_cohort_t240m_vocact,employment_selection_status,none,extraction_cohorts,,,,,1,stage-g-merge,,,,,,
thomson2023_cohort_t240m_vocact,diagnosis_group,smi_mixed,extraction_cohorts,,,,,2,stage-g-merge,,,,,,
thomson2023_cohort_t240m_vocact,perc_qualifying_diagnosis,70,extraction_cohorts,,,,,2,stage-g-merge,,,,,,
thomson2023_cohort_t240m_vocact,design,prospective_cohort,extraction_cohorts,,,,,1,stage-g-merge,,,,,,
thomson2023_cohort_t240m_vocact,arm_type,cohort,extraction_arms,,,,,2,stage-g-merge,,,,,,
thomson2023_cohort_t240m_vocact,analysis_selection_status,none,extraction_arms,,,,,2,stage-g-merge,,,,,,
thomson2023_cohort_t240m_vocact,employment_targeted_intervention,not_applicable,extraction_arms,,,,,2,stage-g-merge,,,,,,
darjee2017_sz_t120m_paidcomp,outcome_construct,paid_competitive,extraction_outcomes,,,,,2,stage-g-merge,,,,,,
darjee2017_sz_t120m_paidcomp,ascertainment,point_prevalence,extraction_outcomes,,,,,2,stage-g-merge,,,,,,
darjee2017_sz_t120m_paidcomp,ascertainment_window_months,,extraction_outcomes,,,,,2,stage-g-merge,,,,,,
darjee2017_sz_t120m_paidcomp,n_employed,0,extraction_outcomes,,,,,2,stage-g-merge,,,,,,
darjee2017_sz_t120m_paidcomp,n_outcome_observed,,extraction_outcomes,,,,,2,stage-g-merge,,,,,,
darjee2017_sz_t120m_paidcomp,denominator_basis,unclear,extraction_outcomes,,,,,2,stage-g-merge,,,,,,
darjee2017_sz_t120m_paidcomp,followup_months,120,extraction_outcomes,,,,,2,stage-g-merge,,,,,,
darjee2017_sz_t120m_paidcomp,followup_basis,since_baseline,extraction_outcomes,,,,,2,stage-g-merge,,,,,,
darjee2017_sz_t120m_paidcomp,result_role,reported,extraction_outcomes,,,,,2,stage-g-merge,,,,,,
darjee2017_sz_t120m_paidcomp,conflict_status,none,extraction_outcomes,,,,,2,stage-g-merge,,,,,,
darjee2017_sz_t120m_paidcomp,arm_id,sz,extraction_outcomes,,,,,2,stage-g-merge,,,,,,
darjee2017_sz_t120m_paidcomp,derivation_component_result_ids,,extraction_outcomes,,,,,2,stage-g-merge,,,,,,
darjee2017_sz_t120m_paidcomp,employment_selection_status,none,extraction_cohorts,,,,,1,stage-g-merge,,,,,,
darjee2017_sz_t120m_paidcomp,diagnosis_group,smi_mixed,extraction_cohorts,,,,,2,stage-g-merge,,,,,,
darjee2017_sz_t120m_paidcomp,perc_qualifying_diagnosis,70,extraction_cohorts,,,,,2,stage-g-merge,,,,,,
darjee2017_sz_t120m_paidcomp,design,prospective_cohort,extraction_cohorts,,,,,1,stage-g-merge,,,,,,
darjee2017_sz_t120m_paidcomp,arm_type,subgroup,extraction_arms,,,,,2,stage-g-merge,,,,,,
darjee2017_sz_t120m_paidcomp,analysis_selection_status,none,extraction_arms,,,,,2,stage-g-merge,,,,,,
darjee2017_sz_t120m_paidcomp,employment_targeted_intervention,,extraction_arms,,,,,2,stage-g-merge,,,,,,
darjee2017_sz_t120m_paidsupp,outcome_construct,unclear,extraction_outcomes,,,,,2,stage-g-merge,,,,,,
darjee2017_sz_t120m_paidsupp,ascertainment,point_prevalence,extraction_outcomes,,,,,2,stage-g-merge,,,,,,
darjee2017_sz_t120m_paidsupp,ascertainment_window_months,,extraction_outcomes,,,,,2,stage-g-merge,,,,,,
darjee2017_sz_t120m_paidsupp,n_employed,1,extraction_outcomes,,,,,2,stage-g-merge,,,,,,
darjee2017_sz_t120m_paidsupp,n_outcome_observed,,extraction_outcomes,,,,,2,stage-g-merge,,,,,,
darjee2017_sz_t120m_paidsupp,denominator_basis,unclear,extraction_outcomes,,,,,2,stage-g-merge,,,,,,
darjee2017_sz_t120m_paidsupp,followup_months,120,extraction_outcomes,,,,,2,stage-g-merge,,,,,,
darjee2017_sz_t120m_paidsupp,followup_basis,since_baseline,extraction_outcomes,,,,,2,stage-g-merge,,,,,,
darjee2017_sz_t120m_paidsupp,result_role,reported,extraction_outcomes,,,,,2,stage-g-merge,,,,,,
darjee2017_sz_t120m_paidsupp,conflict_status,none,extraction_outcomes,,,,,2,stage-g-merge,,,,,,
darjee2017_sz_t120m_paidsupp,arm_id,sz,extraction_outcomes,,,,,2,stage-g-merge,,,,,,
darjee2017_sz_t120m_paidsupp,derivation_component_result_ids,,extraction_outcomes,,,,,2,stage-g-merge,,,,,,
darjee2017_sz_t120m_paidsupp,employment_selection_status,none,extraction_cohorts,,,,,1,stage-g-merge,,,,,,
darjee2017_sz_t120m_paidsupp,diagnosis_group,smi_mixed,extraction_cohorts,,,,,2,stage-g-merge,,,,,,
darjee2017_sz_t120m_paidsupp,perc_qualifying_diagnosis,70,extraction_cohorts,,,,,2,stage-g-merge,,,,,,
darjee2017_sz_t120m_paidsupp,design,prospective_cohort,extraction_cohorts,,,,,1,stage-g-merge,,,,,,
darjee2017_sz_t120m_paidsupp,arm_type,subgroup,extraction_arms,,,,,2,stage-g-merge,,,,,,
darjee2017_sz_t120m_paidsupp,analysis_selection_status,none,extraction_arms,,,,,2,stage-g-merge,,,,,,
darjee2017_sz_t120m_paidsupp,employment_targeted_intervention,,extraction_arms,,,,,2,stage-g-merge,,,,,,
darjee2017_sz_t120m_paidcomp_ever,outcome_construct,paid_competitive,extraction_outcomes,,,,,2,stage-g-merge,,,,,,
darjee2017_sz_t120m_paidcomp_ever,ascertainment,any_time_during_followup,extraction_outcomes,,,,,2,stage-g-merge,,,,,,
darjee2017_sz_t120m_paidcomp_ever,ascertainment_window_months,,extraction_outcomes,,,,,2,stage-g-merge,,,,,,
darjee2017_sz_t120m_paidcomp_ever,n_employed,2,extraction_outcomes,,,,,2,stage-g-merge,,,,,,
darjee2017_sz_t120m_paidcomp_ever,n_outcome_observed,,extraction_outcomes,,,,,2,stage-g-merge,,,,,,
darjee2017_sz_t120m_paidcomp_ever,denominator_basis,unclear,extraction_outcomes,,,,,2,stage-g-merge,,,,,,
darjee2017_sz_t120m_paidcomp_ever,followup_months,120,extraction_outcomes,,,,,2,stage-g-merge,,,,,,
darjee2017_sz_t120m_paidcomp_ever,followup_basis,since_baseline,extraction_outcomes,,,,,2,stage-g-merge,,,,,,
darjee2017_sz_t120m_paidcomp_ever,result_role,reported,extraction_outcomes,,,,,2,stage-g-merge,,,,,,
darjee2017_sz_t120m_paidcomp_ever,conflict_status,none,extraction_outcomes,,,,,2,stage-g-merge,,,,,,
darjee2017_sz_t120m_paidcomp_ever,arm_id,sz,extraction_outcomes,,,,,2,stage-g-merge,,,,,,
darjee2017_sz_t120m_paidcomp_ever,derivation_component_result_ids,,extraction_outcomes,,,,,2,stage-g-merge,,,,,,
darjee2017_sz_t120m_paidcomp_ever,employment_selection_status,none,extraction_cohorts,,,,,1,stage-g-merge,,,,,,
darjee2017_sz_t120m_paidcomp_ever,diagnosis_group,smi_mixed,extraction_cohorts,,,,,2,stage-g-merge,,,,,,
darjee2017_sz_t120m_paidcomp_ever,perc_qualifying_diagnosis,70,extraction_cohorts,,,,,2,stage-g-merge,,,,,,
darjee2017_sz_t120m_paidcomp_ever,design,prospective_cohort,extraction_cohorts,,,,,1,stage-g-merge,,,,,,
darjee2017_sz_t120m_paidcomp_ever,arm_type,subgroup,extraction_arms,,,,,2,stage-g-merge,,,,,,
darjee2017_sz_t120m_paidcomp_ever,analysis_selection_status,none,extraction_arms,,,,,2,stage-g-merge,,,,,,
darjee2017_sz_t120m_paidcomp_ever,employment_targeted_intervention,,extraction_arms,,,,,2,stage-g-merge,,,,,,
darjee2017_sz_t120m_paidsupp_ever,outcome_construct,unclear,extraction_outcomes,,,,,2,stage-g-merge,,,,,,
darjee2017_sz_t120m_paidsupp_ever,ascertainment,any_time_during_followup,extraction_outcomes,,,,,2,stage-g-merge,,,,,,
darjee2017_sz_t120m_paidsupp_ever,ascertainment_window_months,,extraction_outcomes,,,,,2,stage-g-merge,,,,,,
darjee2017_sz_t120m_paidsupp_ever,n_employed,10,extraction_outcomes,,,,,2,stage-g-merge,,,,,,
darjee2017_sz_t120m_paidsupp_ever,n_outcome_observed,,extraction_outcomes,,,,,2,stage-g-merge,,,,,,
darjee2017_sz_t120m_paidsupp_ever,denominator_basis,unclear,extraction_outcomes,,,,,2,stage-g-merge,,,,,,
darjee2017_sz_t120m_paidsupp_ever,followup_months,120,extraction_outcomes,,,,,2,stage-g-merge,,,,,,
darjee2017_sz_t120m_paidsupp_ever,followup_basis,since_baseline,extraction_outcomes,,,,,2,stage-g-merge,,,,,,
darjee2017_sz_t120m_paidsupp_ever,result_role,reported,extraction_outcomes,,,,,2,stage-g-merge,,,,,,
darjee2017_sz_t120m_paidsupp_ever,conflict_status,none,extraction_outcomes,,,,,2,stage-g-merge,,,,,,
darjee2017_sz_t120m_paidsupp_ever,arm_id,sz,extraction_outcomes,,,,,2,stage-g-merge,,,,,,
darjee2017_sz_t120m_paidsupp_ever,derivation_component_result_ids,,extraction_outcomes,,,,,2,stage-g-merge,,,,,,
darjee2017_sz_t120m_paidsupp_ever,employment_selection_status,none,extraction_cohorts,,,,,1,stage-g-merge,,,,,,
darjee2017_sz_t120m_paidsupp_ever,diagnosis_group,smi_mixed,extraction_cohorts,,,,,2,stage-g-merge,,,,,,
darjee2017_sz_t120m_paidsupp_ever,perc_qualifying_diagnosis,70,extraction_cohorts,,,,,2,stage-g-merge,,,,,,
darjee2017_sz_t120m_paidsupp_ever,design,prospective_cohort,extraction_cohorts,,,,,1,stage-g-merge,,,,,,
darjee2017_sz_t120m_paidsupp_ever,arm_type,subgroup,extraction_arms,,,,,2,stage-g-merge,,,,,,
darjee2017_sz_t120m_paidsupp_ever,analysis_selection_status,none,extraction_arms,,,,,2,stage-g-merge,,,,,,
darjee2017_sz_t120m_paidsupp_ever,employment_targeted_intervention,,extraction_arms,,,,,2,stage-g-merge,,,,,,
fowler2019_tau_t24m_paidany,outcome_construct,paid_any,extraction_outcomes,,,,,2,stage-g-merge,,,,,,
fowler2019_tau_t24m_paidany,ascertainment,period_prevalence,extraction_outcomes,,,,,2,stage-g-merge,,,,,,
fowler2019_tau_t24m_paidany,ascertainment_window_months,12,extraction_outcomes,,,,,2,stage-g-merge,,,,,,
fowler2019_tau_t24m_paidany,n_employed,6,extraction_outcomes,,,,,2,stage-g-merge,,,,,,
fowler2019_tau_t24m_paidany,n_outcome_observed,37,extraction_outcomes,,,,,2,stage-g-merge,,,,,,
fowler2019_tau_t24m_paidany,denominator_basis,outcome_observed,extraction_outcomes,,,,,2,stage-g-merge,,,,,,
fowler2019_tau_t24m_paidany,followup_months,24,extraction_outcomes,,,,,2,stage-g-merge,,,,,,
fowler2019_tau_t24m_paidany,followup_basis,since_baseline,extraction_outcomes,,,,,2,stage-g-merge,,,,,,
fowler2019_tau_t24m_paidany,result_role,reported,extraction_outcomes,,,,,2,stage-g-merge,,,,,,
fowler2019_tau_t24m_paidany,conflict_status,none,extraction_outcomes,,,,,2,stage-g-merge,,,,,,
fowler2019_tau_t24m_paidany,arm_id,tau,extraction_outcomes,,,,,2,stage-g-merge,,,,,,
fowler2019_tau_t24m_paidany,derivation_component_result_ids,,extraction_outcomes,,,,,2,stage-g-merge,,,,,,
fowler2019_tau_t24m_paidany,employment_selection_status,selected,extraction_cohorts,,,,,1,stage-g-merge,,,,,,
fowler2019_tau_t24m_paidany,diagnosis_group,psychosis_mixed,extraction_cohorts,,,,,2,stage-g-merge,,,,,,
fowler2019_tau_t24m_paidany,perc_qualifying_diagnosis,100,extraction_cohorts,,,,,2,stage-g-merge,,,,,,
fowler2019_tau_t24m_paidany,design,rct,extraction_cohorts,,,,,1,stage-g-merge,,,,,,
fowler2019_tau_t24m_paidany,arm_type,control_tau,extraction_arms,,,,,2,stage-g-merge,,,,,,
fowler2019_tau_t24m_paidany,analysis_selection_status,none,extraction_arms,,,,,2,stage-g-merge,,,,,,
fowler2019_tau_t24m_paidany,employment_targeted_intervention,,extraction_arms,,,,,2,stage-g-merge,,,,,,
fowler2019_srt_t24m_paidany,outcome_construct,paid_any,extraction_outcomes,,,,,2,stage-g-merge,,,,,,
fowler2019_srt_t24m_paidany,ascertainment,period_prevalence,extraction_outcomes,,,,,2,stage-g-merge,,,,,,
fowler2019_srt_t24m_paidany,ascertainment_window_months,12,extraction_outcomes,,,,,2,stage-g-merge,,,,,,
fowler2019_srt_t24m_paidany,n_employed,9,extraction_outcomes,,,,,2,stage-g-merge,,,,,,
fowler2019_srt_t24m_paidany,n_outcome_observed,29,extraction_outcomes,,,,,2,stage-g-merge,,,,,,
fowler2019_srt_t24m_paidany,denominator_basis,outcome_observed,extraction_outcomes,,,,,2,stage-g-merge,,,,,,
fowler2019_srt_t24m_paidany,followup_months,24,extraction_outcomes,,,,,2,stage-g-merge,,,,,,
fowler2019_srt_t24m_paidany,followup_basis,since_baseline,extraction_outcomes,,,,,2,stage-g-merge,,,,,,
fowler2019_srt_t24m_paidany,result_role,reported,extraction_outcomes,,,,,2,stage-g-merge,,,,,,
fowler2019_srt_t24m_paidany,conflict_status,none,extraction_outcomes,,,,,2,stage-g-merge,,,,,,
fowler2019_srt_t24m_paidany,arm_id,srt,extraction_outcomes,,,,,2,stage-g-merge,,,,,,
fowler2019_srt_t24m_paidany,derivation_component_result_ids,,extraction_outcomes,,,,,2,stage-g-merge,,,,,,
fowler2019_srt_t24m_paidany,employment_selection_status,selected,extraction_cohorts,,,,,1,stage-g-merge,,,,,,
fowler2019_srt_t24m_paidany,diagnosis_group,psychosis_mixed,extraction_cohorts,,,,,2,stage-g-merge,,,,,,
fowler2019_srt_t24m_paidany,perc_qualifying_diagnosis,100,extraction_cohorts,,,,,2,stage-g-merge,,,,,,
fowler2019_srt_t24m_paidany,design,rct,extraction_cohorts,,,,,1,stage-g-merge,,,,,,
fowler2019_srt_t24m_paidany,arm_type,intervention,extraction_arms,,,,,2,stage-g-merge,,,,,,
fowler2019_srt_t24m_paidany,analysis_selection_status,none,extraction_arms,,,,,2,stage-g-merge,,,,,,
fowler2019_srt_t24m_paidany,employment_targeted_intervention,,extraction_arms,,,,,2,stage-g-merge,,,,,,
fowler2019_tau_nonaff_t24m_paidany,outcome_construct,paid_any,extraction_outcomes,,,,,2,stage-g-merge,,,,,,
fowler2019_tau_nonaff_t24m_paidany,ascertainment,period_prevalence,extraction_outcomes,,,,,2,stage-g-merge,,,,,,
fowler2019_tau_nonaff_t24m_paidany,ascertainment_window_months,12,extraction_outcomes,,,,,2,stage-g-merge,,,,,,
fowler2019_tau_nonaff_t24m_paidany,n_employed,0,extraction_outcomes,,,,,2,stage-g-merge,,,,,,
fowler2019_tau_nonaff_t24m_paidany,n_outcome_observed,24,extraction_outcomes,,,,,2,stage-g-merge,,,,,,
fowler2019_tau_nonaff_t24m_paidany,denominator_basis,outcome_observed,extraction_outcomes,,,,,2,stage-g-merge,,,,,,
fowler2019_tau_nonaff_t24m_paidany,followup_months,24,extraction_outcomes,,,,,2,stage-g-merge,,,,,,
fowler2019_tau_nonaff_t24m_paidany,followup_basis,since_baseline,extraction_outcomes,,,,,2,stage-g-merge,,,,,,
fowler2019_tau_nonaff_t24m_paidany,result_role,reported,extraction_outcomes,,,,,2,stage-g-merge,,,,,,
fowler2019_tau_nonaff_t24m_paidany,conflict_status,none,extraction_outcomes,,,,,2,stage-g-merge,,,,,,
fowler2019_tau_nonaff_t24m_paidany,arm_id,tau_nonaff,extraction_outcomes,,,,,2,stage-g-merge,,,,,,
fowler2019_tau_nonaff_t24m_paidany,derivation_component_result_ids,,extraction_outcomes,,,,,2,stage-g-merge,,,,,,
fowler2019_tau_nonaff_t24m_paidany,employment_selection_status,selected,extraction_cohorts,,,,,1,stage-g-merge,,,,,,
fowler2019_tau_nonaff_t24m_paidany,diagnosis_group,psychosis_mixed,extraction_cohorts,,,,,2,stage-g-merge,,,,,,
fowler2019_tau_nonaff_t24m_paidany,perc_qualifying_diagnosis,100,extraction_cohorts,,,,,2,stage-g-merge,,,,,,
fowler2019_tau_nonaff_t24m_paidany,design,rct,extraction_cohorts,,,,,1,stage-g-merge,,,,,,
fowler2019_tau_nonaff_t24m_paidany,arm_type,subgroup,extraction_arms,,,,,2,stage-g-merge,,,,,,
fowler2019_tau_nonaff_t24m_paidany,analysis_selection_status,none,extraction_arms,,,,,2,stage-g-merge,,,,,,
fowler2019_tau_nonaff_t24m_paidany,employment_targeted_intervention,,extraction_arms,,,,,2,stage-g-merge,,,,,,
fowler2019_srt_nonaff_t24m_paidany,outcome_construct,paid_any,extraction_outcomes,,,,,2,stage-g-merge,,,,,,
fowler2019_srt_nonaff_t24m_paidany,ascertainment,period_prevalence,extraction_outcomes,,,,,2,stage-g-merge,,,,,,
fowler2019_srt_nonaff_t24m_paidany,ascertainment_window_months,12,extraction_outcomes,,,,,2,stage-g-merge,,,,,,
fowler2019_srt_nonaff_t24m_paidany,n_employed,5,extraction_outcomes,,,,,2,stage-g-merge,,,,,,
fowler2019_srt_nonaff_t24m_paidany,n_outcome_observed,20,extraction_outcomes,,,,,2,stage-g-merge,,,,,,
fowler2019_srt_nonaff_t24m_paidany,denominator_basis,outcome_observed,extraction_outcomes,,,,,2,stage-g-merge,,,,,,
fowler2019_srt_nonaff_t24m_paidany,followup_months,24,extraction_outcomes,,,,,2,stage-g-merge,,,,,,
fowler2019_srt_nonaff_t24m_paidany,followup_basis,since_baseline,extraction_outcomes,,,,,2,stage-g-merge,,,,,,
fowler2019_srt_nonaff_t24m_paidany,result_role,reported,extraction_outcomes,,,,,2,stage-g-merge,,,,,,
fowler2019_srt_nonaff_t24m_paidany,conflict_status,none,extraction_outcomes,,,,,2,stage-g-merge,,,,,,
fowler2019_srt_nonaff_t24m_paidany,arm_id,srt_nonaff,extraction_outcomes,,,,,2,stage-g-merge,,,,,,
fowler2019_srt_nonaff_t24m_paidany,derivation_component_result_ids,,extraction_outcomes,,,,,2,stage-g-merge,,,,,,
fowler2019_srt_nonaff_t24m_paidany,employment_selection_status,selected,extraction_cohorts,,,,,1,stage-g-merge,,,,,,
fowler2019_srt_nonaff_t24m_paidany,diagnosis_group,psychosis_mixed,extraction_cohorts,,,,,2,stage-g-merge,,,,,,
fowler2019_srt_nonaff_t24m_paidany,perc_qualifying_diagnosis,100,extraction_cohorts,,,,,2,stage-g-merge,,,,,,
fowler2019_srt_nonaff_t24m_paidany,design,rct,extraction_cohorts,,,,,1,stage-g-merge,,,,,,
fowler2019_srt_nonaff_t24m_paidany,arm_type,subgroup,extraction_arms,,,,,2,stage-g-merge,,,,,,
fowler2019_srt_nonaff_t24m_paidany,analysis_selection_status,none,extraction_arms,,,,,2,stage-g-merge,,,,,,
fowler2019_srt_nonaff_t24m_paidany,employment_targeted_intervention,,extraction_arms,,,,,2,stage-g-merge,,,,,,
fowler2019_tau_aff_t24m_paidany,outcome_construct,paid_any,extraction_outcomes,,,,,2,stage-g-merge,,,,,,
fowler2019_tau_aff_t24m_paidany,ascertainment,period_prevalence,extraction_outcomes,,,,,2,stage-g-merge,,,,,,
fowler2019_tau_aff_t24m_paidany,ascertainment_window_months,12,extraction_outcomes,,,,,2,stage-g-merge,,,,,,
fowler2019_tau_aff_t24m_paidany,n_employed,6,extraction_outcomes,,,,,2,stage-g-merge,,,,,,
fowler2019_tau_aff_t24m_paidany,n_outcome_observed,13,extraction_outcomes,,,,,2,stage-g-merge,,,,,,
fowler2019_tau_aff_t24m_paidany,denominator_basis,outcome_observed,extraction_outcomes,,,,,2,stage-g-merge,,,,,,
fowler2019_tau_aff_t24m_paidany,followup_months,24,extraction_outcomes,,,,,2,stage-g-merge,,,,,,
fowler2019_tau_aff_t24m_paidany,followup_basis,since_baseline,extraction_outcomes,,,,,2,stage-g-merge,,,,,,
fowler2019_tau_aff_t24m_paidany,result_role,reported,extraction_outcomes,,,,,2,stage-g-merge,,,,,,
fowler2019_tau_aff_t24m_paidany,conflict_status,none,extraction_outcomes,,,,,2,stage-g-merge,,,,,,
fowler2019_tau_aff_t24m_paidany,arm_id,tau_aff,extraction_outcomes,,,,,2,stage-g-merge,,,,,,
fowler2019_tau_aff_t24m_paidany,derivation_component_result_ids,,extraction_outcomes,,,,,2,stage-g-merge,,,,,,
fowler2019_tau_aff_t24m_paidany,employment_selection_status,selected,extraction_cohorts,,,,,1,stage-g-merge,,,,,,
fowler2019_tau_aff_t24m_paidany,diagnosis_group,psychosis_mixed,extraction_cohorts,,,,,2,stage-g-merge,,,,,,
fowler2019_tau_aff_t24m_paidany,perc_qualifying_diagnosis,100,extraction_cohorts,,,,,2,stage-g-merge,,,,,,
fowler2019_tau_aff_t24m_paidany,design,rct,extraction_cohorts,,,,,1,stage-g-merge,,,,,,
fowler2019_tau_aff_t24m_paidany,arm_type,subgroup,extraction_arms,,,,,2,stage-g-merge,,,,,,
fowler2019_tau_aff_t24m_paidany,analysis_selection_status,none,extraction_arms,,,,,2,stage-g-merge,,,,,,
fowler2019_tau_aff_t24m_paidany,employment_targeted_intervention,,extraction_arms,,,,,2,stage-g-merge,,,,,,
fowler2019_srt_aff_t24m_paidany,outcome_construct,paid_any,extraction_outcomes,,,,,2,stage-g-merge,,,,,,
fowler2019_srt_aff_t24m_paidany,ascertainment,period_prevalence,extraction_outcomes,,,,,2,stage-g-merge,,,,,,
fowler2019_srt_aff_t24m_paidany,ascertainment_window_months,12,extraction_outcomes,,,,,2,stage-g-merge,,,,,,
fowler2019_srt_aff_t24m_paidany,n_employed,4,extraction_outcomes,,,,,2,stage-g-merge,,,,,,
fowler2019_srt_aff_t24m_paidany,n_outcome_observed,9,extraction_outcomes,,,,,2,stage-g-merge,,,,,,
fowler2019_srt_aff_t24m_paidany,denominator_basis,outcome_observed,extraction_outcomes,,,,,2,stage-g-merge,,,,,,
fowler2019_srt_aff_t24m_paidany,followup_months,24,extraction_outcomes,,,,,2,stage-g-merge,,,,,,
fowler2019_srt_aff_t24m_paidany,followup_basis,since_baseline,extraction_outcomes,,,,,2,stage-g-merge,,,,,,
fowler2019_srt_aff_t24m_paidany,result_role,reported,extraction_outcomes,,,,,2,stage-g-merge,,,,,,
fowler2019_srt_aff_t24m_paidany,conflict_status,none,extraction_outcomes,,,,,2,stage-g-merge,,,,,,
fowler2019_srt_aff_t24m_paidany,arm_id,srt_aff,extraction_outcomes,,,,,2,stage-g-merge,,,,,,
fowler2019_srt_aff_t24m_paidany,derivation_component_result_ids,,extraction_outcomes,,,,,2,stage-g-merge,,,,,,
fowler2019_srt_aff_t24m_paidany,employment_selection_status,selected,extraction_cohorts,,,,,1,stage-g-merge,,,,,,
fowler2019_srt_aff_t24m_paidany,diagnosis_group,psychosis_mixed,extraction_cohorts,,,,,2,stage-g-merge,,,,,,
fowler2019_srt_aff_t24m_paidany,perc_qualifying_diagnosis,100,extraction_cohorts,,,,,2,stage-g-merge,,,,,,
fowler2019_srt_aff_t24m_paidany,design,rct,extraction_cohorts,,,,,1,stage-g-merge,,,,,,
fowler2019_srt_aff_t24m_paidany,arm_type,subgroup,extraction_arms,,,,,2,stage-g-merge,,,,,,
fowler2019_srt_aff_t24m_paidany,analysis_selection_status,none,extraction_arms,,,,,2,stage-g-merge,,,,,,
fowler2019_srt_aff_t24m_paidany,employment_targeted_intervention,,extraction_arms,,,,,2,stage-g-merge,,,,,,
christensen2019_ips_t18m_paidcomp,outcome_construct,paid_competitive,extraction_outcomes,,,,,2,stage-g-merge,,,,,,
christensen2019_ips_t18m_paidcomp,ascertainment,any_time_during_followup,extraction_outcomes,,,,,2,stage-g-merge,,,,,,
christensen2019_ips_t18m_paidcomp,ascertainment_window_months,,extraction_outcomes,,,,,2,stage-g-merge,,,,,,
christensen2019_ips_t18m_paidcomp,n_employed,92,extraction_outcomes,,,,,2,stage-g-merge,,,,,,
christensen2019_ips_t18m_paidcomp,n_outcome_observed,243,extraction_outcomes,,,,,2,stage-g-merge,,,,,,
christensen2019_ips_t18m_paidcomp,denominator_basis,entered,extraction_outcomes,,,,,2,stage-g-merge,,,,,,
christensen2019_ips_t18m_paidcomp,followup_months,18,extraction_outcomes,,,,,2,stage-g-merge,,,,,,
christensen2019_ips_t18m_paidcomp,followup_basis,since_baseline,extraction_outcomes,,,,,2,stage-g-merge,,,,,,
christensen2019_ips_t18m_paidcomp,result_role,reported,extraction_outcomes,,,,,2,stage-g-merge,,,,,,
christensen2019_ips_t18m_paidcomp,conflict_status,none,extraction_outcomes,,,,,2,stage-g-merge,,,,,,
christensen2019_ips_t18m_paidcomp,arm_id,ips,extraction_outcomes,,,,,2,stage-g-merge,,,,,,
christensen2019_ips_t18m_paidcomp,derivation_component_result_ids,,extraction_outcomes,,,,,2,stage-g-merge,,,,,,
christensen2019_ips_t18m_paidcomp,employment_selection_status,selected,extraction_cohorts,,,,,1,stage-g-merge,,,,,,
christensen2019_ips_t18m_paidcomp,diagnosis_group,smi_mixed,extraction_cohorts,,,,,2,stage-g-merge,,,,,,
christensen2019_ips_t18m_paidcomp,perc_qualifying_diagnosis,76.5,extraction_cohorts,,,,,2,stage-g-merge,,,,,,
christensen2019_ips_t18m_paidcomp,design,rct,extraction_cohorts,,,,,1,stage-g-merge,,,,,,
christensen2019_ips_t18m_paidcomp,arm_type,intervention,extraction_arms,,,,,2,stage-g-merge,,,,,,
christensen2019_ips_t18m_paidcomp,analysis_selection_status,none,extraction_arms,,,,,2,stage-g-merge,,,,,,
christensen2019_ips_t18m_paidcomp,employment_targeted_intervention,,extraction_arms,,,,,2,stage-g-merge,,,,,,
christensen2019_ipse_t18m_paidcomp,outcome_construct,paid_competitive,extraction_outcomes,,,,,2,stage-g-merge,,,,,,
christensen2019_ipse_t18m_paidcomp,ascertainment,any_time_during_followup,extraction_outcomes,,,,,2,stage-g-merge,,,,,,
christensen2019_ipse_t18m_paidcomp,ascertainment_window_months,,extraction_outcomes,,,,,2,stage-g-merge,,,,,,
christensen2019_ipse_t18m_paidcomp,n_employed,80,extraction_outcomes,,,,,2,stage-g-merge,,,,,,
christensen2019_ipse_t18m_paidcomp,n_outcome_observed,238,extraction_outcomes,,,,,2,stage-g-merge,,,,,,
christensen2019_ipse_t18m_paidcomp,denominator_basis,entered,extraction_outcomes,,,,,2,stage-g-merge,,,,,,
christensen2019_ipse_t18m_paidcomp,followup_months,18,extraction_outcomes,,,,,2,stage-g-merge,,,,,,
christensen2019_ipse_t18m_paidcomp,followup_basis,since_baseline,extraction_outcomes,,,,,2,stage-g-merge,,,,,,
christensen2019_ipse_t18m_paidcomp,result_role,reported,extraction_outcomes,,,,,2,stage-g-merge,,,,,,
christensen2019_ipse_t18m_paidcomp,conflict_status,none,extraction_outcomes,,,,,2,stage-g-merge,,,,,,
christensen2019_ipse_t18m_paidcomp,arm_id,ipse,extraction_outcomes,,,,,2,stage-g-merge,,,,,,
christensen2019_ipse_t18m_paidcomp,derivation_component_result_ids,,extraction_outcomes,,,,,2,stage-g-merge,,,,,,
christensen2019_ipse_t18m_paidcomp,employment_selection_status,selected,extraction_cohorts,,,,,1,stage-g-merge,,,,,,
christensen2019_ipse_t18m_paidcomp,diagnosis_group,smi_mixed,extraction_cohorts,,,,,2,stage-g-merge,,,,,,
christensen2019_ipse_t18m_paidcomp,perc_qualifying_diagnosis,76.5,extraction_cohorts,,,,,2,stage-g-merge,,,,,,
christensen2019_ipse_t18m_paidcomp,design,rct,extraction_cohorts,,,,,1,stage-g-merge,,,,,,
christensen2019_ipse_t18m_paidcomp,arm_type,intervention,extraction_arms,,,,,2,stage-g-merge,,,,,,
christensen2019_ipse_t18m_paidcomp,analysis_selection_status,none,extraction_arms,,,,,2,stage-g-merge,,,,,,
christensen2019_ipse_t18m_paidcomp,employment_targeted_intervention,,extraction_arms,,,,,2,stage-g-merge,,,,,,
christensen2019_sau_t18m_paidcomp,outcome_construct,paid_competitive,extraction_outcomes,,,,,2,stage-g-merge,,,,,,
christensen2019_sau_t18m_paidcomp,ascertainment,any_time_during_followup,extraction_outcomes,,,,,2,stage-g-merge,,,,,,
christensen2019_sau_t18m_paidcomp,ascertainment_window_months,,extraction_outcomes,,,,,2,stage-g-merge,,,,,,
christensen2019_sau_t18m_paidcomp,n_employed,66,extraction_outcomes,,,,,2,stage-g-merge,,,,,,
christensen2019_sau_t18m_paidcomp,n_outcome_observed,239,extraction_outcomes,,,,,2,stage-g-merge,,,,,,
christensen2019_sau_t18m_paidcomp,denominator_basis,entered,extraction_outcomes,,,,,2,stage-g-merge,,,,,,
christensen2019_sau_t18m_paidcomp,followup_months,18,extraction_outcomes,,,,,2,stage-g-merge,,,,,,
christensen2019_sau_t18m_paidcomp,followup_basis,since_baseline,extraction_outcomes,,,,,2,stage-g-merge,,,,,,
christensen2019_sau_t18m_paidcomp,result_role,reported,extraction_outcomes,,,,,2,stage-g-merge,,,,,,
christensen2019_sau_t18m_paidcomp,conflict_status,none,extraction_outcomes,,,,,2,stage-g-merge,,,,,,
christensen2019_sau_t18m_paidcomp,arm_id,sau,extraction_outcomes,,,,,2,stage-g-merge,,,,,,
christensen2019_sau_t18m_paidcomp,derivation_component_result_ids,,extraction_outcomes,,,,,2,stage-g-merge,,,,,,
christensen2019_sau_t18m_paidcomp,employment_selection_status,selected,extraction_cohorts,,,,,1,stage-g-merge,,,,,,
christensen2019_sau_t18m_paidcomp,diagnosis_group,smi_mixed,extraction_cohorts,,,,,2,stage-g-merge,,,,,,
christensen2019_sau_t18m_paidcomp,perc_qualifying_diagnosis,76.5,extraction_cohorts,,,,,2,stage-g-merge,,,,,,
christensen2019_sau_t18m_paidcomp,design,rct,extraction_cohorts,,,,,1,stage-g-merge,,,,,,
christensen2019_sau_t18m_paidcomp,arm_type,control_active,extraction_arms,,,,,2,stage-g-merge,,,,,,
christensen2019_sau_t18m_paidcomp,analysis_selection_status,none,extraction_arms,,,,,2,stage-g-merge,,,,,,
christensen2019_sau_t18m_paidcomp,employment_targeted_intervention,,extraction_arms,,,,,2,stage-g-merge,,,,,,
christensen2019_ips_t18m_paidoredu,outcome_construct,paid_or_education,extraction_outcomes,,,,,2,stage-g-merge,,,,,,
christensen2019_ips_t18m_paidoredu,ascertainment,any_time_during_followup,extraction_outcomes,,,,,2,stage-g-merge,,,,,,
christensen2019_ips_t18m_paidoredu,ascertainment_window_months,,extraction_outcomes,,,,,2,stage-g-merge,,,,,,
christensen2019_ips_t18m_paidoredu,n_employed,112,extraction_outcomes,,,,,2,stage-g-merge,,,,,,
christensen2019_ips_t18m_paidoredu,n_outcome_observed,,extraction_outcomes,,,,,2,stage-g-merge,,,,,,
christensen2019_ips_t18m_paidoredu,denominator_basis,unclear,extraction_outcomes,,,,,2,stage-g-merge,,,,,,
christensen2019_ips_t18m_paidoredu,followup_months,18,extraction_outcomes,,,,,2,stage-g-merge,,,,,,
christensen2019_ips_t18m_paidoredu,followup_basis,since_baseline,extraction_outcomes,,,,,2,stage-g-merge,,,,,,
christensen2019_ips_t18m_paidoredu,result_role,reported,extraction_outcomes,,,,,2,stage-g-merge,,,,,,
christensen2019_ips_t18m_paidoredu,conflict_status,none,extraction_outcomes,,,,,2,stage-g-merge,,,,,,
christensen2019_ips_t18m_paidoredu,arm_id,ips,extraction_outcomes,,,,,2,stage-g-merge,,,,,,
christensen2019_ips_t18m_paidoredu,derivation_component_result_ids,,extraction_outcomes,,,,,2,stage-g-merge,,,,,,
christensen2019_ips_t18m_paidoredu,employment_selection_status,selected,extraction_cohorts,,,,,1,stage-g-merge,,,,,,
christensen2019_ips_t18m_paidoredu,diagnosis_group,smi_mixed,extraction_cohorts,,,,,2,stage-g-merge,,,,,,
christensen2019_ips_t18m_paidoredu,perc_qualifying_diagnosis,76.5,extraction_cohorts,,,,,2,stage-g-merge,,,,,,
christensen2019_ips_t18m_paidoredu,design,rct,extraction_cohorts,,,,,1,stage-g-merge,,,,,,
christensen2019_ips_t18m_paidoredu,arm_type,intervention,extraction_arms,,,,,2,stage-g-merge,,,,,,
christensen2019_ips_t18m_paidoredu,analysis_selection_status,none,extraction_arms,,,,,2,stage-g-merge,,,,,,
christensen2019_ips_t18m_paidoredu,employment_targeted_intervention,,extraction_arms,,,,,2,stage-g-merge,,,,,,
christensen2019_ipse_t18m_paidoredu,outcome_construct,paid_or_education,extraction_outcomes,,,,,2,stage-g-merge,,,,,,
christensen2019_ipse_t18m_paidoredu,ascertainment,any_time_during_followup,extraction_outcomes,,,,,2,stage-g-merge,,,,,,
christensen2019_ipse_t18m_paidoredu,ascertainment_window_months,,extraction_outcomes,,,,,2,stage-g-merge,,,,,,
christensen2019_ipse_t18m_paidoredu,n_employed,101,extraction_outcomes,,,,,2,stage-g-merge,,,,,,
christensen2019_ipse_t18m_paidoredu,n_outcome_observed,,extraction_outcomes,,,,,2,stage-g-merge,,,,,,
christensen2019_ipse_t18m_paidoredu,denominator_basis,unclear,extraction_outcomes,,,,,2,stage-g-merge,,,,,,
christensen2019_ipse_t18m_paidoredu,followup_months,18,extraction_outcomes,,,,,2,stage-g-merge,,,,,,
christensen2019_ipse_t18m_paidoredu,followup_basis,since_baseline,extraction_outcomes,,,,,2,stage-g-merge,,,,,,
christensen2019_ipse_t18m_paidoredu,result_role,reported,extraction_outcomes,,,,,2,stage-g-merge,,,,,,
christensen2019_ipse_t18m_paidoredu,conflict_status,none,extraction_outcomes,,,,,2,stage-g-merge,,,,,,
christensen2019_ipse_t18m_paidoredu,arm_id,ipse,extraction_outcomes,,,,,2,stage-g-merge,,,,,,
christensen2019_ipse_t18m_paidoredu,derivation_component_result_ids,,extraction_outcomes,,,,,2,stage-g-merge,,,,,,
christensen2019_ipse_t18m_paidoredu,employment_selection_status,selected,extraction_cohorts,,,,,1,stage-g-merge,,,,,,
christensen2019_ipse_t18m_paidoredu,diagnosis_group,smi_mixed,extraction_cohorts,,,,,2,stage-g-merge,,,,,,
christensen2019_ipse_t18m_paidoredu,perc_qualifying_diagnosis,76.5,extraction_cohorts,,,,,2,stage-g-merge,,,,,,
christensen2019_ipse_t18m_paidoredu,design,rct,extraction_cohorts,,,,,1,stage-g-merge,,,,,,
christensen2019_ipse_t18m_paidoredu,arm_type,intervention,extraction_arms,,,,,2,stage-g-merge,,,,,,
christensen2019_ipse_t18m_paidoredu,analysis_selection_status,none,extraction_arms,,,,,2,stage-g-merge,,,,,,
christensen2019_ipse_t18m_paidoredu,employment_targeted_intervention,,extraction_arms,,,,,2,stage-g-merge,,,,,,
christensen2019_sau_t18m_paidoredu,outcome_construct,paid_or_education,extraction_outcomes,,,,,2,stage-g-merge,,,,,,
christensen2019_sau_t18m_paidoredu,ascertainment,any_time_during_followup,extraction_outcomes,,,,,2,stage-g-merge,,,,,,
christensen2019_sau_t18m_paidoredu,ascertainment_window_months,,extraction_outcomes,,,,,2,stage-g-merge,,,,,,
christensen2019_sau_t18m_paidoredu,n_employed,79,extraction_outcomes,,,,,2,stage-g-merge,,,,,,
christensen2019_sau_t18m_paidoredu,n_outcome_observed,,extraction_outcomes,,,,,2,stage-g-merge,,,,,,
christensen2019_sau_t18m_paidoredu,denominator_basis,unclear,extraction_outcomes,,,,,2,stage-g-merge,,,,,,
christensen2019_sau_t18m_paidoredu,followup_months,18,extraction_outcomes,,,,,2,stage-g-merge,,,,,,
christensen2019_sau_t18m_paidoredu,followup_basis,since_baseline,extraction_outcomes,,,,,2,stage-g-merge,,,,,,
christensen2019_sau_t18m_paidoredu,result_role,reported,extraction_outcomes,,,,,2,stage-g-merge,,,,,,
christensen2019_sau_t18m_paidoredu,conflict_status,none,extraction_outcomes,,,,,2,stage-g-merge,,,,,,
christensen2019_sau_t18m_paidoredu,arm_id,sau,extraction_outcomes,,,,,2,stage-g-merge,,,,,,
christensen2019_sau_t18m_paidoredu,derivation_component_result_ids,,extraction_outcomes,,,,,2,stage-g-merge,,,,,,
christensen2019_sau_t18m_paidoredu,employment_selection_status,selected,extraction_cohorts,,,,,1,stage-g-merge,,,,,,
christensen2019_sau_t18m_paidoredu,diagnosis_group,smi_mixed,extraction_cohorts,,,,,2,stage-g-merge,,,,,,
christensen2019_sau_t18m_paidoredu,perc_qualifying_diagnosis,76.5,extraction_cohorts,,,,,2,stage-g-merge,,,,,,
christensen2019_sau_t18m_paidoredu,design,rct,extraction_cohorts,,,,,1,stage-g-merge,,,,,,
christensen2019_sau_t18m_paidoredu,arm_type,control_active,extraction_arms,,,,,2,stage-g-merge,,,,,,
christensen2019_sau_t18m_paidoredu,analysis_selection_status,none,extraction_arms,,,,,2,stage-g-merge,,,,,,
christensen2019_sau_t18m_paidoredu,employment_targeted_intervention,,extraction_arms,,,,,2,stage-g-merge,,,,,,
cunningham2025_cohort_t60m_paidany,outcome_construct,paid_any,extraction_outcomes,,,,,2,stage-g-merge,,,,,,
cunningham2025_cohort_t60m_paidany,ascertainment,period_prevalence,extraction_outcomes,,,,,2,stage-g-merge,,,,,,
cunningham2025_cohort_t60m_paidany,ascertainment_window_months,12,extraction_outcomes,,,,,2,stage-g-merge,,,,,,
cunningham2025_cohort_t60m_paidany,n_employed,744,extraction_outcomes,,,,,2,stage-g-merge,,,,,,
cunningham2025_cohort_t60m_paidany,n_outcome_observed,2193,extraction_outcomes,,,,,2,stage-g-merge,,,,,,
cunningham2025_cohort_t60m_paidany,denominator_basis,outcome_observed,extraction_outcomes,,,,,2,stage-g-merge,,,,,,
cunningham2025_cohort_t60m_paidany,followup_months,60,extraction_outcomes,,,,,2,stage-g-merge,,,,,,
cunningham2025_cohort_t60m_paidany,followup_basis,since_baseline,extraction_outcomes,,,,,2,stage-g-merge,,,,,,
cunningham2025_cohort_t60m_paidany,result_role,reported,extraction_outcomes,,,,,2,stage-g-merge,,,,,,
cunningham2025_cohort_t60m_paidany,conflict_status,none,extraction_outcomes,,,,,2,stage-g-merge,,,,,,
cunningham2025_cohort_t60m_paidany,arm_id,cohort,extraction_outcomes,,,,,2,stage-g-merge,,,,,,
cunningham2025_cohort_t60m_paidany,derivation_component_result_ids,,extraction_outcomes,,,,,2,stage-g-merge,,,,,,
cunningham2025_cohort_t60m_paidany,employment_selection_status,none,extraction_cohorts,,,,,1,stage-g-merge,,,,,,
cunningham2025_cohort_t60m_paidany,diagnosis_group,fep,extraction_cohorts,,,,,2,stage-g-merge,,,,,,
cunningham2025_cohort_t60m_paidany,perc_qualifying_diagnosis,100,extraction_cohorts,,,,,2,stage-g-merge,,,,,,
cunningham2025_cohort_t60m_paidany,design,register_cohort,extraction_cohorts,,,,,1,stage-g-merge,,,,,,
cunningham2025_cohort_t60m_paidany,arm_type,cohort,extraction_arms,,,,,2,stage-g-merge,,,,,,
cunningham2025_cohort_t60m_paidany,analysis_selection_status,none,extraction_arms,,,,,2,stage-g-merge,,,,,,
cunningham2025_cohort_t60m_paidany,employment_targeted_intervention,not_applicable,extraction_arms,,,,,2,stage-g-merge,,,,,,
cunningham2025_maori_t60m_paidany,outcome_construct,paid_any,extraction_outcomes,,,,,2,stage-g-merge,,,,,,
cunningham2025_maori_t60m_paidany,ascertainment,period_prevalence,extraction_outcomes,,,,,2,stage-g-merge,,,,,,
cunningham2025_maori_t60m_paidany,ascertainment_window_months,12,extraction_outcomes,,,,,2,stage-g-merge,,,,,,
cunningham2025_maori_t60m_paidany,n_employed,228,extraction_outcomes,,,,,2,stage-g-merge,,,,,,
cunningham2025_maori_t60m_paidany,n_outcome_observed,918,extraction_outcomes,,,,,2,stage-g-merge,,,,,,
cunningham2025_maori_t60m_paidany,denominator_basis,outcome_observed,extraction_outcomes,,,,,2,stage-g-merge,,,,,,
cunningham2025_maori_t60m_paidany,followup_months,60,extraction_outcomes,,,,,2,stage-g-merge,,,,,,
cunningham2025_maori_t60m_paidany,followup_basis,since_baseline,extraction_outcomes,,,,,2,stage-g-merge,,,,,,
cunningham2025_maori_t60m_paidany,result_role,reported,extraction_outcomes,,,,,2,stage-g-merge,,,,,,
cunningham2025_maori_t60m_paidany,conflict_status,none,extraction_outcomes,,,,,2,stage-g-merge,,,,,,
cunningham2025_maori_t60m_paidany,arm_id,maori,extraction_outcomes,,,,,2,stage-g-merge,,,,,,
cunningham2025_maori_t60m_paidany,derivation_component_result_ids,,extraction_outcomes,,,,,2,stage-g-merge,,,,,,
cunningham2025_maori_t60m_paidany,employment_selection_status,none,extraction_cohorts,,,,,1,stage-g-merge,,,,,,
cunningham2025_maori_t60m_paidany,diagnosis_group,fep,extraction_cohorts,,,,,2,stage-g-merge,,,,,,
cunningham2025_maori_t60m_paidany,perc_qualifying_diagnosis,100,extraction_cohorts,,,,,2,stage-g-merge,,,,,,
cunningham2025_maori_t60m_paidany,design,register_cohort,extraction_cohorts,,,,,1,stage-g-merge,,,,,,
cunningham2025_maori_t60m_paidany,arm_type,subgroup,extraction_arms,,,,,2,stage-g-merge,,,,,,
cunningham2025_maori_t60m_paidany,analysis_selection_status,none,extraction_arms,,,,,2,stage-g-merge,,,,,,
cunningham2025_maori_t60m_paidany,employment_targeted_intervention,,extraction_arms,,,,,2,stage-g-merge,,,,,,
cunningham2025_nonmaori_t60m_paidany,outcome_construct,paid_any,extraction_outcomes,,,,,2,stage-g-merge,,,,,,
cunningham2025_nonmaori_t60m_paidany,ascertainment,period_prevalence,extraction_outcomes,,,,,2,stage-g-merge,,,,,,
cunningham2025_nonmaori_t60m_paidany,ascertainment_window_months,12,extraction_outcomes,,,,,2,stage-g-merge,,,,,,
cunningham2025_nonmaori_t60m_paidany,n_employed,516,extraction_outcomes,,,,,2,stage-g-merge,,,,,,
cunningham2025_nonmaori_t60m_paidany,n_outcome_observed,1275,extraction_outcomes,,,,,2,stage-g-merge,,,,,,
cunningham2025_nonmaori_t60m_paidany,denominator_basis,outcome_observed,extraction_outcomes,,,,,2,stage-g-merge,,,,,,
cunningham2025_nonmaori_t60m_paidany,followup_months,60,extraction_outcomes,,,,,2,stage-g-merge,,,,,,
cunningham2025_nonmaori_t60m_paidany,followup_basis,since_baseline,extraction_outcomes,,,,,2,stage-g-merge,,,,,,
cunningham2025_nonmaori_t60m_paidany,result_role,reported,extraction_outcomes,,,,,2,stage-g-merge,,,,,,
cunningham2025_nonmaori_t60m_paidany,conflict_status,none,extraction_outcomes,,,,,2,stage-g-merge,,,,,,
cunningham2025_nonmaori_t60m_paidany,arm_id,non_maori,extraction_outcomes,,,,,2,stage-g-merge,,,,,,
cunningham2025_nonmaori_t60m_paidany,derivation_component_result_ids,,extraction_outcomes,,,,,2,stage-g-merge,,,,,,
cunningham2025_nonmaori_t60m_paidany,employment_selection_status,none,extraction_cohorts,,,,,1,stage-g-merge,,,,,,
cunningham2025_nonmaori_t60m_paidany,diagnosis_group,fep,extraction_cohorts,,,,,2,stage-g-merge,,,,,,
cunningham2025_nonmaori_t60m_paidany,perc_qualifying_diagnosis,100,extraction_cohorts,,,,,2,stage-g-merge,,,,,,
cunningham2025_nonmaori_t60m_paidany,design,register_cohort,extraction_cohorts,,,,,1,stage-g-merge,,,,,,
cunningham2025_nonmaori_t60m_paidany,arm_type,subgroup,extraction_arms,,,,,2,stage-g-merge,,,,,,
cunningham2025_nonmaori_t60m_paidany,analysis_selection_status,none,extraction_arms,,,,,2,stage-g-merge,,,,,,
cunningham2025_nonmaori_t60m_paidany,employment_targeted_intervention,,extraction_arms,,,,,2,stage-g-merge,,,,,,
cunningham2025_cohort_t60m_paidoredu,outcome_construct,paid_or_education_or_training,extraction_outcomes,,,,,2,stage-g-merge,,,,,,
cunningham2025_cohort_t60m_paidoredu,ascertainment,period_prevalence,extraction_outcomes,,,,,2,stage-g-merge,,,,,,
cunningham2025_cohort_t60m_paidoredu,ascertainment_window_months,12,extraction_outcomes,,,,,2,stage-g-merge,,,,,,
cunningham2025_cohort_t60m_paidoredu,n_employed,1323,extraction_outcomes,,,,,2,stage-g-merge,,,,,,
cunningham2025_cohort_t60m_paidoredu,n_outcome_observed,2193,extraction_outcomes,,,,,2,stage-g-merge,,,,,,
cunningham2025_cohort_t60m_paidoredu,denominator_basis,outcome_observed,extraction_outcomes,,,,,2,stage-g-merge,,,,,,
cunningham2025_cohort_t60m_paidoredu,followup_months,60,extraction_outcomes,,,,,2,stage-g-merge,,,,,,
cunningham2025_cohort_t60m_paidoredu,followup_basis,since_baseline,extraction_outcomes,,,,,2,stage-g-merge,,,,,,
cunningham2025_cohort_t60m_paidoredu,result_role,derived,extraction_outcomes,,,,,2,stage-g-merge,,,,,,
cunningham2025_cohort_t60m_paidoredu,conflict_status,none,extraction_outcomes,,,,,2,stage-g-merge,,,,,,
cunningham2025_cohort_t60m_paidoredu,arm_id,cohort,extraction_outcomes,,,,,2,stage-g-merge,,,,,,
cunningham2025_cohort_t60m_paidoredu,derivation_component_result_ids,,extraction_outcomes,,,,,2,stage-g-merge,,,,,,
cunningham2025_cohort_t60m_paidoredu,employment_selection_status,none,extraction_cohorts,,,,,1,stage-g-merge,,,,,,
cunningham2025_cohort_t60m_paidoredu,diagnosis_group,fep,extraction_cohorts,,,,,2,stage-g-merge,,,,,,
cunningham2025_cohort_t60m_paidoredu,perc_qualifying_diagnosis,100,extraction_cohorts,,,,,2,stage-g-merge,,,,,,
cunningham2025_cohort_t60m_paidoredu,design,register_cohort,extraction_cohorts,,,,,1,stage-g-merge,,,,,,
cunningham2025_cohort_t60m_paidoredu,arm_type,cohort,extraction_arms,,,,,2,stage-g-merge,,,,,,
cunningham2025_cohort_t60m_paidoredu,analysis_selection_status,none,extraction_arms,,,,,2,stage-g-merge,,,,,,
cunningham2025_cohort_t60m_paidoredu,employment_targeted_intervention,not_applicable,extraction_arms,,,,,2,stage-g-merge,,,,,,
cunningham2025_maori_t60m_paidoredu,outcome_construct,paid_or_education_or_training,extraction_outcomes,,,,,2,stage-g-merge,,,,,,
cunningham2025_maori_t60m_paidoredu,ascertainment,period_prevalence,extraction_outcomes,,,,,2,stage-g-merge,,,,,,
cunningham2025_maori_t60m_paidoredu,ascertainment_window_months,12,extraction_outcomes,,,,,2,stage-g-merge,,,,,,
cunningham2025_maori_t60m_paidoredu,n_employed,477,extraction_outcomes,,,,,2,stage-g-merge,,,,,,
cunningham2025_maori_t60m_paidoredu,n_outcome_observed,918,extraction_outcomes,,,,,2,stage-g-merge,,,,,,
cunningham2025_maori_t60m_paidoredu,denominator_basis,outcome_observed,extraction_outcomes,,,,,2,stage-g-merge,,,,,,
cunningham2025_maori_t60m_paidoredu,followup_months,60,extraction_outcomes,,,,,2,stage-g-merge,,,,,,
cunningham2025_maori_t60m_paidoredu,followup_basis,since_baseline,extraction_outcomes,,,,,2,stage-g-merge,,,,,,
cunningham2025_maori_t60m_paidoredu,result_role,derived,extraction_outcomes,,,,,2,stage-g-merge,,,,,,
cunningham2025_maori_t60m_paidoredu,conflict_status,none,extraction_outcomes,,,,,2,stage-g-merge,,,,,,
cunningham2025_maori_t60m_paidoredu,arm_id,maori,extraction_outcomes,,,,,2,stage-g-merge,,,,,,
cunningham2025_maori_t60m_paidoredu,derivation_component_result_ids,,extraction_outcomes,,,,,2,stage-g-merge,,,,,,
cunningham2025_maori_t60m_paidoredu,employment_selection_status,none,extraction_cohorts,,,,,1,stage-g-merge,,,,,,
cunningham2025_maori_t60m_paidoredu,diagnosis_group,fep,extraction_cohorts,,,,,2,stage-g-merge,,,,,,
cunningham2025_maori_t60m_paidoredu,perc_qualifying_diagnosis,100,extraction_cohorts,,,,,2,stage-g-merge,,,,,,
cunningham2025_maori_t60m_paidoredu,design,register_cohort,extraction_cohorts,,,,,1,stage-g-merge,,,,,,
cunningham2025_maori_t60m_paidoredu,arm_type,subgroup,extraction_arms,,,,,2,stage-g-merge,,,,,,
cunningham2025_maori_t60m_paidoredu,analysis_selection_status,none,extraction_arms,,,,,2,stage-g-merge,,,,,,
cunningham2025_maori_t60m_paidoredu,employment_targeted_intervention,,extraction_arms,,,,,2,stage-g-merge,,,,,,
cunningham2025_nonmaori_t60m_paidoredu,outcome_construct,paid_or_education_or_training,extraction_outcomes,,,,,2,stage-g-merge,,,,,,
cunningham2025_nonmaori_t60m_paidoredu,ascertainment,period_prevalence,extraction_outcomes,,,,,2,stage-g-merge,,,,,,
cunningham2025_nonmaori_t60m_paidoredu,ascertainment_window_months,12,extraction_outcomes,,,,,2,stage-g-merge,,,,,,
cunningham2025_nonmaori_t60m_paidoredu,n_employed,846,extraction_outcomes,,,,,2,stage-g-merge,,,,,,
cunningham2025_nonmaori_t60m_paidoredu,n_outcome_observed,1275,extraction_outcomes,,,,,2,stage-g-merge,,,,,,
cunningham2025_nonmaori_t60m_paidoredu,denominator_basis,outcome_observed,extraction_outcomes,,,,,2,stage-g-merge,,,,,,
cunningham2025_nonmaori_t60m_paidoredu,followup_months,60,extraction_outcomes,,,,,2,stage-g-merge,,,,,,
cunningham2025_nonmaori_t60m_paidoredu,followup_basis,since_baseline,extraction_outcomes,,,,,2,stage-g-merge,,,,,,
cunningham2025_nonmaori_t60m_paidoredu,result_role,derived,extraction_outcomes,,,,,2,stage-g-merge,,,,,,
cunningham2025_nonmaori_t60m_paidoredu,conflict_status,none,extraction_outcomes,,,,,2,stage-g-merge,,,,,,
cunningham2025_nonmaori_t60m_paidoredu,arm_id,non_maori,extraction_outcomes,,,,,2,stage-g-merge,,,,,,
cunningham2025_nonmaori_t60m_paidoredu,derivation_component_result_ids,,extraction_outcomes,,,,,2,stage-g-merge,,,,,,
cunningham2025_nonmaori_t60m_paidoredu,employment_selection_status,none,extraction_cohorts,,,,,1,stage-g-merge,,,,,,
cunningham2025_nonmaori_t60m_paidoredu,diagnosis_group,fep,extraction_cohorts,,,,,2,stage-g-merge,,,,,,
cunningham2025_nonmaori_t60m_paidoredu,perc_qualifying_diagnosis,100,extraction_cohorts,,,,,2,stage-g-merge,,,,,,
cunningham2025_nonmaori_t60m_paidoredu,design,register_cohort,extraction_cohorts,,,,,1,stage-g-merge,,,,,,
cunningham2025_nonmaori_t60m_paidoredu,arm_type,subgroup,extraction_arms,,,,,2,stage-g-merge,,,,,,
cunningham2025_nonmaori_t60m_paidoredu,analysis_selection_status,none,extraction_arms,,,,,2,stage-g-merge,,,,,,
cunningham2025_nonmaori_t60m_paidoredu,employment_targeted_intervention,,extraction_arms,,,,,2,stage-g-merge,,,,,,
twumasi2026_cohort_t0m_paidany,outcome_construct,paid_any,extraction_outcomes,,,,,2,stage-g-merge,,,,,,
twumasi2026_cohort_t0m_paidany,ascertainment,point_prevalence,extraction_outcomes,,,,,2,stage-g-merge,,,,,,
twumasi2026_cohort_t0m_paidany,ascertainment_window_months,,extraction_outcomes,,,,,2,stage-g-merge,,,,,,
twumasi2026_cohort_t0m_paidany,n_employed,21930,extraction_outcomes,,,,,2,stage-g-merge,,,,,,
twumasi2026_cohort_t0m_paidany,n_outcome_observed,65630,extraction_outcomes,,,,,2,stage-g-merge,,,,,,
twumasi2026_cohort_t0m_paidany,denominator_basis,entered,extraction_outcomes,,,,,2,stage-g-merge,,,,,,
twumasi2026_cohort_t0m_paidany,followup_months,0,extraction_outcomes,,,,,2,stage-g-merge,,,,,,
twumasi2026_cohort_t0m_paidany,followup_basis,since_baseline,extraction_outcomes,,,,,2,stage-g-merge,,,,,,
twumasi2026_cohort_t0m_paidany,result_role,reported,extraction_outcomes,,,,,2,stage-g-merge,,,,,,
twumasi2026_cohort_t0m_paidany,conflict_status,none,extraction_outcomes,,,,,2,stage-g-merge,,,,,,
twumasi2026_cohort_t0m_paidany,arm_id,cohort,extraction_outcomes,,,,,2,stage-g-merge,,,,,,
twumasi2026_cohort_t0m_paidany,derivation_component_result_ids,,extraction_outcomes,,,,,2,stage-g-merge,,,,,,
twumasi2026_cohort_t0m_paidany,employment_selection_status,none,extraction_cohorts,,,,,1,stage-g-merge,,,,,,
twumasi2026_cohort_t0m_paidany,diagnosis_group,psychosis_mixed,extraction_cohorts,,,,,2,stage-g-merge,,,,,,
twumasi2026_cohort_t0m_paidany,perc_qualifying_diagnosis,100,extraction_cohorts,,,,,2,stage-g-merge,,,,,,
twumasi2026_cohort_t0m_paidany,design,register_cohort,extraction_cohorts,,,,,1,stage-g-merge,,,,,,
twumasi2026_cohort_t0m_paidany,arm_type,cohort,extraction_arms,,,,,2,stage-g-merge,,,,,,
twumasi2026_cohort_t0m_paidany,analysis_selection_status,none,extraction_arms,,,,,2,stage-g-merge,,,,,,
twumasi2026_cohort_t0m_paidany,employment_targeted_intervention,not_applicable,extraction_arms,,,,,2,stage-g-merge,,,,,,
twumasi2026_cohort_t0m_edu,outcome_construct,education_or_training,extraction_outcomes,,,,,2,stage-g-merge,,,,,,
twumasi2026_cohort_t0m_edu,ascertainment,point_prevalence,extraction_outcomes,,,,,2,stage-g-merge,,,,,,
twumasi2026_cohort_t0m_edu,ascertainment_window_months,,extraction_outcomes,,,,,2,stage-g-merge,,,,,,
twumasi2026_cohort_t0m_edu,n_employed,4230,extraction_outcomes,,,,,2,stage-g-merge,,,,,,
twumasi2026_cohort_t0m_edu,n_outcome_observed,65630,extraction_outcomes,,,,,2,stage-g-merge,,,,,,
twumasi2026_cohort_t0m_edu,denominator_basis,entered,extraction_outcomes,,,,,2,stage-g-merge,,,,,,
twumasi2026_cohort_t0m_edu,followup_months,0,extraction_outcomes,,,,,2,stage-g-merge,,,,,,
twumasi2026_cohort_t0m_edu,followup_basis,since_baseline,extraction_outcomes,,,,,2,stage-g-merge,,,,,,
twumasi2026_cohort_t0m_edu,result_role,reported,extraction_outcomes,,,,,2,stage-g-merge,,,,,,
twumasi2026_cohort_t0m_edu,conflict_status,none,extraction_outcomes,,,,,2,stage-g-merge,,,,,,
twumasi2026_cohort_t0m_edu,arm_id,cohort,extraction_outcomes,,,,,2,stage-g-merge,,,,,,
twumasi2026_cohort_t0m_edu,derivation_component_result_ids,,extraction_outcomes,,,,,2,stage-g-merge,,,,,,
twumasi2026_cohort_t0m_edu,employment_selection_status,none,extraction_cohorts,,,,,1,stage-g-merge,,,,,,
twumasi2026_cohort_t0m_edu,diagnosis_group,psychosis_mixed,extraction_cohorts,,,,,2,stage-g-merge,,,,,,
twumasi2026_cohort_t0m_edu,perc_qualifying_diagnosis,100,extraction_cohorts,,,,,2,stage-g-merge,,,,,,
twumasi2026_cohort_t0m_edu,design,register_cohort,extraction_cohorts,,,,,1,stage-g-merge,,,,,,
twumasi2026_cohort_t0m_edu,arm_type,cohort,extraction_arms,,,,,2,stage-g-merge,,,,,,
twumasi2026_cohort_t0m_edu,analysis_selection_status,none,extraction_arms,,,,,2,stage-g-merge,,,,,,
twumasi2026_cohort_t0m_edu,employment_targeted_intervention,not_applicable,extraction_arms,,,,,2,stage-g-merge,,,,,,
twumasi2026_cohort_t120m_paidoredu,outcome_construct,paid_or_education_or_training,extraction_outcomes,,,,,2,stage-g-merge,,,,,,
twumasi2026_cohort_t120m_paidoredu,ascertainment,any_time_during_followup,extraction_outcomes,,,,,2,stage-g-merge,,,,,,
twumasi2026_cohort_t120m_paidoredu,ascertainment_window_months,,extraction_outcomes,,,,,2,stage-g-merge,,,,,,
twumasi2026_cohort_t120m_paidoredu,n_employed,38160,extraction_outcomes,,,,,2,stage-g-merge,,,,,,
twumasi2026_cohort_t120m_paidoredu,n_outcome_observed,,extraction_outcomes,,,,,2,stage-g-merge,,,,,,
twumasi2026_cohort_t120m_paidoredu,denominator_basis,unclear,extraction_outcomes,,,,,2,stage-g-merge,,,,,,
twumasi2026_cohort_t120m_paidoredu,followup_months,120,extraction_outcomes,,,,,2,stage-g-merge,,,,,,
twumasi2026_cohort_t120m_paidoredu,followup_basis,since_baseline,extraction_outcomes,,,,,2,stage-g-merge,,,,,,
twumasi2026_cohort_t120m_paidoredu,result_role,reported,extraction_outcomes,,,,,2,stage-g-merge,,,,,,
twumasi2026_cohort_t120m_paidoredu,conflict_status,none,extraction_outcomes,,,,,2,stage-g-merge,,,,,,
twumasi2026_cohort_t120m_paidoredu,arm_id,cohort,extraction_outcomes,,,,,2,stage-g-merge,,,,,,
twumasi2026_cohort_t120m_paidoredu,derivation_component_result_ids,,extraction_outcomes,,,,,2,stage-g-merge,,,,,,
twumasi2026_cohort_t120m_paidoredu,employment_selection_status,none,extraction_cohorts,,,,,1,stage-g-merge,,,,,,
twumasi2026_cohort_t120m_paidoredu,diagnosis_group,psychosis_mixed,extraction_cohorts,,,,,2,stage-g-merge,,,,,,
twumasi2026_cohort_t120m_paidoredu,perc_qualifying_diagnosis,100,extraction_cohorts,,,,,2,stage-g-merge,,,,,,
twumasi2026_cohort_t120m_paidoredu,design,register_cohort,extraction_cohorts,,,,,1,stage-g-merge,,,,,,
twumasi2026_cohort_t120m_paidoredu,arm_type,cohort,extraction_arms,,,,,2,stage-g-merge,,,,,,
twumasi2026_cohort_t120m_paidoredu,analysis_selection_status,none,extraction_arms,,,,,2,stage-g-merge,,,,,,
twumasi2026_cohort_t120m_paidoredu,employment_targeted_intervention,not_applicable,extraction_arms,,,,,2,stage-g-merge,,,,,,
twumasi2026_cohort_t120m_paidoredu_pw,outcome_construct,paid_or_education_or_training,extraction_outcomes,,,,,2,stage-g-merge,,,,,,
twumasi2026_cohort_t120m_paidoredu_pw,ascertainment,period_prevalence,extraction_outcomes,,,,,2,stage-g-merge,,,,,,
twumasi2026_cohort_t120m_paidoredu_pw,ascertainment_window_months,120,extraction_outcomes,,,,,2,stage-g-merge,,,,,,
twumasi2026_cohort_t120m_paidoredu_pw,n_employed,,extraction_outcomes,,,,,2,stage-g-merge,,,,,,
twumasi2026_cohort_t120m_paidoredu_pw,n_outcome_observed,,extraction_outcomes,,,,,2,stage-g-merge,,,,,,
twumasi2026_cohort_t120m_paidoredu_pw,denominator_basis,unclear,extraction_outcomes,,,,,2,stage-g-merge,,,,,,
twumasi2026_cohort_t120m_paidoredu_pw,followup_months,120,extraction_outcomes,,,,,2,stage-g-merge,,,,,,
twumasi2026_cohort_t120m_paidoredu_pw,followup_basis,since_baseline,extraction_outcomes,,,,,2,stage-g-merge,,,,,,
twumasi2026_cohort_t120m_paidoredu_pw,result_role,reported,extraction_outcomes,,,,,2,stage-g-merge,,,,,,
twumasi2026_cohort_t120m_paidoredu_pw,conflict_status,none,extraction_outcomes,,,,,2,stage-g-merge,,,,,,
twumasi2026_cohort_t120m_paidoredu_pw,arm_id,cohort,extraction_outcomes,,,,,2,stage-g-merge,,,,,,
twumasi2026_cohort_t120m_paidoredu_pw,derivation_component_result_ids,,extraction_outcomes,,,,,2,stage-g-merge,,,,,,
twumasi2026_cohort_t120m_paidoredu_pw,employment_selection_status,none,extraction_cohorts,,,,,1,stage-g-merge,,,,,,
twumasi2026_cohort_t120m_paidoredu_pw,diagnosis_group,psychosis_mixed,extraction_cohorts,,,,,2,stage-g-merge,,,,,,
twumasi2026_cohort_t120m_paidoredu_pw,perc_qualifying_diagnosis,100,extraction_cohorts,,,,,2,stage-g-merge,,,,,,
twumasi2026_cohort_t120m_paidoredu_pw,design,register_cohort,extraction_cohorts,,,,,1,stage-g-merge,,,,,,
twumasi2026_cohort_t120m_paidoredu_pw,arm_type,cohort,extraction_arms,,,,,2,stage-g-merge,,,,,,
twumasi2026_cohort_t120m_paidoredu_pw,analysis_selection_status,none,extraction_arms,,,,,2,stage-g-merge,,,,,,
twumasi2026_cohort_t120m_paidoredu_pw,employment_targeted_intervention,not_applicable,extraction_arms,,,,,2,stage-g-merge,,,,,,
tarricone2017_cohort_t12m_paidoredu,outcome_construct,paid_or_education,extraction_outcomes,,,,,2,stage-g-merge,,,,,,
tarricone2017_cohort_t12m_paidoredu,ascertainment,point_prevalence,extraction_outcomes,,,,,2,stage-g-merge,,,,,,
tarricone2017_cohort_t12m_paidoredu,ascertainment_window_months,,extraction_outcomes,,,,,2,stage-g-merge,,,,,,
tarricone2017_cohort_t12m_paidoredu,n_employed,75,extraction_outcomes,,,,,2,stage-g-merge,,,,,,
tarricone2017_cohort_t12m_paidoredu,n_outcome_observed,135,extraction_outcomes,,,,,2,stage-g-merge,,,,,,
tarricone2017_cohort_t12m_paidoredu,denominator_basis,entered,extraction_outcomes,,,,,2,stage-g-merge,,,,,,
tarricone2017_cohort_t12m_paidoredu,followup_months,12,extraction_outcomes,,,,,2,stage-g-merge,,,,,,
tarricone2017_cohort_t12m_paidoredu,followup_basis,since_baseline,extraction_outcomes,,,,,2,stage-g-merge,,,,,,
tarricone2017_cohort_t12m_paidoredu,result_role,reported,extraction_outcomes,,,,,2,stage-g-merge,,,,,,
tarricone2017_cohort_t12m_paidoredu,conflict_status,none,extraction_outcomes,,,,,2,stage-g-merge,,,,,,
tarricone2017_cohort_t12m_paidoredu,arm_id,cohort,extraction_outcomes,,,,,2,stage-g-merge,,,,,,
tarricone2017_cohort_t12m_paidoredu,derivation_component_result_ids,,extraction_outcomes,,,,,2,stage-g-merge,,,,,,
tarricone2017_cohort_t12m_paidoredu,employment_selection_status,none,extraction_cohorts,,,,,1,stage-g-merge,,,,,,
tarricone2017_cohort_t12m_paidoredu,diagnosis_group,fep,extraction_cohorts,,,,,2,stage-g-merge,,,,,,
tarricone2017_cohort_t12m_paidoredu,perc_qualifying_diagnosis,100,extraction_cohorts,,,,,2,stage-g-merge,,,,,,
tarricone2017_cohort_t12m_paidoredu,design,prospective_cohort,extraction_cohorts,,,,,1,stage-g-merge,,,,,,
tarricone2017_cohort_t12m_paidoredu,arm_type,cohort,extraction_arms,,,,,2,stage-g-merge,,,,,,
tarricone2017_cohort_t12m_paidoredu,analysis_selection_status,none,extraction_arms,,,,,2,stage-g-merge,,,,,,
tarricone2017_cohort_t12m_paidoredu,employment_targeted_intervention,not_applicable,extraction_arms,,,,,2,stage-g-merge,,,,,,
tarricone2017_interrupted_t12m_paidoredu,outcome_construct,paid_or_education,extraction_outcomes,,,,,2,stage-g-merge,,,,,,
tarricone2017_interrupted_t12m_paidoredu,ascertainment,any_time_during_followup,extraction_outcomes,,,,,2,stage-g-merge,,,,,,
tarricone2017_interrupted_t12m_paidoredu,ascertainment_window_months,,extraction_outcomes,,,,,2,stage-g-merge,,,,,,
tarricone2017_interrupted_t12m_paidoredu,n_employed,17,extraction_outcomes,,,,,2,stage-g-merge,,,,,,
tarricone2017_interrupted_t12m_paidoredu,n_outcome_observed,36,extraction_outcomes,,,,,2,stage-g-merge,,,,,,
tarricone2017_interrupted_t12m_paidoredu,denominator_basis,outcome_observed,extraction_outcomes,,,,,2,stage-g-merge,,,,,,
tarricone2017_interrupted_t12m_paidoredu,followup_months,12,extraction_outcomes,,,,,2,stage-g-merge,,,,,,
tarricone2017_interrupted_t12m_paidoredu,followup_basis,since_baseline,extraction_outcomes,,,,,2,stage-g-merge,,,,,,
tarricone2017_interrupted_t12m_paidoredu,result_role,reported,extraction_outcomes,,,,,2,stage-g-merge,,,,,,
tarricone2017_interrupted_t12m_paidoredu,conflict_status,none,extraction_outcomes,,,,,2,stage-g-merge,,,,,,
tarricone2017_interrupted_t12m_paidoredu,arm_id,interrupted,extraction_outcomes,,,,,2,stage-g-merge,,,,,,
tarricone2017_interrupted_t12m_paidoredu,derivation_component_result_ids,,extraction_outcomes,,,,,2,stage-g-merge,,,,,,
tarricone2017_interrupted_t12m_paidoredu,employment_selection_status,none,extraction_cohorts,,,,,1,stage-g-merge,,,,,,
tarricone2017_interrupted_t12m_paidoredu,diagnosis_group,fep,extraction_cohorts,,,,,2,stage-g-merge,,,,,,
tarricone2017_interrupted_t12m_paidoredu,perc_qualifying_diagnosis,100,extraction_cohorts,,,,,2,stage-g-merge,,,,,,
tarricone2017_interrupted_t12m_paidoredu,design,prospective_cohort,extraction_cohorts,,,,,1,stage-g-merge,,,,,,
tarricone2017_interrupted_t12m_paidoredu,arm_type,subgroup,extraction_arms,,,,,2,stage-g-merge,,,,,,
tarricone2017_interrupted_t12m_paidoredu,analysis_selection_status,none,extraction_arms,,,,,2,stage-g-merge,,,,,,
tarricone2017_interrupted_t12m_paidoredu,employment_targeted_intervention,,extraction_arms,,,,,2,stage-g-merge,,,,,,
mihaljevicpeles2016_cohort_t0m_paidcomp,outcome_construct,paid_competitive,extraction_outcomes,,,,,2,stage-g-merge,,,,,,
mihaljevicpeles2016_cohort_t0m_paidcomp,ascertainment,point_prevalence,extraction_outcomes,,,,,2,stage-g-merge,,,,,,
mihaljevicpeles2016_cohort_t0m_paidcomp,ascertainment_window_months,,extraction_outcomes,,,,,2,stage-g-merge,,,,,,
mihaljevicpeles2016_cohort_t0m_paidcomp,n_employed,74,extraction_outcomes,,,,,2,stage-g-merge,,,,,,
mihaljevicpeles2016_cohort_t0m_paidcomp,n_outcome_observed,362,extraction_outcomes,,,,,2,stage-g-merge,,,,,,
mihaljevicpeles2016_cohort_t0m_paidcomp,denominator_basis,entered,extraction_outcomes,,,,,2,stage-g-merge,,,,,,
mihaljevicpeles2016_cohort_t0m_paidcomp,followup_months,0,extraction_outcomes,,,,,2,stage-g-merge,,,,,,
mihaljevicpeles2016_cohort_t0m_paidcomp,followup_basis,since_baseline,extraction_outcomes,,,,,2,stage-g-merge,,,,,,
mihaljevicpeles2016_cohort_t0m_paidcomp,result_role,reported,extraction_outcomes,,,,,2,stage-g-merge,,,,,,
mihaljevicpeles2016_cohort_t0m_paidcomp,conflict_status,none,extraction_outcomes,,,,,2,stage-g-merge,,,,,,
mihaljevicpeles2016_cohort_t0m_paidcomp,arm_id,cohort,extraction_outcomes,,,,,2,stage-g-merge,,,,,,
mihaljevicpeles2016_cohort_t0m_paidcomp,derivation_component_result_ids,,extraction_outcomes,,,,,2,stage-g-merge,,,,,,
mihaljevicpeles2016_cohort_t0m_paidcomp,employment_selection_status,none,extraction_cohorts,,,,,1,stage-g-merge,,,,,,
mihaljevicpeles2016_cohort_t0m_paidcomp,diagnosis_group,psychosis_mixed,extraction_cohorts,,,,,2,stage-g-merge,,,,,,
mihaljevicpeles2016_cohort_t0m_paidcomp,perc_qualifying_diagnosis,100,extraction_cohorts,,,,,2,stage-g-merge,,,,,,
mihaljevicpeles2016_cohort_t0m_paidcomp,design,prospective_cohort,extraction_cohorts,,,,,1,stage-g-merge,,,,,,
mihaljevicpeles2016_cohort_t0m_paidcomp,arm_type,cohort,extraction_arms,,,,,2,stage-g-merge,,,,,,
mihaljevicpeles2016_cohort_t0m_paidcomp,analysis_selection_status,none,extraction_arms,,,,,2,stage-g-merge,,,,,,
mihaljevicpeles2016_cohort_t0m_paidcomp,employment_targeted_intervention,not_applicable,extraction_arms,,,,,2,stage-g-merge,,,,,,
mihaljevicpeles2016_cohort_t12m_paidcomp_abstract,outcome_construct,paid_competitive,extraction_outcomes,,,,,2,stage-g-merge,,,,,,
mihaljevicpeles2016_cohort_t12m_paidcomp_abstract,ascertainment,point_prevalence,extraction_outcomes,,,,,2,stage-g-merge,,,,,,
mihaljevicpeles2016_cohort_t12m_paidcomp_abstract,ascertainment_window_months,,extraction_outcomes,,,,,2,stage-g-merge,,,,,,
mihaljevicpeles2016_cohort_t12m_paidcomp_abstract,n_employed,77,extraction_outcomes,,,,,2,stage-g-merge,,,,,,
mihaljevicpeles2016_cohort_t12m_paidcomp_abstract,n_outcome_observed,257,extraction_outcomes,,,,,2,stage-g-merge,,,,,,
mihaljevicpeles2016_cohort_t12m_paidcomp_abstract,denominator_basis,outcome_observed,extraction_outcomes,,,,,2,stage-g-merge,,,,,,
mihaljevicpeles2016_cohort_t12m_paidcomp_abstract,followup_months,12,extraction_outcomes,,,,,2,stage-g-merge,,,,,,
mihaljevicpeles2016_cohort_t12m_paidcomp_abstract,followup_basis,since_baseline,extraction_outcomes,,,,,2,stage-g-merge,,,,,,
mihaljevicpeles2016_cohort_t12m_paidcomp_abstract,result_role,reported,extraction_outcomes,,,,,2,stage-g-merge,,,,,,
mihaljevicpeles2016_cohort_t12m_paidcomp_abstract,conflict_status,unresolved,extraction_outcomes,,,,,2,stage-g-merge,,,,,,
mihaljevicpeles2016_cohort_t12m_paidcomp_abstract,arm_id,cohort,extraction_outcomes,,,,,2,stage-g-merge,,,,,,
mihaljevicpeles2016_cohort_t12m_paidcomp_abstract,derivation_component_result_ids,,extraction_outcomes,,,,,2,stage-g-merge,,,,,,
mihaljevicpeles2016_cohort_t12m_paidcomp_abstract,employment_selection_status,none,extraction_cohorts,,,,,1,stage-g-merge,,,,,,
mihaljevicpeles2016_cohort_t12m_paidcomp_abstract,diagnosis_group,psychosis_mixed,extraction_cohorts,,,,,2,stage-g-merge,,,,,,
mihaljevicpeles2016_cohort_t12m_paidcomp_abstract,perc_qualifying_diagnosis,100,extraction_cohorts,,,,,2,stage-g-merge,,,,,,
mihaljevicpeles2016_cohort_t12m_paidcomp_abstract,design,prospective_cohort,extraction_cohorts,,,,,1,stage-g-merge,,,,,,
mihaljevicpeles2016_cohort_t12m_paidcomp_abstract,arm_type,cohort,extraction_arms,,,,,2,stage-g-merge,,,,,,
mihaljevicpeles2016_cohort_t12m_paidcomp_abstract,analysis_selection_status,none,extraction_arms,,,,,2,stage-g-merge,,,,,,
mihaljevicpeles2016_cohort_t12m_paidcomp_abstract,employment_targeted_intervention,not_applicable,extraction_arms,,,,,2,stage-g-merge,,,,,,
mihaljevicpeles2016_cohort_t12m_paidcomp_results,outcome_construct,paid_competitive,extraction_outcomes,,,,,2,stage-g-merge,,,,,,
mihaljevicpeles2016_cohort_t12m_paidcomp_results,ascertainment,point_prevalence,extraction_outcomes,,,,,2,stage-g-merge,,,,,,
mihaljevicpeles2016_cohort_t12m_paidcomp_results,ascertainment_window_months,,extraction_outcomes,,,,,2,stage-g-merge,,,,,,
mihaljevicpeles2016_cohort_t12m_paidcomp_results,n_employed,77,extraction_outcomes,,,,,2,stage-g-merge,,,,,,
mihaljevicpeles2016_cohort_t12m_paidcomp_results,n_outcome_observed,205,extraction_outcomes,,,,,2,stage-g-merge,,,,,,
mihaljevicpeles2016_cohort_t12m_paidcomp_results,denominator_basis,outcome_observed,extraction_outcomes,,,,,2,stage-g-merge,,,,,,
mihaljevicpeles2016_cohort_t12m_paidcomp_results,followup_months,12,extraction_outcomes,,,,,2,stage-g-merge,,,,,,
mihaljevicpeles2016_cohort_t12m_paidcomp_results,followup_basis,since_baseline,extraction_outcomes,,,,,2,stage-g-merge,,,,,,
mihaljevicpeles2016_cohort_t12m_paidcomp_results,result_role,reported,extraction_outcomes,,,,,2,stage-g-merge,,,,,,
mihaljevicpeles2016_cohort_t12m_paidcomp_results,conflict_status,unresolved,extraction_outcomes,,,,,2,stage-g-merge,,,,,,
mihaljevicpeles2016_cohort_t12m_paidcomp_results,arm_id,pension_excluded,extraction_outcomes,,,,,2,stage-g-merge,,,,,,
mihaljevicpeles2016_cohort_t12m_paidcomp_results,derivation_component_result_ids,,extraction_outcomes,,,,,2,stage-g-merge,,,,,,
mihaljevicpeles2016_cohort_t12m_paidcomp_results,employment_selection_status,none,extraction_cohorts,,,,,1,stage-g-merge,,,,,,
mihaljevicpeles2016_cohort_t12m_paidcomp_results,diagnosis_group,psychosis_mixed,extraction_cohorts,,,,,2,stage-g-merge,,,,,,
mihaljevicpeles2016_cohort_t12m_paidcomp_results,perc_qualifying_diagnosis,100,extraction_cohorts,,,,,2,stage-g-merge,,,,,,
mihaljevicpeles2016_cohort_t12m_paidcomp_results,design,prospective_cohort,extraction_cohorts,,,,,1,stage-g-merge,,,,,,
mihaljevicpeles2016_cohort_t12m_paidcomp_results,arm_type,subgroup,extraction_arms,,,,,2,stage-g-merge,,,,,,
mihaljevicpeles2016_cohort_t12m_paidcomp_results,analysis_selection_status,selected,extraction_arms,,,,,2,stage-g-merge,,,,,,
mihaljevicpeles2016_cohort_t12m_paidcomp_results,employment_targeted_intervention,not_applicable,extraction_arms,,,,,2,stage-g-merge,,,,,,
mihaljevicpeles2016_unemployedbaseline_t12m_paidcomp,outcome_construct,paid_competitive,extraction_outcomes,,,,,2,stage-g-merge,,,,,,
mihaljevicpeles2016_unemployedbaseline_t12m_paidcomp,ascertainment,point_prevalence,extraction_outcomes,,,,,2,stage-g-merge,,,,,,
mihaljevicpeles2016_unemployedbaseline_t12m_paidcomp,ascertainment_window_months,,extraction_outcomes,,,,,2,stage-g-merge,,,,,,
mihaljevicpeles2016_unemployedbaseline_t12m_paidcomp,n_employed,30,extraction_outcomes,,,,,2,stage-g-merge,,,,,,
mihaljevicpeles2016_unemployedbaseline_t12m_paidcomp,n_outcome_observed,154,extraction_outcomes,,,,,2,stage-g-merge,,,,,,
mihaljevicpeles2016_unemployedbaseline_t12m_paidcomp,denominator_basis,outcome_observed,extraction_outcomes,,,,,2,stage-g-merge,,,,,,
mihaljevicpeles2016_unemployedbaseline_t12m_paidcomp,followup_months,12,extraction_outcomes,,,,,2,stage-g-merge,,,,,,
mihaljevicpeles2016_unemployedbaseline_t12m_paidcomp,followup_basis,since_baseline,extraction_outcomes,,,,,2,stage-g-merge,,,,,,
mihaljevicpeles2016_unemployedbaseline_t12m_paidcomp,result_role,reported,extraction_outcomes,,,,,2,stage-g-merge,,,,,,
mihaljevicpeles2016_unemployedbaseline_t12m_paidcomp,conflict_status,unresolved,extraction_outcomes,,,,,2,stage-g-merge,,,,,,
mihaljevicpeles2016_unemployedbaseline_t12m_paidcomp,arm_id,unemployed_baseline,extraction_outcomes,,,,,2,stage-g-merge,,,,,,
mihaljevicpeles2016_unemployedbaseline_t12m_paidcomp,derivation_component_result_ids,,extraction_outcomes,,,,,2,stage-g-merge,,,,,,
mihaljevicpeles2016_unemployedbaseline_t12m_paidcomp,employment_selection_status,none,extraction_cohorts,,,,,1,stage-g-merge,,,,,,
mihaljevicpeles2016_unemployedbaseline_t12m_paidcomp,diagnosis_group,psychosis_mixed,extraction_cohorts,,,,,2,stage-g-merge,,,,,,
mihaljevicpeles2016_unemployedbaseline_t12m_paidcomp,perc_qualifying_diagnosis,100,extraction_cohorts,,,,,2,stage-g-merge,,,,,,
mihaljevicpeles2016_unemployedbaseline_t12m_paidcomp,design,prospective_cohort,extraction_cohorts,,,,,1,stage-g-merge,,,,,,
mihaljevicpeles2016_unemployedbaseline_t12m_paidcomp,arm_type,subgroup,extraction_arms,,,,,2,stage-g-merge,,,,,,
mihaljevicpeles2016_unemployedbaseline_t12m_paidcomp,analysis_selection_status,none,extraction_arms,,,,,2,stage-g-merge,,,,,,
mihaljevicpeles2016_unemployedbaseline_t12m_paidcomp,employment_targeted_intervention,,extraction_arms,,,,,2,stage-g-merge,,,,,,
dayabandara2026_fec_t0m_paidany,outcome_construct,unclear,extraction_outcomes,,,,,2,stage-g-merge,,,,,,
dayabandara2026_fec_t0m_paidany,ascertainment,point_prevalence,extraction_outcomes,,,,,2,stage-g-merge,,,,,,
dayabandara2026_fec_t0m_paidany,ascertainment_window_months,,extraction_outcomes,,,,,2,stage-g-merge,,,,,,
dayabandara2026_fec_t0m_paidany,n_employed,51,extraction_outcomes,,,,,2,stage-g-merge,,,,,,
dayabandara2026_fec_t0m_paidany,n_outcome_observed,122,extraction_outcomes,,,,,2,stage-g-merge,,,,,,
dayabandara2026_fec_t0m_paidany,denominator_basis,outcome_observed,extraction_outcomes,,,,,2,stage-g-merge,,,,,,
dayabandara2026_fec_t0m_paidany,followup_months,0,extraction_outcomes,,,,,2,stage-g-merge,,,,,,
dayabandara2026_fec_t0m_paidany,followup_basis,since_baseline,extraction_outcomes,,,,,2,stage-g-merge,,,,,,
dayabandara2026_fec_t0m_paidany,result_role,reported,extraction_outcomes,,,,,2,stage-g-merge,,,,,,
dayabandara2026_fec_t0m_paidany,conflict_status,none,extraction_outcomes,,,,,2,stage-g-merge,,,,,,
dayabandara2026_fec_t0m_paidany,arm_id,cohort,extraction_outcomes,,,,,2,stage-g-merge,,,,,,
dayabandara2026_fec_t0m_paidany,derivation_component_result_ids,,extraction_outcomes,,,,,2,stage-g-merge,,,,,,
dayabandara2026_fec_t0m_paidany,employment_selection_status,none,extraction_cohorts,,,,,1,stage-g-merge,,,,,,
dayabandara2026_fec_t0m_paidany,diagnosis_group,fep,extraction_cohorts,,,,,2,stage-g-merge,,,,,,
dayabandara2026_fec_t0m_paidany,perc_qualifying_diagnosis,100,extraction_cohorts,,,,,2,stage-g-merge,,,,,,
dayabandara2026_fec_t0m_paidany,design,prospective_cohort,extraction_cohorts,,,,,1,stage-g-merge,,,,,,
dayabandara2026_fec_t0m_paidany,arm_type,cohort,extraction_arms,,,,,2,stage-g-merge,,,,,,
dayabandara2026_fec_t0m_paidany,analysis_selection_status,none,extraction_arms,,,,,2,stage-g-merge,,,,,,
dayabandara2026_fec_t0m_paidany,employment_targeted_intervention,not_applicable,extraction_arms,,,,,2,stage-g-merge,,,,,,
dayabandara2026_fec_t6m_paidany,outcome_construct,unclear,extraction_outcomes,,,,,2,stage-g-merge,,,,,,
dayabandara2026_fec_t6m_paidany,ascertainment,point_prevalence,extraction_outcomes,,,,,2,stage-g-merge,,,,,,
dayabandara2026_fec_t6m_paidany,ascertainment_window_months,,extraction_outcomes,,,,,2,stage-g-merge,,,,,,
dayabandara2026_fec_t6m_paidany,n_employed,55,extraction_outcomes,,,,,2,stage-g-merge,,,,,,
dayabandara2026_fec_t6m_paidany,n_outcome_observed,98,extraction_outcomes,,,,,2,stage-g-merge,,,,,,
dayabandara2026_fec_t6m_paidany,denominator_basis,outcome_observed,extraction_outcomes,,,,,2,stage-g-merge,,,,,,
dayabandara2026_fec_t6m_paidany,followup_months,6,extraction_outcomes,,,,,2,stage-g-merge,,,,,,
dayabandara2026_fec_t6m_paidany,followup_basis,since_baseline,extraction_outcomes,,,,,2,stage-g-merge,,,,,,
dayabandara2026_fec_t6m_paidany,result_role,reported,extraction_outcomes,,,,,2,stage-g-merge,,,,,,
dayabandara2026_fec_t6m_paidany,conflict_status,none,extraction_outcomes,,,,,2,stage-g-merge,,,,,,
dayabandara2026_fec_t6m_paidany,arm_id,cohort,extraction_outcomes,,,,,2,stage-g-merge,,,,,,
dayabandara2026_fec_t6m_paidany,derivation_component_result_ids,,extraction_outcomes,,,,,2,stage-g-merge,,,,,,
dayabandara2026_fec_t6m_paidany,employment_selection_status,none,extraction_cohorts,,,,,1,stage-g-merge,,,,,,
dayabandara2026_fec_t6m_paidany,diagnosis_group,fep,extraction_cohorts,,,,,2,stage-g-merge,,,,,,
dayabandara2026_fec_t6m_paidany,perc_qualifying_diagnosis,100,extraction_cohorts,,,,,2,stage-g-merge,,,,,,
dayabandara2026_fec_t6m_paidany,design,prospective_cohort,extraction_cohorts,,,,,1,stage-g-merge,,,,,,
dayabandara2026_fec_t6m_paidany,arm_type,cohort,extraction_arms,,,,,2,stage-g-merge,,,,,,
dayabandara2026_fec_t6m_paidany,analysis_selection_status,none,extraction_arms,,,,,2,stage-g-merge,,,,,,
dayabandara2026_fec_t6m_paidany,employment_targeted_intervention,not_applicable,extraction_arms,,,,,2,stage-g-merge,,,,,,
dayabandara2026_fec_t12m_paidany,outcome_construct,unclear,extraction_outcomes,,,,,2,stage-g-merge,,,,,,
dayabandara2026_fec_t12m_paidany,ascertainment,point_prevalence,extraction_outcomes,,,,,2,stage-g-merge,,,,,,
dayabandara2026_fec_t12m_paidany,ascertainment_window_months,,extraction_outcomes,,,,,2,stage-g-merge,,,,,,
dayabandara2026_fec_t12m_paidany,n_employed,57,extraction_outcomes,,,,,2,stage-g-merge,,,,,,
dayabandara2026_fec_t12m_paidany,n_outcome_observed,102,extraction_outcomes,,,,,2,stage-g-merge,,,,,,
dayabandara2026_fec_t12m_paidany,denominator_basis,outcome_observed,extraction_outcomes,,,,,2,stage-g-merge,,,,,,
dayabandara2026_fec_t12m_paidany,followup_months,12,extraction_outcomes,,,,,2,stage-g-merge,,,,,,
dayabandara2026_fec_t12m_paidany,followup_basis,since_baseline,extraction_outcomes,,,,,2,stage-g-merge,,,,,,
dayabandara2026_fec_t12m_paidany,result_role,reported,extraction_outcomes,,,,,2,stage-g-merge,,,,,,
dayabandara2026_fec_t12m_paidany,conflict_status,none,extraction_outcomes,,,,,2,stage-g-merge,,,,,,
dayabandara2026_fec_t12m_paidany,arm_id,cohort,extraction_outcomes,,,,,2,stage-g-merge,,,,,,
dayabandara2026_fec_t12m_paidany,derivation_component_result_ids,,extraction_outcomes,,,,,2,stage-g-merge,,,,,,
dayabandara2026_fec_t12m_paidany,employment_selection_status,none,extraction_cohorts,,,,,1,stage-g-merge,,,,,,
dayabandara2026_fec_t12m_paidany,diagnosis_group,fep,extraction_cohorts,,,,,2,stage-g-merge,,,,,,
dayabandara2026_fec_t12m_paidany,perc_qualifying_diagnosis,100,extraction_cohorts,,,,,2,stage-g-merge,,,,,,
dayabandara2026_fec_t12m_paidany,design,prospective_cohort,extraction_cohorts,,,,,1,stage-g-merge,,,,,,
dayabandara2026_fec_t12m_paidany,arm_type,cohort,extraction_arms,,,,,2,stage-g-merge,,,,,,
dayabandara2026_fec_t12m_paidany,analysis_selection_status,none,extraction_arms,,,,,2,stage-g-merge,,,,,,
dayabandara2026_fec_t12m_paidany,employment_targeted_intervention,not_applicable,extraction_arms,,,,,2,stage-g-merge,,,,,,
dayabandara2026_rec_t0m_paidany,outcome_construct,unclear,extraction_outcomes,,,,,2,stage-g-merge,,,,,,
dayabandara2026_rec_t0m_paidany,ascertainment,point_prevalence,extraction_outcomes,,,,,2,stage-g-merge,,,,,,
dayabandara2026_rec_t0m_paidany,ascertainment_window_months,,extraction_outcomes,,,,,2,stage-g-merge,,,,,,
dayabandara2026_rec_t0m_paidany,n_employed,43,extraction_outcomes,,,,,2,stage-g-merge,,,,,,
dayabandara2026_rec_t0m_paidany,n_outcome_observed,118,extraction_outcomes,,,,,2,stage-g-merge,,,,,,
dayabandara2026_rec_t0m_paidany,denominator_basis,outcome_observed,extraction_outcomes,,,,,2,stage-g-merge,,,,,,
dayabandara2026_rec_t0m_paidany,followup_months,0,extraction_outcomes,,,,,2,stage-g-merge,,,,,,
dayabandara2026_rec_t0m_paidany,followup_basis,since_baseline,extraction_outcomes,,,,,2,stage-g-merge,,,,,,
dayabandara2026_rec_t0m_paidany,result_role,reported,extraction_outcomes,,,,,2,stage-g-merge,,,,,,
dayabandara2026_rec_t0m_paidany,conflict_status,none,extraction_outcomes,,,,,2,stage-g-merge,,,,,,
dayabandara2026_rec_t0m_paidany,arm_id,cohort,extraction_outcomes,,,,,2,stage-g-merge,,,,,,
dayabandara2026_rec_t0m_paidany,derivation_component_result_ids,,extraction_outcomes,,,,,2,stage-g-merge,,,,,,
dayabandara2026_rec_t0m_paidany,employment_selection_status,none,extraction_cohorts,,,,,1,stage-g-merge,,,,,,
dayabandara2026_rec_t0m_paidany,diagnosis_group,schizophrenia,extraction_cohorts,,,,,2,stage-g-merge,,,,,,
dayabandara2026_rec_t0m_paidany,perc_qualifying_diagnosis,100,extraction_cohorts,,,,,2,stage-g-merge,,,,,,
dayabandara2026_rec_t0m_paidany,design,prospective_cohort,extraction_cohorts,,,,,1,stage-g-merge,,,,,,
dayabandara2026_rec_t0m_paidany,arm_type,cohort,extraction_arms,,,,,2,stage-g-merge,,,,,,
dayabandara2026_rec_t0m_paidany,analysis_selection_status,none,extraction_arms,,,,,2,stage-g-merge,,,,,,
dayabandara2026_rec_t0m_paidany,employment_targeted_intervention,not_applicable,extraction_arms,,,,,2,stage-g-merge,,,,,,
dayabandara2026_rec_t6m_paidany,outcome_construct,unclear,extraction_outcomes,,,,,2,stage-g-merge,,,,,,
dayabandara2026_rec_t6m_paidany,ascertainment,point_prevalence,extraction_outcomes,,,,,2,stage-g-merge,,,,,,
dayabandara2026_rec_t6m_paidany,ascertainment_window_months,,extraction_outcomes,,,,,2,stage-g-merge,,,,,,
dayabandara2026_rec_t6m_paidany,n_employed,34,extraction_outcomes,,,,,2,stage-g-merge,,,,,,
dayabandara2026_rec_t6m_paidany,n_outcome_observed,100,extraction_outcomes,,,,,2,stage-g-merge,,,,,,
dayabandara2026_rec_t6m_paidany,denominator_basis,outcome_observed,extraction_outcomes,,,,,2,stage-g-merge,,,,,,
dayabandara2026_rec_t6m_paidany,followup_months,6,extraction_outcomes,,,,,2,stage-g-merge,,,,,,
dayabandara2026_rec_t6m_paidany,followup_basis,since_baseline,extraction_outcomes,,,,,2,stage-g-merge,,,,,,
dayabandara2026_rec_t6m_paidany,result_role,reported,extraction_outcomes,,,,,2,stage-g-merge,,,,,,
dayabandara2026_rec_t6m_paidany,conflict_status,none,extraction_outcomes,,,,,2,stage-g-merge,,,,,,
dayabandara2026_rec_t6m_paidany,arm_id,cohort,extraction_outcomes,,,,,2,stage-g-merge,,,,,,
dayabandara2026_rec_t6m_paidany,derivation_component_result_ids,,extraction_outcomes,,,,,2,stage-g-merge,,,,,,
dayabandara2026_rec_t6m_paidany,employment_selection_status,none,extraction_cohorts,,,,,1,stage-g-merge,,,,,,
dayabandara2026_rec_t6m_paidany,diagnosis_group,schizophrenia,extraction_cohorts,,,,,2,stage-g-merge,,,,,,
dayabandara2026_rec_t6m_paidany,perc_qualifying_diagnosis,100,extraction_cohorts,,,,,2,stage-g-merge,,,,,,
dayabandara2026_rec_t6m_paidany,design,prospective_cohort,extraction_cohorts,,,,,1,stage-g-merge,,,,,,
dayabandara2026_rec_t6m_paidany,arm_type,cohort,extraction_arms,,,,,2,stage-g-merge,,,,,,
dayabandara2026_rec_t6m_paidany,analysis_selection_status,none,extraction_arms,,,,,2,stage-g-merge,,,,,,
dayabandara2026_rec_t6m_paidany,employment_targeted_intervention,not_applicable,extraction_arms,,,,,2,stage-g-merge,,,,,,
dayabandara2026_rec_t12m_paidany,outcome_construct,unclear,extraction_outcomes,,,,,2,stage-g-merge,,,,,,
dayabandara2026_rec_t12m_paidany,ascertainment,point_prevalence,extraction_outcomes,,,,,2,stage-g-merge,,,,,,
dayabandara2026_rec_t12m_paidany,ascertainment_window_months,,extraction_outcomes,,,,,2,stage-g-merge,,,,,,
dayabandara2026_rec_t12m_paidany,n_employed,42,extraction_outcomes,,,,,2,stage-g-merge,,,,,,
dayabandara2026_rec_t12m_paidany,n_outcome_observed,108,extraction_outcomes,,,,,2,stage-g-merge,,,,,,
dayabandara2026_rec_t12m_paidany,denominator_basis,outcome_observed,extraction_outcomes,,,,,2,stage-g-merge,,,,,,
dayabandara2026_rec_t12m_paidany,followup_months,12,extraction_outcomes,,,,,2,stage-g-merge,,,,,,
dayabandara2026_rec_t12m_paidany,followup_basis,since_baseline,extraction_outcomes,,,,,2,stage-g-merge,,,,,,
dayabandara2026_rec_t12m_paidany,result_role,reported,extraction_outcomes,,,,,2,stage-g-merge,,,,,,
dayabandara2026_rec_t12m_paidany,conflict_status,none,extraction_outcomes,,,,,2,stage-g-merge,,,,,,
dayabandara2026_rec_t12m_paidany,arm_id,cohort,extraction_outcomes,,,,,2,stage-g-merge,,,,,,
dayabandara2026_rec_t12m_paidany,derivation_component_result_ids,,extraction_outcomes,,,,,2,stage-g-merge,,,,,,
dayabandara2026_rec_t12m_paidany,employment_selection_status,none,extraction_cohorts,,,,,1,stage-g-merge,,,,,,
dayabandara2026_rec_t12m_paidany,diagnosis_group,schizophrenia,extraction_cohorts,,,,,2,stage-g-merge,,,,,,
dayabandara2026_rec_t12m_paidany,perc_qualifying_diagnosis,100,extraction_cohorts,,,,,2,stage-g-merge,,,,,,
dayabandara2026_rec_t12m_paidany,design,prospective_cohort,extraction_cohorts,,,,,1,stage-g-merge,,,,,,
dayabandara2026_rec_t12m_paidany,arm_type,cohort,extraction_arms,,,,,2,stage-g-merge,,,,,,
dayabandara2026_rec_t12m_paidany,analysis_selection_status,none,extraction_arms,,,,,2,stage-g-merge,,,,,,
dayabandara2026_rec_t12m_paidany,employment_targeted_intervention,not_applicable,extraction_arms,,,,,2,stage-g-merge,,,,,,
chen2023_cohort_t0m_paidcomp,outcome_construct,paid_competitive,extraction_outcomes,,,,,2,stage-g-merge,,,,,,
chen2023_cohort_t0m_paidcomp,ascertainment,point_prevalence,extraction_outcomes,,,,,2,stage-g-merge,,,,,,
chen2023_cohort_t0m_paidcomp,ascertainment_window_months,,extraction_outcomes,,,,,2,stage-g-merge,,,,,,
chen2023_cohort_t0m_paidcomp,n_employed,14,extraction_outcomes,,,,,2,stage-g-merge,,,,,,
chen2023_cohort_t0m_paidcomp,n_outcome_observed,65,extraction_outcomes,,,,,2,stage-g-merge,,,,,,
chen2023_cohort_t0m_paidcomp,denominator_basis,entered,extraction_outcomes,,,,,2,stage-g-merge,,,,,,
chen2023_cohort_t0m_paidcomp,followup_months,0,extraction_outcomes,,,,,2,stage-g-merge,,,,,,
chen2023_cohort_t0m_paidcomp,followup_basis,since_baseline,extraction_outcomes,,,,,2,stage-g-merge,,,,,,
chen2023_cohort_t0m_paidcomp,result_role,reported,extraction_outcomes,,,,,2,stage-g-merge,,,,,,
chen2023_cohort_t0m_paidcomp,conflict_status,none,extraction_outcomes,,,,,2,stage-g-merge,,,,,,
chen2023_cohort_t0m_paidcomp,arm_id,cohort,extraction_outcomes,,,,,2,stage-g-merge,,,,,,
chen2023_cohort_t0m_paidcomp,derivation_component_result_ids,,extraction_outcomes,,,,,2,stage-g-merge,,,,,,
chen2023_cohort_t0m_paidcomp,employment_selection_status,selected,extraction_cohorts,,,,,1,stage-g-merge,,,,,,
chen2023_cohort_t0m_paidcomp,diagnosis_group,schizophrenia,extraction_cohorts,,,,,2,stage-g-merge,,,,,,
chen2023_cohort_t0m_paidcomp,perc_qualifying_diagnosis,100,extraction_cohorts,,,,,2,stage-g-merge,,,,,,
chen2023_cohort_t0m_paidcomp,design,prospective_cohort,extraction_cohorts,,,,,1,stage-g-merge,,,,,,
chen2023_cohort_t0m_paidcomp,arm_type,cohort,extraction_arms,,,,,2,stage-g-merge,,,,,,
chen2023_cohort_t0m_paidcomp,analysis_selection_status,none,extraction_arms,,,,,2,stage-g-merge,,,,,,
chen2023_cohort_t0m_paidcomp,employment_targeted_intervention,not_applicable,extraction_arms,,,,,2,stage-g-merge,,,,,,
chen2023_cohort_t0m_paidshelt,outcome_construct,paid_sheltered_noncompetitive,extraction_outcomes,,,,,2,stage-g-merge,,,,,,
chen2023_cohort_t0m_paidshelt,ascertainment,point_prevalence,extraction_outcomes,,,,,2,stage-g-merge,,,,,,
chen2023_cohort_t0m_paidshelt,ascertainment_window_months,,extraction_outcomes,,,,,2,stage-g-merge,,,,,,
chen2023_cohort_t0m_paidshelt,n_employed,31,extraction_outcomes,,,,,2,stage-g-merge,,,,,,
chen2023_cohort_t0m_paidshelt,n_outcome_observed,65,extraction_outcomes,,,,,2,stage-g-merge,,,,,,
chen2023_cohort_t0m_paidshelt,denominator_basis,entered,extraction_outcomes,,,,,2,stage-g-merge,,,,,,
chen2023_cohort_t0m_paidshelt,followup_months,0,extraction_outcomes,,,,,2,stage-g-merge,,,,,,
chen2023_cohort_t0m_paidshelt,followup_basis,since_baseline,extraction_outcomes,,,,,2,stage-g-merge,,,,,,
chen2023_cohort_t0m_paidshelt,result_role,reported,extraction_outcomes,,,,,2,stage-g-merge,,,,,,
chen2023_cohort_t0m_paidshelt,conflict_status,none,extraction_outcomes,,,,,2,stage-g-merge,,,,,,
chen2023_cohort_t0m_paidshelt,arm_id,cohort,extraction_outcomes,,,,,2,stage-g-merge,,,,,,
chen2023_cohort_t0m_paidshelt,derivation_component_result_ids,,extraction_outcomes,,,,,2,stage-g-merge,,,,,,
chen2023_cohort_t0m_paidshelt,employment_selection_status,selected,extraction_cohorts,,,,,1,stage-g-merge,,,,,,
chen2023_cohort_t0m_paidshelt,diagnosis_group,schizophrenia,extraction_cohorts,,,,,2,stage-g-merge,,,,,,
chen2023_cohort_t0m_paidshelt,perc_qualifying_diagnosis,100,extraction_cohorts,,,,,2,stage-g-merge,,,,,,
chen2023_cohort_t0m_paidshelt,design,prospective_cohort,extraction_cohorts,,,,,1,stage-g-merge,,,,,,
chen2023_cohort_t0m_paidshelt,arm_type,cohort,extraction_arms,,,,,2,stage-g-merge,,,,,,
chen2023_cohort_t0m_paidshelt,analysis_selection_status,none,extraction_arms,,,,,2,stage-g-merge,,,,,,
chen2023_cohort_t0m_paidshelt,employment_targeted_intervention,not_applicable,extraction_arms,,,,,2,stage-g-merge,,,,,,
chen2023_cohort_t0m_voc,outcome_construct,training_only,extraction_outcomes,,,,,2,stage-g-merge,,,,,,
chen2023_cohort_t0m_voc,ascertainment,point_prevalence,extraction_outcomes,,,,,2,stage-g-merge,,,,,,
chen2023_cohort_t0m_voc,ascertainment_window_months,,extraction_outcomes,,,,,2,stage-g-merge,,,,,,
chen2023_cohort_t0m_voc,n_employed,20,extraction_outcomes,,,,,2,stage-g-merge,,,,,,
chen2023_cohort_t0m_voc,n_outcome_observed,65,extraction_outcomes,,,,,2,stage-g-merge,,,,,,
chen2023_cohort_t0m_voc,denominator_basis,entered,extraction_outcomes,,,,,2,stage-g-merge,,,,,,
chen2023_cohort_t0m_voc,followup_months,0,extraction_outcomes,,,,,2,stage-g-merge,,,,,,
chen2023_cohort_t0m_voc,followup_basis,since_baseline,extraction_outcomes,,,,,2,stage-g-merge,,,,,,
chen2023_cohort_t0m_voc,result_role,reported,extraction_outcomes,,,,,2,stage-g-merge,,,,,,
chen2023_cohort_t0m_voc,conflict_status,none,extraction_outcomes,,,,,2,stage-g-merge,,,,,,
chen2023_cohort_t0m_voc,arm_id,cohort,extraction_outcomes,,,,,2,stage-g-merge,,,,,,
chen2023_cohort_t0m_voc,derivation_component_result_ids,,extraction_outcomes,,,,,2,stage-g-merge,,,,,,
chen2023_cohort_t0m_voc,employment_selection_status,selected,extraction_cohorts,,,,,1,stage-g-merge,,,,,,
chen2023_cohort_t0m_voc,diagnosis_group,schizophrenia,extraction_cohorts,,,,,2,stage-g-merge,,,,,,
chen2023_cohort_t0m_voc,perc_qualifying_diagnosis,100,extraction_cohorts,,,,,2,stage-g-merge,,,,,,
chen2023_cohort_t0m_voc,design,prospective_cohort,extraction_cohorts,,,,,1,stage-g-merge,,,,,,
chen2023_cohort_t0m_voc,arm_type,cohort,extraction_arms,,,,,2,stage-g-merge,,,,,,
chen2023_cohort_t0m_voc,analysis_selection_status,none,extraction_arms,,,,,2,stage-g-merge,,,,,,
chen2023_cohort_t0m_voc,employment_targeted_intervention,not_applicable,extraction_arms,,,,,2,stage-g-merge,,,,,,
chen2023_cohort_t0m_paidany,outcome_construct,paid_any,extraction_outcomes,,,,,2,stage-g-merge,,,,,,
chen2023_cohort_t0m_paidany,ascertainment,point_prevalence,extraction_outcomes,,,,,2,stage-g-merge,,,,,,
chen2023_cohort_t0m_paidany,ascertainment_window_months,,extraction_outcomes,,,,,2,stage-g-merge,,,,,,
chen2023_cohort_t0m_paidany,n_employed,45,extraction_outcomes,,,,,2,stage-g-merge,,,,,,
chen2023_cohort_t0m_paidany,n_outcome_observed,65,extraction_outcomes,,,,,2,stage-g-merge,,,,,,
chen2023_cohort_t0m_paidany,denominator_basis,entered,extraction_outcomes,,,,,2,stage-g-merge,,,,,,
chen2023_cohort_t0m_paidany,followup_months,0,extraction_outcomes,,,,,2,stage-g-merge,,,,,,
chen2023_cohort_t0m_paidany,followup_basis,since_baseline,extraction_outcomes,,,,,2,stage-g-merge,,,,,,
chen2023_cohort_t0m_paidany,result_role,reported,extraction_outcomes,,,,,2,stage-g-merge,,,,,,
chen2023_cohort_t0m_paidany,conflict_status,none,extraction_outcomes,,,,,2,stage-g-merge,,,,,,
chen2023_cohort_t0m_paidany,arm_id,cohort,extraction_outcomes,,,,,2,stage-g-merge,,,,,,
chen2023_cohort_t0m_paidany,derivation_component_result_ids,,extraction_outcomes,,,,,2,stage-g-merge,,,,,,
chen2023_cohort_t0m_paidany,employment_selection_status,selected,extraction_cohorts,,,,,1,stage-g-merge,,,,,,
chen2023_cohort_t0m_paidany,diagnosis_group,schizophrenia,extraction_cohorts,,,,,2,stage-g-merge,,,,,,
chen2023_cohort_t0m_paidany,perc_qualifying_diagnosis,100,extraction_cohorts,,,,,2,stage-g-merge,,,,,,
chen2023_cohort_t0m_paidany,design,prospective_cohort,extraction_cohorts,,,,,1,stage-g-merge,,,,,,
chen2023_cohort_t0m_paidany,arm_type,cohort,extraction_arms,,,,,2,stage-g-merge,,,,,,
chen2023_cohort_t0m_paidany,analysis_selection_status,none,extraction_arms,,,,,2,stage-g-merge,,,,,,
chen2023_cohort_t0m_paidany,employment_targeted_intervention,not_applicable,extraction_arms,,,,,2,stage-g-merge,,,,,,
chen2023_cohort_t12m_paidcomp,outcome_construct,paid_competitive,extraction_outcomes,,,,,2,stage-g-merge,,,,,,
chen2023_cohort_t12m_paidcomp,ascertainment,point_prevalence,extraction_outcomes,,,,,2,stage-g-merge,,,,,,
chen2023_cohort_t12m_paidcomp,ascertainment_window_months,,extraction_outcomes,,,,,2,stage-g-merge,,,,,,
chen2023_cohort_t12m_paidcomp,n_employed,14,extraction_outcomes,,,,,2,stage-g-merge,,,,,,
chen2023_cohort_t12m_paidcomp,n_outcome_observed,65,extraction_outcomes,,,,,2,stage-g-merge,,,,,,
chen2023_cohort_t12m_paidcomp,denominator_basis,entered,extraction_outcomes,,,,,2,stage-g-merge,,,,,,
chen2023_cohort_t12m_paidcomp,followup_months,12,extraction_outcomes,,,,,2,stage-g-merge,,,,,,
chen2023_cohort_t12m_paidcomp,followup_basis,since_baseline,extraction_outcomes,,,,,2,stage-g-merge,,,,,,
chen2023_cohort_t12m_paidcomp,result_role,reported,extraction_outcomes,,,,,2,stage-g-merge,,,,,,
chen2023_cohort_t12m_paidcomp,conflict_status,none,extraction_outcomes,,,,,2,stage-g-merge,,,,,,
chen2023_cohort_t12m_paidcomp,arm_id,cohort,extraction_outcomes,,,,,2,stage-g-merge,,,,,,
chen2023_cohort_t12m_paidcomp,derivation_component_result_ids,,extraction_outcomes,,,,,2,stage-g-merge,,,,,,
chen2023_cohort_t12m_paidcomp,employment_selection_status,selected,extraction_cohorts,,,,,1,stage-g-merge,,,,,,
chen2023_cohort_t12m_paidcomp,diagnosis_group,schizophrenia,extraction_cohorts,,,,,2,stage-g-merge,,,,,,
chen2023_cohort_t12m_paidcomp,perc_qualifying_diagnosis,100,extraction_cohorts,,,,,2,stage-g-merge,,,,,,
chen2023_cohort_t12m_paidcomp,design,prospective_cohort,extraction_cohorts,,,,,1,stage-g-merge,,,,,,
chen2023_cohort_t12m_paidcomp,arm_type,cohort,extraction_arms,,,,,2,stage-g-merge,,,,,,
chen2023_cohort_t12m_paidcomp,analysis_selection_status,none,extraction_arms,,,,,2,stage-g-merge,,,,,,
chen2023_cohort_t12m_paidcomp,employment_targeted_intervention,not_applicable,extraction_arms,,,,,2,stage-g-merge,,,,,,
chen2023_cohort_t12m_paidshelt,outcome_construct,paid_sheltered_noncompetitive,extraction_outcomes,,,,,2,stage-g-merge,,,,,,
chen2023_cohort_t12m_paidshelt,ascertainment,point_prevalence,extraction_outcomes,,,,,2,stage-g-merge,,,,,,
chen2023_cohort_t12m_paidshelt,ascertainment_window_months,,extraction_outcomes,,,,,2,stage-g-merge,,,,,,
chen2023_cohort_t12m_paidshelt,n_employed,31,extraction_outcomes,,,,,2,stage-g-merge,,,,,,
chen2023_cohort_t12m_paidshelt,n_outcome_observed,65,extraction_outcomes,,,,,2,stage-g-merge,,,,,,
chen2023_cohort_t12m_paidshelt,denominator_basis,entered,extraction_outcomes,,,,,2,stage-g-merge,,,,,,
chen2023_cohort_t12m_paidshelt,followup_months,12,extraction_outcomes,,,,,2,stage-g-merge,,,,,,
chen2023_cohort_t12m_paidshelt,followup_basis,since_baseline,extraction_outcomes,,,,,2,stage-g-merge,,,,,,
chen2023_cohort_t12m_paidshelt,result_role,reported,extraction_outcomes,,,,,2,stage-g-merge,,,,,,
chen2023_cohort_t12m_paidshelt,conflict_status,none,extraction_outcomes,,,,,2,stage-g-merge,,,,,,
chen2023_cohort_t12m_paidshelt,arm_id,cohort,extraction_outcomes,,,,,2,stage-g-merge,,,,,,
chen2023_cohort_t12m_paidshelt,derivation_component_result_ids,,extraction_outcomes,,,,,2,stage-g-merge,,,,,,
chen2023_cohort_t12m_paidshelt,employment_selection_status,selected,extraction_cohorts,,,,,1,stage-g-merge,,,,,,
chen2023_cohort_t12m_paidshelt,diagnosis_group,schizophrenia,extraction_cohorts,,,,,2,stage-g-merge,,,,,,
chen2023_cohort_t12m_paidshelt,perc_qualifying_diagnosis,100,extraction_cohorts,,,,,2,stage-g-merge,,,,,,
chen2023_cohort_t12m_paidshelt,design,prospective_cohort,extraction_cohorts,,,,,1,stage-g-merge,,,,,,
chen2023_cohort_t12m_paidshelt,arm_type,cohort,extraction_arms,,,,,2,stage-g-merge,,,,,,
chen2023_cohort_t12m_paidshelt,analysis_selection_status,none,extraction_arms,,,,,2,stage-g-merge,,,,,,
chen2023_cohort_t12m_paidshelt,employment_targeted_intervention,not_applicable,extraction_arms,,,,,2,stage-g-merge,,,,,,
chen2023_cohort_t12m_voc,outcome_construct,training_only,extraction_outcomes,,,,,2,stage-g-merge,,,,,,
chen2023_cohort_t12m_voc,ascertainment,point_prevalence,extraction_outcomes,,,,,2,stage-g-merge,,,,,,
chen2023_cohort_t12m_voc,ascertainment_window_months,,extraction_outcomes,,,,,2,stage-g-merge,,,,,,
chen2023_cohort_t12m_voc,n_employed,20,extraction_outcomes,,,,,2,stage-g-merge,,,,,,
chen2023_cohort_t12m_voc,n_outcome_observed,65,extraction_outcomes,,,,,2,stage-g-merge,,,,,,
chen2023_cohort_t12m_voc,denominator_basis,entered,extraction_outcomes,,,,,2,stage-g-merge,,,,,,
chen2023_cohort_t12m_voc,followup_months,12,extraction_outcomes,,,,,2,stage-g-merge,,,,,,
chen2023_cohort_t12m_voc,followup_basis,since_baseline,extraction_outcomes,,,,,2,stage-g-merge,,,,,,
chen2023_cohort_t12m_voc,result_role,reported,extraction_outcomes,,,,,2,stage-g-merge,,,,,,
chen2023_cohort_t12m_voc,conflict_status,none,extraction_outcomes,,,,,2,stage-g-merge,,,,,,
chen2023_cohort_t12m_voc,arm_id,cohort,extraction_outcomes,,,,,2,stage-g-merge,,,,,,
chen2023_cohort_t12m_voc,derivation_component_result_ids,,extraction_outcomes,,,,,2,stage-g-merge,,,,,,
chen2023_cohort_t12m_voc,employment_selection_status,selected,extraction_cohorts,,,,,1,stage-g-merge,,,,,,
chen2023_cohort_t12m_voc,diagnosis_group,schizophrenia,extraction_cohorts,,,,,2,stage-g-merge,,,,,,
chen2023_cohort_t12m_voc,perc_qualifying_diagnosis,100,extraction_cohorts,,,,,2,stage-g-merge,,,,,,
chen2023_cohort_t12m_voc,design,prospective_cohort,extraction_cohorts,,,,,1,stage-g-merge,,,,,,
chen2023_cohort_t12m_voc,arm_type,cohort,extraction_arms,,,,,2,stage-g-merge,,,,,,
chen2023_cohort_t12m_voc,analysis_selection_status,none,extraction_arms,,,,,2,stage-g-merge,,,,,,
chen2023_cohort_t12m_voc,employment_targeted_intervention,not_applicable,extraction_arms,,,,,2,stage-g-merge,,,,,,
chen2023_cohort_t12m_paidany,outcome_construct,paid_any,extraction_outcomes,,,,,2,stage-g-merge,,,,,,
chen2023_cohort_t12m_paidany,ascertainment,point_prevalence,extraction_outcomes,,,,,2,stage-g-merge,,,,,,
chen2023_cohort_t12m_paidany,ascertainment_window_months,,extraction_outcomes,,,,,2,stage-g-merge,,,,,,
chen2023_cohort_t12m_paidany,n_employed,45,extraction_outcomes,,,,,2,stage-g-merge,,,,,,
chen2023_cohort_t12m_paidany,n_outcome_observed,65,extraction_outcomes,,,,,2,stage-g-merge,,,,,,
chen2023_cohort_t12m_paidany,denominator_basis,entered,extraction_outcomes,,,,,2,stage-g-merge,,,,,,
chen2023_cohort_t12m_paidany,followup_months,12,extraction_outcomes,,,,,2,stage-g-merge,,,,,,
chen2023_cohort_t12m_paidany,followup_basis,since_baseline,extraction_outcomes,,,,,2,stage-g-merge,,,,,,
chen2023_cohort_t12m_paidany,result_role,reported,extraction_outcomes,,,,,2,stage-g-merge,,,,,,
chen2023_cohort_t12m_paidany,conflict_status,none,extraction_outcomes,,,,,2,stage-g-merge,,,,,,
chen2023_cohort_t12m_paidany,arm_id,cohort,extraction_outcomes,,,,,2,stage-g-merge,,,,,,
chen2023_cohort_t12m_paidany,derivation_component_result_ids,,extraction_outcomes,,,,,2,stage-g-merge,,,,,,
chen2023_cohort_t12m_paidany,employment_selection_status,selected,extraction_cohorts,,,,,1,stage-g-merge,,,,,,
chen2023_cohort_t12m_paidany,diagnosis_group,schizophrenia,extraction_cohorts,,,,,2,stage-g-merge,,,,,,
chen2023_cohort_t12m_paidany,perc_qualifying_diagnosis,100,extraction_cohorts,,,,,2,stage-g-merge,,,,,,
chen2023_cohort_t12m_paidany,design,prospective_cohort,extraction_cohorts,,,,,1,stage-g-merge,,,,,,
chen2023_cohort_t12m_paidany,arm_type,cohort,extraction_arms,,,,,2,stage-g-merge,,,,,,
chen2023_cohort_t12m_paidany,analysis_selection_status,none,extraction_arms,,,,,2,stage-g-merge,,,,,,
chen2023_cohort_t12m_paidany,employment_targeted_intervention,not_applicable,extraction_arms,,,,,2,stage-g-merge,,,,,,
lin2026_pp1m_t0m_paidcomp,outcome_construct,paid_competitive,extraction_outcomes,,,,,2,stage-g-merge,,,,,,
lin2026_pp1m_t0m_paidcomp,ascertainment,point_prevalence,extraction_outcomes,,,,,2,stage-g-merge,,,,,,
lin2026_pp1m_t0m_paidcomp,ascertainment_window_months,,extraction_outcomes,,,,,2,stage-g-merge,,,,,,
lin2026_pp1m_t0m_paidcomp,n_employed,133,extraction_outcomes,,,,,2,stage-g-merge,,,,,,
lin2026_pp1m_t0m_paidcomp,n_outcome_observed,474,extraction_outcomes,,,,,2,stage-g-merge,,,,,,
lin2026_pp1m_t0m_paidcomp,denominator_basis,outcome_observed,extraction_outcomes,,,,,2,stage-g-merge,,,,,,
lin2026_pp1m_t0m_paidcomp,followup_months,0,extraction_outcomes,,,,,2,stage-g-merge,,,,,,
lin2026_pp1m_t0m_paidcomp,followup_basis,since_baseline,extraction_outcomes,,,,,2,stage-g-merge,,,,,,
lin2026_pp1m_t0m_paidcomp,result_role,reported,extraction_outcomes,,,,,2,stage-g-merge,,,,,,
lin2026_pp1m_t0m_paidcomp,conflict_status,none,extraction_outcomes,,,,,2,stage-g-merge,,,,,,
lin2026_pp1m_t0m_paidcomp,arm_id,cohort,extraction_outcomes,,,,,2,stage-g-merge,,,,,,
lin2026_pp1m_t0m_paidcomp,derivation_component_result_ids,,extraction_outcomes,,,,,2,stage-g-merge,,,,,,
lin2026_pp1m_t0m_paidcomp,employment_selection_status,none,extraction_cohorts,,,,,1,stage-g-merge,,,,,,
lin2026_pp1m_t0m_paidcomp,diagnosis_group,schizophrenia,extraction_cohorts,,,,,2,stage-g-merge,,,,,,
lin2026_pp1m_t0m_paidcomp,perc_qualifying_diagnosis,100,extraction_cohorts,,,,,2,stage-g-merge,,,,,,
lin2026_pp1m_t0m_paidcomp,design,non_randomised_trial,extraction_cohorts,,,,,1,stage-g-merge,,,,,,
lin2026_pp1m_t0m_paidcomp,arm_type,cohort,extraction_arms,,,,,2,stage-g-merge,,,,,,
lin2026_pp1m_t0m_paidcomp,analysis_selection_status,none,extraction_arms,,,,,2,stage-g-merge,,,,,,
lin2026_pp1m_t0m_paidcomp,employment_targeted_intervention,no,extraction_arms,,,,,2,stage-g-merge,,,,,,
lin2026_pp1m_t3m_paidcomp,outcome_construct,paid_competitive,extraction_outcomes,,,,,2,stage-g-merge,,,,,,
lin2026_pp1m_t3m_paidcomp,ascertainment,point_prevalence,extraction_outcomes,,,,,2,stage-g-merge,,,,,,
lin2026_pp1m_t3m_paidcomp,ascertainment_window_months,,extraction_outcomes,,,,,2,stage-g-merge,,,,,,
lin2026_pp1m_t3m_paidcomp,n_employed,133,extraction_outcomes,,,,,2,stage-g-merge,,,,,,
lin2026_pp1m_t3m_paidcomp,n_outcome_observed,390,extraction_outcomes,,,,,2,stage-g-merge,,,,,,
lin2026_pp1m_t3m_paidcomp,denominator_basis,outcome_observed,extraction_outcomes,,,,,2,stage-g-merge,,,,,,
lin2026_pp1m_t3m_paidcomp,followup_months,3,extraction_outcomes,,,,,2,stage-g-merge,,,,,,
lin2026_pp1m_t3m_paidcomp,followup_basis,since_baseline,extraction_outcomes,,,,,2,stage-g-merge,,,,,,
lin2026_pp1m_t3m_paidcomp,result_role,reported,extraction_outcomes,,,,,2,stage-g-merge,,,,,,
lin2026_pp1m_t3m_paidcomp,conflict_status,none,extraction_outcomes,,,,,2,stage-g-merge,,,,,,
lin2026_pp1m_t3m_paidcomp,arm_id,cohort,extraction_outcomes,,,,,2,stage-g-merge,,,,,,
lin2026_pp1m_t3m_paidcomp,derivation_component_result_ids,,extraction_outcomes,,,,,2,stage-g-merge,,,,,,
lin2026_pp1m_t3m_paidcomp,employment_selection_status,none,extraction_cohorts,,,,,1,stage-g-merge,,,,,,
lin2026_pp1m_t3m_paidcomp,diagnosis_group,schizophrenia,extraction_cohorts,,,,,2,stage-g-merge,,,,,,
lin2026_pp1m_t3m_paidcomp,perc_qualifying_diagnosis,100,extraction_cohorts,,,,,2,stage-g-merge,,,,,,
lin2026_pp1m_t3m_paidcomp,design,non_randomised_trial,extraction_cohorts,,,,,1,stage-g-merge,,,,,,
lin2026_pp1m_t3m_paidcomp,arm_type,cohort,extraction_arms,,,,,2,stage-g-merge,,,,,,
lin2026_pp1m_t3m_paidcomp,analysis_selection_status,none,extraction_arms,,,,,2,stage-g-merge,,,,,,
lin2026_pp1m_t3m_paidcomp,employment_targeted_intervention,no,extraction_arms,,,,,2,stage-g-merge,,,,,,
lin2026_pp1m_t6m_paidcomp,outcome_construct,paid_competitive,extraction_outcomes,,,,,2,stage-g-merge,,,,,,
lin2026_pp1m_t6m_paidcomp,ascertainment,point_prevalence,extraction_outcomes,,,,,2,stage-g-merge,,,,,,
lin2026_pp1m_t6m_paidcomp,ascertainment_window_months,,extraction_outcomes,,,,,2,stage-g-merge,,,,,,
lin2026_pp1m_t6m_paidcomp,n_employed,129,extraction_outcomes,,,,,2,stage-g-merge,,,,,,
lin2026_pp1m_t6m_paidcomp,n_outcome_observed,349,extraction_outcomes,,,,,2,stage-g-merge,,,,,,
lin2026_pp1m_t6m_paidcomp,denominator_basis,outcome_observed,extraction_outcomes,,,,,2,stage-g-merge,,,,,,
lin2026_pp1m_t6m_paidcomp,followup_months,6,extraction_outcomes,,,,,2,stage-g-merge,,,,,,
lin2026_pp1m_t6m_paidcomp,followup_basis,since_baseline,extraction_outcomes,,,,,2,stage-g-merge,,,,,,
lin2026_pp1m_t6m_paidcomp,result_role,reported,extraction_outcomes,,,,,2,stage-g-merge,,,,,,
lin2026_pp1m_t6m_paidcomp,conflict_status,none,extraction_outcomes,,,,,2,stage-g-merge,,,,,,
lin2026_pp1m_t6m_paidcomp,arm_id,cohort,extraction_outcomes,,,,,2,stage-g-merge,,,,,,
lin2026_pp1m_t6m_paidcomp,derivation_component_result_ids,,extraction_outcomes,,,,,2,stage-g-merge,,,,,,
lin2026_pp1m_t6m_paidcomp,employment_selection_status,none,extraction_cohorts,,,,,1,stage-g-merge,,,,,,
lin2026_pp1m_t6m_paidcomp,diagnosis_group,schizophrenia,extraction_cohorts,,,,,2,stage-g-merge,,,,,,
lin2026_pp1m_t6m_paidcomp,perc_qualifying_diagnosis,100,extraction_cohorts,,,,,2,stage-g-merge,,,,,,
lin2026_pp1m_t6m_paidcomp,design,non_randomised_trial,extraction_cohorts,,,,,1,stage-g-merge,,,,,,
lin2026_pp1m_t6m_paidcomp,arm_type,cohort,extraction_arms,,,,,2,stage-g-merge,,,,,,
lin2026_pp1m_t6m_paidcomp,analysis_selection_status,none,extraction_arms,,,,,2,stage-g-merge,,,,,,
lin2026_pp1m_t6m_paidcomp,employment_targeted_intervention,no,extraction_arms,,,,,2,stage-g-merge,,,,,,
lin2026_pp1m_t9m_paidcomp,outcome_construct,paid_competitive,extraction_outcomes,,,,,2,stage-g-merge,,,,,,
lin2026_pp1m_t9m_paidcomp,ascertainment,point_prevalence,extraction_outcomes,,,,,2,stage-g-merge,,,,,,
lin2026_pp1m_t9m_paidcomp,ascertainment_window_months,,extraction_outcomes,,,,,2,stage-g-merge,,,,,,
lin2026_pp1m_t9m_paidcomp,n_employed,127,extraction_outcomes,,,,,2,stage-g-merge,,,,,,
lin2026_pp1m_t9m_paidcomp,n_outcome_observed,321,extraction_outcomes,,,,,2,stage-g-merge,,,,,,
lin2026_pp1m_t9m_paidcomp,denominator_basis,outcome_observed,extraction_outcomes,,,,,2,stage-g-merge,,,,,,
lin2026_pp1m_t9m_paidcomp,followup_months,9,extraction_outcomes,,,,,2,stage-g-merge,,,,,,
lin2026_pp1m_t9m_paidcomp,followup_basis,since_baseline,extraction_outcomes,,,,,2,stage-g-merge,,,,,,
lin2026_pp1m_t9m_paidcomp,result_role,reported,extraction_outcomes,,,,,2,stage-g-merge,,,,,,
lin2026_pp1m_t9m_paidcomp,conflict_status,none,extraction_outcomes,,,,,2,stage-g-merge,,,,,,
lin2026_pp1m_t9m_paidcomp,arm_id,cohort,extraction_outcomes,,,,,2,stage-g-merge,,,,,,
lin2026_pp1m_t9m_paidcomp,derivation_component_result_ids,,extraction_outcomes,,,,,2,stage-g-merge,,,,,,
lin2026_pp1m_t9m_paidcomp,employment_selection_status,none,extraction_cohorts,,,,,1,stage-g-merge,,,,,,
lin2026_pp1m_t9m_paidcomp,diagnosis_group,schizophrenia,extraction_cohorts,,,,,2,stage-g-merge,,,,,,
lin2026_pp1m_t9m_paidcomp,perc_qualifying_diagnosis,100,extraction_cohorts,,,,,2,stage-g-merge,,,,,,
lin2026_pp1m_t9m_paidcomp,design,non_randomised_trial,extraction_cohorts,,,,,1,stage-g-merge,,,,,,
lin2026_pp1m_t9m_paidcomp,arm_type,cohort,extraction_arms,,,,,2,stage-g-merge,,,,,,
lin2026_pp1m_t9m_paidcomp,analysis_selection_status,none,extraction_arms,,,,,2,stage-g-merge,,,,,,
lin2026_pp1m_t9m_paidcomp,employment_targeted_intervention,no,extraction_arms,,,,,2,stage-g-merge,,,,,,
lin2026_pp1m_t12m_paidcomp,outcome_construct,paid_competitive,extraction_outcomes,,,,,2,stage-g-merge,,,,,,
lin2026_pp1m_t12m_paidcomp,ascertainment,point_prevalence,extraction_outcomes,,,,,2,stage-g-merge,,,,,,
lin2026_pp1m_t12m_paidcomp,ascertainment_window_months,,extraction_outcomes,,,,,2,stage-g-merge,,,,,,
lin2026_pp1m_t12m_paidcomp,n_employed,121,extraction_outcomes,,,,,2,stage-g-merge,,,,,,
lin2026_pp1m_t12m_paidcomp,n_outcome_observed,303,extraction_outcomes,,,,,2,stage-g-merge,,,,,,
lin2026_pp1m_t12m_paidcomp,denominator_basis,outcome_observed,extraction_outcomes,,,,,2,stage-g-merge,,,,,,
lin2026_pp1m_t12m_paidcomp,followup_months,12,extraction_outcomes,,,,,2,stage-g-merge,,,,,,
lin2026_pp1m_t12m_paidcomp,followup_basis,since_baseline,extraction_outcomes,,,,,2,stage-g-merge,,,,,,
lin2026_pp1m_t12m_paidcomp,result_role,reported,extraction_outcomes,,,,,2,stage-g-merge,,,,,,
lin2026_pp1m_t12m_paidcomp,conflict_status,none,extraction_outcomes,,,,,2,stage-g-merge,,,,,,
lin2026_pp1m_t12m_paidcomp,arm_id,cohort,extraction_outcomes,,,,,2,stage-g-merge,,,,,,
lin2026_pp1m_t12m_paidcomp,derivation_component_result_ids,,extraction_outcomes,,,,,2,stage-g-merge,,,,,,
lin2026_pp1m_t12m_paidcomp,employment_selection_status,none,extraction_cohorts,,,,,1,stage-g-merge,,,,,,
lin2026_pp1m_t12m_paidcomp,diagnosis_group,schizophrenia,extraction_cohorts,,,,,2,stage-g-merge,,,,,,
lin2026_pp1m_t12m_paidcomp,perc_qualifying_diagnosis,100,extraction_cohorts,,,,,2,stage-g-merge,,,,,,
lin2026_pp1m_t12m_paidcomp,design,non_randomised_trial,extraction_cohorts,,,,,1,stage-g-merge,,,,,,
lin2026_pp1m_t12m_paidcomp,arm_type,cohort,extraction_arms,,,,,2,stage-g-merge,,,,,,
lin2026_pp1m_t12m_paidcomp,analysis_selection_status,none,extraction_arms,,,,,2,stage-g-merge,,,,,,
lin2026_pp1m_t12m_paidcomp,employment_targeted_intervention,no,extraction_arms,,,,,2,stage-g-merge,,,,,,
lin2026_pp1m_t15m_paidcomp,outcome_construct,paid_competitive,extraction_outcomes,,,,,2,stage-g-merge,,,,,,
lin2026_pp1m_t15m_paidcomp,ascertainment,point_prevalence,extraction_outcomes,,,,,2,stage-g-merge,,,,,,
lin2026_pp1m_t15m_paidcomp,ascertainment_window_months,,extraction_outcomes,,,,,2,stage-g-merge,,,,,,
lin2026_pp1m_t15m_paidcomp,n_employed,119,extraction_outcomes,,,,,2,stage-g-merge,,,,,,
lin2026_pp1m_t15m_paidcomp,n_outcome_observed,289,extraction_outcomes,,,,,2,stage-g-merge,,,,,,
lin2026_pp1m_t15m_paidcomp,denominator_basis,outcome_observed,extraction_outcomes,,,,,2,stage-g-merge,,,,,,
lin2026_pp1m_t15m_paidcomp,followup_months,15,extraction_outcomes,,,,,2,stage-g-merge,,,,,,
lin2026_pp1m_t15m_paidcomp,followup_basis,since_baseline,extraction_outcomes,,,,,2,stage-g-merge,,,,,,
lin2026_pp1m_t15m_paidcomp,result_role,reported,extraction_outcomes,,,,,2,stage-g-merge,,,,,,
lin2026_pp1m_t15m_paidcomp,conflict_status,none,extraction_outcomes,,,,,2,stage-g-merge,,,,,,
lin2026_pp1m_t15m_paidcomp,arm_id,cohort,extraction_outcomes,,,,,2,stage-g-merge,,,,,,
lin2026_pp1m_t15m_paidcomp,derivation_component_result_ids,,extraction_outcomes,,,,,2,stage-g-merge,,,,,,
lin2026_pp1m_t15m_paidcomp,employment_selection_status,none,extraction_cohorts,,,,,1,stage-g-merge,,,,,,
lin2026_pp1m_t15m_paidcomp,diagnosis_group,schizophrenia,extraction_cohorts,,,,,2,stage-g-merge,,,,,,
lin2026_pp1m_t15m_paidcomp,perc_qualifying_diagnosis,100,extraction_cohorts,,,,,2,stage-g-merge,,,,,,
lin2026_pp1m_t15m_paidcomp,design,non_randomised_trial,extraction_cohorts,,,,,1,stage-g-merge,,,,,,
lin2026_pp1m_t15m_paidcomp,arm_type,cohort,extraction_arms,,,,,2,stage-g-merge,,,,,,
lin2026_pp1m_t15m_paidcomp,analysis_selection_status,none,extraction_arms,,,,,2,stage-g-merge,,,,,,
lin2026_pp1m_t15m_paidcomp,employment_targeted_intervention,no,extraction_arms,,,,,2,stage-g-merge,,,,,,
lin2026_pp1m_t18m_paidcomp,outcome_construct,paid_competitive,extraction_outcomes,,,,,2,stage-g-merge,,,,,,
lin2026_pp1m_t18m_paidcomp,ascertainment,point_prevalence,extraction_outcomes,,,,,2,stage-g-merge,,,,,,
lin2026_pp1m_t18m_paidcomp,ascertainment_window_months,,extraction_outcomes,,,,,2,stage-g-merge,,,,,,
lin2026_pp1m_t18m_paidcomp,n_employed,127,extraction_outcomes,,,,,2,stage-g-merge,,,,,,
lin2026_pp1m_t18m_paidcomp,n_outcome_observed,280,extraction_outcomes,,,,,2,stage-g-merge,,,,,,
lin2026_pp1m_t18m_paidcomp,denominator_basis,outcome_observed,extraction_outcomes,,,,,2,stage-g-merge,,,,,,
lin2026_pp1m_t18m_paidcomp,followup_months,18,extraction_outcomes,,,,,2,stage-g-merge,,,,,,
lin2026_pp1m_t18m_paidcomp,followup_basis,since_baseline,extraction_outcomes,,,,,2,stage-g-merge,,,,,,
lin2026_pp1m_t18m_paidcomp,result_role,reported,extraction_outcomes,,,,,2,stage-g-merge,,,,,,
lin2026_pp1m_t18m_paidcomp,conflict_status,none,extraction_outcomes,,,,,2,stage-g-merge,,,,,,
lin2026_pp1m_t18m_paidcomp,arm_id,cohort,extraction_outcomes,,,,,2,stage-g-merge,,,,,,
lin2026_pp1m_t18m_paidcomp,derivation_component_result_ids,,extraction_outcomes,,,,,2,stage-g-merge,,,,,,
lin2026_pp1m_t18m_paidcomp,employment_selection_status,none,extraction_cohorts,,,,,1,stage-g-merge,,,,,,
lin2026_pp1m_t18m_paidcomp,diagnosis_group,schizophrenia,extraction_cohorts,,,,,2,stage-g-merge,,,,,,
lin2026_pp1m_t18m_paidcomp,perc_qualifying_diagnosis,100,extraction_cohorts,,,,,2,stage-g-merge,,,,,,
lin2026_pp1m_t18m_paidcomp,design,non_randomised_trial,extraction_cohorts,,,,,1,stage-g-merge,,,,,,
lin2026_pp1m_t18m_paidcomp,arm_type,cohort,extraction_arms,,,,,2,stage-g-merge,,,,,,
lin2026_pp1m_t18m_paidcomp,analysis_selection_status,none,extraction_arms,,,,,2,stage-g-merge,,,,,,
lin2026_pp1m_t18m_paidcomp,employment_targeted_intervention,no,extraction_arms,,,,,2,stage-g-merge,,,,,,
rautio2016_cohort_age44_45_band_25_49,outcome_construct,paid_intensity_threshold,extraction_outcomes,,,,,2,stage-g-merge,,,,,,
rautio2016_cohort_age44_45_band_25_49,ascertainment,period_prevalence,extraction_outcomes,,,,,2,stage-g-merge,,,,,,
rautio2016_cohort_age44_45_band_25_49,ascertainment_window_months,24,extraction_outcomes,,,,,2,stage-g-merge,,,,,,
rautio2016_cohort_age44_45_band_25_49,n_employed,5,extraction_outcomes,,,,,2,stage-g-merge,,,,,,
rautio2016_cohort_age44_45_band_25_49,n_outcome_observed,161,extraction_outcomes,,,,,2,stage-g-merge,,,,,,
rautio2016_cohort_age44_45_band_25_49,denominator_basis,outcome_observed,extraction_outcomes,,,,,2,stage-g-merge,,,,,,
rautio2016_cohort_age44_45_band_25_49,followup_months,,extraction_outcomes,,,,,2,stage-g-merge,,,,,,
rautio2016_cohort_age44_45_band_25_49,followup_basis,chronological_age,extraction_outcomes,,,,,2,stage-g-merge,,,,,,
rautio2016_cohort_age44_45_band_25_49,result_role,component_only,extraction_outcomes,,,,,2,stage-g-merge,,,,,,
rautio2016_cohort_age44_45_band_25_49,conflict_status,none,extraction_outcomes,,,,,2,stage-g-merge,,,,,,
rautio2016_cohort_age44_45_band_25_49,arm_id,cohort,extraction_outcomes,,,,,2,stage-g-merge,,,,,,
rautio2016_cohort_age44_45_band_25_49,derivation_component_result_ids,,extraction_outcomes,,,,,2,stage-g-merge,,,,,,
rautio2016_cohort_age44_45_band_25_49,employment_selection_status,none,extraction_cohorts,,,,,1,stage-g-merge,,,,,,
rautio2016_cohort_age44_45_band_25_49,diagnosis_group,psychosis_mixed,extraction_cohorts,,,,,2,stage-g-merge,,,,,,
rautio2016_cohort_age44_45_band_25_49,perc_qualifying_diagnosis,100,extraction_cohorts,,,,,2,stage-g-merge,,,,,,
rautio2016_cohort_age44_45_band_25_49,design,register_cohort,extraction_cohorts,,,,,1,stage-g-merge,,,,,,
rautio2016_cohort_age44_45_band_25_49,arm_type,cohort,extraction_arms,,,,,2,stage-g-merge,,,,,,
rautio2016_cohort_age44_45_band_25_49,analysis_selection_status,none,extraction_arms,,,,,2,stage-g-merge,,,,,,
rautio2016_cohort_age44_45_band_25_49,employment_targeted_intervention,not_applicable,extraction_arms,,,,,2,stage-g-merge,,,,,,
rautio2016_cohort_age44_45_band_50_74,outcome_construct,paid_intensity_threshold,extraction_outcomes,,,,,2,stage-g-merge,,,,,,
rautio2016_cohort_age44_45_band_50_74,ascertainment,period_prevalence,extraction_outcomes,,,,,2,stage-g-merge,,,,,,
rautio2016_cohort_age44_45_band_50_74,ascertainment_window_months,24,extraction_outcomes,,,,,2,stage-g-merge,,,,,,
rautio2016_cohort_age44_45_band_50_74,n_employed,5,extraction_outcomes,,,,,2,stage-g-merge,,,,,,
rautio2016_cohort_age44_45_band_50_74,n_outcome_observed,161,extraction_outcomes,,,,,2,stage-g-merge,,,,,,
rautio2016_cohort_age44_45_band_50_74,denominator_basis,outcome_observed,extraction_outcomes,,,,,2,stage-g-merge,,,,,,
rautio2016_cohort_age44_45_band_50_74,followup_months,,extraction_outcomes,,,,,2,stage-g-merge,,,,,,
rautio2016_cohort_age44_45_band_50_74,followup_basis,chronological_age,extraction_outcomes,,,,,2,stage-g-merge,,,,,,
rautio2016_cohort_age44_45_band_50_74,result_role,component_only,extraction_outcomes,,,,,2,stage-g-merge,,,,,,
rautio2016_cohort_age44_45_band_50_74,conflict_status,none,extraction_outcomes,,,,,2,stage-g-merge,,,,,,
rautio2016_cohort_age44_45_band_50_74,arm_id,cohort,extraction_outcomes,,,,,2,stage-g-merge,,,,,,
rautio2016_cohort_age44_45_band_50_74,derivation_component_result_ids,,extraction_outcomes,,,,,2,stage-g-merge,,,,,,
rautio2016_cohort_age44_45_band_50_74,employment_selection_status,none,extraction_cohorts,,,,,1,stage-g-merge,,,,,,
rautio2016_cohort_age44_45_band_50_74,diagnosis_group,psychosis_mixed,extraction_cohorts,,,,,2,stage-g-merge,,,,,,
rautio2016_cohort_age44_45_band_50_74,perc_qualifying_diagnosis,100,extraction_cohorts,,,,,2,stage-g-merge,,,,,,
rautio2016_cohort_age44_45_band_50_74,design,register_cohort,extraction_cohorts,,,,,1,stage-g-merge,,,,,,
rautio2016_cohort_age44_45_band_50_74,arm_type,cohort,extraction_arms,,,,,2,stage-g-merge,,,,,,
rautio2016_cohort_age44_45_band_50_74,analysis_selection_status,none,extraction_arms,,,,,2,stage-g-merge,,,,,,
rautio2016_cohort_age44_45_band_50_74,employment_targeted_intervention,not_applicable,extraction_arms,,,,,2,stage-g-merge,,,,,,
rautio2016_cohort_age44_45_band_75plus,outcome_construct,paid_intensity_threshold,extraction_outcomes,,,,,2,stage-g-merge,,,,,,
rautio2016_cohort_age44_45_band_75plus,ascertainment,period_prevalence,extraction_outcomes,,,,,2,stage-g-merge,,,,,,
rautio2016_cohort_age44_45_band_75plus,ascertainment_window_months,24,extraction_outcomes,,,,,2,stage-g-merge,,,,,,
rautio2016_cohort_age44_45_band_75plus,n_employed,8,extraction_outcomes,,,,,2,stage-g-merge,,,,,,
rautio2016_cohort_age44_45_band_75plus,n_outcome_observed,161,extraction_outcomes,,,,,2,stage-g-merge,,,,,,
rautio2016_cohort_age44_45_band_75plus,denominator_basis,outcome_observed,extraction_outcomes,,,,,2,stage-g-merge,,,,,,
rautio2016_cohort_age44_45_band_75plus,followup_months,,extraction_outcomes,,,,,2,stage-g-merge,,,,,,
rautio2016_cohort_age44_45_band_75plus,followup_basis,chronological_age,extraction_outcomes,,,,,2,stage-g-merge,,,,,,
rautio2016_cohort_age44_45_band_75plus,result_role,component_only,extraction_outcomes,,,,,2,stage-g-merge,,,,,,
rautio2016_cohort_age44_45_band_75plus,conflict_status,none,extraction_outcomes,,,,,2,stage-g-merge,,,,,,
rautio2016_cohort_age44_45_band_75plus,arm_id,cohort,extraction_outcomes,,,,,2,stage-g-merge,,,,,,
rautio2016_cohort_age44_45_band_75plus,derivation_component_result_ids,,extraction_outcomes,,,,,2,stage-g-merge,,,,,,
rautio2016_cohort_age44_45_band_75plus,employment_selection_status,none,extraction_cohorts,,,,,1,stage-g-merge,,,,,,
rautio2016_cohort_age44_45_band_75plus,diagnosis_group,psychosis_mixed,extraction_cohorts,,,,,2,stage-g-merge,,,,,,
rautio2016_cohort_age44_45_band_75plus,perc_qualifying_diagnosis,100,extraction_cohorts,,,,,2,stage-g-merge,,,,,,
rautio2016_cohort_age44_45_band_75plus,design,register_cohort,extraction_cohorts,,,,,1,stage-g-merge,,,,,,
rautio2016_cohort_age44_45_band_75plus,arm_type,cohort,extraction_arms,,,,,2,stage-g-merge,,,,,,
rautio2016_cohort_age44_45_band_75plus,analysis_selection_status,none,extraction_arms,,,,,2,stage-g-merge,,,,,,
rautio2016_cohort_age44_45_band_75plus,employment_targeted_intervention,not_applicable,extraction_arms,,,,,2,stage-g-merge,,,,,,
chang2016_fes_t36m_paidoredu,outcome_construct,paid_or_education,extraction_outcomes,,,,,2,stage-g-merge,,,,,,
chang2016_fes_t36m_paidoredu,ascertainment,period_prevalence,extraction_outcomes,,,,,2,stage-g-merge,,,,,,
chang2016_fes_t36m_paidoredu,ascertainment_window_months,12,extraction_outcomes,,,,,2,stage-g-merge,,,,,,
chang2016_fes_t36m_paidoredu,n_employed,111,extraction_outcomes,,,,,2,stage-g-merge,,,,,,
chang2016_fes_t36m_paidoredu,n_outcome_observed,,extraction_outcomes,,,,,2,stage-g-merge,,,,,,
chang2016_fes_t36m_paidoredu,denominator_basis,unclear,extraction_outcomes,,,,,2,stage-g-merge,,,,,,
chang2016_fes_t36m_paidoredu,followup_months,36,extraction_outcomes,,,,,2,stage-g-merge,,,,,,
chang2016_fes_t36m_paidoredu,followup_basis,since_baseline,extraction_outcomes,,,,,2,stage-g-merge,,,,,,
chang2016_fes_t36m_paidoredu,result_role,reported,extraction_outcomes,,,,,2,stage-g-merge,,,,,,
chang2016_fes_t36m_paidoredu,conflict_status,unresolved,extraction_outcomes,,,,,2,stage-g-merge,,,,,,
chang2016_fes_t36m_paidoredu,arm_id,fes,extraction_outcomes,,,,,2,stage-g-merge,,,,,,
chang2016_fes_t36m_paidoredu,derivation_component_result_ids,,extraction_outcomes,,,,,2,stage-g-merge,,,,,,
chang2016_fes_t36m_paidoredu,employment_selection_status,none,extraction_cohorts,,,,,1,stage-g-merge,,,,,,
chang2016_fes_t36m_paidoredu,diagnosis_group,psychosis_mixed,extraction_cohorts,,,,,2,stage-g-merge,,,,,,
chang2016_fes_t36m_paidoredu,perc_qualifying_diagnosis,100,extraction_cohorts,,,,,2,stage-g-merge,,,,,,
chang2016_fes_t36m_paidoredu,design,retrospective_cohort,extraction_cohorts,,,,,1,stage-g-merge,,,,,,
chang2016_fes_t36m_paidoredu,arm_type,subgroup,extraction_arms,,,,,2,stage-g-merge,,,,,,
chang2016_fes_t36m_paidoredu,analysis_selection_status,none,extraction_arms,,,,,2,stage-g-merge,,,,,,
chang2016_fes_t36m_paidoredu,employment_targeted_intervention,,extraction_arms,,,,,2,stage-g-merge,,,,,,
chang2016_femp_t36m_paidoredu,outcome_construct,paid_or_education,extraction_outcomes,,,,,2,stage-g-merge,,,,,,
chang2016_femp_t36m_paidoredu,ascertainment,period_prevalence,extraction_outcomes,,,,,2,stage-g-merge,,,,,,
chang2016_femp_t36m_paidoredu,ascertainment_window_months,12,extraction_outcomes,,,,,2,stage-g-merge,,,,,,
chang2016_femp_t36m_paidoredu,n_employed,21,extraction_outcomes,,,,,2,stage-g-merge,,,,,,
chang2016_femp_t36m_paidoredu,n_outcome_observed,,extraction_outcomes,,,,,2,stage-g-merge,,,,,,
chang2016_femp_t36m_paidoredu,denominator_basis,unclear,extraction_outcomes,,,,,2,stage-g-merge,,,,,,
chang2016_femp_t36m_paidoredu,followup_months,36,extraction_outcomes,,,,,2,stage-g-merge,,,,,,
chang2016_femp_t36m_paidoredu,followup_basis,since_baseline,extraction_outcomes,,,,,2,stage-g-merge,,,,,,
chang2016_femp_t36m_paidoredu,result_role,reported,extraction_outcomes,,,,,2,stage-g-merge,,,,,,
chang2016_femp_t36m_paidoredu,conflict_status,unresolved,extraction_outcomes,,,,,2,stage-g-merge,,,,,,
chang2016_femp_t36m_paidoredu,arm_id,femp,extraction_outcomes,,,,,2,stage-g-merge,,,,,,
chang2016_femp_t36m_paidoredu,derivation_component_result_ids,,extraction_outcomes,,,,,2,stage-g-merge,,,,,,
chang2016_femp_t36m_paidoredu,employment_selection_status,none,extraction_cohorts,,,,,1,stage-g-merge,,,,,,
chang2016_femp_t36m_paidoredu,diagnosis_group,psychosis_mixed,extraction_cohorts,,,,,2,stage-g-merge,,,,,,
chang2016_femp_t36m_paidoredu,perc_qualifying_diagnosis,100,extraction_cohorts,,,,,2,stage-g-merge,,,,,,
chang2016_femp_t36m_paidoredu,design,retrospective_cohort,extraction_cohorts,,,,,1,stage-g-merge,,,,,,
chang2016_femp_t36m_paidoredu,arm_type,subgroup,extraction_arms,,,,,2,stage-g-merge,,,,,,
chang2016_femp_t36m_paidoredu,analysis_selection_status,none,extraction_arms,,,,,2,stage-g-merge,,,,,,
chang2016_femp_t36m_paidoredu,employment_targeted_intervention,,extraction_arms,,,,,2,stage-g-merge,,,,,,
evensen2017_cohort_t24m_paidcomp,outcome_construct,paid_competitive,extraction_outcomes,,,,,2,stage-g-merge,,,,,,
evensen2017_cohort_t24m_paidcomp,ascertainment,point_prevalence,extraction_outcomes,,,,,2,stage-g-merge,,,,,,
evensen2017_cohort_t24m_paidcomp,ascertainment_window_months,,extraction_outcomes,,,,,2,stage-g-merge,,,,,,
evensen2017_cohort_t24m_paidcomp,n_employed,31,extraction_outcomes,,,,,2,stage-g-merge,,,,,,
evensen2017_cohort_t24m_paidcomp,n_outcome_observed,139,extraction_outcomes,,,,,2,stage-g-merge,,,,,,
evensen2017_cohort_t24m_paidcomp,denominator_basis,outcome_observed,extraction_outcomes,,,,,2,stage-g-merge,,,,,,
evensen2017_cohort_t24m_paidcomp,followup_months,24,extraction_outcomes,,,,,2,stage-g-merge,,,,,,
evensen2017_cohort_t24m_paidcomp,followup_basis,since_baseline,extraction_outcomes,,,,,2,stage-g-merge,,,,,,
evensen2017_cohort_t24m_paidcomp,result_role,reported,extraction_outcomes,,,,,2,stage-g-merge,,,,,,
evensen2017_cohort_t24m_paidcomp,conflict_status,none,extraction_outcomes,,,,,2,stage-g-merge,,,,,,
evensen2017_cohort_t24m_paidcomp,arm_id,cohort,extraction_outcomes,,,,,2,stage-g-merge,,,,,,
evensen2017_cohort_t24m_paidcomp,derivation_component_result_ids,,extraction_outcomes,,,,,2,stage-g-merge,,,,,,
evensen2017_cohort_t24m_paidcomp,employment_selection_status,selected,extraction_cohorts,,,,,1,stage-g-merge,,,,,,
evensen2017_cohort_t24m_paidcomp,diagnosis_group,schizophrenia,extraction_cohorts,,,,,2,stage-g-merge,,,,,,
evensen2017_cohort_t24m_paidcomp,perc_qualifying_diagnosis,100,extraction_cohorts,,,,,2,stage-g-merge,,,,,,
evensen2017_cohort_t24m_paidcomp,design,cluster_rct,extraction_cohorts,,,,,1,stage-g-merge,,,,,,
evensen2017_cohort_t24m_paidcomp,arm_type,cohort,extraction_arms,,,,,2,stage-g-merge,,,,,,
evensen2017_cohort_t24m_paidcomp,analysis_selection_status,selected,extraction_arms,,,,,2,stage-g-merge,,,,,,
evensen2017_cohort_t24m_paidcomp,employment_targeted_intervention,yes,extraction_arms,,,,,2,stage-g-merge,,,,,,
evensen2017_cohort_t24m_paidshelt,outcome_construct,paid_sheltered_noncompetitive,extraction_outcomes,,,,,2,stage-g-merge,,,,,,
evensen2017_cohort_t24m_paidshelt,ascertainment,point_prevalence,extraction_outcomes,,,,,2,stage-g-merge,,,,,,
evensen2017_cohort_t24m_paidshelt,ascertainment_window_months,,extraction_outcomes,,,,,2,stage-g-merge,,,,,,
evensen2017_cohort_t24m_paidshelt,n_employed,20,extraction_outcomes,,,,,2,stage-g-merge,,,,,,
evensen2017_cohort_t24m_paidshelt,n_outcome_observed,139,extraction_outcomes,,,,,2,stage-g-merge,,,,,,
evensen2017_cohort_t24m_paidshelt,denominator_basis,outcome_observed,extraction_outcomes,,,,,2,stage-g-merge,,,,,,
evensen2017_cohort_t24m_paidshelt,followup_months,24,extraction_outcomes,,,,,2,stage-g-merge,,,,,,
evensen2017_cohort_t24m_paidshelt,followup_basis,since_baseline,extraction_outcomes,,,,,2,stage-g-merge,,,,,,
evensen2017_cohort_t24m_paidshelt,result_role,reported,extraction_outcomes,,,,,2,stage-g-merge,,,,,,
evensen2017_cohort_t24m_paidshelt,conflict_status,none,extraction_outcomes,,,,,2,stage-g-merge,,,,,,
evensen2017_cohort_t24m_paidshelt,arm_id,cohort,extraction_outcomes,,,,,2,stage-g-merge,,,,,,
evensen2017_cohort_t24m_paidshelt,derivation_component_result_ids,,extraction_outcomes,,,,,2,stage-g-merge,,,,,,
evensen2017_cohort_t24m_paidshelt,employment_selection_status,selected,extraction_cohorts,,,,,1,stage-g-merge,,,,,,
evensen2017_cohort_t24m_paidshelt,diagnosis_group,schizophrenia,extraction_cohorts,,,,,2,stage-g-merge,,,,,,
evensen2017_cohort_t24m_paidshelt,perc_qualifying_diagnosis,100,extraction_cohorts,,,,,2,stage-g-merge,,,,,,
evensen2017_cohort_t24m_paidshelt,design,cluster_rct,extraction_cohorts,,,,,1,stage-g-merge,,,,,,
evensen2017_cohort_t24m_paidshelt,arm_type,cohort,extraction_arms,,,,,2,stage-g-merge,,,,,,
evensen2017_cohort_t24m_paidshelt,analysis_selection_status,selected,extraction_arms,,,,,2,stage-g-merge,,,,,,
evensen2017_cohort_t24m_paidshelt,employment_targeted_intervention,yes,extraction_arms,,,,,2,stage-g-merge,,,,,,
evensen2017_cohort_t24m_vocact,outcome_construct,vocational_activity,extraction_outcomes,,,,,2,stage-g-merge,,,,,,
evensen2017_cohort_t24m_vocact,ascertainment,point_prevalence,extraction_outcomes,,,,,2,stage-g-merge,,,,,,
evensen2017_cohort_t24m_vocact,ascertainment_window_months,,extraction_outcomes,,,,,2,stage-g-merge,,,,,,
evensen2017_cohort_t24m_vocact,n_employed,37,extraction_outcomes,,,,,2,stage-g-merge,,,,,,
evensen2017_cohort_t24m_vocact,n_outcome_observed,139,extraction_outcomes,,,,,2,stage-g-merge,,,,,,
evensen2017_cohort_t24m_vocact,denominator_basis,outcome_observed,extraction_outcomes,,,,,2,stage-g-merge,,,,,,
evensen2017_cohort_t24m_vocact,followup_months,24,extraction_outcomes,,,,,2,stage-g-merge,,,,,,
evensen2017_cohort_t24m_vocact,followup_basis,since_baseline,extraction_outcomes,,,,,2,stage-g-merge,,,,,,
evensen2017_cohort_t24m_vocact,result_role,reported,extraction_outcomes,,,,,2,stage-g-merge,,,,,,
evensen2017_cohort_t24m_vocact,conflict_status,none,extraction_outcomes,,,,,2,stage-g-merge,,,,,,
evensen2017_cohort_t24m_vocact,arm_id,cohort,extraction_outcomes,,,,,2,stage-g-merge,,,,,,
evensen2017_cohort_t24m_vocact,derivation_component_result_ids,,extraction_outcomes,,,,,2,stage-g-merge,,,,,,
evensen2017_cohort_t24m_vocact,employment_selection_status,selected,extraction_cohorts,,,,,1,stage-g-merge,,,,,,
evensen2017_cohort_t24m_vocact,diagnosis_group,schizophrenia,extraction_cohorts,,,,,2,stage-g-merge,,,,,,
evensen2017_cohort_t24m_vocact,perc_qualifying_diagnosis,100,extraction_cohorts,,,,,2,stage-g-merge,,,,,,
evensen2017_cohort_t24m_vocact,design,cluster_rct,extraction_cohorts,,,,,1,stage-g-merge,,,,,,
evensen2017_cohort_t24m_vocact,arm_type,cohort,extraction_arms,,,,,2,stage-g-merge,,,,,,
evensen2017_cohort_t24m_vocact,analysis_selection_status,selected,extraction_arms,,,,,2,stage-g-merge,,,,,,
evensen2017_cohort_t24m_vocact,employment_targeted_intervention,yes,extraction_arms,,,,,2,stage-g-merge,,,,,,
gjerdalen2023_cohort_t60m_paidcomp,outcome_construct,paid_competitive,extraction_outcomes,,,,,2,stage-g-merge,,,,,,
gjerdalen2023_cohort_t60m_paidcomp,ascertainment,period_prevalence,extraction_outcomes,,,,,2,stage-g-merge,,,,,,
gjerdalen2023_cohort_t60m_paidcomp,ascertainment_window_months,12,extraction_outcomes,,,,,2,stage-g-merge,,,,,,
gjerdalen2023_cohort_t60m_paidcomp,n_employed,33,extraction_outcomes,,,,,2,stage-g-merge,,,,,,
gjerdalen2023_cohort_t60m_paidcomp,n_outcome_observed,148,extraction_outcomes,,,,,2,stage-g-merge,,,,,,
gjerdalen2023_cohort_t60m_paidcomp,denominator_basis,entered,extraction_outcomes,,,,,2,stage-g-merge,,,,,,
gjerdalen2023_cohort_t60m_paidcomp,followup_months,60,extraction_outcomes,,,,,2,stage-g-merge,,,,,,
gjerdalen2023_cohort_t60m_paidcomp,followup_basis,since_baseline,extraction_outcomes,,,,,2,stage-g-merge,,,,,,
gjerdalen2023_cohort_t60m_paidcomp,result_role,reported,extraction_outcomes,,,,,2,stage-g-merge,,,,,,
gjerdalen2023_cohort_t60m_paidcomp,conflict_status,none,extraction_outcomes,,,,,2,stage-g-merge,,,,,,
gjerdalen2023_cohort_t60m_paidcomp,arm_id,cohort,extraction_outcomes,,,,,2,stage-g-merge,,,,,,
gjerdalen2023_cohort_t60m_paidcomp,derivation_component_result_ids,,extraction_outcomes,,,,,2,stage-g-merge,,,,,,
gjerdalen2023_cohort_t60m_paidcomp,employment_selection_status,selected,extraction_cohorts,,,,,1,stage-g-merge,,,,,,
gjerdalen2023_cohort_t60m_paidcomp,diagnosis_group,schizophrenia,extraction_cohorts,,,,,2,stage-g-merge,,,,,,
gjerdalen2023_cohort_t60m_paidcomp,perc_qualifying_diagnosis,100,extraction_cohorts,,,,,2,stage-g-merge,,,,,,
gjerdalen2023_cohort_t60m_paidcomp,design,cluster_rct,extraction_cohorts,,,,,1,stage-g-merge,,,,,,
gjerdalen2023_cohort_t60m_paidcomp,arm_type,cohort,extraction_arms,,,,,2,stage-g-merge,,,,,,
gjerdalen2023_cohort_t60m_paidcomp,analysis_selection_status,selected,extraction_arms,,,,,2,stage-g-merge,,,,,,
gjerdalen2023_cohort_t60m_paidcomp,employment_targeted_intervention,yes,extraction_arms,,,,,2,stage-g-merge,,,,,,
gjerdalen2023_cohort_t60m_vocact_any,outcome_construct,vocational_activity,extraction_outcomes,,,,,2,stage-g-merge,,,,,,
gjerdalen2023_cohort_t60m_vocact_any,ascertainment,period_prevalence,extraction_outcomes,,,,,2,stage-g-merge,,,,,,
gjerdalen2023_cohort_t60m_vocact_any,ascertainment_window_months,12,extraction_outcomes,,,,,2,stage-g-merge,,,,,,
gjerdalen2023_cohort_t60m_vocact_any,n_employed,,extraction_outcomes,,,,,2,stage-g-merge,,,,,,
gjerdalen2023_cohort_t60m_vocact_any,n_outcome_observed,,extraction_outcomes,,,,,2,stage-g-merge,,,,,,
gjerdalen2023_cohort_t60m_vocact_any,denominator_basis,,extraction_outcomes,,,,,2,stage-g-merge,,,,,,
gjerdalen2023_cohort_t60m_vocact_any,followup_months,60,extraction_outcomes,,,,,2,stage-g-merge,,,,,,
gjerdalen2023_cohort_t60m_vocact_any,followup_basis,since_baseline,extraction_outcomes,,,,,2,stage-g-merge,,,,,,
gjerdalen2023_cohort_t60m_vocact_any,result_role,reported,extraction_outcomes,,,,,2,stage-g-merge,,,,,,
gjerdalen2023_cohort_t60m_vocact_any,conflict_status,none,extraction_outcomes,,,,,2,stage-g-merge,,,,,,
gjerdalen2023_cohort_t60m_vocact_any,arm_id,cohort,extraction_outcomes,,,,,2,stage-g-merge,,,,,,
gjerdalen2023_cohort_t60m_vocact_any,derivation_component_result_ids,,extraction_outcomes,,,,,2,stage-g-merge,,,,,,
gjerdalen2023_cohort_t60m_vocact_any,employment_selection_status,selected,extraction_cohorts,,,,,1,stage-g-merge,,,,,,
gjerdalen2023_cohort_t60m_vocact_any,diagnosis_group,schizophrenia,extraction_cohorts,,,,,2,stage-g-merge,,,,,,
gjerdalen2023_cohort_t60m_vocact_any,perc_qualifying_diagnosis,100,extraction_cohorts,,,,,2,stage-g-merge,,,,,,
gjerdalen2023_cohort_t60m_vocact_any,design,cluster_rct,extraction_cohorts,,,,,1,stage-g-merge,,,,,,
gjerdalen2023_cohort_t60m_vocact_any,arm_type,cohort,extraction_arms,,,,,2,stage-g-merge,,,,,,
gjerdalen2023_cohort_t60m_vocact_any,analysis_selection_status,selected,extraction_arms,,,,,2,stage-g-merge,,,,,,
gjerdalen2023_cohort_t60m_vocact_any,employment_targeted_intervention,yes,extraction_arms,,,,,2,stage-g-merge,,,,,,
gjerdalen2023_cohort_t60m_paidshelt,outcome_construct,paid_sheltered_noncompetitive,extraction_outcomes,,,,,2,stage-g-merge,,,,,,
gjerdalen2023_cohort_t60m_paidshelt,ascertainment,period_prevalence,extraction_outcomes,,,,,2,stage-g-merge,,,,,,
gjerdalen2023_cohort_t60m_paidshelt,ascertainment_window_months,12,extraction_outcomes,,,,,2,stage-g-merge,,,,,,
gjerdalen2023_cohort_t60m_paidshelt,n_employed,,extraction_outcomes,,,,,2,stage-g-merge,,,,,,
gjerdalen2023_cohort_t60m_paidshelt,n_outcome_observed,,extraction_outcomes,,,,,2,stage-g-merge,,,,,,
gjerdalen2023_cohort_t60m_paidshelt,denominator_basis,,extraction_outcomes,,,,,2,stage-g-merge,,,,,,
gjerdalen2023_cohort_t60m_paidshelt,followup_months,60,extraction_outcomes,,,,,2,stage-g-merge,,,,,,
gjerdalen2023_cohort_t60m_paidshelt,followup_basis,since_baseline,extraction_outcomes,,,,,2,stage-g-merge,,,,,,
gjerdalen2023_cohort_t60m_paidshelt,result_role,reported,extraction_outcomes,,,,,2,stage-g-merge,,,,,,
gjerdalen2023_cohort_t60m_paidshelt,conflict_status,none,extraction_outcomes,,,,,2,stage-g-merge,,,,,,
gjerdalen2023_cohort_t60m_paidshelt,arm_id,cohort,extraction_outcomes,,,,,2,stage-g-merge,,,,,,
gjerdalen2023_cohort_t60m_paidshelt,derivation_component_result_ids,,extraction_outcomes,,,,,2,stage-g-merge,,,,,,
gjerdalen2023_cohort_t60m_paidshelt,employment_selection_status,selected,extraction_cohorts,,,,,1,stage-g-merge,,,,,,
gjerdalen2023_cohort_t60m_paidshelt,diagnosis_group,schizophrenia,extraction_cohorts,,,,,2,stage-g-merge,,,,,,
gjerdalen2023_cohort_t60m_paidshelt,perc_qualifying_diagnosis,100,extraction_cohorts,,,,,2,stage-g-merge,,,,,,
gjerdalen2023_cohort_t60m_paidshelt,design,cluster_rct,extraction_cohorts,,,,,1,stage-g-merge,,,,,,
gjerdalen2023_cohort_t60m_paidshelt,arm_type,cohort,extraction_arms,,,,,2,stage-g-merge,,,,,,
gjerdalen2023_cohort_t60m_paidshelt,analysis_selection_status,selected,extraction_arms,,,,,2,stage-g-merge,,,,,,
gjerdalen2023_cohort_t60m_paidshelt,employment_targeted_intervention,yes,extraction_arms,,,,,2,stage-g-merge,,,,,,
gjerdalen2023_cohort_t60m_vocact_placement,outcome_construct,vocational_activity,extraction_outcomes,,,,,2,stage-g-merge,,,,,,
gjerdalen2023_cohort_t60m_vocact_placement,ascertainment,period_prevalence,extraction_outcomes,,,,,2,stage-g-merge,,,,,,
gjerdalen2023_cohort_t60m_vocact_placement,ascertainment_window_months,12,extraction_outcomes,,,,,2,stage-g-merge,,,,,,
gjerdalen2023_cohort_t60m_vocact_placement,n_employed,,extraction_outcomes,,,,,2,stage-g-merge,,,,,,
gjerdalen2023_cohort_t60m_vocact_placement,n_outcome_observed,,extraction_outcomes,,,,,2,stage-g-merge,,,,,,
gjerdalen2023_cohort_t60m_vocact_placement,denominator_basis,,extraction_outcomes,,,,,2,stage-g-merge,,,,,,
gjerdalen2023_cohort_t60m_vocact_placement,followup_months,60,extraction_outcomes,,,,,2,stage-g-merge,,,,,,
gjerdalen2023_cohort_t60m_vocact_placement,followup_basis,since_baseline,extraction_outcomes,,,,,2,stage-g-merge,,,,,,
gjerdalen2023_cohort_t60m_vocact_placement,result_role,reported,extraction_outcomes,,,,,2,stage-g-merge,,,,,,
gjerdalen2023_cohort_t60m_vocact_placement,conflict_status,none,extraction_outcomes,,,,,2,stage-g-merge,,,,,,
gjerdalen2023_cohort_t60m_vocact_placement,arm_id,cohort,extraction_outcomes,,,,,2,stage-g-merge,,,,,,
gjerdalen2023_cohort_t60m_vocact_placement,derivation_component_result_ids,,extraction_outcomes,,,,,2,stage-g-merge,,,,,,
gjerdalen2023_cohort_t60m_vocact_placement,employment_selection_status,selected,extraction_cohorts,,,,,1,stage-g-merge,,,,,,
gjerdalen2023_cohort_t60m_vocact_placement,diagnosis_group,schizophrenia,extraction_cohorts,,,,,2,stage-g-merge,,,,,,
gjerdalen2023_cohort_t60m_vocact_placement,perc_qualifying_diagnosis,100,extraction_cohorts,,,,,2,stage-g-merge,,,,,,
gjerdalen2023_cohort_t60m_vocact_placement,design,cluster_rct,extraction_cohorts,,,,,1,stage-g-merge,,,,,,
gjerdalen2023_cohort_t60m_vocact_placement,arm_type,cohort,extraction_arms,,,,,2,stage-g-merge,,,,,,
gjerdalen2023_cohort_t60m_vocact_placement,analysis_selection_status,selected,extraction_arms,,,,,2,stage-g-merge,,,,,,
gjerdalen2023_cohort_t60m_vocact_placement,employment_targeted_intervention,yes,extraction_arms,,,,,2,stage-g-merge,,,,,,
gjerdalen2023_cohort_t10m_paidcomp,outcome_construct,paid_competitive,extraction_outcomes,,,,,2,stage-g-merge,,,,,,
gjerdalen2023_cohort_t10m_paidcomp,ascertainment,point_prevalence,extraction_outcomes,,,,,2,stage-g-merge,,,,,,
gjerdalen2023_cohort_t10m_paidcomp,ascertainment_window_months,,extraction_outcomes,,,,,2,stage-g-merge,,,,,,
gjerdalen2023_cohort_t10m_paidcomp,n_employed,,extraction_outcomes,,,,,2,stage-g-merge,,,,,,
gjerdalen2023_cohort_t10m_paidcomp,n_outcome_observed,,extraction_outcomes,,,,,2,stage-g-merge,,,,,,
gjerdalen2023_cohort_t10m_paidcomp,denominator_basis,,extraction_outcomes,,,,,2,stage-g-merge,,,,,,
gjerdalen2023_cohort_t10m_paidcomp,followup_months,10,extraction_outcomes,,,,,2,stage-g-merge,,,,,,
gjerdalen2023_cohort_t10m_paidcomp,followup_basis,since_baseline,extraction_outcomes,,,,,2,stage-g-merge,,,,,,
gjerdalen2023_cohort_t10m_paidcomp,result_role,reported,extraction_outcomes,,,,,2,stage-g-merge,,,,,,
gjerdalen2023_cohort_t10m_paidcomp,conflict_status,none,extraction_outcomes,,,,,2,stage-g-merge,,,,,,
gjerdalen2023_cohort_t10m_paidcomp,arm_id,cohort,extraction_outcomes,,,,,2,stage-g-merge,,,,,,
gjerdalen2023_cohort_t10m_paidcomp,derivation_component_result_ids,,extraction_outcomes,,,,,2,stage-g-merge,,,,,,
gjerdalen2023_cohort_t10m_paidcomp,employment_selection_status,selected,extraction_cohorts,,,,,1,stage-g-merge,,,,,,
gjerdalen2023_cohort_t10m_paidcomp,diagnosis_group,schizophrenia,extraction_cohorts,,,,,2,stage-g-merge,,,,,,
gjerdalen2023_cohort_t10m_paidcomp,perc_qualifying_diagnosis,100,extraction_cohorts,,,,,2,stage-g-merge,,,,,,
gjerdalen2023_cohort_t10m_paidcomp,design,cluster_rct,extraction_cohorts,,,,,1,stage-g-merge,,,,,,
gjerdalen2023_cohort_t10m_paidcomp,arm_type,cohort,extraction_arms,,,,,2,stage-g-merge,,,,,,
gjerdalen2023_cohort_t10m_paidcomp,analysis_selection_status,selected,extraction_arms,,,,,2,stage-g-merge,,,,,,
gjerdalen2023_cohort_t10m_paidcomp,employment_targeted_intervention,yes,extraction_arms,,,,,2,stage-g-merge,,,,,,
evensen2019_consentreg_t24m_paidcomp,outcome_construct,paid_competitive,extraction_outcomes,,,,,2,stage-g-merge,,,,,,
evensen2019_consentreg_t24m_paidcomp,ascertainment,point_prevalence,extraction_outcomes,,,,,2,stage-g-merge,,,,,,
evensen2019_consentreg_t24m_paidcomp,ascertainment_window_months,,extraction_outcomes,,,,,2,stage-g-merge,,,,,,
evensen2019_consentreg_t24m_paidcomp,n_employed,16,extraction_outcomes,,,,,2,stage-g-merge,,,,,,
evensen2019_consentreg_t24m_paidcomp,n_outcome_observed,69,extraction_outcomes,,,,,2,stage-g-merge,,,,,,
evensen2019_consentreg_t24m_paidcomp,denominator_basis,outcome_observed,extraction_outcomes,,,,,2,stage-g-merge,,,,,,
evensen2019_consentreg_t24m_paidcomp,followup_months,24,extraction_outcomes,,,,,2,stage-g-merge,,,,,,
evensen2019_consentreg_t24m_paidcomp,followup_basis,since_baseline,extraction_outcomes,,,,,2,stage-g-merge,,,,,,
evensen2019_consentreg_t24m_paidcomp,result_role,reported,extraction_outcomes,,,,,2,stage-g-merge,,,,,,
evensen2019_consentreg_t24m_paidcomp,conflict_status,none,extraction_outcomes,,,,,2,stage-g-merge,,,,,,
evensen2019_consentreg_t24m_paidcomp,arm_id,consent_reg,extraction_outcomes,,,,,2,stage-g-merge,,,,,,
evensen2019_consentreg_t24m_paidcomp,derivation_component_result_ids,,extraction_outcomes,,,,,2,stage-g-merge,,,,,,
evensen2019_consentreg_t24m_paidcomp,employment_selection_status,selected,extraction_cohorts,,,,,1,stage-g-merge,,,,,,
evensen2019_consentreg_t24m_paidcomp,diagnosis_group,schizophrenia,extraction_cohorts,,,,,2,stage-g-merge,,,,,,
evensen2019_consentreg_t24m_paidcomp,perc_qualifying_diagnosis,100,extraction_cohorts,,,,,2,stage-g-merge,,,,,,
evensen2019_consentreg_t24m_paidcomp,design,cluster_rct,extraction_cohorts,,,,,1,stage-g-merge,,,,,,
evensen2019_consentreg_t24m_paidcomp,arm_type,subgroup,extraction_arms,,,,,2,stage-g-merge,,,,,,
evensen2019_consentreg_t24m_paidcomp,analysis_selection_status,selected,extraction_arms,,,,,2,stage-g-merge,,,,,,
evensen2019_consentreg_t24m_paidcomp,employment_targeted_intervention,,extraction_arms,,,,,2,stage-g-merge,,,,,,
evensen2019_consentreg_t24m_paidcomp_ever,outcome_construct,paid_competitive,extraction_outcomes,,,,,2,stage-g-merge,,,,,,
evensen2019_consentreg_t24m_paidcomp_ever,ascertainment,any_time_during_followup,extraction_outcomes,,,,,2,stage-g-merge,,,,,,
evensen2019_consentreg_t24m_paidcomp_ever,ascertainment_window_months,,extraction_outcomes,,,,,2,stage-g-merge,,,,,,
evensen2019_consentreg_t24m_paidcomp_ever,n_employed,21,extraction_outcomes,,,,,2,stage-g-merge,,,,,,
evensen2019_consentreg_t24m_paidcomp_ever,n_outcome_observed,69,extraction_outcomes,,,,,2,stage-g-merge,,,,,,
evensen2019_consentreg_t24m_paidcomp_ever,denominator_basis,outcome_observed,extraction_outcomes,,,,,2,stage-g-merge,,,,,,
evensen2019_consentreg_t24m_paidcomp_ever,followup_months,24,extraction_outcomes,,,,,2,stage-g-merge,,,,,,
evensen2019_consentreg_t24m_paidcomp_ever,followup_basis,since_baseline,extraction_outcomes,,,,,2,stage-g-merge,,,,,,
evensen2019_consentreg_t24m_paidcomp_ever,result_role,reported,extraction_outcomes,,,,,2,stage-g-merge,,,,,,
evensen2019_consentreg_t24m_paidcomp_ever,conflict_status,none,extraction_outcomes,,,,,2,stage-g-merge,,,,,,
evensen2019_consentreg_t24m_paidcomp_ever,arm_id,consent_reg,extraction_outcomes,,,,,2,stage-g-merge,,,,,,
evensen2019_consentreg_t24m_paidcomp_ever,derivation_component_result_ids,,extraction_outcomes,,,,,2,stage-g-merge,,,,,,
evensen2019_consentreg_t24m_paidcomp_ever,employment_selection_status,selected,extraction_cohorts,,,,,1,stage-g-merge,,,,,,
evensen2019_consentreg_t24m_paidcomp_ever,diagnosis_group,schizophrenia,extraction_cohorts,,,,,2,stage-g-merge,,,,,,
evensen2019_consentreg_t24m_paidcomp_ever,perc_qualifying_diagnosis,100,extraction_cohorts,,,,,2,stage-g-merge,,,,,,
evensen2019_consentreg_t24m_paidcomp_ever,design,cluster_rct,extraction_cohorts,,,,,1,stage-g-merge,,,,,,
evensen2019_consentreg_t24m_paidcomp_ever,arm_type,subgroup,extraction_arms,,,,,2,stage-g-merge,,,,,,
evensen2019_consentreg_t24m_paidcomp_ever,analysis_selection_status,selected,extraction_arms,,,,,2,stage-g-merge,,,,,,
evensen2019_consentreg_t24m_paidcomp_ever,employment_targeted_intervention,,extraction_arms,,,,,2,stage-g-merge,,,,,,
mayoralvanson2019_cohort_t12m_paidany,outcome_construct,paid_any,extraction_outcomes,,,,,0,stage-g-merge,,,,,,
mayoralvanson2019_cohort_t12m_paidany,ascertainment,point_prevalence,extraction_outcomes,,,,,0,stage-g-merge,,,,,,
mayoralvanson2019_cohort_t12m_paidany,ascertainment_window_months,,extraction_outcomes,,,,,0,stage-g-merge,,,,,,
mayoralvanson2019_cohort_t12m_paidany,n_employed,36,extraction_outcomes,,,,,0,stage-g-merge,,,,,,
mayoralvanson2019_cohort_t12m_paidany,n_outcome_observed,156,extraction_outcomes,,,,,0,stage-g-merge,,,,,,
mayoralvanson2019_cohort_t12m_paidany,denominator_basis,entered,extraction_outcomes,,,,,0,stage-g-merge,,,,,,
mayoralvanson2019_cohort_t12m_paidany,followup_months,12,extraction_outcomes,,,,,0,stage-g-merge,,,,,,
mayoralvanson2019_cohort_t12m_paidany,followup_basis,since_baseline,extraction_outcomes,,,,,0,stage-g-merge,,,,,,
mayoralvanson2019_cohort_t12m_paidany,result_role,reported,extraction_outcomes,,,,,0,stage-g-merge,,,,,,
mayoralvanson2019_cohort_t12m_paidany,conflict_status,none,extraction_outcomes,,,,,0,stage-g-merge,,,,,,
mayoralvanson2019_cohort_t12m_paidany,arm_id,cohort,extraction_outcomes,,,,,0,stage-g-merge,,,,,,
mayoralvanson2019_cohort_t12m_paidany,derivation_component_result_ids,,extraction_outcomes,,,,,0,stage-g-merge,,,,,,
mayoralvanson2019_cohort_t12m_paidany,employment_selection_status,none,extraction_cohorts,,,,,0,stage-g-merge,,,,,,
mayoralvanson2019_cohort_t12m_paidany,diagnosis_group,fep,extraction_cohorts,,,,,0,stage-g-merge,,,,,,
mayoralvanson2019_cohort_t12m_paidany,perc_qualifying_diagnosis,100,extraction_cohorts,,,,,0,stage-g-merge,,,,,,
mayoralvanson2019_cohort_t12m_paidany,design,prospective_cohort,extraction_cohorts,,,,,0,stage-g-merge,,,,,,
mayoralvanson2019_cohort_t12m_paidany,arm_type,cohort,extraction_arms,,,,,0,stage-g-merge,,,,,,
mayoralvanson2019_cohort_t12m_paidany,analysis_selection_status,unclear,extraction_arms,,,,,0,stage-g-merge,,,,,,
mayoralvanson2019_cohort_t12m_paidany,employment_targeted_intervention,not_applicable,extraction_arms,,,,,0,stage-g-merge,,,,,,
nossel2018_cohort_t6m_paidany,outcome_construct,paid_any,extraction_outcomes,,,,,2,stage-g-merge,,,,,,
nossel2018_cohort_t6m_paidany,ascertainment,point_prevalence,extraction_outcomes,,,,,2,stage-g-merge,,,,,,
nossel2018_cohort_t6m_paidany,ascertainment_window_months,,extraction_outcomes,,,,,2,stage-g-merge,,,,,,
nossel2018_cohort_t6m_paidany,n_employed,124,extraction_outcomes,,,,,2,stage-g-merge,,,,,,
nossel2018_cohort_t6m_paidany,n_outcome_observed,260,extraction_outcomes,,,,,2,stage-g-merge,,,,,,
nossel2018_cohort_t6m_paidany,denominator_basis,outcome_observed,extraction_outcomes,,,,,2,stage-g-merge,,,,,,
nossel2018_cohort_t6m_paidany,followup_months,6,extraction_outcomes,,,,,2,stage-g-merge,,,,,,
nossel2018_cohort_t6m_paidany,followup_basis,since_baseline,extraction_outcomes,,,,,2,stage-g-merge,,,,,,
nossel2018_cohort_t6m_paidany,result_role,reported,extraction_outcomes,,,,,2,stage-g-merge,,,,,,
nossel2018_cohort_t6m_paidany,conflict_status,none,extraction_outcomes,,,,,2,stage-g-merge,,,,,,
nossel2018_cohort_t6m_paidany,arm_id,cohort,extraction_outcomes,,,,,2,stage-g-merge,,,,,,
nossel2018_cohort_t6m_paidany,derivation_component_result_ids,,extraction_outcomes,,,,,2,stage-g-merge,,,,,,
nossel2018_cohort_t6m_paidany,employment_selection_status,none,extraction_cohorts,,,,,1,stage-g-merge,,,,,,
nossel2018_cohort_t6m_paidany,diagnosis_group,fep,extraction_cohorts,,,,,2,stage-g-merge,,,,,,
nossel2018_cohort_t6m_paidany,perc_qualifying_diagnosis,100,extraction_cohorts,,,,,2,stage-g-merge,,,,,,
nossel2018_cohort_t6m_paidany,design,prospective_cohort,extraction_cohorts,,,,,1,stage-g-merge,,,,,,
nossel2018_cohort_t6m_paidany,arm_type,cohort,extraction_arms,,,,,2,stage-g-merge,,,,,,
nossel2018_cohort_t6m_paidany,analysis_selection_status,none,extraction_arms,,,,,2,stage-g-merge,,,,,,
nossel2018_cohort_t6m_paidany,employment_targeted_intervention,not_applicable,extraction_arms,,,,,2,stage-g-merge,,,,,,
nossel2018_cohort_t6m_paidcomp,outcome_construct,paid_competitive,extraction_outcomes,,,,,2,stage-g-merge,,,,,,
nossel2018_cohort_t6m_paidcomp,ascertainment,point_prevalence,extraction_outcomes,,,,,2,stage-g-merge,,,,,,
nossel2018_cohort_t6m_paidcomp,ascertainment_window_months,,extraction_outcomes,,,,,2,stage-g-merge,,,,,,
nossel2018_cohort_t6m_paidcomp,n_employed,81,extraction_outcomes,,,,,2,stage-g-merge,,,,,,
nossel2018_cohort_t6m_paidcomp,n_outcome_observed,260,extraction_outcomes,,,,,2,stage-g-merge,,,,,,
nossel2018_cohort_t6m_paidcomp,denominator_basis,outcome_observed,extraction_outcomes,,,,,2,stage-g-merge,,,,,,
nossel2018_cohort_t6m_paidcomp,followup_months,6,extraction_outcomes,,,,,2,stage-g-merge,,,,,,
nossel2018_cohort_t6m_paidcomp,followup_basis,since_baseline,extraction_outcomes,,,,,2,stage-g-merge,,,,,,
nossel2018_cohort_t6m_paidcomp,result_role,reported,extraction_outcomes,,,,,2,stage-g-merge,,,,,,
nossel2018_cohort_t6m_paidcomp,conflict_status,none,extraction_outcomes,,,,,2,stage-g-merge,,,,,,
nossel2018_cohort_t6m_paidcomp,arm_id,cohort,extraction_outcomes,,,,,2,stage-g-merge,,,,,,
nossel2018_cohort_t6m_paidcomp,derivation_component_result_ids,,extraction_outcomes,,,,,2,stage-g-merge,,,,,,
nossel2018_cohort_t6m_paidcomp,employment_selection_status,none,extraction_cohorts,,,,,1,stage-g-merge,,,,,,
nossel2018_cohort_t6m_paidcomp,diagnosis_group,fep,extraction_cohorts,,,,,2,stage-g-merge,,,,,,
nossel2018_cohort_t6m_paidcomp,perc_qualifying_diagnosis,100,extraction_cohorts,,,,,2,stage-g-merge,,,,,,
nossel2018_cohort_t6m_paidcomp,design,prospective_cohort,extraction_cohorts,,,,,1,stage-g-merge,,,,,,
nossel2018_cohort_t6m_paidcomp,arm_type,cohort,extraction_arms,,,,,2,stage-g-merge,,,,,,
nossel2018_cohort_t6m_paidcomp,analysis_selection_status,none,extraction_arms,,,,,2,stage-g-merge,,,,,,
nossel2018_cohort_t6m_paidcomp,employment_targeted_intervention,not_applicable,extraction_arms,,,,,2,stage-g-merge,,,,,,
basaraba2023_training_t3m_eet,outcome_construct,paid_or_education_or_training,extraction_outcomes,,,,,2,stage-g-merge,,,,,,
basaraba2023_training_t3m_eet,ascertainment,point_prevalence,extraction_outcomes,,,,,2,stage-g-merge,,,,,,
basaraba2023_training_t3m_eet,ascertainment_window_months,,extraction_outcomes,,,,,2,stage-g-merge,,,,,,
basaraba2023_training_t3m_eet,n_employed,530,extraction_outcomes,,,,,2,stage-g-merge,,,,,,
basaraba2023_training_t3m_eet,n_outcome_observed,874,extraction_outcomes,,,,,2,stage-g-merge,,,,,,
basaraba2023_training_t3m_eet,denominator_basis,outcome_observed,extraction_outcomes,,,,,2,stage-g-merge,,,,,,
basaraba2023_training_t3m_eet,followup_months,3,extraction_outcomes,,,,,2,stage-g-merge,,,,,,
basaraba2023_training_t3m_eet,followup_basis,since_baseline,extraction_outcomes,,,,,2,stage-g-merge,,,,,,
basaraba2023_training_t3m_eet,result_role,reported,extraction_outcomes,,,,,2,stage-g-merge,,,,,,
basaraba2023_training_t3m_eet,conflict_status,none,extraction_outcomes,,,,,2,stage-g-merge,,,,,,
basaraba2023_training_t3m_eet,arm_id,training_split,extraction_outcomes,,,,,2,stage-g-merge,,,,,,
basaraba2023_training_t3m_eet,derivation_component_result_ids,,extraction_outcomes,,,,,2,stage-g-merge,,,,,,
basaraba2023_training_t3m_eet,employment_selection_status,none,extraction_cohorts,,,,,1,stage-g-merge,,,,,,
basaraba2023_training_t3m_eet,diagnosis_group,fep,extraction_cohorts,,,,,2,stage-g-merge,,,,,,
basaraba2023_training_t3m_eet,perc_qualifying_diagnosis,100,extraction_cohorts,,,,,2,stage-g-merge,,,,,,
basaraba2023_training_t3m_eet,design,prospective_cohort,extraction_cohorts,,,,,1,stage-g-merge,,,,,,
basaraba2023_training_t3m_eet,arm_type,subgroup,extraction_arms,,,,,2,stage-g-merge,,,,,,
basaraba2023_training_t3m_eet,analysis_selection_status,none,extraction_arms,,,,,2,stage-g-merge,,,,,,
basaraba2023_training_t3m_eet,employment_targeted_intervention,,extraction_arms,,,,,2,stage-g-merge,,,,,,
basaraba2023_training_t6m_eet,outcome_construct,paid_or_education_or_training,extraction_outcomes,,,,,2,stage-g-merge,,,,,,
basaraba2023_training_t6m_eet,ascertainment,point_prevalence,extraction_outcomes,,,,,2,stage-g-merge,,,,,,
basaraba2023_training_t6m_eet,ascertainment_window_months,,extraction_outcomes,,,,,2,stage-g-merge,,,,,,
basaraba2023_training_t6m_eet,n_employed,518,extraction_outcomes,,,,,2,stage-g-merge,,,,,,
basaraba2023_training_t6m_eet,n_outcome_observed,739,extraction_outcomes,,,,,2,stage-g-merge,,,,,,
basaraba2023_training_t6m_eet,denominator_basis,outcome_observed,extraction_outcomes,,,,,2,stage-g-merge,,,,,,
basaraba2023_training_t6m_eet,followup_months,6,extraction_outcomes,,,,,2,stage-g-merge,,,,,,
basaraba2023_training_t6m_eet,followup_basis,since_baseline,extraction_outcomes,,,,,2,stage-g-merge,,,,,,
basaraba2023_training_t6m_eet,result_role,reported,extraction_outcomes,,,,,2,stage-g-merge,,,,,,
basaraba2023_training_t6m_eet,conflict_status,none,extraction_outcomes,,,,,2,stage-g-merge,,,,,,
basaraba2023_training_t6m_eet,arm_id,training_split,extraction_outcomes,,,,,2,stage-g-merge,,,,,,
basaraba2023_training_t6m_eet,derivation_component_result_ids,,extraction_outcomes,,,,,2,stage-g-merge,,,,,,
basaraba2023_training_t6m_eet,employment_selection_status,none,extraction_cohorts,,,,,1,stage-g-merge,,,,,,
basaraba2023_training_t6m_eet,diagnosis_group,fep,extraction_cohorts,,,,,2,stage-g-merge,,,,,,
basaraba2023_training_t6m_eet,perc_qualifying_diagnosis,100,extraction_cohorts,,,,,2,stage-g-merge,,,,,,
basaraba2023_training_t6m_eet,design,prospective_cohort,extraction_cohorts,,,,,1,stage-g-merge,,,,,,
basaraba2023_training_t6m_eet,arm_type,subgroup,extraction_arms,,,,,2,stage-g-merge,,,,,,
basaraba2023_training_t6m_eet,analysis_selection_status,none,extraction_arms,,,,,2,stage-g-merge,,,,,,
basaraba2023_training_t6m_eet,employment_targeted_intervention,,extraction_arms,,,,,2,stage-g-merge,,,,,,
basaraba2023_training_t9m_eet,outcome_construct,paid_or_education_or_training,extraction_outcomes,,,,,2,stage-g-merge,,,,,,
basaraba2023_training_t9m_eet,ascertainment,point_prevalence,extraction_outcomes,,,,,2,stage-g-merge,,,,,,
basaraba2023_training_t9m_eet,ascertainment_window_months,,extraction_outcomes,,,,,2,stage-g-merge,,,,,,
basaraba2023_training_t9m_eet,n_employed,465,extraction_outcomes,,,,,2,stage-g-merge,,,,,,
basaraba2023_training_t9m_eet,n_outcome_observed,646,extraction_outcomes,,,,,2,stage-g-merge,,,,,,
basaraba2023_training_t9m_eet,denominator_basis,outcome_observed,extraction_outcomes,,,,,2,stage-g-merge,,,,,,
basaraba2023_training_t9m_eet,followup_months,9,extraction_outcomes,,,,,2,stage-g-merge,,,,,,
basaraba2023_training_t9m_eet,followup_basis,since_baseline,extraction_outcomes,,,,,2,stage-g-merge,,,,,,
basaraba2023_training_t9m_eet,result_role,reported,extraction_outcomes,,,,,2,stage-g-merge,,,,,,
basaraba2023_training_t9m_eet,conflict_status,none,extraction_outcomes,,,,,2,stage-g-merge,,,,,,
basaraba2023_training_t9m_eet,arm_id,training_split,extraction_outcomes,,,,,2,stage-g-merge,,,,,,
basaraba2023_training_t9m_eet,derivation_component_result_ids,,extraction_outcomes,,,,,2,stage-g-merge,,,,,,
basaraba2023_training_t9m_eet,employment_selection_status,none,extraction_cohorts,,,,,1,stage-g-merge,,,,,,
basaraba2023_training_t9m_eet,diagnosis_group,fep,extraction_cohorts,,,,,2,stage-g-merge,,,,,,
basaraba2023_training_t9m_eet,perc_qualifying_diagnosis,100,extraction_cohorts,,,,,2,stage-g-merge,,,,,,
basaraba2023_training_t9m_eet,design,prospective_cohort,extraction_cohorts,,,,,1,stage-g-merge,,,,,,
basaraba2023_training_t9m_eet,arm_type,subgroup,extraction_arms,,,,,2,stage-g-merge,,,,,,
basaraba2023_training_t9m_eet,analysis_selection_status,none,extraction_arms,,,,,2,stage-g-merge,,,,,,
basaraba2023_training_t9m_eet,employment_targeted_intervention,,extraction_arms,,,,,2,stage-g-merge,,,,,,
basaraba2023_training_t12m_eet,outcome_construct,paid_or_education_or_training,extraction_outcomes,,,,,2,stage-g-merge,,,,,,
basaraba2023_training_t12m_eet,ascertainment,point_prevalence,extraction_outcomes,,,,,2,stage-g-merge,,,,,,
basaraba2023_training_t12m_eet,ascertainment_window_months,,extraction_outcomes,,,,,2,stage-g-merge,,,,,,
basaraba2023_training_t12m_eet,n_employed,397,extraction_outcomes,,,,,2,stage-g-merge,,,,,,
basaraba2023_training_t12m_eet,n_outcome_observed,555,extraction_outcomes,,,,,2,stage-g-merge,,,,,,
basaraba2023_training_t12m_eet,denominator_basis,outcome_observed,extraction_outcomes,,,,,2,stage-g-merge,,,,,,
basaraba2023_training_t12m_eet,followup_months,12,extraction_outcomes,,,,,2,stage-g-merge,,,,,,
basaraba2023_training_t12m_eet,followup_basis,since_baseline,extraction_outcomes,,,,,2,stage-g-merge,,,,,,
basaraba2023_training_t12m_eet,result_role,reported,extraction_outcomes,,,,,2,stage-g-merge,,,,,,
basaraba2023_training_t12m_eet,conflict_status,none,extraction_outcomes,,,,,2,stage-g-merge,,,,,,
basaraba2023_training_t12m_eet,arm_id,training_split,extraction_outcomes,,,,,2,stage-g-merge,,,,,,
basaraba2023_training_t12m_eet,derivation_component_result_ids,,extraction_outcomes,,,,,2,stage-g-merge,,,,,,
basaraba2023_training_t12m_eet,employment_selection_status,none,extraction_cohorts,,,,,1,stage-g-merge,,,,,,
basaraba2023_training_t12m_eet,diagnosis_group,fep,extraction_cohorts,,,,,2,stage-g-merge,,,,,,
basaraba2023_training_t12m_eet,perc_qualifying_diagnosis,100,extraction_cohorts,,,,,2,stage-g-merge,,,,,,
basaraba2023_training_t12m_eet,design,prospective_cohort,extraction_cohorts,,,,,1,stage-g-merge,,,,,,
basaraba2023_training_t12m_eet,arm_type,subgroup,extraction_arms,,,,,2,stage-g-merge,,,,,,
basaraba2023_training_t12m_eet,analysis_selection_status,none,extraction_arms,,,,,2,stage-g-merge,,,,,,
basaraba2023_training_t12m_eet,employment_targeted_intervention,,extraction_arms,,,,,2,stage-g-merge,,,,,,
basaraba2023_training_t15m_eet,outcome_construct,paid_or_education_or_training,extraction_outcomes,,,,,2,stage-g-merge,,,,,,
basaraba2023_training_t15m_eet,ascertainment,point_prevalence,extraction_outcomes,,,,,2,stage-g-merge,,,,,,
basaraba2023_training_t15m_eet,ascertainment_window_months,,extraction_outcomes,,,,,2,stage-g-merge,,,,,,
basaraba2023_training_t15m_eet,n_employed,340,extraction_outcomes,,,,,2,stage-g-merge,,,,,,
basaraba2023_training_t15m_eet,n_outcome_observed,480,extraction_outcomes,,,,,2,stage-g-merge,,,,,,
basaraba2023_training_t15m_eet,denominator_basis,outcome_observed,extraction_outcomes,,,,,2,stage-g-merge,,,,,,
basaraba2023_training_t15m_eet,followup_months,15,extraction_outcomes,,,,,2,stage-g-merge,,,,,,
basaraba2023_training_t15m_eet,followup_basis,since_baseline,extraction_outcomes,,,,,2,stage-g-merge,,,,,,
basaraba2023_training_t15m_eet,result_role,reported,extraction_outcomes,,,,,2,stage-g-merge,,,,,,
basaraba2023_training_t15m_eet,conflict_status,none,extraction_outcomes,,,,,2,stage-g-merge,,,,,,
basaraba2023_training_t15m_eet,arm_id,training_split,extraction_outcomes,,,,,2,stage-g-merge,,,,,,
basaraba2023_training_t15m_eet,derivation_component_result_ids,,extraction_outcomes,,,,,2,stage-g-merge,,,,,,
basaraba2023_training_t15m_eet,employment_selection_status,none,extraction_cohorts,,,,,1,stage-g-merge,,,,,,
basaraba2023_training_t15m_eet,diagnosis_group,fep,extraction_cohorts,,,,,2,stage-g-merge,,,,,,
basaraba2023_training_t15m_eet,perc_qualifying_diagnosis,100,extraction_cohorts,,,,,2,stage-g-merge,,,,,,
basaraba2023_training_t15m_eet,design,prospective_cohort,extraction_cohorts,,,,,1,stage-g-merge,,,,,,
basaraba2023_training_t15m_eet,arm_type,subgroup,extraction_arms,,,,,2,stage-g-merge,,,,,,
basaraba2023_training_t15m_eet,analysis_selection_status,none,extraction_arms,,,,,2,stage-g-merge,,,,,,
basaraba2023_training_t15m_eet,employment_targeted_intervention,,extraction_arms,,,,,2,stage-g-merge,,,,,,
basaraba2023_training_t18m_eet,outcome_construct,paid_or_education_or_training,extraction_outcomes,,,,,2,stage-g-merge,,,,,,
basaraba2023_training_t18m_eet,ascertainment,point_prevalence,extraction_outcomes,,,,,2,stage-g-merge,,,,,,
basaraba2023_training_t18m_eet,ascertainment_window_months,,extraction_outcomes,,,,,2,stage-g-merge,,,,,,
basaraba2023_training_t18m_eet,n_employed,287,extraction_outcomes,,,,,2,stage-g-merge,,,,,,
basaraba2023_training_t18m_eet,n_outcome_observed,409,extraction_outcomes,,,,,2,stage-g-merge,,,,,,
basaraba2023_training_t18m_eet,denominator_basis,outcome_observed,extraction_outcomes,,,,,2,stage-g-merge,,,,,,
basaraba2023_training_t18m_eet,followup_months,18,extraction_outcomes,,,,,2,stage-g-merge,,,,,,
basaraba2023_training_t18m_eet,followup_basis,since_baseline,extraction_outcomes,,,,,2,stage-g-merge,,,,,,
basaraba2023_training_t18m_eet,result_role,reported,extraction_outcomes,,,,,2,stage-g-merge,,,,,,
basaraba2023_training_t18m_eet,conflict_status,none,extraction_outcomes,,,,,2,stage-g-merge,,,,,,
basaraba2023_training_t18m_eet,arm_id,training_split,extraction_outcomes,,,,,2,stage-g-merge,,,,,,
basaraba2023_training_t18m_eet,derivation_component_result_ids,,extraction_outcomes,,,,,2,stage-g-merge,,,,,,
basaraba2023_training_t18m_eet,employment_selection_status,none,extraction_cohorts,,,,,1,stage-g-merge,,,,,,
basaraba2023_training_t18m_eet,diagnosis_group,fep,extraction_cohorts,,,,,2,stage-g-merge,,,,,,
basaraba2023_training_t18m_eet,perc_qualifying_diagnosis,100,extraction_cohorts,,,,,2,stage-g-merge,,,,,,
basaraba2023_training_t18m_eet,design,prospective_cohort,extraction_cohorts,,,,,1,stage-g-merge,,,,,,
basaraba2023_training_t18m_eet,arm_type,subgroup,extraction_arms,,,,,2,stage-g-merge,,,,,,
basaraba2023_training_t18m_eet,analysis_selection_status,none,extraction_arms,,,,,2,stage-g-merge,,,,,,
basaraba2023_training_t18m_eet,employment_targeted_intervention,,extraction_arms,,,,,2,stage-g-merge,,,,,,
basaraba2023_training_t21m_eet,outcome_construct,paid_or_education_or_training,extraction_outcomes,,,,,2,stage-g-merge,,,,,,
basaraba2023_training_t21m_eet,ascertainment,point_prevalence,extraction_outcomes,,,,,2,stage-g-merge,,,,,,
basaraba2023_training_t21m_eet,ascertainment_window_months,,extraction_outcomes,,,,,2,stage-g-merge,,,,,,
basaraba2023_training_t21m_eet,n_employed,236,extraction_outcomes,,,,,2,stage-g-merge,,,,,,
basaraba2023_training_t21m_eet,n_outcome_observed,334,extraction_outcomes,,,,,2,stage-g-merge,,,,,,
basaraba2023_training_t21m_eet,denominator_basis,outcome_observed,extraction_outcomes,,,,,2,stage-g-merge,,,,,,
basaraba2023_training_t21m_eet,followup_months,21,extraction_outcomes,,,,,2,stage-g-merge,,,,,,
basaraba2023_training_t21m_eet,followup_basis,since_baseline,extraction_outcomes,,,,,2,stage-g-merge,,,,,,
basaraba2023_training_t21m_eet,result_role,reported,extraction_outcomes,,,,,2,stage-g-merge,,,,,,
basaraba2023_training_t21m_eet,conflict_status,none,extraction_outcomes,,,,,2,stage-g-merge,,,,,,
basaraba2023_training_t21m_eet,arm_id,training_split,extraction_outcomes,,,,,2,stage-g-merge,,,,,,
basaraba2023_training_t21m_eet,derivation_component_result_ids,,extraction_outcomes,,,,,2,stage-g-merge,,,,,,
basaraba2023_training_t21m_eet,employment_selection_status,none,extraction_cohorts,,,,,1,stage-g-merge,,,,,,
basaraba2023_training_t21m_eet,diagnosis_group,fep,extraction_cohorts,,,,,2,stage-g-merge,,,,,,
basaraba2023_training_t21m_eet,perc_qualifying_diagnosis,100,extraction_cohorts,,,,,2,stage-g-merge,,,,,,
basaraba2023_training_t21m_eet,design,prospective_cohort,extraction_cohorts,,,,,1,stage-g-merge,,,,,,
basaraba2023_training_t21m_eet,arm_type,subgroup,extraction_arms,,,,,2,stage-g-merge,,,,,,
basaraba2023_training_t21m_eet,analysis_selection_status,none,extraction_arms,,,,,2,stage-g-merge,,,,,,
basaraba2023_training_t21m_eet,employment_targeted_intervention,,extraction_arms,,,,,2,stage-g-merge,,,,,,
basaraba2023_training_t24m_eet,outcome_construct,paid_or_education_or_training,extraction_outcomes,,,,,2,stage-g-merge,,,,,,
basaraba2023_training_t24m_eet,ascertainment,point_prevalence,extraction_outcomes,,,,,2,stage-g-merge,,,,,,
basaraba2023_training_t24m_eet,ascertainment_window_months,,extraction_outcomes,,,,,2,stage-g-merge,,,,,,
basaraba2023_training_t24m_eet,n_employed,186,extraction_outcomes,,,,,2,stage-g-merge,,,,,,
basaraba2023_training_t24m_eet,n_outcome_observed,265,extraction_outcomes,,,,,2,stage-g-merge,,,,,,
basaraba2023_training_t24m_eet,denominator_basis,outcome_observed,extraction_outcomes,,,,,2,stage-g-merge,,,,,,
basaraba2023_training_t24m_eet,followup_months,24,extraction_outcomes,,,,,2,stage-g-merge,,,,,,
basaraba2023_training_t24m_eet,followup_basis,since_baseline,extraction_outcomes,,,,,2,stage-g-merge,,,,,,
basaraba2023_training_t24m_eet,result_role,reported,extraction_outcomes,,,,,2,stage-g-merge,,,,,,
basaraba2023_training_t24m_eet,conflict_status,none,extraction_outcomes,,,,,2,stage-g-merge,,,,,,
basaraba2023_training_t24m_eet,arm_id,training_split,extraction_outcomes,,,,,2,stage-g-merge,,,,,,
basaraba2023_training_t24m_eet,derivation_component_result_ids,,extraction_outcomes,,,,,2,stage-g-merge,,,,,,
basaraba2023_training_t24m_eet,employment_selection_status,none,extraction_cohorts,,,,,1,stage-g-merge,,,,,,
basaraba2023_training_t24m_eet,diagnosis_group,fep,extraction_cohorts,,,,,2,stage-g-merge,,,,,,
basaraba2023_training_t24m_eet,perc_qualifying_diagnosis,100,extraction_cohorts,,,,,2,stage-g-merge,,,,,,
basaraba2023_training_t24m_eet,design,prospective_cohort,extraction_cohorts,,,,,1,stage-g-merge,,,,,,
basaraba2023_training_t24m_eet,arm_type,subgroup,extraction_arms,,,,,2,stage-g-merge,,,,,,
basaraba2023_training_t24m_eet,analysis_selection_status,none,extraction_arms,,,,,2,stage-g-merge,,,,,,
basaraba2023_training_t24m_eet,employment_targeted_intervention,,extraction_arms,,,,,2,stage-g-merge,,,,,,
benson2022_relapse_mostrecent_fulltime,outcome_construct,paid_any,extraction_outcomes,,,,,2,stage-g-merge,,,,,,
benson2022_relapse_mostrecent_fulltime,ascertainment,unclear,extraction_outcomes,,,,,2,stage-g-merge,,,,,,
benson2022_relapse_mostrecent_fulltime,ascertainment_window_months,,extraction_outcomes,,,,,2,stage-g-merge,,,,,,
benson2022_relapse_mostrecent_fulltime,n_employed,577,extraction_outcomes,,,,,2,stage-g-merge,,,,,,
benson2022_relapse_mostrecent_fulltime,n_outcome_observed,16311,extraction_outcomes,,,,,2,stage-g-merge,,,,,,
benson2022_relapse_mostrecent_fulltime,denominator_basis,entered,extraction_outcomes,,,,,2,stage-g-merge,,,,,,
benson2022_relapse_mostrecent_fulltime,followup_months,,extraction_outcomes,,,,,2,stage-g-merge,,,,,,
benson2022_relapse_mostrecent_fulltime,followup_basis,unclear,extraction_outcomes,,,,,2,stage-g-merge,,,,,,
benson2022_relapse_mostrecent_fulltime,result_role,component_only,extraction_outcomes,,,,,2,stage-g-merge,,,,,,
benson2022_relapse_mostrecent_fulltime,conflict_status,unresolved,extraction_outcomes,,,,,2,stage-g-merge,,,,,,
benson2022_relapse_mostrecent_fulltime,arm_id,relapse,extraction_outcomes,,,,,2,stage-g-merge,,,,,,
benson2022_relapse_mostrecent_fulltime,derivation_component_result_ids,,extraction_outcomes,,,,,2,stage-g-merge,,,,,,
benson2022_relapse_mostrecent_fulltime,employment_selection_status,none,extraction_cohorts,,,,,1,stage-g-merge,,,,,,
benson2022_relapse_mostrecent_fulltime,diagnosis_group,schizophrenia,extraction_cohorts,,,,,2,stage-g-merge,,,,,,
benson2022_relapse_mostrecent_fulltime,perc_qualifying_diagnosis,100,extraction_cohorts,,,,,2,stage-g-merge,,,,,,
benson2022_relapse_mostrecent_fulltime,design,retrospective_cohort,extraction_cohorts,,,,,1,stage-g-merge,,,,,,
benson2022_relapse_mostrecent_fulltime,arm_type,subgroup,extraction_arms,,,,,2,stage-g-merge,,,,,,
benson2022_relapse_mostrecent_fulltime,analysis_selection_status,none,extraction_arms,,,,,2,stage-g-merge,,,,,,
benson2022_relapse_mostrecent_fulltime,employment_targeted_intervention,,extraction_arms,,,,,2,stage-g-merge,,,,,,
benson2022_relapse_mostrecent_parttime,outcome_construct,paid_any,extraction_outcomes,,,,,2,stage-g-merge,,,,,,
benson2022_relapse_mostrecent_parttime,ascertainment,unclear,extraction_outcomes,,,,,2,stage-g-merge,,,,,,
benson2022_relapse_mostrecent_parttime,ascertainment_window_months,,extraction_outcomes,,,,,2,stage-g-merge,,,,,,
benson2022_relapse_mostrecent_parttime,n_employed,284,extraction_outcomes,,,,,2,stage-g-merge,,,,,,
benson2022_relapse_mostrecent_parttime,n_outcome_observed,16311,extraction_outcomes,,,,,2,stage-g-merge,,,,,,
benson2022_relapse_mostrecent_parttime,denominator_basis,entered,extraction_outcomes,,,,,2,stage-g-merge,,,,,,
benson2022_relapse_mostrecent_parttime,followup_months,,extraction_outcomes,,,,,2,stage-g-merge,,,,,,
benson2022_relapse_mostrecent_parttime,followup_basis,unclear,extraction_outcomes,,,,,2,stage-g-merge,,,,,,
benson2022_relapse_mostrecent_parttime,result_role,component_only,extraction_outcomes,,,,,2,stage-g-merge,,,,,,
benson2022_relapse_mostrecent_parttime,conflict_status,none,extraction_outcomes,,,,,2,stage-g-merge,,,,,,
benson2022_relapse_mostrecent_parttime,arm_id,relapse,extraction_outcomes,,,,,2,stage-g-merge,,,,,,
benson2022_relapse_mostrecent_parttime,derivation_component_result_ids,,extraction_outcomes,,,,,2,stage-g-merge,,,,,,
benson2022_relapse_mostrecent_parttime,employment_selection_status,none,extraction_cohorts,,,,,1,stage-g-merge,,,,,,
benson2022_relapse_mostrecent_parttime,diagnosis_group,schizophrenia,extraction_cohorts,,,,,2,stage-g-merge,,,,,,
benson2022_relapse_mostrecent_parttime,perc_qualifying_diagnosis,100,extraction_cohorts,,,,,2,stage-g-merge,,,,,,
benson2022_relapse_mostrecent_parttime,design,retrospective_cohort,extraction_cohorts,,,,,1,stage-g-merge,,,,,,
benson2022_relapse_mostrecent_parttime,arm_type,subgroup,extraction_arms,,,,,2,stage-g-merge,,,,,,
benson2022_relapse_mostrecent_parttime,analysis_selection_status,none,extraction_arms,,,,,2,stage-g-merge,,,,,,
benson2022_relapse_mostrecent_parttime,employment_targeted_intervention,,extraction_arms,,,,,2,stage-g-merge,,,,,,
benson2022_relapse_mostrecent_selfemployed,outcome_construct,paid_any,extraction_outcomes,,,,,2,stage-g-merge,,,,,,
benson2022_relapse_mostrecent_selfemployed,ascertainment,unclear,extraction_outcomes,,,,,2,stage-g-merge,,,,,,
benson2022_relapse_mostrecent_selfemployed,ascertainment_window_months,,extraction_outcomes,,,,,2,stage-g-merge,,,,,,
benson2022_relapse_mostrecent_selfemployed,n_employed,68,extraction_outcomes,,,,,2,stage-g-merge,,,,,,
benson2022_relapse_mostrecent_selfemployed,n_outcome_observed,16311,extraction_outcomes,,,,,2,stage-g-merge,,,,,,
benson2022_relapse_mostrecent_selfemployed,denominator_basis,entered,extraction_outcomes,,,,,2,stage-g-merge,,,,,,
benson2022_relapse_mostrecent_selfemployed,followup_months,,extraction_outcomes,,,,,2,stage-g-merge,,,,,,
benson2022_relapse_mostrecent_selfemployed,followup_basis,unclear,extraction_outcomes,,,,,2,stage-g-merge,,,,,,
benson2022_relapse_mostrecent_selfemployed,result_role,component_only,extraction_outcomes,,,,,2,stage-g-merge,,,,,,
benson2022_relapse_mostrecent_selfemployed,conflict_status,none,extraction_outcomes,,,,,2,stage-g-merge,,,,,,
benson2022_relapse_mostrecent_selfemployed,arm_id,relapse,extraction_outcomes,,,,,2,stage-g-merge,,,,,,
benson2022_relapse_mostrecent_selfemployed,derivation_component_result_ids,,extraction_outcomes,,,,,2,stage-g-merge,,,,,,
benson2022_relapse_mostrecent_selfemployed,employment_selection_status,none,extraction_cohorts,,,,,1,stage-g-merge,,,,,,
benson2022_relapse_mostrecent_selfemployed,diagnosis_group,schizophrenia,extraction_cohorts,,,,,2,stage-g-merge,,,,,,
benson2022_relapse_mostrecent_selfemployed,perc_qualifying_diagnosis,100,extraction_cohorts,,,,,2,stage-g-merge,,,,,,
benson2022_relapse_mostrecent_selfemployed,design,retrospective_cohort,extraction_cohorts,,,,,1,stage-g-merge,,,,,,
benson2022_relapse_mostrecent_selfemployed,arm_type,subgroup,extraction_arms,,,,,2,stage-g-merge,,,,,,
benson2022_relapse_mostrecent_selfemployed,analysis_selection_status,none,extraction_arms,,,,,2,stage-g-merge,,,,,,
benson2022_relapse_mostrecent_selfemployed,employment_targeted_intervention,,extraction_arms,,,,,2,stage-g-merge,,,,,,
benson2022_relapse_mostrecent_paidany,outcome_construct,paid_any,extraction_outcomes,,,,,2,stage-g-merge,,,,,,
benson2022_relapse_mostrecent_paidany,ascertainment,unclear,extraction_outcomes,,,,,2,stage-g-merge,,,,,,
benson2022_relapse_mostrecent_paidany,ascertainment_window_months,,extraction_outcomes,,,,,2,stage-g-merge,,,,,,
benson2022_relapse_mostrecent_paidany,n_employed,929,extraction_outcomes,,,,,2,stage-g-merge,,,,,,
benson2022_relapse_mostrecent_paidany,n_outcome_observed,16311,extraction_outcomes,,,,,2,stage-g-merge,,,,,,
benson2022_relapse_mostrecent_paidany,denominator_basis,entered,extraction_outcomes,,,,,2,stage-g-merge,,,,,,
benson2022_relapse_mostrecent_paidany,followup_months,,extraction_outcomes,,,,,2,stage-g-merge,,,,,,
benson2022_relapse_mostrecent_paidany,followup_basis,unclear,extraction_outcomes,,,,,2,stage-g-merge,,,,,,
benson2022_relapse_mostrecent_paidany,result_role,derived,extraction_outcomes,,,,,2,stage-g-merge,,,,,,
benson2022_relapse_mostrecent_paidany,conflict_status,unresolved,extraction_outcomes,,,,,2,stage-g-merge,,,,,,
benson2022_relapse_mostrecent_paidany,arm_id,relapse,extraction_outcomes,,,,,2,stage-g-merge,,,,,,
benson2022_relapse_mostrecent_paidany,derivation_component_result_ids,benson2022_relapse_mostrecent_fulltime;benson2022_relapse_mostrecent_parttime;benson2022_relapse_mostrecent_selfemployed,extraction_outcomes,,,,,2,stage-g-merge,,,,,,
benson2022_relapse_mostrecent_paidany,employment_selection_status,none,extraction_cohorts,,,,,1,stage-g-merge,,,,,,
benson2022_relapse_mostrecent_paidany,diagnosis_group,schizophrenia,extraction_cohorts,,,,,2,stage-g-merge,,,,,,
benson2022_relapse_mostrecent_paidany,perc_qualifying_diagnosis,100,extraction_cohorts,,,,,2,stage-g-merge,,,,,,
benson2022_relapse_mostrecent_paidany,design,retrospective_cohort,extraction_cohorts,,,,,1,stage-g-merge,,,,,,
benson2022_relapse_mostrecent_paidany,arm_type,subgroup,extraction_arms,,,,,2,stage-g-merge,,,,,,
benson2022_relapse_mostrecent_paidany,analysis_selection_status,none,extraction_arms,,,,,2,stage-g-merge,,,,,,
benson2022_relapse_mostrecent_paidany,employment_targeted_intervention,,extraction_arms,,,,,2,stage-g-merge,,,,,,
benson2022_nonrelapse_mostrecent_fulltime,outcome_construct,paid_any,extraction_outcomes,,,,,2,stage-g-merge,,,,,,
benson2022_nonrelapse_mostrecent_fulltime,ascertainment,unclear,extraction_outcomes,,,,,2,stage-g-merge,,,,,,
benson2022_nonrelapse_mostrecent_fulltime,ascertainment_window_months,,extraction_outcomes,,,,,2,stage-g-merge,,,,,,
benson2022_nonrelapse_mostrecent_fulltime,n_employed,908,extraction_outcomes,,,,,2,stage-g-merge,,,,,,
benson2022_nonrelapse_mostrecent_fulltime,n_outcome_observed,16361,extraction_outcomes,,,,,2,stage-g-merge,,,,,,
benson2022_nonrelapse_mostrecent_fulltime,denominator_basis,entered,extraction_outcomes,,,,,2,stage-g-merge,,,,,,
benson2022_nonrelapse_mostrecent_fulltime,followup_months,,extraction_outcomes,,,,,2,stage-g-merge,,,,,,
benson2022_nonrelapse_mostrecent_fulltime,followup_basis,unclear,extraction_outcomes,,,,,2,stage-g-merge,,,,,,
benson2022_nonrelapse_mostrecent_fulltime,result_role,component_only,extraction_outcomes,,,,,2,stage-g-merge,,,,,,
benson2022_nonrelapse_mostrecent_fulltime,conflict_status,none,extraction_outcomes,,,,,2,stage-g-merge,,,,,,
benson2022_nonrelapse_mostrecent_fulltime,arm_id,nonrelapse,extraction_outcomes,,,,,2,stage-g-merge,,,,,,
benson2022_nonrelapse_mostrecent_fulltime,derivation_component_result_ids,,extraction_outcomes,,,,,2,stage-g-merge,,,,,,
benson2022_nonrelapse_mostrecent_fulltime,employment_selection_status,none,extraction_cohorts,,,,,1,stage-g-merge,,,,,,
benson2022_nonrelapse_mostrecent_fulltime,diagnosis_group,schizophrenia,extraction_cohorts,,,,,2,stage-g-merge,,,,,,
benson2022_nonrelapse_mostrecent_fulltime,perc_qualifying_diagnosis,100,extraction_cohorts,,,,,2,stage-g-merge,,,,,,
benson2022_nonrelapse_mostrecent_fulltime,design,retrospective_cohort,extraction_cohorts,,,,,1,stage-g-merge,,,,,,
benson2022_nonrelapse_mostrecent_fulltime,arm_type,subgroup,extraction_arms,,,,,2,stage-g-merge,,,,,,
benson2022_nonrelapse_mostrecent_fulltime,analysis_selection_status,none,extraction_arms,,,,,2,stage-g-merge,,,,,,
benson2022_nonrelapse_mostrecent_fulltime,employment_targeted_intervention,,extraction_arms,,,,,2,stage-g-merge,,,,,,
benson2022_nonrelapse_mostrecent_parttime,outcome_construct,paid_any,extraction_outcomes,,,,,2,stage-g-merge,,,,,,
benson2022_nonrelapse_mostrecent_parttime,ascertainment,unclear,extraction_outcomes,,,,,2,stage-g-merge,,,,,,
benson2022_nonrelapse_mostrecent_parttime,ascertainment_window_months,,extraction_outcomes,,,,,2,stage-g-merge,,,,,,
benson2022_nonrelapse_mostrecent_parttime,n_employed,428,extraction_outcomes,,,,,2,stage-g-merge,,,,,,
benson2022_nonrelapse_mostrecent_parttime,n_outcome_observed,16361,extraction_outcomes,,,,,2,stage-g-merge,,,,,,
benson2022_nonrelapse_mostrecent_parttime,denominator_basis,entered,extraction_outcomes,,,,,2,stage-g-merge,,,,,,
benson2022_nonrelapse_mostrecent_parttime,followup_months,,extraction_outcomes,,,,,2,stage-g-merge,,,,,,
benson2022_nonrelapse_mostrecent_parttime,followup_basis,unclear,extraction_outcomes,,,,,2,stage-g-merge,,,,,,
benson2022_nonrelapse_mostrecent_parttime,result_role,component_only,extraction_outcomes,,,,,2,stage-g-merge,,,,,,
benson2022_nonrelapse_mostrecent_parttime,conflict_status,none,extraction_outcomes,,,,,2,stage-g-merge,,,,,,
benson2022_nonrelapse_mostrecent_parttime,arm_id,nonrelapse,extraction_outcomes,,,,,2,stage-g-merge,,,,,,
benson2022_nonrelapse_mostrecent_parttime,derivation_component_result_ids,,extraction_outcomes,,,,,2,stage-g-merge,,,,,,
benson2022_nonrelapse_mostrecent_parttime,employment_selection_status,none,extraction_cohorts,,,,,1,stage-g-merge,,,,,,
benson2022_nonrelapse_mostrecent_parttime,diagnosis_group,schizophrenia,extraction_cohorts,,,,,2,stage-g-merge,,,,,,
benson2022_nonrelapse_mostrecent_parttime,perc_qualifying_diagnosis,100,extraction_cohorts,,,,,2,stage-g-merge,,,,,,
benson2022_nonrelapse_mostrecent_parttime,design,retrospective_cohort,extraction_cohorts,,,,,1,stage-g-merge,,,,,,
benson2022_nonrelapse_mostrecent_parttime,arm_type,subgroup,extraction_arms,,,,,2,stage-g-merge,,,,,,
benson2022_nonrelapse_mostrecent_parttime,analysis_selection_status,none,extraction_arms,,,,,2,stage-g-merge,,,,,,
benson2022_nonrelapse_mostrecent_parttime,employment_targeted_intervention,,extraction_arms,,,,,2,stage-g-merge,,,,,,
benson2022_nonrelapse_mostrecent_selfemployed,outcome_construct,paid_any,extraction_outcomes,,,,,2,stage-g-merge,,,,,,
benson2022_nonrelapse_mostrecent_selfemployed,ascertainment,unclear,extraction_outcomes,,,,,2,stage-g-merge,,,,,,
benson2022_nonrelapse_mostrecent_selfemployed,ascertainment_window_months,,extraction_outcomes,,,,,2,stage-g-merge,,,,,,
benson2022_nonrelapse_mostrecent_selfemployed,n_employed,93,extraction_outcomes,,,,,2,stage-g-merge,,,,,,
benson2022_nonrelapse_mostrecent_selfemployed,n_outcome_observed,16361,extraction_outcomes,,,,,2,stage-g-merge,,,,,,
benson2022_nonrelapse_mostrecent_selfemployed,denominator_basis,entered,extraction_outcomes,,,,,2,stage-g-merge,,,,,,
benson2022_nonrelapse_mostrecent_selfemployed,followup_months,,extraction_outcomes,,,,,2,stage-g-merge,,,,,,
benson2022_nonrelapse_mostrecent_selfemployed,followup_basis,unclear,extraction_outcomes,,,,,2,stage-g-merge,,,,,,
benson2022_nonrelapse_mostrecent_selfemployed,result_role,component_only,extraction_outcomes,,,,,2,stage-g-merge,,,,,,
benson2022_nonrelapse_mostrecent_selfemployed,conflict_status,none,extraction_outcomes,,,,,2,stage-g-merge,,,,,,
benson2022_nonrelapse_mostrecent_selfemployed,arm_id,nonrelapse,extraction_outcomes,,,,,2,stage-g-merge,,,,,,
benson2022_nonrelapse_mostrecent_selfemployed,derivation_component_result_ids,,extraction_outcomes,,,,,2,stage-g-merge,,,,,,
benson2022_nonrelapse_mostrecent_selfemployed,employment_selection_status,none,extraction_cohorts,,,,,1,stage-g-merge,,,,,,
benson2022_nonrelapse_mostrecent_selfemployed,diagnosis_group,schizophrenia,extraction_cohorts,,,,,2,stage-g-merge,,,,,,
benson2022_nonrelapse_mostrecent_selfemployed,perc_qualifying_diagnosis,100,extraction_cohorts,,,,,2,stage-g-merge,,,,,,
benson2022_nonrelapse_mostrecent_selfemployed,design,retrospective_cohort,extraction_cohorts,,,,,1,stage-g-merge,,,,,,
benson2022_nonrelapse_mostrecent_selfemployed,arm_type,subgroup,extraction_arms,,,,,2,stage-g-merge,,,,,,
benson2022_nonrelapse_mostrecent_selfemployed,analysis_selection_status,none,extraction_arms,,,,,2,stage-g-merge,,,,,,
benson2022_nonrelapse_mostrecent_selfemployed,employment_targeted_intervention,,extraction_arms,,,,,2,stage-g-merge,,,,,,
benson2022_nonrelapse_mostrecent_paidany,outcome_construct,paid_any,extraction_outcomes,,,,,2,stage-g-merge,,,,,,
benson2022_nonrelapse_mostrecent_paidany,ascertainment,unclear,extraction_outcomes,,,,,2,stage-g-merge,,,,,,
benson2022_nonrelapse_mostrecent_paidany,ascertainment_window_months,,extraction_outcomes,,,,,2,stage-g-merge,,,,,,
benson2022_nonrelapse_mostrecent_paidany,n_employed,1429,extraction_outcomes,,,,,2,stage-g-merge,,,,,,
benson2022_nonrelapse_mostrecent_paidany,n_outcome_observed,16361,extraction_outcomes,,,,,2,stage-g-merge,,,,,,
benson2022_nonrelapse_mostrecent_paidany,denominator_basis,entered,extraction_outcomes,,,,,2,stage-g-merge,,,,,,
benson2022_nonrelapse_mostrecent_paidany,followup_months,,extraction_outcomes,,,,,2,stage-g-merge,,,,,,
benson2022_nonrelapse_mostrecent_paidany,followup_basis,unclear,extraction_outcomes,,,,,2,stage-g-merge,,,,,,
benson2022_nonrelapse_mostrecent_paidany,result_role,derived,extraction_outcomes,,,,,2,stage-g-merge,,,,,,
benson2022_nonrelapse_mostrecent_paidany,conflict_status,none,extraction_outcomes,,,,,2,stage-g-merge,,,,,,
benson2022_nonrelapse_mostrecent_paidany,arm_id,nonrelapse,extraction_outcomes,,,,,2,stage-g-merge,,,,,,
benson2022_nonrelapse_mostrecent_paidany,derivation_component_result_ids,benson2022_nonrelapse_mostrecent_fulltime;benson2022_nonrelapse_mostrecent_parttime;benson2022_nonrelapse_mostrecent_selfemployed,extraction_outcomes,,,,,2,stage-g-merge,,,,,,
benson2022_nonrelapse_mostrecent_paidany,employment_selection_status,none,extraction_cohorts,,,,,1,stage-g-merge,,,,,,
benson2022_nonrelapse_mostrecent_paidany,diagnosis_group,schizophrenia,extraction_cohorts,,,,,2,stage-g-merge,,,,,,
benson2022_nonrelapse_mostrecent_paidany,perc_qualifying_diagnosis,100,extraction_cohorts,,,,,2,stage-g-merge,,,,,,
benson2022_nonrelapse_mostrecent_paidany,design,retrospective_cohort,extraction_cohorts,,,,,1,stage-g-merge,,,,,,
benson2022_nonrelapse_mostrecent_paidany,arm_type,subgroup,extraction_arms,,,,,2,stage-g-merge,,,,,,
benson2022_nonrelapse_mostrecent_paidany,analysis_selection_status,none,extraction_arms,,,,,2,stage-g-merge,,,,,,
benson2022_nonrelapse_mostrecent_paidany,employment_targeted_intervention,,extraction_arms,,,,,2,stage-g-merge,,,,,,
killackey2019_ips_t6m_paidcomp,outcome_construct,paid_competitive,extraction_outcomes,,,,,2,stage-g-merge,,,,,,
killackey2019_ips_t6m_paidcomp,ascertainment,period_prevalence,extraction_outcomes,,,,,2,stage-g-merge,,,,,,
killackey2019_ips_t6m_paidcomp,ascertainment_window_months,6,extraction_outcomes,,,,,2,stage-g-merge,,,,,,
killackey2019_ips_t6m_paidcomp,n_employed,47,extraction_outcomes,,,,,2,stage-g-merge,,,,,,
killackey2019_ips_t6m_paidcomp,n_outcome_observed,66,extraction_outcomes,,,,,2,stage-g-merge,,,,,,
killackey2019_ips_t6m_paidcomp,denominator_basis,outcome_observed,extraction_outcomes,,,,,2,stage-g-merge,,,,,,
killackey2019_ips_t6m_paidcomp,followup_months,6,extraction_outcomes,,,,,2,stage-g-merge,,,,,,
killackey2019_ips_t6m_paidcomp,followup_basis,since_baseline,extraction_outcomes,,,,,2,stage-g-merge,,,,,,
killackey2019_ips_t6m_paidcomp,result_role,reported,extraction_outcomes,,,,,2,stage-g-merge,,,,,,
killackey2019_ips_t6m_paidcomp,conflict_status,none,extraction_outcomes,,,,,2,stage-g-merge,,,,,,
killackey2019_ips_t6m_paidcomp,arm_id,ips,extraction_outcomes,,,,,2,stage-g-merge,,,,,,
killackey2019_ips_t6m_paidcomp,derivation_component_result_ids,,extraction_outcomes,,,,,2,stage-g-merge,,,,,,
killackey2019_ips_t6m_paidcomp,employment_selection_status,selected,extraction_cohorts,,,,,1,stage-g-merge,,,,,,
killackey2019_ips_t6m_paidcomp,diagnosis_group,fep,extraction_cohorts,,,,,2,stage-g-merge,,,,,,
killackey2019_ips_t6m_paidcomp,perc_qualifying_diagnosis,100,extraction_cohorts,,,,,2,stage-g-merge,,,,,,
killackey2019_ips_t6m_paidcomp,design,rct,extraction_cohorts,,,,,1,stage-g-merge,,,,,,
killackey2019_ips_t6m_paidcomp,arm_type,intervention,extraction_arms,,,,,2,stage-g-merge,,,,,,
killackey2019_ips_t6m_paidcomp,analysis_selection_status,none,extraction_arms,,,,,2,stage-g-merge,,,,,,
killackey2019_ips_t6m_paidcomp,employment_targeted_intervention,,extraction_arms,,,,,2,stage-g-merge,,,,,,
killackey2019_tau_t6m_paidcomp,outcome_construct,paid_competitive,extraction_outcomes,,,,,2,stage-g-merge,,,,,,
killackey2019_tau_t6m_paidcomp,ascertainment,period_prevalence,extraction_outcomes,,,,,2,stage-g-merge,,,,,,
killackey2019_tau_t6m_paidcomp,ascertainment_window_months,6,extraction_outcomes,,,,,2,stage-g-merge,,,,,,
killackey2019_tau_t6m_paidcomp,n_employed,29,extraction_outcomes,,,,,2,stage-g-merge,,,,,,
killackey2019_tau_t6m_paidcomp,n_outcome_observed,60,extraction_outcomes,,,,,2,stage-g-merge,,,,,,
killackey2019_tau_t6m_paidcomp,denominator_basis,outcome_observed,extraction_outcomes,,,,,2,stage-g-merge,,,,,,
killackey2019_tau_t6m_paidcomp,followup_months,6,extraction_outcomes,,,,,2,stage-g-merge,,,,,,
killackey2019_tau_t6m_paidcomp,followup_basis,since_baseline,extraction_outcomes,,,,,2,stage-g-merge,,,,,,
killackey2019_tau_t6m_paidcomp,result_role,reported,extraction_outcomes,,,,,2,stage-g-merge,,,,,,
killackey2019_tau_t6m_paidcomp,conflict_status,none,extraction_outcomes,,,,,2,stage-g-merge,,,,,,
killackey2019_tau_t6m_paidcomp,arm_id,tau,extraction_outcomes,,,,,2,stage-g-merge,,,,,,
killackey2019_tau_t6m_paidcomp,derivation_component_result_ids,,extraction_outcomes,,,,,2,stage-g-merge,,,,,,
killackey2019_tau_t6m_paidcomp,employment_selection_status,selected,extraction_cohorts,,,,,1,stage-g-merge,,,,,,
killackey2019_tau_t6m_paidcomp,diagnosis_group,fep,extraction_cohorts,,,,,2,stage-g-merge,,,,,,
killackey2019_tau_t6m_paidcomp,perc_qualifying_diagnosis,100,extraction_cohorts,,,,,2,stage-g-merge,,,,,,
killackey2019_tau_t6m_paidcomp,design,rct,extraction_cohorts,,,,,1,stage-g-merge,,,,,,
killackey2019_tau_t6m_paidcomp,arm_type,control_tau,extraction_arms,,,,,2,stage-g-merge,,,,,,
killackey2019_tau_t6m_paidcomp,analysis_selection_status,none,extraction_arms,,,,,2,stage-g-merge,,,,,,
killackey2019_tau_t6m_paidcomp,employment_targeted_intervention,,extraction_arms,,,,,2,stage-g-merge,,,,,,
clarke2023_cohort_t18m_paidany,outcome_construct,paid_any,extraction_outcomes,,,,,2,stage-g-merge,,,,,,
clarke2023_cohort_t18m_paidany,ascertainment,point_prevalence,extraction_outcomes,,,,,2,stage-g-merge,,,,,,
clarke2023_cohort_t18m_paidany,ascertainment_window_months,,extraction_outcomes,,,,,2,stage-g-merge,,,,,,
clarke2023_cohort_t18m_paidany,n_employed,37,extraction_outcomes,,,,,2,stage-g-merge,,,,,,
clarke2023_cohort_t18m_paidany,n_outcome_observed,100,extraction_outcomes,,,,,2,stage-g-merge,,,,,,
clarke2023_cohort_t18m_paidany,denominator_basis,outcome_observed,extraction_outcomes,,,,,2,stage-g-merge,,,,,,
clarke2023_cohort_t18m_paidany,followup_months,18,extraction_outcomes,,,,,2,stage-g-merge,,,,,,
clarke2023_cohort_t18m_paidany,followup_basis,since_baseline,extraction_outcomes,,,,,2,stage-g-merge,,,,,,
clarke2023_cohort_t18m_paidany,result_role,reported,extraction_outcomes,,,,,2,stage-g-merge,,,,,,
clarke2023_cohort_t18m_paidany,conflict_status,none,extraction_outcomes,,,,,2,stage-g-merge,,,,,,
clarke2023_cohort_t18m_paidany,arm_id,cohort,extraction_outcomes,,,,,2,stage-g-merge,,,,,,
clarke2023_cohort_t18m_paidany,derivation_component_result_ids,,extraction_outcomes,,,,,2,stage-g-merge,,,,,,
clarke2023_cohort_t18m_paidany,employment_selection_status,selected,extraction_cohorts,,,,,1,stage-g-merge,,,,,,
clarke2023_cohort_t18m_paidany,diagnosis_group,fep,extraction_cohorts,,,,,2,stage-g-merge,,,,,,
clarke2023_cohort_t18m_paidany,perc_qualifying_diagnosis,100,extraction_cohorts,,,,,2,stage-g-merge,,,,,,
clarke2023_cohort_t18m_paidany,design,rct,extraction_cohorts,,,,,1,stage-g-merge,,,,,,
clarke2023_cohort_t18m_paidany,arm_type,cohort,extraction_arms,,,,,2,stage-g-merge,,,,,,
clarke2023_cohort_t18m_paidany,analysis_selection_status,none,extraction_arms,,,,,2,stage-g-merge,,,,,,
clarke2023_cohort_t18m_paidany,employment_targeted_intervention,yes,extraction_arms,,,,,2,stage-g-merge,,,,,,
harrow2017_sz_ap20y_t240m_vocact,outcome_construct,vocational_activity,extraction_outcomes,,,,,2,stage-g-merge,,,,,,
harrow2017_sz_ap20y_t240m_vocact,ascertainment,period_prevalence,extraction_outcomes,,,,,2,stage-g-merge,,,,,,
harrow2017_sz_ap20y_t240m_vocact,ascertainment_window_months,12,extraction_outcomes,,,,,2,stage-g-merge,,,,,,
harrow2017_sz_ap20y_t240m_vocact,n_employed,9,extraction_outcomes,,,,,2,stage-g-merge,,,,,,
harrow2017_sz_ap20y_t240m_vocact,n_outcome_observed,36,extraction_outcomes,,,,,2,stage-g-merge,,,,,,
harrow2017_sz_ap20y_t240m_vocact,denominator_basis,outcome_observed,extraction_outcomes,,,,,2,stage-g-merge,,,,,,
harrow2017_sz_ap20y_t240m_vocact,followup_months,240,extraction_outcomes,,,,,2,stage-g-merge,,,,,,
harrow2017_sz_ap20y_t240m_vocact,followup_basis,since_baseline,extraction_outcomes,,,,,2,stage-g-merge,,,,,,
harrow2017_sz_ap20y_t240m_vocact,result_role,reported,extraction_outcomes,,,,,2,stage-g-merge,,,,,,
harrow2017_sz_ap20y_t240m_vocact,conflict_status,none,extraction_outcomes,,,,,2,stage-g-merge,,,,,,
harrow2017_sz_ap20y_t240m_vocact,arm_id,sz_ap20y,extraction_outcomes,,,,,2,stage-g-merge,,,,,,
harrow2017_sz_ap20y_t240m_vocact,derivation_component_result_ids,,extraction_outcomes,,,,,2,stage-g-merge,,,,,,
harrow2017_sz_ap20y_t240m_vocact,employment_selection_status,none,extraction_cohorts,,,,,1,stage-g-merge,,,,,,
harrow2017_sz_ap20y_t240m_vocact,diagnosis_group,psychosis_mixed,extraction_cohorts,,,,,2,stage-g-merge,,,,,,
harrow2017_sz_ap20y_t240m_vocact,perc_qualifying_diagnosis,100,extraction_cohorts,,,,,2,stage-g-merge,,,,,,
harrow2017_sz_ap20y_t240m_vocact,design,prospective_cohort,extraction_cohorts,,,,,1,stage-g-merge,,,,,,
harrow2017_sz_ap20y_t240m_vocact,arm_type,subgroup,extraction_arms,,,,,2,stage-g-merge,,,,,,
harrow2017_sz_ap20y_t240m_vocact,analysis_selection_status,none,extraction_arms,,,,,2,stage-g-merge,,,,,,
harrow2017_sz_ap20y_t240m_vocact,employment_targeted_intervention,,extraction_arms,,,,,2,stage-g-merge,,,,,,
harrow2017_sz_noap20y_t240m_vocact,outcome_construct,vocational_activity,extraction_outcomes,,,,,2,stage-g-merge,,,,,,
harrow2017_sz_noap20y_t240m_vocact,ascertainment,period_prevalence,extraction_outcomes,,,,,2,stage-g-merge,,,,,,
harrow2017_sz_noap20y_t240m_vocact,ascertainment_window_months,12,extraction_outcomes,,,,,2,stage-g-merge,,,,,,
harrow2017_sz_noap20y_t240m_vocact,n_employed,16,extraction_outcomes,,,,,2,stage-g-merge,,,,,,
harrow2017_sz_noap20y_t240m_vocact,n_outcome_observed,22,extraction_outcomes,,,,,2,stage-g-merge,,,,,,
harrow2017_sz_noap20y_t240m_vocact,denominator_basis,outcome_observed,extraction_outcomes,,,,,2,stage-g-merge,,,,,,
harrow2017_sz_noap20y_t240m_vocact,followup_months,240,extraction_outcomes,,,,,2,stage-g-merge,,,,,,
harrow2017_sz_noap20y_t240m_vocact,followup_basis,since_baseline,extraction_outcomes,,,,,2,stage-g-merge,,,,,,
harrow2017_sz_noap20y_t240m_vocact,result_role,reported,extraction_outcomes,,,,,2,stage-g-merge,,,,,,
harrow2017_sz_noap20y_t240m_vocact,conflict_status,none,extraction_outcomes,,,,,2,stage-g-merge,,,,,,
harrow2017_sz_noap20y_t240m_vocact,arm_id,sz_noap20y,extraction_outcomes,,,,,2,stage-g-merge,,,,,,
harrow2017_sz_noap20y_t240m_vocact,derivation_component_result_ids,,extraction_outcomes,,,,,2,stage-g-merge,,,,,,
harrow2017_sz_noap20y_t240m_vocact,employment_selection_status,none,extraction_cohorts,,,,,1,stage-g-merge,,,,,,
harrow2017_sz_noap20y_t240m_vocact,diagnosis_group,psychosis_mixed,extraction_cohorts,,,,,2,stage-g-merge,,,,,,
harrow2017_sz_noap20y_t240m_vocact,perc_qualifying_diagnosis,100,extraction_cohorts,,,,,2,stage-g-merge,,,,,,
harrow2017_sz_noap20y_t240m_vocact,design,prospective_cohort,extraction_cohorts,,,,,1,stage-g-merge,,,,,,
harrow2017_sz_noap20y_t240m_vocact,arm_type,subgroup,extraction_arms,,,,,2,stage-g-merge,,,,,,
harrow2017_sz_noap20y_t240m_vocact,analysis_selection_status,none,extraction_arms,,,,,2,stage-g-merge,,,,,,
harrow2017_sz_noap20y_t240m_vocact,employment_targeted_intervention,,extraction_arms,,,,,2,stage-g-merge,,,,,,
khare2022b_cohort_t12m_paidany_c_empboth,outcome_construct,paid_any,extraction_outcomes,,,,,0,stage-g-merge,,,,,,
khare2022b_cohort_t12m_paidany_c_empboth,ascertainment,point_prevalence,extraction_outcomes,,,,,0,stage-g-merge,,,,,,
khare2022b_cohort_t12m_paidany_c_empboth,ascertainment_window_months,,extraction_outcomes,,,,,0,stage-g-merge,,,,,,
khare2022b_cohort_t12m_paidany_c_empboth,n_employed,45,extraction_outcomes,,,,,0,stage-g-merge,,,,,,
khare2022b_cohort_t12m_paidany_c_empboth,n_outcome_observed,107,extraction_outcomes,,,,,0,stage-g-merge,,,,,,
khare2022b_cohort_t12m_paidany_c_empboth,denominator_basis,outcome_observed,extraction_outcomes,,,,,0,stage-g-merge,,,,,,
khare2022b_cohort_t12m_paidany_c_empboth,followup_months,12,extraction_outcomes,,,,,0,stage-g-merge,,,,,,
khare2022b_cohort_t12m_paidany_c_empboth,followup_basis,since_baseline,extraction_outcomes,,,,,0,stage-g-merge,,,,,,
khare2022b_cohort_t12m_paidany_c_empboth,result_role,component_only,extraction_outcomes,,,,,0,stage-g-merge,,,,,,
khare2022b_cohort_t12m_paidany_c_empboth,conflict_status,none,extraction_outcomes,,,,,0,stage-g-merge,,,,,,
khare2022b_cohort_t12m_paidany_c_empboth,arm_id,cohort,extraction_outcomes,,,,,0,stage-g-merge,,,,,,
khare2022b_cohort_t12m_paidany_c_empboth,derivation_component_result_ids,,extraction_outcomes,,,,,0,stage-g-merge,,,,,,
khare2022b_cohort_t12m_paidany_c_empboth,employment_selection_status,none,extraction_cohorts,,,,,0,stage-g-merge,,,,,,
khare2022b_cohort_t12m_paidany_c_empboth,diagnosis_group,smi_mixed,extraction_cohorts,,,,,0,stage-g-merge,,,,,,
khare2022b_cohort_t12m_paidany_c_empboth,perc_qualifying_diagnosis,90,extraction_cohorts,,,,,0,stage-g-merge,,,,,,
khare2022b_cohort_t12m_paidany_c_empboth,design,prospective_cohort,extraction_cohorts,,,,,0,stage-g-merge,,,,,,
khare2022b_cohort_t12m_paidany_c_empboth,arm_type,cohort,extraction_arms,,,,,0,stage-g-merge,,,,,,
khare2022b_cohort_t12m_paidany_c_empboth,analysis_selection_status,none,extraction_arms,,,,,0,stage-g-merge,,,,,,
khare2022b_cohort_t12m_paidany_c_empboth,employment_targeted_intervention,not_applicable,extraction_arms,,,,,0,stage-g-merge,,,,,,
khare2022b_cohort_t12m_paidany_c_newemp,outcome_construct,paid_any,extraction_outcomes,,,,,0,stage-g-merge,,,,,,
khare2022b_cohort_t12m_paidany_c_newemp,ascertainment,point_prevalence,extraction_outcomes,,,,,0,stage-g-merge,,,,,,
khare2022b_cohort_t12m_paidany_c_newemp,ascertainment_window_months,,extraction_outcomes,,,,,0,stage-g-merge,,,,,,
khare2022b_cohort_t12m_paidany_c_newemp,n_employed,8,extraction_outcomes,,,,,0,stage-g-merge,,,,,,
khare2022b_cohort_t12m_paidany_c_newemp,n_outcome_observed,107,extraction_outcomes,,,,,0,stage-g-merge,,,,,,
khare2022b_cohort_t12m_paidany_c_newemp,denominator_basis,outcome_observed,extraction_outcomes,,,,,0,stage-g-merge,,,,,,
khare2022b_cohort_t12m_paidany_c_newemp,followup_months,12,extraction_outcomes,,,,,0,stage-g-merge,,,,,,
khare2022b_cohort_t12m_paidany_c_newemp,followup_basis,since_baseline,extraction_outcomes,,,,,0,stage-g-merge,,,,,,
khare2022b_cohort_t12m_paidany_c_newemp,result_role,component_only,extraction_outcomes,,,,,0,stage-g-merge,,,,,,
khare2022b_cohort_t12m_paidany_c_newemp,conflict_status,none,extraction_outcomes,,,,,0,stage-g-merge,,,,,,
khare2022b_cohort_t12m_paidany_c_newemp,arm_id,cohort,extraction_outcomes,,,,,0,stage-g-merge,,,,,,
khare2022b_cohort_t12m_paidany_c_newemp,derivation_component_result_ids,,extraction_outcomes,,,,,0,stage-g-merge,,,,,,
khare2022b_cohort_t12m_paidany_c_newemp,employment_selection_status,none,extraction_cohorts,,,,,0,stage-g-merge,,,,,,
khare2022b_cohort_t12m_paidany_c_newemp,diagnosis_group,smi_mixed,extraction_cohorts,,,,,0,stage-g-merge,,,,,,
khare2022b_cohort_t12m_paidany_c_newemp,perc_qualifying_diagnosis,90,extraction_cohorts,,,,,0,stage-g-merge,,,,,,
khare2022b_cohort_t12m_paidany_c_newemp,design,prospective_cohort,extraction_cohorts,,,,,0,stage-g-merge,,,,,,
khare2022b_cohort_t12m_paidany_c_newemp,arm_type,cohort,extraction_arms,,,,,0,stage-g-merge,,,,,,
khare2022b_cohort_t12m_paidany_c_newemp,analysis_selection_status,none,extraction_arms,,,,,0,stage-g-merge,,,,,,
khare2022b_cohort_t12m_paidany_c_newemp,employment_targeted_intervention,not_applicable,extraction_arms,,,,,0,stage-g-merge,,,,,,
khare2022b_cohort_t12m_paidany,outcome_construct,paid_any,extraction_outcomes,,,,,0,stage-g-merge,,,,,,
khare2022b_cohort_t12m_paidany,ascertainment,point_prevalence,extraction_outcomes,,,,,0,stage-g-merge,,,,,,
khare2022b_cohort_t12m_paidany,ascertainment_window_months,,extraction_outcomes,,,,,0,stage-g-merge,,,,,,
khare2022b_cohort_t12m_paidany,n_employed,53,extraction_outcomes,,,,,0,stage-g-merge,,,,,,
khare2022b_cohort_t12m_paidany,n_outcome_observed,107,extraction_outcomes,,,,,0,stage-g-merge,,,,,,
khare2022b_cohort_t12m_paidany,denominator_basis,outcome_observed,extraction_outcomes,,,,,0,stage-g-merge,,,,,,
khare2022b_cohort_t12m_paidany,followup_months,12,extraction_outcomes,,,,,0,stage-g-merge,,,,,,
khare2022b_cohort_t12m_paidany,followup_basis,since_baseline,extraction_outcomes,,,,,0,stage-g-merge,,,,,,
khare2022b_cohort_t12m_paidany,result_role,derived,extraction_outcomes,,,,,0,stage-g-merge,,,,,,
khare2022b_cohort_t12m_paidany,conflict_status,none,extraction_outcomes,,,,,0,stage-g-merge,,,,,,
khare2022b_cohort_t12m_paidany,arm_id,cohort,extraction_outcomes,,,,,0,stage-g-merge,,,,,,
khare2022b_cohort_t12m_paidany,derivation_component_result_ids,khare2022b_cohort_t12m_paidany_c_empboth; khare2022b_cohort_t12m_paidany_c_newemp,extraction_outcomes,,,,,0,stage-g-merge,,,,,,
khare2022b_cohort_t12m_paidany,employment_selection_status,none,extraction_cohorts,,,,,0,stage-g-merge,,,,,,
khare2022b_cohort_t12m_paidany,diagnosis_group,smi_mixed,extraction_cohorts,,,,,0,stage-g-merge,,,,,,
khare2022b_cohort_t12m_paidany,perc_qualifying_diagnosis,90,extraction_cohorts,,,,,0,stage-g-merge,,,,,,
khare2022b_cohort_t12m_paidany,design,prospective_cohort,extraction_cohorts,,,,,0,stage-g-merge,,,,,,
khare2022b_cohort_t12m_paidany,arm_type,cohort,extraction_arms,,,,,0,stage-g-merge,,,,,,
khare2022b_cohort_t12m_paidany,analysis_selection_status,none,extraction_arms,,,,,0,stage-g-merge,,,,,,
khare2022b_cohort_t12m_paidany,employment_targeted_intervention,not_applicable,extraction_arms,,,,,0,stage-g-merge,,,,,,
strassnig2017_s2017cohort_t240m_paidcomp,outcome_construct,paid_competitive,extraction_outcomes,,,,,2,stage-g-merge,,,,,,
strassnig2017_s2017cohort_t240m_paidcomp,ascertainment,point_prevalence,extraction_outcomes,,,,,2,stage-g-merge,,,,,,
strassnig2017_s2017cohort_t240m_paidcomp,ascertainment_window_months,,extraction_outcomes,,,,,2,stage-g-merge,,,,,,
strassnig2017_s2017cohort_t240m_paidcomp,n_employed,,extraction_outcomes,,,,,2,stage-g-merge,,,,,,
strassnig2017_s2017cohort_t240m_paidcomp,n_outcome_observed,,extraction_outcomes,,,,,2,stage-g-merge,,,,,,
strassnig2017_s2017cohort_t240m_paidcomp,denominator_basis,,extraction_outcomes,,,,,2,stage-g-merge,,,,,,
strassnig2017_s2017cohort_t240m_paidcomp,followup_months,240,extraction_outcomes,,,,,2,stage-g-merge,,,,,,
strassnig2017_s2017cohort_t240m_paidcomp,followup_basis,since_baseline,extraction_outcomes,,,,,2,stage-g-merge,,,,,,
strassnig2017_s2017cohort_t240m_paidcomp,result_role,reported,extraction_outcomes,,,,,2,stage-g-merge,,,,,,
strassnig2017_s2017cohort_t240m_paidcomp,conflict_status,unresolved,extraction_outcomes,,,,,2,stage-g-merge,,,,,,
strassnig2017_s2017cohort_t240m_paidcomp,arm_id,s2017_scz_bp_complete,extraction_outcomes,,,,,2,stage-g-merge,,,,,,
strassnig2017_s2017cohort_t240m_paidcomp,derivation_component_result_ids,,extraction_outcomes,,,,,2,stage-g-merge,,,,,,
strassnig2017_s2017cohort_t240m_paidcomp,employment_selection_status,none,extraction_cohorts,,,,,1,stage-g-merge,,,,,,
strassnig2017_s2017cohort_t240m_paidcomp,diagnosis_group,psychosis_mixed,extraction_cohorts,,,,,2,stage-g-merge,,,,,,
strassnig2017_s2017cohort_t240m_paidcomp,perc_qualifying_diagnosis,100,extraction_cohorts,,,,,2,stage-g-merge,,,,,,
strassnig2017_s2017cohort_t240m_paidcomp,design,prospective_cohort,extraction_cohorts,,,,,1,stage-g-merge,,,,,,
strassnig2017_s2017cohort_t240m_paidcomp,arm_type,subgroup,extraction_arms,,,,,2,stage-g-merge,,,,,,
strassnig2017_s2017cohort_t240m_paidcomp,analysis_selection_status,none,extraction_arms,,,,,2,stage-g-merge,,,,,,
strassnig2017_s2017cohort_t240m_paidcomp,employment_targeted_intervention,,extraction_arms,,,,,2,stage-g-merge,,,,,,
strassnig2018_s2018scz_t240m_paidcomp,outcome_construct,paid_competitive,extraction_outcomes,,,,,2,stage-g-merge,,,,,,
strassnig2018_s2018scz_t240m_paidcomp,ascertainment,point_prevalence,extraction_outcomes,,,,,2,stage-g-merge,,,,,,
strassnig2018_s2018scz_t240m_paidcomp,ascertainment_window_months,,extraction_outcomes,,,,,2,stage-g-merge,,,,,,
strassnig2018_s2018scz_t240m_paidcomp,n_employed,36,extraction_outcomes,,,,,2,stage-g-merge,,,,,,
strassnig2018_s2018scz_t240m_paidcomp,n_outcome_observed,146,extraction_outcomes,,,,,2,stage-g-merge,,,,,,
strassnig2018_s2018scz_t240m_paidcomp,denominator_basis,outcome_observed,extraction_outcomes,,,,,2,stage-g-merge,,,,,,
strassnig2018_s2018scz_t240m_paidcomp,followup_months,240,extraction_outcomes,,,,,2,stage-g-merge,,,,,,
strassnig2018_s2018scz_t240m_paidcomp,followup_basis,since_baseline,extraction_outcomes,,,,,2,stage-g-merge,,,,,,
strassnig2018_s2018scz_t240m_paidcomp,result_role,reported,extraction_outcomes,,,,,2,stage-g-merge,,,,,,
strassnig2018_s2018scz_t240m_paidcomp,conflict_status,unresolved,extraction_outcomes,,,,,2,stage-g-merge,,,,,,
strassnig2018_s2018scz_t240m_paidcomp,arm_id,s2018_scz,extraction_outcomes,,,,,2,stage-g-merge,,,,,,
strassnig2018_s2018scz_t240m_paidcomp,derivation_component_result_ids,,extraction_outcomes,,,,,2,stage-g-merge,,,,,,
strassnig2018_s2018scz_t240m_paidcomp,employment_selection_status,none,extraction_cohorts,,,,,1,stage-g-merge,,,,,,
strassnig2018_s2018scz_t240m_paidcomp,diagnosis_group,psychosis_mixed,extraction_cohorts,,,,,2,stage-g-merge,,,,,,
strassnig2018_s2018scz_t240m_paidcomp,perc_qualifying_diagnosis,100,extraction_cohorts,,,,,2,stage-g-merge,,,,,,
strassnig2018_s2018scz_t240m_paidcomp,design,prospective_cohort,extraction_cohorts,,,,,1,stage-g-merge,,,,,,
strassnig2018_s2018scz_t240m_paidcomp,arm_type,subgroup,extraction_arms,,,,,2,stage-g-merge,,,,,,
strassnig2018_s2018scz_t240m_paidcomp,analysis_selection_status,none,extraction_arms,,,,,2,stage-g-merge,,,,,,
strassnig2018_s2018scz_t240m_paidcomp,employment_targeted_intervention,,extraction_arms,,,,,2,stage-g-merge,,,,,,
strassnig2018_s2018bp_t240m_paidcomp,outcome_construct,paid_competitive,extraction_outcomes,,,,,2,stage-g-merge,,,,,,
strassnig2018_s2018bp_t240m_paidcomp,ascertainment,point_prevalence,extraction_outcomes,,,,,2,stage-g-merge,,,,,,
strassnig2018_s2018bp_t240m_paidcomp,ascertainment_window_months,,extraction_outcomes,,,,,2,stage-g-merge,,,,,,
strassnig2018_s2018bp_t240m_paidcomp,n_employed,46,extraction_outcomes,,,,,2,stage-g-merge,,,,,,
strassnig2018_s2018bp_t240m_paidcomp,n_outcome_observed,87,extraction_outcomes,,,,,2,stage-g-merge,,,,,,
strassnig2018_s2018bp_t240m_paidcomp,denominator_basis,outcome_observed,extraction_outcomes,,,,,2,stage-g-merge,,,,,,
strassnig2018_s2018bp_t240m_paidcomp,followup_months,240,extraction_outcomes,,,,,2,stage-g-merge,,,,,,
strassnig2018_s2018bp_t240m_paidcomp,followup_basis,since_baseline,extraction_outcomes,,,,,2,stage-g-merge,,,,,,
strassnig2018_s2018bp_t240m_paidcomp,result_role,reported,extraction_outcomes,,,,,2,stage-g-merge,,,,,,
strassnig2018_s2018bp_t240m_paidcomp,conflict_status,unresolved,extraction_outcomes,,,,,2,stage-g-merge,,,,,,
strassnig2018_s2018bp_t240m_paidcomp,arm_id,s2018_bp,extraction_outcomes,,,,,2,stage-g-merge,,,,,,
strassnig2018_s2018bp_t240m_paidcomp,derivation_component_result_ids,,extraction_outcomes,,,,,2,stage-g-merge,,,,,,
strassnig2018_s2018bp_t240m_paidcomp,employment_selection_status,none,extraction_cohorts,,,,,1,stage-g-merge,,,,,,
strassnig2018_s2018bp_t240m_paidcomp,diagnosis_group,psychosis_mixed,extraction_cohorts,,,,,2,stage-g-merge,,,,,,
strassnig2018_s2018bp_t240m_paidcomp,perc_qualifying_diagnosis,100,extraction_cohorts,,,,,2,stage-g-merge,,,,,,
strassnig2018_s2018bp_t240m_paidcomp,design,prospective_cohort,extraction_cohorts,,,,,1,stage-g-merge,,,,,,
strassnig2018_s2018bp_t240m_paidcomp,arm_type,subgroup,extraction_arms,,,,,2,stage-g-merge,,,,,,
strassnig2018_s2018bp_t240m_paidcomp,analysis_selection_status,none,extraction_arms,,,,,2,stage-g-merge,,,,,,
strassnig2018_s2018bp_t240m_paidcomp,employment_targeted_intervention,,extraction_arms,,,,,2,stage-g-merge,,,,,,
andersen2024_fep_cohort_t9m_c_workonly,outcome_construct,paid_any,extraction_outcomes,,,,,0,stage-g-merge,,,,,,
andersen2024_fep_cohort_t9m_c_workonly,ascertainment,point_prevalence,extraction_outcomes,,,,,0,stage-g-merge,,,,,,
andersen2024_fep_cohort_t9m_c_workonly,ascertainment_window_months,,extraction_outcomes,,,,,0,stage-g-merge,,,,,,
andersen2024_fep_cohort_t9m_c_workonly,n_employed,177,extraction_outcomes,,,,,0,stage-g-merge,,,,,,
andersen2024_fep_cohort_t9m_c_workonly,n_outcome_observed,751,extraction_outcomes,,,,,0,stage-g-merge,,,,,,
andersen2024_fep_cohort_t9m_c_workonly,denominator_basis,outcome_observed,extraction_outcomes,,,,,0,stage-g-merge,,,,,,
andersen2024_fep_cohort_t9m_c_workonly,followup_months,9,extraction_outcomes,,,,,0,stage-g-merge,,,,,,
andersen2024_fep_cohort_t9m_c_workonly,followup_basis,since_baseline,extraction_outcomes,,,,,0,stage-g-merge,,,,,,
andersen2024_fep_cohort_t9m_c_workonly,result_role,component_only,extraction_outcomes,,,,,0,stage-g-merge,,,,,,
andersen2024_fep_cohort_t9m_c_workonly,conflict_status,none,extraction_outcomes,,,,,0,stage-g-merge,,,,,,
andersen2024_fep_cohort_t9m_c_workonly,arm_id,cohort,extraction_outcomes,,,,,0,stage-g-merge,,,,,,
andersen2024_fep_cohort_t9m_c_workonly,derivation_component_result_ids,,extraction_outcomes,,,,,0,stage-g-merge,,,,,,
andersen2024_fep_cohort_t9m_c_workonly,employment_selection_status,none,extraction_cohorts,,,,,0,stage-g-merge,,,,,,
andersen2024_fep_cohort_t9m_c_workonly,diagnosis_group,fep,extraction_cohorts,,,,,0,stage-g-merge,,,,,,
andersen2024_fep_cohort_t9m_c_workonly,perc_qualifying_diagnosis,100,extraction_cohorts,,,,,0,stage-g-merge,,,,,,
andersen2024_fep_cohort_t9m_c_workonly,design,prospective_cohort,extraction_cohorts,,,,,0,stage-g-merge,,,,,,
andersen2024_fep_cohort_t9m_c_workonly,arm_type,cohort,extraction_arms,,,,,0,stage-g-merge,,,,,,
andersen2024_fep_cohort_t9m_c_workonly,analysis_selection_status,none,extraction_arms,,,,,0,stage-g-merge,,,,,,
andersen2024_fep_cohort_t9m_c_workonly,employment_targeted_intervention,not_applicable,extraction_arms,,,,,0,stage-g-merge,,,,,,
andersen2024_fep_cohort_t9m_c_workstudy,outcome_construct,paid_any,extraction_outcomes,,,,,0,stage-g-merge,,,,,,
andersen2024_fep_cohort_t9m_c_workstudy,ascertainment,point_prevalence,extraction_outcomes,,,,,0,stage-g-merge,,,,,,
andersen2024_fep_cohort_t9m_c_workstudy,ascertainment_window_months,,extraction_outcomes,,,,,0,stage-g-merge,,,,,,
andersen2024_fep_cohort_t9m_c_workstudy,n_employed,91,extraction_outcomes,,,,,0,stage-g-merge,,,,,,
andersen2024_fep_cohort_t9m_c_workstudy,n_outcome_observed,751,extraction_outcomes,,,,,0,stage-g-merge,,,,,,
andersen2024_fep_cohort_t9m_c_workstudy,denominator_basis,outcome_observed,extraction_outcomes,,,,,0,stage-g-merge,,,,,,
andersen2024_fep_cohort_t9m_c_workstudy,followup_months,9,extraction_outcomes,,,,,0,stage-g-merge,,,,,,
andersen2024_fep_cohort_t9m_c_workstudy,followup_basis,since_baseline,extraction_outcomes,,,,,0,stage-g-merge,,,,,,
andersen2024_fep_cohort_t9m_c_workstudy,result_role,component_only,extraction_outcomes,,,,,0,stage-g-merge,,,,,,
andersen2024_fep_cohort_t9m_c_workstudy,conflict_status,none,extraction_outcomes,,,,,0,stage-g-merge,,,,,,
andersen2024_fep_cohort_t9m_c_workstudy,arm_id,cohort,extraction_outcomes,,,,,0,stage-g-merge,,,,,,
andersen2024_fep_cohort_t9m_c_workstudy,derivation_component_result_ids,,extraction_outcomes,,,,,0,stage-g-merge,,,,,,
andersen2024_fep_cohort_t9m_c_workstudy,employment_selection_status,none,extraction_cohorts,,,,,0,stage-g-merge,,,,,,
andersen2024_fep_cohort_t9m_c_workstudy,diagnosis_group,fep,extraction_cohorts,,,,,0,stage-g-merge,,,,,,
andersen2024_fep_cohort_t9m_c_workstudy,perc_qualifying_diagnosis,100,extraction_cohorts,,,,,0,stage-g-merge,,,,,,
andersen2024_fep_cohort_t9m_c_workstudy,design,prospective_cohort,extraction_cohorts,,,,,0,stage-g-merge,,,,,,
andersen2024_fep_cohort_t9m_c_workstudy,arm_type,cohort,extraction_arms,,,,,0,stage-g-merge,,,,,,
andersen2024_fep_cohort_t9m_c_workstudy,analysis_selection_status,none,extraction_arms,,,,,0,stage-g-merge,,,,,,
andersen2024_fep_cohort_t9m_c_workstudy,employment_targeted_intervention,not_applicable,extraction_arms,,,,,0,stage-g-merge,,,,,,
andersen2024_fep_cohort_t9m_paidany,outcome_construct,paid_any,extraction_outcomes,,,,,0,stage-g-merge,,,,,,
andersen2024_fep_cohort_t9m_paidany,ascertainment,point_prevalence,extraction_outcomes,,,,,0,stage-g-merge,,,,,,
andersen2024_fep_cohort_t9m_paidany,ascertainment_window_months,,extraction_outcomes,,,,,0,stage-g-merge,,,,,,
andersen2024_fep_cohort_t9m_paidany,n_employed,268,extraction_outcomes,,,,,0,stage-g-merge,,,,,,
andersen2024_fep_cohort_t9m_paidany,n_outcome_observed,751,extraction_outcomes,,,,,0,stage-g-merge,,,,,,
andersen2024_fep_cohort_t9m_paidany,denominator_basis,outcome_observed,extraction_outcomes,,,,,0,stage-g-merge,,,,,,
andersen2024_fep_cohort_t9m_paidany,followup_months,9,extraction_outcomes,,,,,0,stage-g-merge,,,,,,
andersen2024_fep_cohort_t9m_paidany,followup_basis,since_baseline,extraction_outcomes,,,,,0,stage-g-merge,,,,,,
andersen2024_fep_cohort_t9m_paidany,result_role,derived,extraction_outcomes,,,,,0,stage-g-merge,,,,,,
andersen2024_fep_cohort_t9m_paidany,conflict_status,none,extraction_outcomes,,,,,0,stage-g-merge,,,,,,
andersen2024_fep_cohort_t9m_paidany,arm_id,cohort,extraction_outcomes,,,,,0,stage-g-merge,,,,,,
andersen2024_fep_cohort_t9m_paidany,derivation_component_result_ids,andersen2024_fep_cohort_t9m_c_workonly;andersen2024_fep_cohort_t9m_c_workstudy,extraction_outcomes,,,,,0,stage-g-merge,,,,,,
andersen2024_fep_cohort_t9m_paidany,employment_selection_status,none,extraction_cohorts,,,,,0,stage-g-merge,,,,,,
andersen2024_fep_cohort_t9m_paidany,diagnosis_group,fep,extraction_cohorts,,,,,0,stage-g-merge,,,,,,
andersen2024_fep_cohort_t9m_paidany,perc_qualifying_diagnosis,100,extraction_cohorts,,,,,0,stage-g-merge,,,,,,
andersen2024_fep_cohort_t9m_paidany,design,prospective_cohort,extraction_cohorts,,,,,0,stage-g-merge,,,,,,
andersen2024_fep_cohort_t9m_paidany,arm_type,cohort,extraction_arms,,,,,0,stage-g-merge,,,,,,
andersen2024_fep_cohort_t9m_paidany,analysis_selection_status,none,extraction_arms,,,,,0,stage-g-merge,,,,,,
andersen2024_fep_cohort_t9m_paidany,employment_targeted_intervention,not_applicable,extraction_arms,,,,,0,stage-g-merge,,,,,,
andersen2024_fep_cohort_t9m_educonly,outcome_construct,education_only,extraction_outcomes,,,,,0,stage-g-merge,,,,,,
andersen2024_fep_cohort_t9m_educonly,ascertainment,point_prevalence,extraction_outcomes,,,,,0,stage-g-merge,,,,,,
andersen2024_fep_cohort_t9m_educonly,ascertainment_window_months,,extraction_outcomes,,,,,0,stage-g-merge,,,,,,
andersen2024_fep_cohort_t9m_educonly,n_employed,174,extraction_outcomes,,,,,0,stage-g-merge,,,,,,
andersen2024_fep_cohort_t9m_educonly,n_outcome_observed,751,extraction_outcomes,,,,,0,stage-g-merge,,,,,,
andersen2024_fep_cohort_t9m_educonly,denominator_basis,outcome_observed,extraction_outcomes,,,,,0,stage-g-merge,,,,,,
andersen2024_fep_cohort_t9m_educonly,followup_months,9,extraction_outcomes,,,,,0,stage-g-merge,,,,,,
andersen2024_fep_cohort_t9m_educonly,followup_basis,since_baseline,extraction_outcomes,,,,,0,stage-g-merge,,,,,,
andersen2024_fep_cohort_t9m_educonly,result_role,reported,extraction_outcomes,,,,,0,stage-g-merge,,,,,,
andersen2024_fep_cohort_t9m_educonly,conflict_status,none,extraction_outcomes,,,,,0,stage-g-merge,,,,,,
andersen2024_fep_cohort_t9m_educonly,arm_id,cohort,extraction_outcomes,,,,,0,stage-g-merge,,,,,,
andersen2024_fep_cohort_t9m_educonly,derivation_component_result_ids,,extraction_outcomes,,,,,0,stage-g-merge,,,,,,
andersen2024_fep_cohort_t9m_educonly,employment_selection_status,none,extraction_cohorts,,,,,0,stage-g-merge,,,,,,
andersen2024_fep_cohort_t9m_educonly,diagnosis_group,fep,extraction_cohorts,,,,,0,stage-g-merge,,,,,,
andersen2024_fep_cohort_t9m_educonly,perc_qualifying_diagnosis,100,extraction_cohorts,,,,,0,stage-g-merge,,,,,,
andersen2024_fep_cohort_t9m_educonly,design,prospective_cohort,extraction_cohorts,,,,,0,stage-g-merge,,,,,,
andersen2024_fep_cohort_t9m_educonly,arm_type,cohort,extraction_arms,,,,,0,stage-g-merge,,,,,,
andersen2024_fep_cohort_t9m_educonly,analysis_selection_status,none,extraction_arms,,,,,0,stage-g-merge,,,,,,
andersen2024_fep_cohort_t9m_educonly,employment_targeted_intervention,not_applicable,extraction_arms,,,,,0,stage-g-merge,,,,,,
andersen2024_fep_cohort_t9m_paideduc,outcome_construct,paid_or_education,extraction_outcomes,,,,,0,stage-g-merge,,,,,,
andersen2024_fep_cohort_t9m_paideduc,ascertainment,point_prevalence,extraction_outcomes,,,,,0,stage-g-merge,,,,,,
andersen2024_fep_cohort_t9m_paideduc,ascertainment_window_months,,extraction_outcomes,,,,,0,stage-g-merge,,,,,,
andersen2024_fep_cohort_t9m_paideduc,n_employed,442,extraction_outcomes,,,,,0,stage-g-merge,,,,,,
andersen2024_fep_cohort_t9m_paideduc,n_outcome_observed,751,extraction_outcomes,,,,,0,stage-g-merge,,,,,,
andersen2024_fep_cohort_t9m_paideduc,denominator_basis,outcome_observed,extraction_outcomes,,,,,0,stage-g-merge,,,,,,
andersen2024_fep_cohort_t9m_paideduc,followup_months,9,extraction_outcomes,,,,,0,stage-g-merge,,,,,,
andersen2024_fep_cohort_t9m_paideduc,followup_basis,since_baseline,extraction_outcomes,,,,,0,stage-g-merge,,,,,,
andersen2024_fep_cohort_t9m_paideduc,result_role,derived,extraction_outcomes,,,,,0,stage-g-merge,,,,,,
andersen2024_fep_cohort_t9m_paideduc,conflict_status,none,extraction_outcomes,,,,,0,stage-g-merge,,,,,,
andersen2024_fep_cohort_t9m_paideduc,arm_id,cohort,extraction_outcomes,,,,,0,stage-g-merge,,,,,,
andersen2024_fep_cohort_t9m_paideduc,derivation_component_result_ids,andersen2024_fep_cohort_t9m_c_workonly;andersen2024_fep_cohort_t9m_c_workstudy;andersen2024_fep_cohort_t9m_educonly,extraction_outcomes,,,,,0,stage-g-merge,,,,,,
andersen2024_fep_cohort_t9m_paideduc,employment_selection_status,none,extraction_cohorts,,,,,0,stage-g-merge,,,,,,
andersen2024_fep_cohort_t9m_paideduc,diagnosis_group,fep,extraction_cohorts,,,,,0,stage-g-merge,,,,,,
andersen2024_fep_cohort_t9m_paideduc,perc_qualifying_diagnosis,100,extraction_cohorts,,,,,0,stage-g-merge,,,,,,
andersen2024_fep_cohort_t9m_paideduc,design,prospective_cohort,extraction_cohorts,,,,,0,stage-g-merge,,,,,,
andersen2024_fep_cohort_t9m_paideduc,arm_type,cohort,extraction_arms,,,,,0,stage-g-merge,,,,,,
andersen2024_fep_cohort_t9m_paideduc,analysis_selection_status,none,extraction_arms,,,,,0,stage-g-merge,,,,,,
andersen2024_fep_cohort_t9m_paideduc,employment_targeted_intervention,not_applicable,extraction_arms,,,,,0,stage-g-merge,,,,,,
andersen2024_fep_cohort_t12m_c_workonly,outcome_construct,paid_any,extraction_outcomes,,,,,0,stage-g-merge,,,,,,
andersen2024_fep_cohort_t12m_c_workonly,ascertainment,point_prevalence,extraction_outcomes,,,,,0,stage-g-merge,,,,,,
andersen2024_fep_cohort_t12m_c_workonly,ascertainment_window_months,,extraction_outcomes,,,,,0,stage-g-merge,,,,,,
andersen2024_fep_cohort_t12m_c_workonly,n_employed,143,extraction_outcomes,,,,,0,stage-g-merge,,,,,,
andersen2024_fep_cohort_t12m_c_workonly,n_outcome_observed,578,extraction_outcomes,,,,,0,stage-g-merge,,,,,,
andersen2024_fep_cohort_t12m_c_workonly,denominator_basis,outcome_observed,extraction_outcomes,,,,,0,stage-g-merge,,,,,,
andersen2024_fep_cohort_t12m_c_workonly,followup_months,12,extraction_outcomes,,,,,0,stage-g-merge,,,,,,
andersen2024_fep_cohort_t12m_c_workonly,followup_basis,since_baseline,extraction_outcomes,,,,,0,stage-g-merge,,,,,,
andersen2024_fep_cohort_t12m_c_workonly,result_role,component_only,extraction_outcomes,,,,,0,stage-g-merge,,,,,,
andersen2024_fep_cohort_t12m_c_workonly,conflict_status,none,extraction_outcomes,,,,,0,stage-g-merge,,,,,,
andersen2024_fep_cohort_t12m_c_workonly,arm_id,cohort,extraction_outcomes,,,,,0,stage-g-merge,,,,,,
andersen2024_fep_cohort_t12m_c_workonly,derivation_component_result_ids,,extraction_outcomes,,,,,0,stage-g-merge,,,,,,
andersen2024_fep_cohort_t12m_c_workonly,employment_selection_status,none,extraction_cohorts,,,,,0,stage-g-merge,,,,,,
andersen2024_fep_cohort_t12m_c_workonly,diagnosis_group,fep,extraction_cohorts,,,,,0,stage-g-merge,,,,,,
andersen2024_fep_cohort_t12m_c_workonly,perc_qualifying_diagnosis,100,extraction_cohorts,,,,,0,stage-g-merge,,,,,,
andersen2024_fep_cohort_t12m_c_workonly,design,prospective_cohort,extraction_cohorts,,,,,0,stage-g-merge,,,,,,
andersen2024_fep_cohort_t12m_c_workonly,arm_type,cohort,extraction_arms,,,,,0,stage-g-merge,,,,,,
andersen2024_fep_cohort_t12m_c_workonly,analysis_selection_status,none,extraction_arms,,,,,0,stage-g-merge,,,,,,
andersen2024_fep_cohort_t12m_c_workonly,employment_targeted_intervention,not_applicable,extraction_arms,,,,,0,stage-g-merge,,,,,,
andersen2024_fep_cohort_t12m_c_workstudy,outcome_construct,paid_any,extraction_outcomes,,,,,0,stage-g-merge,,,,,,
andersen2024_fep_cohort_t12m_c_workstudy,ascertainment,point_prevalence,extraction_outcomes,,,,,0,stage-g-merge,,,,,,
andersen2024_fep_cohort_t12m_c_workstudy,ascertainment_window_months,,extraction_outcomes,,,,,0,stage-g-merge,,,,,,
andersen2024_fep_cohort_t12m_c_workstudy,n_employed,62,extraction_outcomes,,,,,0,stage-g-merge,,,,,,
andersen2024_fep_cohort_t12m_c_workstudy,n_outcome_observed,578,extraction_outcomes,,,,,0,stage-g-merge,,,,,,
andersen2024_fep_cohort_t12m_c_workstudy,denominator_basis,outcome_observed,extraction_outcomes,,,,,0,stage-g-merge,,,,,,
andersen2024_fep_cohort_t12m_c_workstudy,followup_months,12,extraction_outcomes,,,,,0,stage-g-merge,,,,,,
andersen2024_fep_cohort_t12m_c_workstudy,followup_basis,since_baseline,extraction_outcomes,,,,,0,stage-g-merge,,,,,,
andersen2024_fep_cohort_t12m_c_workstudy,result_role,component_only,extraction_outcomes,,,,,0,stage-g-merge,,,,,,
andersen2024_fep_cohort_t12m_c_workstudy,conflict_status,none,extraction_outcomes,,,,,0,stage-g-merge,,,,,,
andersen2024_fep_cohort_t12m_c_workstudy,arm_id,cohort,extraction_outcomes,,,,,0,stage-g-merge,,,,,,
andersen2024_fep_cohort_t12m_c_workstudy,derivation_component_result_ids,,extraction_outcomes,,,,,0,stage-g-merge,,,,,,
andersen2024_fep_cohort_t12m_c_workstudy,employment_selection_status,none,extraction_cohorts,,,,,0,stage-g-merge,,,,,,
andersen2024_fep_cohort_t12m_c_workstudy,diagnosis_group,fep,extraction_cohorts,,,,,0,stage-g-merge,,,,,,
andersen2024_fep_cohort_t12m_c_workstudy,perc_qualifying_diagnosis,100,extraction_cohorts,,,,,0,stage-g-merge,,,,,,
andersen2024_fep_cohort_t12m_c_workstudy,design,prospective_cohort,extraction_cohorts,,,,,0,stage-g-merge,,,,,,
andersen2024_fep_cohort_t12m_c_workstudy,arm_type,cohort,extraction_arms,,,,,0,stage-g-merge,,,,,,
andersen2024_fep_cohort_t12m_c_workstudy,analysis_selection_status,none,extraction_arms,,,,,0,stage-g-merge,,,,,,
andersen2024_fep_cohort_t12m_c_workstudy,employment_targeted_intervention,not_applicable,extraction_arms,,,,,0,stage-g-merge,,,,,,
andersen2024_fep_cohort_t12m_paidany,outcome_construct,paid_any,extraction_outcomes,,,,,0,stage-g-merge,,,,,,
andersen2024_fep_cohort_t12m_paidany,ascertainment,point_prevalence,extraction_outcomes,,,,,0,stage-g-merge,,,,,,
andersen2024_fep_cohort_t12m_paidany,ascertainment_window_months,,extraction_outcomes,,,,,0,stage-g-merge,,,,,,
andersen2024_fep_cohort_t12m_paidany,n_employed,205,extraction_outcomes,,,,,0,stage-g-merge,,,,,,
andersen2024_fep_cohort_t12m_paidany,n_outcome_observed,578,extraction_outcomes,,,,,0,stage-g-merge,,,,,,
andersen2024_fep_cohort_t12m_paidany,denominator_basis,outcome_observed,extraction_outcomes,,,,,0,stage-g-merge,,,,,,
andersen2024_fep_cohort_t12m_paidany,followup_months,12,extraction_outcomes,,,,,0,stage-g-merge,,,,,,
andersen2024_fep_cohort_t12m_paidany,followup_basis,since_baseline,extraction_outcomes,,,,,0,stage-g-merge,,,,,,
andersen2024_fep_cohort_t12m_paidany,result_role,derived,extraction_outcomes,,,,,0,stage-g-merge,,,,,,
andersen2024_fep_cohort_t12m_paidany,conflict_status,none,extraction_outcomes,,,,,0,stage-g-merge,,,,,,
andersen2024_fep_cohort_t12m_paidany,arm_id,cohort,extraction_outcomes,,,,,0,stage-g-merge,,,,,,
andersen2024_fep_cohort_t12m_paidany,derivation_component_result_ids,andersen2024_fep_cohort_t12m_c_workonly;andersen2024_fep_cohort_t12m_c_workstudy,extraction_outcomes,,,,,0,stage-g-merge,,,,,,
andersen2024_fep_cohort_t12m_paidany,employment_selection_status,none,extraction_cohorts,,,,,0,stage-g-merge,,,,,,
andersen2024_fep_cohort_t12m_paidany,diagnosis_group,fep,extraction_cohorts,,,,,0,stage-g-merge,,,,,,
andersen2024_fep_cohort_t12m_paidany,perc_qualifying_diagnosis,100,extraction_cohorts,,,,,0,stage-g-merge,,,,,,
andersen2024_fep_cohort_t12m_paidany,design,prospective_cohort,extraction_cohorts,,,,,0,stage-g-merge,,,,,,
andersen2024_fep_cohort_t12m_paidany,arm_type,cohort,extraction_arms,,,,,0,stage-g-merge,,,,,,
andersen2024_fep_cohort_t12m_paidany,analysis_selection_status,none,extraction_arms,,,,,0,stage-g-merge,,,,,,
andersen2024_fep_cohort_t12m_paidany,employment_targeted_intervention,not_applicable,extraction_arms,,,,,0,stage-g-merge,,,,,,
andersen2024_fep_cohort_t12m_educonly,outcome_construct,education_only,extraction_outcomes,,,,,0,stage-g-merge,,,,,,
andersen2024_fep_cohort_t12m_educonly,ascertainment,point_prevalence,extraction_outcomes,,,,,0,stage-g-merge,,,,,,
andersen2024_fep_cohort_t12m_educonly,ascertainment_window_months,,extraction_outcomes,,,,,0,stage-g-merge,,,,,,
andersen2024_fep_cohort_t12m_educonly,n_employed,127,extraction_outcomes,,,,,0,stage-g-merge,,,,,,
andersen2024_fep_cohort_t12m_educonly,n_outcome_observed,578,extraction_outcomes,,,,,0,stage-g-merge,,,,,,
andersen2024_fep_cohort_t12m_educonly,denominator_basis,outcome_observed,extraction_outcomes,,,,,0,stage-g-merge,,,,,,
andersen2024_fep_cohort_t12m_educonly,followup_months,12,extraction_outcomes,,,,,0,stage-g-merge,,,,,,
andersen2024_fep_cohort_t12m_educonly,followup_basis,since_baseline,extraction_outcomes,,,,,0,stage-g-merge,,,,,,
andersen2024_fep_cohort_t12m_educonly,result_role,reported,extraction_outcomes,,,,,0,stage-g-merge,,,,,,
andersen2024_fep_cohort_t12m_educonly,conflict_status,none,extraction_outcomes,,,,,0,stage-g-merge,,,,,,
andersen2024_fep_cohort_t12m_educonly,arm_id,cohort,extraction_outcomes,,,,,0,stage-g-merge,,,,,,
andersen2024_fep_cohort_t12m_educonly,derivation_component_result_ids,,extraction_outcomes,,,,,0,stage-g-merge,,,,,,
andersen2024_fep_cohort_t12m_educonly,employment_selection_status,none,extraction_cohorts,,,,,0,stage-g-merge,,,,,,
andersen2024_fep_cohort_t12m_educonly,diagnosis_group,fep,extraction_cohorts,,,,,0,stage-g-merge,,,,,,
andersen2024_fep_cohort_t12m_educonly,perc_qualifying_diagnosis,100,extraction_cohorts,,,,,0,stage-g-merge,,,,,,
andersen2024_fep_cohort_t12m_educonly,design,prospective_cohort,extraction_cohorts,,,,,0,stage-g-merge,,,,,,
andersen2024_fep_cohort_t12m_educonly,arm_type,cohort,extraction_arms,,,,,0,stage-g-merge,,,,,,
andersen2024_fep_cohort_t12m_educonly,analysis_selection_status,none,extraction_arms,,,,,0,stage-g-merge,,,,,,
andersen2024_fep_cohort_t12m_educonly,employment_targeted_intervention,not_applicable,extraction_arms,,,,,0,stage-g-merge,,,,,,
andersen2024_fep_cohort_t12m_paideduc,outcome_construct,paid_or_education,extraction_outcomes,,,,,0,stage-g-merge,,,,,,
andersen2024_fep_cohort_t12m_paideduc,ascertainment,point_prevalence,extraction_outcomes,,,,,0,stage-g-merge,,,,,,
andersen2024_fep_cohort_t12m_paideduc,ascertainment_window_months,,extraction_outcomes,,,,,0,stage-g-merge,,,,,,
andersen2024_fep_cohort_t12m_paideduc,n_employed,332,extraction_outcomes,,,,,0,stage-g-merge,,,,,,
andersen2024_fep_cohort_t12m_paideduc,n_outcome_observed,578,extraction_outcomes,,,,,0,stage-g-merge,,,,,,
andersen2024_fep_cohort_t12m_paideduc,denominator_basis,outcome_observed,extraction_outcomes,,,,,0,stage-g-merge,,,,,,
andersen2024_fep_cohort_t12m_paideduc,followup_months,12,extraction_outcomes,,,,,0,stage-g-merge,,,,,,
andersen2024_fep_cohort_t12m_paideduc,followup_basis,since_baseline,extraction_outcomes,,,,,0,stage-g-merge,,,,,,
andersen2024_fep_cohort_t12m_paideduc,result_role,derived,extraction_outcomes,,,,,0,stage-g-merge,,,,,,
andersen2024_fep_cohort_t12m_paideduc,conflict_status,none,extraction_outcomes,,,,,0,stage-g-merge,,,,,,
andersen2024_fep_cohort_t12m_paideduc,arm_id,cohort,extraction_outcomes,,,,,0,stage-g-merge,,,,,,
andersen2024_fep_cohort_t12m_paideduc,derivation_component_result_ids,andersen2024_fep_cohort_t12m_c_workonly;andersen2024_fep_cohort_t12m_c_workstudy;andersen2024_fep_cohort_t12m_educonly,extraction_outcomes,,,,,0,stage-g-merge,,,,,,
andersen2024_fep_cohort_t12m_paideduc,employment_selection_status,none,extraction_cohorts,,,,,0,stage-g-merge,,,,,,
andersen2024_fep_cohort_t12m_paideduc,diagnosis_group,fep,extraction_cohorts,,,,,0,stage-g-merge,,,,,,
andersen2024_fep_cohort_t12m_paideduc,perc_qualifying_diagnosis,100,extraction_cohorts,,,,,0,stage-g-merge,,,,,,
andersen2024_fep_cohort_t12m_paideduc,design,prospective_cohort,extraction_cohorts,,,,,0,stage-g-merge,,,,,,
andersen2024_fep_cohort_t12m_paideduc,arm_type,cohort,extraction_arms,,,,,0,stage-g-merge,,,,,,
andersen2024_fep_cohort_t12m_paideduc,analysis_selection_status,none,extraction_arms,,,,,0,stage-g-merge,,,,,,
andersen2024_fep_cohort_t12m_paideduc,employment_targeted_intervention,not_applicable,extraction_arms,,,,,0,stage-g-merge,,,,,,
andersen2026_cohort_fu_paidcomp,outcome_construct,paid_competitive,extraction_outcomes,,,,,2,stage-g-merge,,,,,,
andersen2026_cohort_fu_paidcomp,ascertainment,period_prevalence,extraction_outcomes,,,,,2,stage-g-merge,,,,,,
andersen2026_cohort_fu_paidcomp,ascertainment_window_months,12,extraction_outcomes,,,,,2,stage-g-merge,,,,,,
andersen2026_cohort_fu_paidcomp,n_employed,49,extraction_outcomes,,,,,2,stage-g-merge,,,,,,
andersen2026_cohort_fu_paidcomp,n_outcome_observed,198,extraction_outcomes,,,,,2,stage-g-merge,,,,,,
andersen2026_cohort_fu_paidcomp,denominator_basis,outcome_observed,extraction_outcomes,,,,,2,stage-g-merge,,,,,,
andersen2026_cohort_fu_paidcomp,followup_months,139,extraction_outcomes,,,,,2,stage-g-merge,,,,,,
andersen2026_cohort_fu_paidcomp,followup_basis,calendar_end_common,extraction_outcomes,,,,,2,stage-g-merge,,,,,,
andersen2026_cohort_fu_paidcomp,result_role,reported,extraction_outcomes,,,,,2,stage-g-merge,,,,,,
andersen2026_cohort_fu_paidcomp,conflict_status,none,extraction_outcomes,,,,,2,stage-g-merge,,,,,,
andersen2026_cohort_fu_paidcomp,arm_id,cohort,extraction_outcomes,,,,,2,stage-g-merge,,,,,,
andersen2026_cohort_fu_paidcomp,derivation_component_result_ids,,extraction_outcomes,,,,,2,stage-g-merge,,,,,,
andersen2026_cohort_fu_paidcomp,employment_selection_status,none,extraction_cohorts,,,,,1,stage-g-merge,,,,,,
andersen2026_cohort_fu_paidcomp,diagnosis_group,psychosis_mixed,extraction_cohorts,,,,,2,stage-g-merge,,,,,,
andersen2026_cohort_fu_paidcomp,perc_qualifying_diagnosis,100,extraction_cohorts,,,,,2,stage-g-merge,,,,,,
andersen2026_cohort_fu_paidcomp,design,prospective_cohort,extraction_cohorts,,,,,1,stage-g-merge,,,,,,
andersen2026_cohort_fu_paidcomp,arm_type,cohort,extraction_arms,,,,,2,stage-g-merge,,,,,,
andersen2026_cohort_fu_paidcomp,analysis_selection_status,none,extraction_arms,,,,,2,stage-g-merge,,,,,,
andersen2026_cohort_fu_paidcomp,employment_targeted_intervention,no,extraction_arms,,,,,2,stage-g-merge,,,,,,
andersen2026_cohort_fu_paideduc,outcome_construct,paid_or_education,extraction_outcomes,,,,,2,stage-g-merge,,,,,,
andersen2026_cohort_fu_paideduc,ascertainment,period_prevalence,extraction_outcomes,,,,,2,stage-g-merge,,,,,,
andersen2026_cohort_fu_paideduc,ascertainment_window_months,12,extraction_outcomes,,,,,2,stage-g-merge,,,,,,
andersen2026_cohort_fu_paideduc,n_employed,92,extraction_outcomes,,,,,2,stage-g-merge,,,,,,
andersen2026_cohort_fu_paideduc,n_outcome_observed,198,extraction_outcomes,,,,,2,stage-g-merge,,,,,,
andersen2026_cohort_fu_paideduc,denominator_basis,outcome_observed,extraction_outcomes,,,,,2,stage-g-merge,,,,,,
andersen2026_cohort_fu_paideduc,followup_months,139,extraction_outcomes,,,,,2,stage-g-merge,,,,,,
andersen2026_cohort_fu_paideduc,followup_basis,calendar_end_common,extraction_outcomes,,,,,2,stage-g-merge,,,,,,
andersen2026_cohort_fu_paideduc,result_role,reported,extraction_outcomes,,,,,2,stage-g-merge,,,,,,
andersen2026_cohort_fu_paideduc,conflict_status,none,extraction_outcomes,,,,,2,stage-g-merge,,,,,,
andersen2026_cohort_fu_paideduc,arm_id,cohort,extraction_outcomes,,,,,2,stage-g-merge,,,,,,
andersen2026_cohort_fu_paideduc,derivation_component_result_ids,,extraction_outcomes,,,,,2,stage-g-merge,,,,,,
andersen2026_cohort_fu_paideduc,employment_selection_status,none,extraction_cohorts,,,,,1,stage-g-merge,,,,,,
andersen2026_cohort_fu_paideduc,diagnosis_group,psychosis_mixed,extraction_cohorts,,,,,2,stage-g-merge,,,,,,
andersen2026_cohort_fu_paideduc,perc_qualifying_diagnosis,100,extraction_cohorts,,,,,2,stage-g-merge,,,,,,
andersen2026_cohort_fu_paideduc,design,prospective_cohort,extraction_cohorts,,,,,1,stage-g-merge,,,,,,
andersen2026_cohort_fu_paideduc,arm_type,cohort,extraction_arms,,,,,2,stage-g-merge,,,,,,
andersen2026_cohort_fu_paideduc,analysis_selection_status,none,extraction_arms,,,,,2,stage-g-merge,,,,,,
andersen2026_cohort_fu_paideduc,employment_targeted_intervention,no,extraction_arms,,,,,2,stage-g-merge,,,,,,
andersen2026_cohort_fu_educonly,outcome_construct,education_only,extraction_outcomes,,,,,2,stage-g-merge,,,,,,
andersen2026_cohort_fu_educonly,ascertainment,period_prevalence,extraction_outcomes,,,,,2,stage-g-merge,,,,,,
andersen2026_cohort_fu_educonly,ascertainment_window_months,12,extraction_outcomes,,,,,2,stage-g-merge,,,,,,
andersen2026_cohort_fu_educonly,n_employed,43,extraction_outcomes,,,,,2,stage-g-merge,,,,,,
andersen2026_cohort_fu_educonly,n_outcome_observed,198,extraction_outcomes,,,,,2,stage-g-merge,,,,,,
andersen2026_cohort_fu_educonly,denominator_basis,outcome_observed,extraction_outcomes,,,,,2,stage-g-merge,,,,,,
andersen2026_cohort_fu_educonly,followup_months,139,extraction_outcomes,,,,,2,stage-g-merge,,,,,,
andersen2026_cohort_fu_educonly,followup_basis,calendar_end_common,extraction_outcomes,,,,,2,stage-g-merge,,,,,,
andersen2026_cohort_fu_educonly,result_role,reported,extraction_outcomes,,,,,2,stage-g-merge,,,,,,
andersen2026_cohort_fu_educonly,conflict_status,none,extraction_outcomes,,,,,2,stage-g-merge,,,,,,
andersen2026_cohort_fu_educonly,arm_id,cohort,extraction_outcomes,,,,,2,stage-g-merge,,,,,,
andersen2026_cohort_fu_educonly,derivation_component_result_ids,,extraction_outcomes,,,,,2,stage-g-merge,,,,,,
andersen2026_cohort_fu_educonly,employment_selection_status,none,extraction_cohorts,,,,,1,stage-g-merge,,,,,,
andersen2026_cohort_fu_educonly,diagnosis_group,psychosis_mixed,extraction_cohorts,,,,,2,stage-g-merge,,,,,,
andersen2026_cohort_fu_educonly,perc_qualifying_diagnosis,100,extraction_cohorts,,,,,2,stage-g-merge,,,,,,
andersen2026_cohort_fu_educonly,design,prospective_cohort,extraction_cohorts,,,,,1,stage-g-merge,,,,,,
andersen2026_cohort_fu_educonly,arm_type,cohort,extraction_arms,,,,,2,stage-g-merge,,,,,,
andersen2026_cohort_fu_educonly,analysis_selection_status,none,extraction_arms,,,,,2,stage-g-merge,,,,,,
andersen2026_cohort_fu_educonly,employment_targeted_intervention,no,extraction_arms,,,,,2,stage-g-merge,,,,,,
baltazar2022_cohort_t348m_paidcomp,outcome_construct,paid_competitive,extraction_outcomes,,,,,2,stage-g-merge,,,,,,
baltazar2022_cohort_t348m_paidcomp,ascertainment,point_prevalence,extraction_outcomes,,,,,2,stage-g-merge,,,,,,
baltazar2022_cohort_t348m_paidcomp,ascertainment_window_months,,extraction_outcomes,,,,,2,stage-g-merge,,,,,,
baltazar2022_cohort_t348m_paidcomp,n_employed,6,extraction_outcomes,,,,,2,stage-g-merge,,,,,,
baltazar2022_cohort_t348m_paidcomp,n_outcome_observed,43,extraction_outcomes,,,,,2,stage-g-merge,,,,,,
baltazar2022_cohort_t348m_paidcomp,denominator_basis,outcome_observed,extraction_outcomes,,,,,2,stage-g-merge,,,,,,
baltazar2022_cohort_t348m_paidcomp,followup_months,348,extraction_outcomes,,,,,2,stage-g-merge,,,,,,
baltazar2022_cohort_t348m_paidcomp,followup_basis,calendar_end_common,extraction_outcomes,,,,,2,stage-g-merge,,,,,,
baltazar2022_cohort_t348m_paidcomp,result_role,reported,extraction_outcomes,,,,,2,stage-g-merge,,,,,,
baltazar2022_cohort_t348m_paidcomp,conflict_status,none,extraction_outcomes,,,,,2,stage-g-merge,,,,,,
baltazar2022_cohort_t348m_paidcomp,arm_id,cohort,extraction_outcomes,,,,,2,stage-g-merge,,,,,,
baltazar2022_cohort_t348m_paidcomp,derivation_component_result_ids,,extraction_outcomes,,,,,2,stage-g-merge,,,,,,
baltazar2022_cohort_t348m_paidcomp,employment_selection_status,none,extraction_cohorts,,,,,1,stage-g-merge,,,,,,
baltazar2022_cohort_t348m_paidcomp,diagnosis_group,fep,extraction_cohorts,,,,,2,stage-g-merge,,,,,,
baltazar2022_cohort_t348m_paidcomp,perc_qualifying_diagnosis,100,extraction_cohorts,,,,,2,stage-g-merge,,,,,,
baltazar2022_cohort_t348m_paidcomp,design,retrospective_cohort,extraction_cohorts,,,,,1,stage-g-merge,,,,,,
baltazar2022_cohort_t348m_paidcomp,arm_type,cohort,extraction_arms,,,,,2,stage-g-merge,,,,,,
baltazar2022_cohort_t348m_paidcomp,analysis_selection_status,none,extraction_arms,,,,,2,stage-g-merge,,,,,,
baltazar2022_cohort_t348m_paidcomp,employment_targeted_intervention,not_applicable,extraction_arms,,,,,2,stage-g-merge,,,,,,
baltazar2022_cohort_t348m_paidany,outcome_construct,paid_any,extraction_outcomes,,,,,2,stage-g-merge,,,,,,
baltazar2022_cohort_t348m_paidany,ascertainment,point_prevalence,extraction_outcomes,,,,,2,stage-g-merge,,,,,,
baltazar2022_cohort_t348m_paidany,ascertainment_window_months,,extraction_outcomes,,,,,2,stage-g-merge,,,,,,
baltazar2022_cohort_t348m_paidany,n_employed,6,extraction_outcomes,,,,,2,stage-g-merge,,,,,,
baltazar2022_cohort_t348m_paidany,n_outcome_observed,43,extraction_outcomes,,,,,2,stage-g-merge,,,,,,
baltazar2022_cohort_t348m_paidany,denominator_basis,outcome_observed,extraction_outcomes,,,,,2,stage-g-merge,,,,,,
baltazar2022_cohort_t348m_paidany,followup_months,348,extraction_outcomes,,,,,2,stage-g-merge,,,,,,
baltazar2022_cohort_t348m_paidany,followup_basis,calendar_end_common,extraction_outcomes,,,,,2,stage-g-merge,,,,,,
baltazar2022_cohort_t348m_paidany,result_role,derived,extraction_outcomes,,,,,2,stage-g-merge,,,,,,
baltazar2022_cohort_t348m_paidany,conflict_status,none,extraction_outcomes,,,,,2,stage-g-merge,,,,,,
baltazar2022_cohort_t348m_paidany,arm_id,cohort,extraction_outcomes,,,,,2,stage-g-merge,,,,,,
baltazar2022_cohort_t348m_paidany,derivation_component_result_ids,baltazar2022_cohort_t348m_paidcomp,extraction_outcomes,,,,,2,stage-g-merge,,,,,,
baltazar2022_cohort_t348m_paidany,employment_selection_status,none,extraction_cohorts,,,,,1,stage-g-merge,,,,,,
baltazar2022_cohort_t348m_paidany,diagnosis_group,fep,extraction_cohorts,,,,,2,stage-g-merge,,,,,,
baltazar2022_cohort_t348m_paidany,perc_qualifying_diagnosis,100,extraction_cohorts,,,,,2,stage-g-merge,,,,,,
baltazar2022_cohort_t348m_paidany,design,retrospective_cohort,extraction_cohorts,,,,,1,stage-g-merge,,,,,,
baltazar2022_cohort_t348m_paidany,arm_type,cohort,extraction_arms,,,,,2,stage-g-merge,,,,,,
baltazar2022_cohort_t348m_paidany,analysis_selection_status,none,extraction_arms,,,,,2,stage-g-merge,,,,,,
baltazar2022_cohort_t348m_paidany,employment_targeted_intervention,not_applicable,extraction_arms,,,,,2,stage-g-merge,,,,,,
bell2018_cg_t12m_paidcomp,outcome_construct,paid_competitive,extraction_outcomes,,,,,2,stage-g-merge,,,,,,
bell2018_cg_t12m_paidcomp,ascertainment,point_prevalence,extraction_outcomes,,,,,2,stage-g-merge,,,,,,
bell2018_cg_t12m_paidcomp,ascertainment_window_months,,extraction_outcomes,,,,,2,stage-g-merge,,,,,,
bell2018_cg_t12m_paidcomp,n_employed,9,extraction_outcomes,,,,,2,stage-g-merge,,,,,,
bell2018_cg_t12m_paidcomp,n_outcome_observed,,extraction_outcomes,,,,,2,stage-g-merge,,,,,,
bell2018_cg_t12m_paidcomp,denominator_basis,,extraction_outcomes,,,,,2,stage-g-merge,,,,,,
bell2018_cg_t12m_paidcomp,followup_months,12,extraction_outcomes,,,,,2,stage-g-merge,,,,,,
bell2018_cg_t12m_paidcomp,followup_basis,since_baseline,extraction_outcomes,,,,,2,stage-g-merge,,,,,,
bell2018_cg_t12m_paidcomp,result_role,reported,extraction_outcomes,,,,,2,stage-g-merge,,,,,,
bell2018_cg_t12m_paidcomp,conflict_status,unresolved,extraction_outcomes,,,,,2,stage-g-merge,,,,,,
bell2018_cg_t12m_paidcomp,arm_id,cg,extraction_outcomes,,,,,2,stage-g-merge,,,,,,
bell2018_cg_t12m_paidcomp,derivation_component_result_ids,,extraction_outcomes,,,,,2,stage-g-merge,,,,,,
bell2018_cg_t12m_paidcomp,employment_selection_status,selected,extraction_cohorts,,,,,1,stage-g-merge,,,,,,
bell2018_cg_t12m_paidcomp,diagnosis_group,psychosis_mixed,extraction_cohorts,,,,,2,stage-g-merge,,,,,,
bell2018_cg_t12m_paidcomp,perc_qualifying_diagnosis,100,extraction_cohorts,,,,,2,stage-g-merge,,,,,,
bell2018_cg_t12m_paidcomp,design,rct,extraction_cohorts,,,,,1,stage-g-merge,,,,,,
bell2018_cg_t12m_paidcomp,arm_type,control_active,extraction_arms,,,,,2,stage-g-merge,,,,,,
bell2018_cg_t12m_paidcomp,analysis_selection_status,none,extraction_arms,,,,,2,stage-g-merge,,,,,,
bell2018_cg_t12m_paidcomp,employment_targeted_intervention,,extraction_arms,,,,,2,stage-g-merge,,,,,,
bell2018_cr_t12m_paidcomp,outcome_construct,paid_competitive,extraction_outcomes,,,,,2,stage-g-merge,,,,,,
bell2018_cr_t12m_paidcomp,ascertainment,point_prevalence,extraction_outcomes,,,,,2,stage-g-merge,,,,,,
bell2018_cr_t12m_paidcomp,ascertainment_window_months,,extraction_outcomes,,,,,2,stage-g-merge,,,,,,
bell2018_cr_t12m_paidcomp,n_employed,9,extraction_outcomes,,,,,2,stage-g-merge,,,,,,
bell2018_cr_t12m_paidcomp,n_outcome_observed,36,extraction_outcomes,,,,,2,stage-g-merge,,,,,,
bell2018_cr_t12m_paidcomp,denominator_basis,outcome_observed,extraction_outcomes,,,,,2,stage-g-merge,,,,,,
bell2018_cr_t12m_paidcomp,followup_months,12,extraction_outcomes,,,,,2,stage-g-merge,,,,,,
bell2018_cr_t12m_paidcomp,followup_basis,since_baseline,extraction_outcomes,,,,,2,stage-g-merge,,,,,,
bell2018_cr_t12m_paidcomp,result_role,reported,extraction_outcomes,,,,,2,stage-g-merge,,,,,,
bell2018_cr_t12m_paidcomp,conflict_status,none,extraction_outcomes,,,,,2,stage-g-merge,,,,,,
bell2018_cr_t12m_paidcomp,arm_id,cr,extraction_outcomes,,,,,2,stage-g-merge,,,,,,
bell2018_cr_t12m_paidcomp,derivation_component_result_ids,,extraction_outcomes,,,,,2,stage-g-merge,,,,,,
bell2018_cr_t12m_paidcomp,employment_selection_status,selected,extraction_cohorts,,,,,1,stage-g-merge,,,,,,
bell2018_cr_t12m_paidcomp,diagnosis_group,psychosis_mixed,extraction_cohorts,,,,,2,stage-g-merge,,,,,,
bell2018_cr_t12m_paidcomp,perc_qualifying_diagnosis,100,extraction_cohorts,,,,,2,stage-g-merge,,,,,,
bell2018_cr_t12m_paidcomp,design,rct,extraction_cohorts,,,,,1,stage-g-merge,,,,,,
bell2018_cr_t12m_paidcomp,arm_type,intervention,extraction_arms,,,,,2,stage-g-merge,,,,,,
bell2018_cr_t12m_paidcomp,analysis_selection_status,none,extraction_arms,,,,,2,stage-g-merge,,,,,,
bell2018_cr_t12m_paidcomp,employment_targeted_intervention,,extraction_arms,,,,,2,stage-g-merge,,,,,,
bell2018_cg_t12m_everemployed,outcome_construct,unclear,extraction_outcomes,,,,,2,stage-g-merge,,,,,,
bell2018_cg_t12m_everemployed,ascertainment,any_time_during_followup,extraction_outcomes,,,,,2,stage-g-merge,,,,,,
bell2018_cg_t12m_everemployed,ascertainment_window_months,12,extraction_outcomes,,,,,2,stage-g-merge,,,,,,
bell2018_cg_t12m_everemployed,n_employed,10,extraction_outcomes,,,,,2,stage-g-merge,,,,,,
bell2018_cg_t12m_everemployed,n_outcome_observed,30,extraction_outcomes,,,,,2,stage-g-merge,,,,,,
bell2018_cg_t12m_everemployed,denominator_basis,outcome_observed,extraction_outcomes,,,,,2,stage-g-merge,,,,,,
bell2018_cg_t12m_everemployed,followup_months,12,extraction_outcomes,,,,,2,stage-g-merge,,,,,,
bell2018_cg_t12m_everemployed,followup_basis,since_baseline,extraction_outcomes,,,,,2,stage-g-merge,,,,,,
bell2018_cg_t12m_everemployed,result_role,reported,extraction_outcomes,,,,,2,stage-g-merge,,,,,,
bell2018_cg_t12m_everemployed,conflict_status,none,extraction_outcomes,,,,,2,stage-g-merge,,,,,,
bell2018_cg_t12m_everemployed,arm_id,cg,extraction_outcomes,,,,,2,stage-g-merge,,,,,,
bell2018_cg_t12m_everemployed,derivation_component_result_ids,,extraction_outcomes,,,,,2,stage-g-merge,,,,,,
bell2018_cg_t12m_everemployed,employment_selection_status,selected,extraction_cohorts,,,,,1,stage-g-merge,,,,,,
bell2018_cg_t12m_everemployed,diagnosis_group,psychosis_mixed,extraction_cohorts,,,,,2,stage-g-merge,,,,,,
bell2018_cg_t12m_everemployed,perc_qualifying_diagnosis,100,extraction_cohorts,,,,,2,stage-g-merge,,,,,,
bell2018_cg_t12m_everemployed,design,rct,extraction_cohorts,,,,,1,stage-g-merge,,,,,,
bell2018_cg_t12m_everemployed,arm_type,control_active,extraction_arms,,,,,2,stage-g-merge,,,,,,
bell2018_cg_t12m_everemployed,analysis_selection_status,none,extraction_arms,,,,,2,stage-g-merge,,,,,,
bell2018_cg_t12m_everemployed,employment_targeted_intervention,,extraction_arms,,,,,2,stage-g-merge,,,,,,
bell2018_cr_t12m_everemployed,outcome_construct,unclear,extraction_outcomes,,,,,2,stage-g-merge,,,,,,
bell2018_cr_t12m_everemployed,ascertainment,any_time_during_followup,extraction_outcomes,,,,,2,stage-g-merge,,,,,,
bell2018_cr_t12m_everemployed,ascertainment_window_months,12,extraction_outcomes,,,,,2,stage-g-merge,,,,,,
bell2018_cr_t12m_everemployed,n_employed,11,extraction_outcomes,,,,,2,stage-g-merge,,,,,,
bell2018_cr_t12m_everemployed,n_outcome_observed,36,extraction_outcomes,,,,,2,stage-g-merge,,,,,,
bell2018_cr_t12m_everemployed,denominator_basis,outcome_observed,extraction_outcomes,,,,,2,stage-g-merge,,,,,,
bell2018_cr_t12m_everemployed,followup_months,12,extraction_outcomes,,,,,2,stage-g-merge,,,,,,
bell2018_cr_t12m_everemployed,followup_basis,since_baseline,extraction_outcomes,,,,,2,stage-g-merge,,,,,,
bell2018_cr_t12m_everemployed,result_role,reported,extraction_outcomes,,,,,2,stage-g-merge,,,,,,
bell2018_cr_t12m_everemployed,conflict_status,none,extraction_outcomes,,,,,2,stage-g-merge,,,,,,
bell2018_cr_t12m_everemployed,arm_id,cr,extraction_outcomes,,,,,2,stage-g-merge,,,,,,
bell2018_cr_t12m_everemployed,derivation_component_result_ids,,extraction_outcomes,,,,,2,stage-g-merge,,,,,,
bell2018_cr_t12m_everemployed,employment_selection_status,selected,extraction_cohorts,,,,,1,stage-g-merge,,,,,,
bell2018_cr_t12m_everemployed,diagnosis_group,psychosis_mixed,extraction_cohorts,,,,,2,stage-g-merge,,,,,,
bell2018_cr_t12m_everemployed,perc_qualifying_diagnosis,100,extraction_cohorts,,,,,2,stage-g-merge,,,,,,
bell2018_cr_t12m_everemployed,design,rct,extraction_cohorts,,,,,1,stage-g-merge,,,,,,
bell2018_cr_t12m_everemployed,arm_type,intervention,extraction_arms,,,,,2,stage-g-merge,,,,,,
bell2018_cr_t12m_everemployed,analysis_selection_status,none,extraction_arms,,,,,2,stage-g-merge,,,,,,
bell2018_cr_t12m_everemployed,employment_targeted_intervention,,extraction_arms,,,,,2,stage-g-merge,,,,,,
bhullar2018_cohort_t120m_paidany,outcome_construct,paid_any,extraction_outcomes,,,,,2,stage-g-merge,,,,,,
bhullar2018_cohort_t120m_paidany,ascertainment,point_prevalence,extraction_outcomes,,,,,2,stage-g-merge,,,,,,
bhullar2018_cohort_t120m_paidany,ascertainment_window_months,,extraction_outcomes,,,,,2,stage-g-merge,,,,,,
bhullar2018_cohort_t120m_paidany,n_employed,35,extraction_outcomes,,,,,2,stage-g-merge,,,,,,
bhullar2018_cohort_t120m_paidany,n_outcome_observed,65,extraction_outcomes,,,,,2,stage-g-merge,,,,,,
bhullar2018_cohort_t120m_paidany,denominator_basis,outcome_observed,extraction_outcomes,,,,,2,stage-g-merge,,,,,,
bhullar2018_cohort_t120m_paidany,followup_months,120,extraction_outcomes,,,,,2,stage-g-merge,,,,,,
bhullar2018_cohort_t120m_paidany,followup_basis,since_baseline,extraction_outcomes,,,,,2,stage-g-merge,,,,,,
bhullar2018_cohort_t120m_paidany,result_role,reported,extraction_outcomes,,,,,2,stage-g-merge,,,,,,
bhullar2018_cohort_t120m_paidany,conflict_status,none,extraction_outcomes,,,,,2,stage-g-merge,,,,,,
bhullar2018_cohort_t120m_paidany,arm_id,cohort,extraction_outcomes,,,,,2,stage-g-merge,,,,,,
bhullar2018_cohort_t120m_paidany,derivation_component_result_ids,,extraction_outcomes,,,,,2,stage-g-merge,,,,,,
bhullar2018_cohort_t120m_paidany,employment_selection_status,none,extraction_cohorts,,,,,1,stage-g-merge,,,,,,
bhullar2018_cohort_t120m_paidany,diagnosis_group,fep,extraction_cohorts,,,,,2,stage-g-merge,,,,,,
bhullar2018_cohort_t120m_paidany,perc_qualifying_diagnosis,100,extraction_cohorts,,,,,2,stage-g-merge,,,,,,
bhullar2018_cohort_t120m_paidany,design,prospective_cohort,extraction_cohorts,,,,,1,stage-g-merge,,,,,,
bhullar2018_cohort_t120m_paidany,arm_type,cohort,extraction_arms,,,,,2,stage-g-merge,,,,,,
bhullar2018_cohort_t120m_paidany,analysis_selection_status,none,extraction_arms,,,,,2,stage-g-merge,,,,,,
bhullar2018_cohort_t120m_paidany,employment_targeted_intervention,not_applicable,extraction_arms,,,,,2,stage-g-merge,,,,,,
bhullar2018_cohort_t120m_paidoredu,outcome_construct,paid_or_education,extraction_outcomes,,,,,2,stage-g-merge,,,,,,
bhullar2018_cohort_t120m_paidoredu,ascertainment,period_prevalence,extraction_outcomes,,,,,2,stage-g-merge,,,,,,
bhullar2018_cohort_t120m_paidoredu,ascertainment_window_months,12,extraction_outcomes,,,,,2,stage-g-merge,,,,,,
bhullar2018_cohort_t120m_paidoredu,n_employed,32,extraction_outcomes,,,,,2,stage-g-merge,,,,,,
bhullar2018_cohort_t120m_paidoredu,n_outcome_observed,65,extraction_outcomes,,,,,2,stage-g-merge,,,,,,
bhullar2018_cohort_t120m_paidoredu,denominator_basis,outcome_observed,extraction_outcomes,,,,,2,stage-g-merge,,,,,,
bhullar2018_cohort_t120m_paidoredu,followup_months,120,extraction_outcomes,,,,,2,stage-g-merge,,,,,,
bhullar2018_cohort_t120m_paidoredu,followup_basis,since_baseline,extraction_outcomes,,,,,2,stage-g-merge,,,,,,
bhullar2018_cohort_t120m_paidoredu,result_role,reported,extraction_outcomes,,,,,2,stage-g-merge,,,,,,
bhullar2018_cohort_t120m_paidoredu,conflict_status,none,extraction_outcomes,,,,,2,stage-g-merge,,,,,,
bhullar2018_cohort_t120m_paidoredu,arm_id,cohort,extraction_outcomes,,,,,2,stage-g-merge,,,,,,
bhullar2018_cohort_t120m_paidoredu,derivation_component_result_ids,,extraction_outcomes,,,,,2,stage-g-merge,,,,,,
bhullar2018_cohort_t120m_paidoredu,employment_selection_status,none,extraction_cohorts,,,,,1,stage-g-merge,,,,,,
bhullar2018_cohort_t120m_paidoredu,diagnosis_group,fep,extraction_cohorts,,,,,2,stage-g-merge,,,,,,
bhullar2018_cohort_t120m_paidoredu,perc_qualifying_diagnosis,100,extraction_cohorts,,,,,2,stage-g-merge,,,,,,
bhullar2018_cohort_t120m_paidoredu,design,prospective_cohort,extraction_cohorts,,,,,1,stage-g-merge,,,,,,
bhullar2018_cohort_t120m_paidoredu,arm_type,cohort,extraction_arms,,,,,2,stage-g-merge,,,,,,
bhullar2018_cohort_t120m_paidoredu,analysis_selection_status,none,extraction_arms,,,,,2,stage-g-merge,,,,,,
bhullar2018_cohort_t120m_paidoredu,employment_targeted_intervention,not_applicable,extraction_arms,,,,,2,stage-g-merge,,,,,,
blackman2025_cohort_t103m_paidany,outcome_construct,paid_any,extraction_outcomes,,,,,2,stage-g-merge,,,,,,
blackman2025_cohort_t103m_paidany,ascertainment,period_prevalence,extraction_outcomes,,,,,2,stage-g-merge,,,,,,
blackman2025_cohort_t103m_paidany,ascertainment_window_months,12,extraction_outcomes,,,,,2,stage-g-merge,,,,,,
blackman2025_cohort_t103m_paidany,n_employed,56,extraction_outcomes,,,,,2,stage-g-merge,,,,,,
blackman2025_cohort_t103m_paidany,n_outcome_observed,124,extraction_outcomes,,,,,2,stage-g-merge,,,,,,
blackman2025_cohort_t103m_paidany,denominator_basis,outcome_observed,extraction_outcomes,,,,,2,stage-g-merge,,,,,,
blackman2025_cohort_t103m_paidany,followup_months,103,extraction_outcomes,,,,,2,stage-g-merge,,,,,,
blackman2025_cohort_t103m_paidany,followup_basis,calendar_end_common,extraction_outcomes,,,,,2,stage-g-merge,,,,,,
blackman2025_cohort_t103m_paidany,result_role,reported,extraction_outcomes,,,,,2,stage-g-merge,,,,,,
blackman2025_cohort_t103m_paidany,conflict_status,none,extraction_outcomes,,,,,2,stage-g-merge,,,,,,
blackman2025_cohort_t103m_paidany,arm_id,cohort,extraction_outcomes,,,,,2,stage-g-merge,,,,,,
blackman2025_cohort_t103m_paidany,derivation_component_result_ids,,extraction_outcomes,,,,,2,stage-g-merge,,,,,,
blackman2025_cohort_t103m_paidany,employment_selection_status,none,extraction_cohorts,,,,,1,stage-g-merge,,,,,,
blackman2025_cohort_t103m_paidany,diagnosis_group,schizophrenia,extraction_cohorts,,,,,2,stage-g-merge,,,,,,
blackman2025_cohort_t103m_paidany,perc_qualifying_diagnosis,100,extraction_cohorts,,,,,2,stage-g-merge,,,,,,
blackman2025_cohort_t103m_paidany,design,retrospective_cohort,extraction_cohorts,,,,,1,stage-g-merge,,,,,,
blackman2025_cohort_t103m_paidany,arm_type,cohort,extraction_arms,,,,,2,stage-g-merge,,,,,,
blackman2025_cohort_t103m_paidany,analysis_selection_status,selected,extraction_arms,,,,,2,stage-g-merge,,,,,,
blackman2025_cohort_t103m_paidany,employment_targeted_intervention,not_applicable,extraction_arms,,,,,2,stage-g-merge,,,,,,
bonnesen2026_cohort_t36m_paidoredu,outcome_construct,paid_or_education,extraction_outcomes,,,,,2,stage-g-merge,,,,,,
bonnesen2026_cohort_t36m_paidoredu,ascertainment,point_prevalence,extraction_outcomes,,,,,2,stage-g-merge,,,,,,
bonnesen2026_cohort_t36m_paidoredu,ascertainment_window_months,,extraction_outcomes,,,,,2,stage-g-merge,,,,,,
bonnesen2026_cohort_t36m_paidoredu,n_employed,505,extraction_outcomes,,,,,2,stage-g-merge,,,,,,
bonnesen2026_cohort_t36m_paidoredu,n_outcome_observed,2577,extraction_outcomes,,,,,2,stage-g-merge,,,,,,
bonnesen2026_cohort_t36m_paidoredu,denominator_basis,outcome_observed,extraction_outcomes,,,,,2,stage-g-merge,,,,,,
bonnesen2026_cohort_t36m_paidoredu,followup_months,36,extraction_outcomes,,,,,2,stage-g-merge,,,,,,
bonnesen2026_cohort_t36m_paidoredu,followup_basis,since_baseline,extraction_outcomes,,,,,2,stage-g-merge,,,,,,
bonnesen2026_cohort_t36m_paidoredu,result_role,reported,extraction_outcomes,,,,,2,stage-g-merge,,,,,,
bonnesen2026_cohort_t36m_paidoredu,conflict_status,none,extraction_outcomes,,,,,2,stage-g-merge,,,,,,
bonnesen2026_cohort_t36m_paidoredu,arm_id,cohort,extraction_outcomes,,,,,2,stage-g-merge,,,,,,
bonnesen2026_cohort_t36m_paidoredu,derivation_component_result_ids,,extraction_outcomes,,,,,2,stage-g-merge,,,,,,
bonnesen2026_cohort_t36m_paidoredu,employment_selection_status,selected,extraction_cohorts,,,,,1,stage-g-merge,,,,,,
bonnesen2026_cohort_t36m_paidoredu,diagnosis_group,psychosis_mixed,extraction_cohorts,,,,,2,stage-g-merge,,,,,,
bonnesen2026_cohort_t36m_paidoredu,perc_qualifying_diagnosis,100,extraction_cohorts,,,,,2,stage-g-merge,,,,,,
bonnesen2026_cohort_t36m_paidoredu,design,register_cohort,extraction_cohorts,,,,,1,stage-g-merge,,,,,,
bonnesen2026_cohort_t36m_paidoredu,arm_type,cohort,extraction_arms,,,,,2,stage-g-merge,,,,,,
bonnesen2026_cohort_t36m_paidoredu,analysis_selection_status,none,extraction_arms,,,,,2,stage-g-merge,,,,,,
bonnesen2026_cohort_t36m_paidoredu,employment_targeted_intervention,not_applicable,extraction_arms,,,,,2,stage-g-merge,,,,,,
bonnesen2026_cohort_t60m_paidoredu,outcome_construct,paid_or_education,extraction_outcomes,,,,,2,stage-g-merge,,,,,,
bonnesen2026_cohort_t60m_paidoredu,ascertainment,point_prevalence,extraction_outcomes,,,,,2,stage-g-merge,,,,,,
bonnesen2026_cohort_t60m_paidoredu,ascertainment_window_months,,extraction_outcomes,,,,,2,stage-g-merge,,,,,,
bonnesen2026_cohort_t60m_paidoredu,n_employed,539,extraction_outcomes,,,,,2,stage-g-merge,,,,,,
bonnesen2026_cohort_t60m_paidoredu,n_outcome_observed,2493,extraction_outcomes,,,,,2,stage-g-merge,,,,,,
bonnesen2026_cohort_t60m_paidoredu,denominator_basis,outcome_observed,extraction_outcomes,,,,,2,stage-g-merge,,,,,,
bonnesen2026_cohort_t60m_paidoredu,followup_months,60,extraction_outcomes,,,,,2,stage-g-merge,,,,,,
bonnesen2026_cohort_t60m_paidoredu,followup_basis,since_baseline,extraction_outcomes,,,,,2,stage-g-merge,,,,,,
bonnesen2026_cohort_t60m_paidoredu,result_role,reported,extraction_outcomes,,,,,2,stage-g-merge,,,,,,
bonnesen2026_cohort_t60m_paidoredu,conflict_status,none,extraction_outcomes,,,,,2,stage-g-merge,,,,,,
bonnesen2026_cohort_t60m_paidoredu,arm_id,cohort,extraction_outcomes,,,,,2,stage-g-merge,,,,,,
bonnesen2026_cohort_t60m_paidoredu,derivation_component_result_ids,,extraction_outcomes,,,,,2,stage-g-merge,,,,,,
bonnesen2026_cohort_t60m_paidoredu,employment_selection_status,selected,extraction_cohorts,,,,,1,stage-g-merge,,,,,,
bonnesen2026_cohort_t60m_paidoredu,diagnosis_group,psychosis_mixed,extraction_cohorts,,,,,2,stage-g-merge,,,,,,
bonnesen2026_cohort_t60m_paidoredu,perc_qualifying_diagnosis,100,extraction_cohorts,,,,,2,stage-g-merge,,,,,,
bonnesen2026_cohort_t60m_paidoredu,design,register_cohort,extraction_cohorts,,,,,1,stage-g-merge,,,,,,
bonnesen2026_cohort_t60m_paidoredu,arm_type,cohort,extraction_arms,,,,,2,stage-g-merge,,,,,,
bonnesen2026_cohort_t60m_paidoredu,analysis_selection_status,none,extraction_arms,,,,,2,stage-g-merge,,,,,,
bonnesen2026_cohort_t60m_paidoredu,employment_targeted_intervention,not_applicable,extraction_arms,,,,,2,stage-g-merge,,,,,,
conus2017_cohort_t18m_vocact,outcome_construct,vocational_activity,extraction_outcomes,,,,,2,stage-g-merge,,,,,,
conus2017_cohort_t18m_vocact,ascertainment,point_prevalence,extraction_outcomes,,,,,2,stage-g-merge,,,,,,
conus2017_cohort_t18m_vocact,ascertainment_window_months,,extraction_outcomes,,,,,2,stage-g-merge,,,,,,
conus2017_cohort_t18m_vocact,n_employed,255,extraction_outcomes,,,,,2,stage-g-merge,,,,,,
conus2017_cohort_t18m_vocact,n_outcome_observed,571,extraction_outcomes,,,,,2,stage-g-merge,,,,,,
conus2017_cohort_t18m_vocact,denominator_basis,outcome_observed,extraction_outcomes,,,,,2,stage-g-merge,,,,,,
conus2017_cohort_t18m_vocact,followup_months,18,extraction_outcomes,,,,,2,stage-g-merge,,,,,,
conus2017_cohort_t18m_vocact,followup_basis,unclear,extraction_outcomes,,,,,2,stage-g-merge,,,,,,
conus2017_cohort_t18m_vocact,result_role,reported,extraction_outcomes,,,,,2,stage-g-merge,,,,,,
conus2017_cohort_t18m_vocact,conflict_status,none,extraction_outcomes,,,,,2,stage-g-merge,,,,,,
conus2017_cohort_t18m_vocact,arm_id,cohort,extraction_outcomes,,,,,2,stage-g-merge,,,,,,
conus2017_cohort_t18m_vocact,derivation_component_result_ids,,extraction_outcomes,,,,,2,stage-g-merge,,,,,,
conus2017_cohort_t18m_vocact,employment_selection_status,none,extraction_cohorts,,,,,1,stage-g-merge,,,,,,
conus2017_cohort_t18m_vocact,diagnosis_group,psychosis_mixed,extraction_cohorts,,,,,2,stage-g-merge,,,,,,
conus2017_cohort_t18m_vocact,perc_qualifying_diagnosis,100,extraction_cohorts,,,,,2,stage-g-merge,,,,,,
conus2017_cohort_t18m_vocact,design,retrospective_cohort,extraction_cohorts,,,,,1,stage-g-merge,,,,,,
conus2017_cohort_t18m_vocact,arm_type,cohort,extraction_arms,,,,,2,stage-g-merge,,,,,,
conus2017_cohort_t18m_vocact,analysis_selection_status,none,extraction_arms,,,,,2,stage-g-merge,,,,,,
conus2017_cohort_t18m_vocact,employment_targeted_intervention,not_applicable,extraction_arms,,,,,2,stage-g-merge,,,,,,
cook2016_cohort_cal2000_2012_paidany,outcome_construct,paid_any,extraction_outcomes,,,,,2,stage-g-merge,,,,,,
cook2016_cohort_cal2000_2012_paidany,ascertainment,any_time_during_followup,extraction_outcomes,,,,,2,stage-g-merge,,,,,,
cook2016_cohort_cal2000_2012_paidany,ascertainment_window_months,156,extraction_outcomes,,,,,2,stage-g-merge,,,,,,
cook2016_cohort_cal2000_2012_paidany,n_employed,148,extraction_outcomes,,,,,2,stage-g-merge,,,,,,
cook2016_cohort_cal2000_2012_paidany,n_outcome_observed,449,extraction_outcomes,,,,,2,stage-g-merge,,,,,,
cook2016_cohort_cal2000_2012_paidany,denominator_basis,outcome_observed,extraction_outcomes,,,,,2,stage-g-merge,,,,,,
cook2016_cohort_cal2000_2012_paidany,followup_months,,extraction_outcomes,,,,,2,stage-g-merge,,,,,,
cook2016_cohort_cal2000_2012_paidany,followup_basis,calendar_end_common,extraction_outcomes,,,,,2,stage-g-merge,,,,,,
cook2016_cohort_cal2000_2012_paidany,result_role,reported,extraction_outcomes,,,,,2,stage-g-merge,,,,,,
cook2016_cohort_cal2000_2012_paidany,conflict_status,none,extraction_outcomes,,,,,2,stage-g-merge,,,,,,
cook2016_cohort_cal2000_2012_paidany,arm_id,cohort,extraction_outcomes,,,,,2,stage-g-merge,,,,,,
cook2016_cohort_cal2000_2012_paidany,derivation_component_result_ids,,extraction_outcomes,,,,,2,stage-g-merge,,,,,,
cook2016_cohort_cal2000_2012_paidany,employment_selection_status,selected,extraction_cohorts,,,,,1,stage-g-merge,,,,,,
cook2016_cohort_cal2000_2012_paidany,diagnosis_group,smi_mixed,extraction_cohorts,,,,,2,stage-g-merge,,,,,,
cook2016_cohort_cal2000_2012_paidany,perc_qualifying_diagnosis,54.1,extraction_cohorts,,,,,2,stage-g-merge,,,,,,
cook2016_cohort_cal2000_2012_paidany,design,rct,extraction_cohorts,,,,,1,stage-g-merge,,,,,,
cook2016_cohort_cal2000_2012_paidany,arm_type,cohort,extraction_arms,,,,,2,stage-g-merge,,,,,,
cook2016_cohort_cal2000_2012_paidany,analysis_selection_status,selected,extraction_arms,,,,,2,stage-g-merge,,,,,,
cook2016_cohort_cal2000_2012_paidany,employment_targeted_intervention,yes,extraction_arms,,,,,2,stage-g-merge,,,,,,
cook2016_se_cal2000_2012_paidany,outcome_construct,paid_any,extraction_outcomes,,,,,2,stage-g-merge,,,,,,
cook2016_se_cal2000_2012_paidany,ascertainment,any_time_during_followup,extraction_outcomes,,,,,2,stage-g-merge,,,,,,
cook2016_se_cal2000_2012_paidany,ascertainment_window_months,156,extraction_outcomes,,,,,2,stage-g-merge,,,,,,
cook2016_se_cal2000_2012_paidany,n_employed,83,extraction_outcomes,,,,,2,stage-g-merge,,,,,,
cook2016_se_cal2000_2012_paidany,n_outcome_observed,234,extraction_outcomes,,,,,2,stage-g-merge,,,,,,
cook2016_se_cal2000_2012_paidany,denominator_basis,outcome_observed,extraction_outcomes,,,,,2,stage-g-merge,,,,,,
cook2016_se_cal2000_2012_paidany,followup_months,,extraction_outcomes,,,,,2,stage-g-merge,,,,,,
cook2016_se_cal2000_2012_paidany,followup_basis,calendar_end_common,extraction_outcomes,,,,,2,stage-g-merge,,,,,,
cook2016_se_cal2000_2012_paidany,result_role,reported,extraction_outcomes,,,,,2,stage-g-merge,,,,,,
cook2016_se_cal2000_2012_paidany,conflict_status,none,extraction_outcomes,,,,,2,stage-g-merge,,,,,,
cook2016_se_cal2000_2012_paidany,arm_id,se,extraction_outcomes,,,,,2,stage-g-merge,,,,,,
cook2016_se_cal2000_2012_paidany,derivation_component_result_ids,,extraction_outcomes,,,,,2,stage-g-merge,,,,,,
cook2016_se_cal2000_2012_paidany,employment_selection_status,selected,extraction_cohorts,,,,,1,stage-g-merge,,,,,,
cook2016_se_cal2000_2012_paidany,diagnosis_group,smi_mixed,extraction_cohorts,,,,,2,stage-g-merge,,,,,,
cook2016_se_cal2000_2012_paidany,perc_qualifying_diagnosis,54.1,extraction_cohorts,,,,,2,stage-g-merge,,,,,,
cook2016_se_cal2000_2012_paidany,design,rct,extraction_cohorts,,,,,1,stage-g-merge,,,,,,
cook2016_se_cal2000_2012_paidany,arm_type,intervention,extraction_arms,,,,,2,stage-g-merge,,,,,,
cook2016_se_cal2000_2012_paidany,analysis_selection_status,selected,extraction_arms,,,,,2,stage-g-merge,,,,,,
cook2016_se_cal2000_2012_paidany,employment_targeted_intervention,,extraction_arms,,,,,2,stage-g-merge,,,,,,
cook2016_control_cal2000_2012_paidany,outcome_construct,paid_any,extraction_outcomes,,,,,2,stage-g-merge,,,,,,
cook2016_control_cal2000_2012_paidany,ascertainment,any_time_during_followup,extraction_outcomes,,,,,2,stage-g-merge,,,,,,
cook2016_control_cal2000_2012_paidany,ascertainment_window_months,156,extraction_outcomes,,,,,2,stage-g-merge,,,,,,
cook2016_control_cal2000_2012_paidany,n_employed,65,extraction_outcomes,,,,,2,stage-g-merge,,,,,,
cook2016_control_cal2000_2012_paidany,n_outcome_observed,215,extraction_outcomes,,,,,2,stage-g-merge,,,,,,
cook2016_control_cal2000_2012_paidany,denominator_basis,outcome_observed,extraction_outcomes,,,,,2,stage-g-merge,,,,,,
cook2016_control_cal2000_2012_paidany,followup_months,,extraction_outcomes,,,,,2,stage-g-merge,,,,,,
cook2016_control_cal2000_2012_paidany,followup_basis,calendar_end_common,extraction_outcomes,,,,,2,stage-g-merge,,,,,,
cook2016_control_cal2000_2012_paidany,result_role,reported,extraction_outcomes,,,,,2,stage-g-merge,,,,,,
cook2016_control_cal2000_2012_paidany,conflict_status,none,extraction_outcomes,,,,,2,stage-g-merge,,,,,,
cook2016_control_cal2000_2012_paidany,arm_id,control,extraction_outcomes,,,,,2,stage-g-merge,,,,,,
cook2016_control_cal2000_2012_paidany,derivation_component_result_ids,,extraction_outcomes,,,,,2,stage-g-merge,,,,,,
cook2016_control_cal2000_2012_paidany,employment_selection_status,selected,extraction_cohorts,,,,,1,stage-g-merge,,,,,,
cook2016_control_cal2000_2012_paidany,diagnosis_group,smi_mixed,extraction_cohorts,,,,,2,stage-g-merge,,,,,,
cook2016_control_cal2000_2012_paidany,perc_qualifying_diagnosis,54.1,extraction_cohorts,,,,,2,stage-g-merge,,,,,,
cook2016_control_cal2000_2012_paidany,design,rct,extraction_cohorts,,,,,1,stage-g-merge,,,,,,
cook2016_control_cal2000_2012_paidany,arm_type,control_active,extraction_arms,,,,,2,stage-g-merge,,,,,,
cook2016_control_cal2000_2012_paidany,analysis_selection_status,selected,extraction_arms,,,,,2,stage-g-merge,,,,,,
cook2016_control_cal2000_2012_paidany,employment_targeted_intervention,,extraction_arms,,,,,2,stage-g-merge,,,,,,
cook2016_se_t24m_paidany,outcome_construct,paid_any,extraction_outcomes,,,,,2,stage-g-merge,,,,,,
cook2016_se_t24m_paidany,ascertainment,any_time_during_followup,extraction_outcomes,,,,,2,stage-g-merge,,,,,,
cook2016_se_t24m_paidany,ascertainment_window_months,24,extraction_outcomes,,,,,2,stage-g-merge,,,,,,
cook2016_se_t24m_paidany,n_employed,,extraction_outcomes,,,,,2,stage-g-merge,,,,,,
cook2016_se_t24m_paidany,n_outcome_observed,,extraction_outcomes,,,,,2,stage-g-merge,,,,,,
cook2016_se_t24m_paidany,denominator_basis,unclear,extraction_outcomes,,,,,2,stage-g-merge,,,,,,
cook2016_se_t24m_paidany,followup_months,24,extraction_outcomes,,,,,2,stage-g-merge,,,,,,
cook2016_se_t24m_paidany,followup_basis,since_baseline,extraction_outcomes,,,,,2,stage-g-merge,,,,,,
cook2016_se_t24m_paidany,result_role,reported,extraction_outcomes,,,,,2,stage-g-merge,,,,,,
cook2016_se_t24m_paidany,conflict_status,none,extraction_outcomes,,,,,2,stage-g-merge,,,,,,
cook2016_se_t24m_paidany,arm_id,se,extraction_outcomes,,,,,2,stage-g-merge,,,,,,
cook2016_se_t24m_paidany,derivation_component_result_ids,,extraction_outcomes,,,,,2,stage-g-merge,,,,,,
cook2016_se_t24m_paidany,employment_selection_status,selected,extraction_cohorts,,,,,1,stage-g-merge,,,,,,
cook2016_se_t24m_paidany,diagnosis_group,smi_mixed,extraction_cohorts,,,,,2,stage-g-merge,,,,,,
cook2016_se_t24m_paidany,perc_qualifying_diagnosis,54.1,extraction_cohorts,,,,,2,stage-g-merge,,,,,,
cook2016_se_t24m_paidany,design,rct,extraction_cohorts,,,,,1,stage-g-merge,,,,,,
cook2016_se_t24m_paidany,arm_type,intervention,extraction_arms,,,,,2,stage-g-merge,,,,,,
cook2016_se_t24m_paidany,analysis_selection_status,selected,extraction_arms,,,,,2,stage-g-merge,,,,,,
cook2016_se_t24m_paidany,employment_targeted_intervention,,extraction_arms,,,,,2,stage-g-merge,,,,,,
cook2016_se_t24m_paidcomp,outcome_construct,paid_competitive,extraction_outcomes,,,,,2,stage-g-merge,,,,,,
cook2016_se_t24m_paidcomp,ascertainment,any_time_during_followup,extraction_outcomes,,,,,2,stage-g-merge,,,,,,
cook2016_se_t24m_paidcomp,ascertainment_window_months,24,extraction_outcomes,,,,,2,stage-g-merge,,,,,,
cook2016_se_t24m_paidcomp,n_employed,,extraction_outcomes,,,,,2,stage-g-merge,,,,,,
cook2016_se_t24m_paidcomp,n_outcome_observed,,extraction_outcomes,,,,,2,stage-g-merge,,,,,,
cook2016_se_t24m_paidcomp,denominator_basis,unclear,extraction_outcomes,,,,,2,stage-g-merge,,,,,,
cook2016_se_t24m_paidcomp,followup_months,24,extraction_outcomes,,,,,2,stage-g-merge,,,,,,
cook2016_se_t24m_paidcomp,followup_basis,since_baseline,extraction_outcomes,,,,,2,stage-g-merge,,,,,,
cook2016_se_t24m_paidcomp,result_role,reported,extraction_outcomes,,,,,2,stage-g-merge,,,,,,
cook2016_se_t24m_paidcomp,conflict_status,none,extraction_outcomes,,,,,2,stage-g-merge,,,,,,
cook2016_se_t24m_paidcomp,arm_id,se,extraction_outcomes,,,,,2,stage-g-merge,,,,,,
cook2016_se_t24m_paidcomp,derivation_component_result_ids,,extraction_outcomes,,,,,2,stage-g-merge,,,,,,
cook2016_se_t24m_paidcomp,employment_selection_status,selected,extraction_cohorts,,,,,1,stage-g-merge,,,,,,
cook2016_se_t24m_paidcomp,diagnosis_group,smi_mixed,extraction_cohorts,,,,,2,stage-g-merge,,,,,,
cook2016_se_t24m_paidcomp,perc_qualifying_diagnosis,54.1,extraction_cohorts,,,,,2,stage-g-merge,,,,,,
cook2016_se_t24m_paidcomp,design,rct,extraction_cohorts,,,,,1,stage-g-merge,,,,,,
cook2016_se_t24m_paidcomp,arm_type,intervention,extraction_arms,,,,,2,stage-g-merge,,,,,,
cook2016_se_t24m_paidcomp,analysis_selection_status,selected,extraction_arms,,,,,2,stage-g-merge,,,,,,
cook2016_se_t24m_paidcomp,employment_targeted_intervention,,extraction_arms,,,,,2,stage-g-merge,,,,,,
cook2016_control_t24m_paidany,outcome_construct,paid_any,extraction_outcomes,,,,,2,stage-g-merge,,,,,,
cook2016_control_t24m_paidany,ascertainment,any_time_during_followup,extraction_outcomes,,,,,2,stage-g-merge,,,,,,
cook2016_control_t24m_paidany,ascertainment_window_months,24,extraction_outcomes,,,,,2,stage-g-merge,,,,,,
cook2016_control_t24m_paidany,n_employed,,extraction_outcomes,,,,,2,stage-g-merge,,,,,,
cook2016_control_t24m_paidany,n_outcome_observed,,extraction_outcomes,,,,,2,stage-g-merge,,,,,,
cook2016_control_t24m_paidany,denominator_basis,unclear,extraction_outcomes,,,,,2,stage-g-merge,,,,,,
cook2016_control_t24m_paidany,followup_months,24,extraction_outcomes,,,,,2,stage-g-merge,,,,,,
cook2016_control_t24m_paidany,followup_basis,since_baseline,extraction_outcomes,,,,,2,stage-g-merge,,,,,,
cook2016_control_t24m_paidany,result_role,reported,extraction_outcomes,,,,,2,stage-g-merge,,,,,,
cook2016_control_t24m_paidany,conflict_status,none,extraction_outcomes,,,,,2,stage-g-merge,,,,,,
cook2016_control_t24m_paidany,arm_id,control,extraction_outcomes,,,,,2,stage-g-merge,,,,,,
cook2016_control_t24m_paidany,derivation_component_result_ids,,extraction_outcomes,,,,,2,stage-g-merge,,,,,,
cook2016_control_t24m_paidany,employment_selection_status,selected,extraction_cohorts,,,,,1,stage-g-merge,,,,,,
cook2016_control_t24m_paidany,diagnosis_group,smi_mixed,extraction_cohorts,,,,,2,stage-g-merge,,,,,,
cook2016_control_t24m_paidany,perc_qualifying_diagnosis,54.1,extraction_cohorts,,,,,2,stage-g-merge,,,,,,
cook2016_control_t24m_paidany,design,rct,extraction_cohorts,,,,,1,stage-g-merge,,,,,,
cook2016_control_t24m_paidany,arm_type,control_active,extraction_arms,,,,,2,stage-g-merge,,,,,,
cook2016_control_t24m_paidany,analysis_selection_status,selected,extraction_arms,,,,,2,stage-g-merge,,,,,,
cook2016_control_t24m_paidany,employment_targeted_intervention,,extraction_arms,,,,,2,stage-g-merge,,,,,,
cook2016_control_t24m_paidcomp,outcome_construct,paid_competitive,extraction_outcomes,,,,,2,stage-g-merge,,,,,,
cook2016_control_t24m_paidcomp,ascertainment,any_time_during_followup,extraction_outcomes,,,,,2,stage-g-merge,,,,,,
cook2016_control_t24m_paidcomp,ascertainment_window_months,24,extraction_outcomes,,,,,2,stage-g-merge,,,,,,
cook2016_control_t24m_paidcomp,n_employed,,extraction_outcomes,,,,,2,stage-g-merge,,,,,,
cook2016_control_t24m_paidcomp,n_outcome_observed,,extraction_outcomes,,,,,2,stage-g-merge,,,,,,
cook2016_control_t24m_paidcomp,denominator_basis,unclear,extraction_outcomes,,,,,2,stage-g-merge,,,,,,
cook2016_control_t24m_paidcomp,followup_months,24,extraction_outcomes,,,,,2,stage-g-merge,,,,,,
cook2016_control_t24m_paidcomp,followup_basis,since_baseline,extraction_outcomes,,,,,2,stage-g-merge,,,,,,
cook2016_control_t24m_paidcomp,result_role,reported,extraction_outcomes,,,,,2,stage-g-merge,,,,,,
cook2016_control_t24m_paidcomp,conflict_status,none,extraction_outcomes,,,,,2,stage-g-merge,,,,,,
cook2016_control_t24m_paidcomp,arm_id,control,extraction_outcomes,,,,,2,stage-g-merge,,,,,,
cook2016_control_t24m_paidcomp,derivation_component_result_ids,,extraction_outcomes,,,,,2,stage-g-merge,,,,,,
cook2016_control_t24m_paidcomp,employment_selection_status,selected,extraction_cohorts,,,,,1,stage-g-merge,,,,,,
cook2016_control_t24m_paidcomp,diagnosis_group,smi_mixed,extraction_cohorts,,,,,2,stage-g-merge,,,,,,
cook2016_control_t24m_paidcomp,perc_qualifying_diagnosis,54.1,extraction_cohorts,,,,,2,stage-g-merge,,,,,,
cook2016_control_t24m_paidcomp,design,rct,extraction_cohorts,,,,,1,stage-g-merge,,,,,,
cook2016_control_t24m_paidcomp,arm_type,control_active,extraction_arms,,,,,2,stage-g-merge,,,,,,
cook2016_control_t24m_paidcomp,analysis_selection_status,selected,extraction_arms,,,,,2,stage-g-merge,,,,,,
cook2016_control_t24m_paidcomp,employment_targeted_intervention,,extraction_arms,,,,,2,stage-g-merge,,,,,,
detore2019_ips_t24m_paidcomp,outcome_construct,paid_competitive,extraction_outcomes,,,,,2,stage-g-merge,,,,,,
detore2019_ips_t24m_paidcomp,ascertainment,any_time_during_followup,extraction_outcomes,,,,,2,stage-g-merge,,,,,,
detore2019_ips_t24m_paidcomp,ascertainment_window_months,24,extraction_outcomes,,,,,2,stage-g-merge,,,,,,
detore2019_ips_t24m_paidcomp,n_employed,51,extraction_outcomes,,,,,2,stage-g-merge,,,,,,
detore2019_ips_t24m_paidcomp,n_outcome_observed,68,extraction_outcomes,,,,,2,stage-g-merge,,,,,,
detore2019_ips_t24m_paidcomp,denominator_basis,outcome_observed,extraction_outcomes,,,,,2,stage-g-merge,,,,,,
detore2019_ips_t24m_paidcomp,followup_months,24,extraction_outcomes,,,,,2,stage-g-merge,,,,,,
detore2019_ips_t24m_paidcomp,followup_basis,since_baseline,extraction_outcomes,,,,,2,stage-g-merge,,,,,,
detore2019_ips_t24m_paidcomp,result_role,reported,extraction_outcomes,,,,,2,stage-g-merge,,,,,,
detore2019_ips_t24m_paidcomp,conflict_status,none,extraction_outcomes,,,,,2,stage-g-merge,,,,,,
detore2019_ips_t24m_paidcomp,arm_id,ips,extraction_outcomes,,,,,2,stage-g-merge,,,,,,
detore2019_ips_t24m_paidcomp,derivation_component_result_ids,,extraction_outcomes,,,,,2,stage-g-merge,,,,,,
detore2019_ips_t24m_paidcomp,employment_selection_status,selected,extraction_cohorts,,,,,1,stage-g-merge,,,,,,
detore2019_ips_t24m_paidcomp,diagnosis_group,smi_mixed,extraction_cohorts,,,,,2,stage-g-merge,,,,,,
detore2019_ips_t24m_paidcomp,perc_qualifying_diagnosis,,extraction_cohorts,,,,,2,stage-g-merge,,,,,,
detore2019_ips_t24m_paidcomp,design,rct,extraction_cohorts,,,,,1,stage-g-merge,,,,,,
detore2019_ips_t24m_paidcomp,arm_type,intervention,extraction_arms,,,,,2,stage-g-merge,,,,,,
detore2019_ips_t24m_paidcomp,analysis_selection_status,none,extraction_arms,,,,,2,stage-g-merge,,,,,,
detore2019_ips_t24m_paidcomp,employment_targeted_intervention,,extraction_arms,,,,,2,stage-g-merge,,,,,,
domenicano2025_cohort_t12m_unclear,outcome_construct,unclear,extraction_outcomes,,,,,2,stage-g-merge,,,,,,
domenicano2025_cohort_t12m_unclear,ascertainment,point_prevalence,extraction_outcomes,,,,,2,stage-g-merge,,,,,,
domenicano2025_cohort_t12m_unclear,ascertainment_window_months,,extraction_outcomes,,,,,2,stage-g-merge,,,,,,
domenicano2025_cohort_t12m_unclear,n_employed,49,extraction_outcomes,,,,,2,stage-g-merge,,,,,,
domenicano2025_cohort_t12m_unclear,n_outcome_observed,139,extraction_outcomes,,,,,2,stage-g-merge,,,,,,
domenicano2025_cohort_t12m_unclear,denominator_basis,outcome_observed,extraction_outcomes,,,,,2,stage-g-merge,,,,,,
domenicano2025_cohort_t12m_unclear,followup_months,12,extraction_outcomes,,,,,2,stage-g-merge,,,,,,
domenicano2025_cohort_t12m_unclear,followup_basis,since_baseline,extraction_outcomes,,,,,2,stage-g-merge,,,,,,
domenicano2025_cohort_t12m_unclear,result_role,reported,extraction_outcomes,,,,,2,stage-g-merge,,,,,,
domenicano2025_cohort_t12m_unclear,conflict_status,none,extraction_outcomes,,,,,2,stage-g-merge,,,,,,
domenicano2025_cohort_t12m_unclear,arm_id,cohort,extraction_outcomes,,,,,2,stage-g-merge,,,,,,
domenicano2025_cohort_t12m_unclear,derivation_component_result_ids,,extraction_outcomes,,,,,2,stage-g-merge,,,,,,
domenicano2025_cohort_t12m_unclear,employment_selection_status,none,extraction_cohorts,,,,,1,stage-g-merge,,,,,,
domenicano2025_cohort_t12m_unclear,diagnosis_group,fep,extraction_cohorts,,,,,2,stage-g-merge,,,,,,
domenicano2025_cohort_t12m_unclear,perc_qualifying_diagnosis,100,extraction_cohorts,,,,,2,stage-g-merge,,,,,,
domenicano2025_cohort_t12m_unclear,design,retrospective_cohort,extraction_cohorts,,,,,1,stage-g-merge,,,,,,
domenicano2025_cohort_t12m_unclear,arm_type,cohort,extraction_arms,,,,,2,stage-g-merge,,,,,,
domenicano2025_cohort_t12m_unclear,analysis_selection_status,none,extraction_arms,,,,,2,stage-g-merge,,,,,,
domenicano2025_cohort_t12m_unclear,employment_targeted_intervention,not_applicable,extraction_arms,,,,,2,stage-g-merge,,,,,,
domenicano2025_cohort_t24m_unclear,outcome_construct,unclear,extraction_outcomes,,,,,2,stage-g-merge,,,,,,
domenicano2025_cohort_t24m_unclear,ascertainment,point_prevalence,extraction_outcomes,,,,,2,stage-g-merge,,,,,,
domenicano2025_cohort_t24m_unclear,ascertainment_window_months,,extraction_outcomes,,,,,2,stage-g-merge,,,,,,
domenicano2025_cohort_t24m_unclear,n_employed,47,extraction_outcomes,,,,,2,stage-g-merge,,,,,,
domenicano2025_cohort_t24m_unclear,n_outcome_observed,101,extraction_outcomes,,,,,2,stage-g-merge,,,,,,
domenicano2025_cohort_t24m_unclear,denominator_basis,outcome_observed,extraction_outcomes,,,,,2,stage-g-merge,,,,,,
domenicano2025_cohort_t24m_unclear,followup_months,24,extraction_outcomes,,,,,2,stage-g-merge,,,,,,
domenicano2025_cohort_t24m_unclear,followup_basis,since_baseline,extraction_outcomes,,,,,2,stage-g-merge,,,,,,
domenicano2025_cohort_t24m_unclear,result_role,reported,extraction_outcomes,,,,,2,stage-g-merge,,,,,,
domenicano2025_cohort_t24m_unclear,conflict_status,unresolved,extraction_outcomes,,,,,2,stage-g-merge,,,,,,
domenicano2025_cohort_t24m_unclear,arm_id,cohort,extraction_outcomes,,,,,2,stage-g-merge,,,,,,
domenicano2025_cohort_t24m_unclear,derivation_component_result_ids,,extraction_outcomes,,,,,2,stage-g-merge,,,,,,
domenicano2025_cohort_t24m_unclear,employment_selection_status,none,extraction_cohorts,,,,,1,stage-g-merge,,,,,,
domenicano2025_cohort_t24m_unclear,diagnosis_group,fep,extraction_cohorts,,,,,2,stage-g-merge,,,,,,
domenicano2025_cohort_t24m_unclear,perc_qualifying_diagnosis,100,extraction_cohorts,,,,,2,stage-g-merge,,,,,,
domenicano2025_cohort_t24m_unclear,design,retrospective_cohort,extraction_cohorts,,,,,1,stage-g-merge,,,,,,
domenicano2025_cohort_t24m_unclear,arm_type,cohort,extraction_arms,,,,,2,stage-g-merge,,,,,,
domenicano2025_cohort_t24m_unclear,analysis_selection_status,none,extraction_arms,,,,,2,stage-g-merge,,,,,,
domenicano2025_cohort_t24m_unclear,employment_targeted_intervention,not_applicable,extraction_arms,,,,,2,stage-g-merge,,,,,,
domenicano2025_cohort_t12m_eet,outcome_construct,paid_or_education_or_training,extraction_outcomes,,,,,2,stage-g-merge,,,,,,
domenicano2025_cohort_t12m_eet,ascertainment,point_prevalence,extraction_outcomes,,,,,2,stage-g-merge,,,,,,
domenicano2025_cohort_t12m_eet,ascertainment_window_months,,extraction_outcomes,,,,,2,stage-g-merge,,,,,,
domenicano2025_cohort_t12m_eet,n_employed,104,extraction_outcomes,,,,,2,stage-g-merge,,,,,,
domenicano2025_cohort_t12m_eet,n_outcome_observed,139,extraction_outcomes,,,,,2,stage-g-merge,,,,,,
domenicano2025_cohort_t12m_eet,denominator_basis,outcome_observed,extraction_outcomes,,,,,2,stage-g-merge,,,,,,
domenicano2025_cohort_t12m_eet,followup_months,12,extraction_outcomes,,,,,2,stage-g-merge,,,,,,
domenicano2025_cohort_t12m_eet,followup_basis,since_baseline,extraction_outcomes,,,,,2,stage-g-merge,,,,,,
domenicano2025_cohort_t12m_eet,result_role,derived,extraction_outcomes,,,,,2,stage-g-merge,,,,,,
domenicano2025_cohort_t12m_eet,conflict_status,unresolved,extraction_outcomes,,,,,2,stage-g-merge,,,,,,
domenicano2025_cohort_t12m_eet,arm_id,cohort,extraction_outcomes,,,,,2,stage-g-merge,,,,,,
domenicano2025_cohort_t12m_eet,derivation_component_result_ids,,extraction_outcomes,,,,,2,stage-g-merge,,,,,,
domenicano2025_cohort_t12m_eet,employment_selection_status,none,extraction_cohorts,,,,,1,stage-g-merge,,,,,,
domenicano2025_cohort_t12m_eet,diagnosis_group,fep,extraction_cohorts,,,,,2,stage-g-merge,,,,,,
domenicano2025_cohort_t12m_eet,perc_qualifying_diagnosis,100,extraction_cohorts,,,,,2,stage-g-merge,,,,,,
domenicano2025_cohort_t12m_eet,design,retrospective_cohort,extraction_cohorts,,,,,1,stage-g-merge,,,,,,
domenicano2025_cohort_t12m_eet,arm_type,cohort,extraction_arms,,,,,2,stage-g-merge,,,,,,
domenicano2025_cohort_t12m_eet,analysis_selection_status,none,extraction_arms,,,,,2,stage-g-merge,,,,,,
domenicano2025_cohort_t12m_eet,employment_targeted_intervention,not_applicable,extraction_arms,,,,,2,stage-g-merge,,,,,,
domenicano2025_cohort_t24m_eet,outcome_construct,paid_or_education_or_training,extraction_outcomes,,,,,2,stage-g-merge,,,,,,
domenicano2025_cohort_t24m_eet,ascertainment,point_prevalence,extraction_outcomes,,,,,2,stage-g-merge,,,,,,
domenicano2025_cohort_t24m_eet,ascertainment_window_months,,extraction_outcomes,,,,,2,stage-g-merge,,,,,,
domenicano2025_cohort_t24m_eet,n_employed,79,extraction_outcomes,,,,,2,stage-g-merge,,,,,,
domenicano2025_cohort_t24m_eet,n_outcome_observed,101,extraction_outcomes,,,,,2,stage-g-merge,,,,,,
domenicano2025_cohort_t24m_eet,denominator_basis,outcome_observed,extraction_outcomes,,,,,2,stage-g-merge,,,,,,
domenicano2025_cohort_t24m_eet,followup_months,24,extraction_outcomes,,,,,2,stage-g-merge,,,,,,
domenicano2025_cohort_t24m_eet,followup_basis,since_baseline,extraction_outcomes,,,,,2,stage-g-merge,,,,,,
domenicano2025_cohort_t24m_eet,result_role,derived,extraction_outcomes,,,,,2,stage-g-merge,,,,,,
domenicano2025_cohort_t24m_eet,conflict_status,unresolved,extraction_outcomes,,,,,2,stage-g-merge,,,,,,
domenicano2025_cohort_t24m_eet,arm_id,cohort,extraction_outcomes,,,,,2,stage-g-merge,,,,,,
domenicano2025_cohort_t24m_eet,derivation_component_result_ids,,extraction_outcomes,,,,,2,stage-g-merge,,,,,,
domenicano2025_cohort_t24m_eet,employment_selection_status,none,extraction_cohorts,,,,,1,stage-g-merge,,,,,,
domenicano2025_cohort_t24m_eet,diagnosis_group,fep,extraction_cohorts,,,,,2,stage-g-merge,,,,,,
domenicano2025_cohort_t24m_eet,perc_qualifying_diagnosis,100,extraction_cohorts,,,,,2,stage-g-merge,,,,,,
domenicano2025_cohort_t24m_eet,design,retrospective_cohort,extraction_cohorts,,,,,1,stage-g-merge,,,,,,
domenicano2025_cohort_t24m_eet,arm_type,cohort,extraction_arms,,,,,2,stage-g-merge,,,,,,
domenicano2025_cohort_t24m_eet,analysis_selection_status,none,extraction_arms,,,,,2,stage-g-merge,,,,,,
domenicano2025_cohort_t24m_eet,employment_targeted_intervention,not_applicable,extraction_arms,,,,,2,stage-g-merge,,,,,,
drake2015_szsud_t12m_paidcomp,outcome_construct,paid_competitive,extraction_outcomes,,,,,2,stage-g-merge,,,,,,
drake2015_szsud_t12m_paidcomp,ascertainment,period_prevalence,extraction_outcomes,,,,,2,stage-g-merge,,,,,,
drake2015_szsud_t12m_paidcomp,ascertainment_window_months,12,extraction_outcomes,,,,,2,stage-g-merge,,,,,,
drake2015_szsud_t12m_paidcomp,n_employed,23,extraction_outcomes,,,,,2,stage-g-merge,,,,,,
drake2015_szsud_t12m_paidcomp,n_outcome_observed,,extraction_outcomes,,,,,2,stage-g-merge,,,,,,
drake2015_szsud_t12m_paidcomp,denominator_basis,unclear,extraction_outcomes,,,,,2,stage-g-merge,,,,,,
drake2015_szsud_t12m_paidcomp,followup_months,12,extraction_outcomes,,,,,2,stage-g-merge,,,,,,
drake2015_szsud_t12m_paidcomp,followup_basis,since_baseline,extraction_outcomes,,,,,2,stage-g-merge,,,,,,
drake2015_szsud_t12m_paidcomp,result_role,reported,extraction_outcomes,,,,,2,stage-g-merge,,,,,,
drake2015_szsud_t12m_paidcomp,conflict_status,unresolved,extraction_outcomes,,,,,2,stage-g-merge,,,,,,
drake2015_szsud_t12m_paidcomp,arm_id,sz_sud,extraction_outcomes,,,,,2,stage-g-merge,,,,,,
drake2015_szsud_t12m_paidcomp,derivation_component_result_ids,,extraction_outcomes,,,,,2,stage-g-merge,,,,,,
drake2015_szsud_t12m_paidcomp,employment_selection_status,none,extraction_cohorts,,,,,1,stage-g-merge,,,,,,
drake2015_szsud_t12m_paidcomp,diagnosis_group,psychosis_mixed,extraction_cohorts,,,,,2,stage-g-merge,,,,,,
drake2015_szsud_t12m_paidcomp,perc_qualifying_diagnosis,100,extraction_cohorts,,,,,2,stage-g-merge,,,,,,
drake2015_szsud_t12m_paidcomp,design,rct,extraction_cohorts,,,,,1,stage-g-merge,,,,,,
drake2015_szsud_t12m_paidcomp,arm_type,subgroup,extraction_arms,,,,,2,stage-g-merge,,,,,,
drake2015_szsud_t12m_paidcomp,analysis_selection_status,none,extraction_arms,,,,,2,stage-g-merge,,,,,,
drake2015_szsud_t12m_paidcomp,employment_targeted_intervention,,extraction_arms,,,,,2,stage-g-merge,,,,,,
drake2015_szsud_t24m_paidcomp,outcome_construct,paid_competitive,extraction_outcomes,,,,,2,stage-g-merge,,,,,,
drake2015_szsud_t24m_paidcomp,ascertainment,period_prevalence,extraction_outcomes,,,,,2,stage-g-merge,,,,,,
drake2015_szsud_t24m_paidcomp,ascertainment_window_months,12,extraction_outcomes,,,,,2,stage-g-merge,,,,,,
drake2015_szsud_t24m_paidcomp,n_employed,17,extraction_outcomes,,,,,2,stage-g-merge,,,,,,
drake2015_szsud_t24m_paidcomp,n_outcome_observed,,extraction_outcomes,,,,,2,stage-g-merge,,,,,,
drake2015_szsud_t24m_paidcomp,denominator_basis,unclear,extraction_outcomes,,,,,2,stage-g-merge,,,,,,
drake2015_szsud_t24m_paidcomp,followup_months,24,extraction_outcomes,,,,,2,stage-g-merge,,,,,,
drake2015_szsud_t24m_paidcomp,followup_basis,since_baseline,extraction_outcomes,,,,,2,stage-g-merge,,,,,,
drake2015_szsud_t24m_paidcomp,result_role,reported,extraction_outcomes,,,,,2,stage-g-merge,,,,,,
drake2015_szsud_t24m_paidcomp,conflict_status,unresolved,extraction_outcomes,,,,,2,stage-g-merge,,,,,,
drake2015_szsud_t24m_paidcomp,arm_id,sz_sud,extraction_outcomes,,,,,2,stage-g-merge,,,,,,
drake2015_szsud_t24m_paidcomp,derivation_component_result_ids,,extraction_outcomes,,,,,2,stage-g-merge,,,,,,
drake2015_szsud_t24m_paidcomp,employment_selection_status,none,extraction_cohorts,,,,,1,stage-g-merge,,,,,,
drake2015_szsud_t24m_paidcomp,diagnosis_group,psychosis_mixed,extraction_cohorts,,,,,2,stage-g-merge,,,,,,
drake2015_szsud_t24m_paidcomp,perc_qualifying_diagnosis,100,extraction_cohorts,,,,,2,stage-g-merge,,,,,,
drake2015_szsud_t24m_paidcomp,design,rct,extraction_cohorts,,,,,1,stage-g-merge,,,,,,
drake2015_szsud_t24m_paidcomp,arm_type,subgroup,extraction_arms,,,,,2,stage-g-merge,,,,,,
drake2015_szsud_t24m_paidcomp,analysis_selection_status,none,extraction_arms,,,,,2,stage-g-merge,,,,,,
drake2015_szsud_t24m_paidcomp,employment_targeted_intervention,,extraction_arms,,,,,2,stage-g-merge,,,,,,
drake2015_szsud_t36m_paidcomp,outcome_construct,paid_competitive,extraction_outcomes,,,,,2,stage-g-merge,,,,,,
drake2015_szsud_t36m_paidcomp,ascertainment,period_prevalence,extraction_outcomes,,,,,2,stage-g-merge,,,,,,
drake2015_szsud_t36m_paidcomp,ascertainment_window_months,12,extraction_outcomes,,,,,2,stage-g-merge,,,,,,
drake2015_szsud_t36m_paidcomp,n_employed,22,extraction_outcomes,,,,,2,stage-g-merge,,,,,,
drake2015_szsud_t36m_paidcomp,n_outcome_observed,,extraction_outcomes,,,,,2,stage-g-merge,,,,,,
drake2015_szsud_t36m_paidcomp,denominator_basis,unclear,extraction_outcomes,,,,,2,stage-g-merge,,,,,,
drake2015_szsud_t36m_paidcomp,followup_months,36,extraction_outcomes,,,,,2,stage-g-merge,,,,,,
drake2015_szsud_t36m_paidcomp,followup_basis,since_baseline,extraction_outcomes,,,,,2,stage-g-merge,,,,,,
drake2015_szsud_t36m_paidcomp,result_role,reported,extraction_outcomes,,,,,2,stage-g-merge,,,,,,
drake2015_szsud_t36m_paidcomp,conflict_status,unresolved,extraction_outcomes,,,,,2,stage-g-merge,,,,,,
drake2015_szsud_t36m_paidcomp,arm_id,sz_sud,extraction_outcomes,,,,,2,stage-g-merge,,,,,,
drake2015_szsud_t36m_paidcomp,derivation_component_result_ids,,extraction_outcomes,,,,,2,stage-g-merge,,,,,,
drake2015_szsud_t36m_paidcomp,employment_selection_status,none,extraction_cohorts,,,,,1,stage-g-merge,,,,,,
drake2015_szsud_t36m_paidcomp,diagnosis_group,psychosis_mixed,extraction_cohorts,,,,,2,stage-g-merge,,,,,,
drake2015_szsud_t36m_paidcomp,perc_qualifying_diagnosis,100,extraction_cohorts,,,,,2,stage-g-merge,,,,,,
drake2015_szsud_t36m_paidcomp,design,rct,extraction_cohorts,,,,,1,stage-g-merge,,,,,,
drake2015_szsud_t36m_paidcomp,arm_type,subgroup,extraction_arms,,,,,2,stage-g-merge,,,,,,
drake2015_szsud_t36m_paidcomp,analysis_selection_status,none,extraction_arms,,,,,2,stage-g-merge,,,,,,
drake2015_szsud_t36m_paidcomp,employment_targeted_intervention,,extraction_arms,,,,,2,stage-g-merge,,,,,,
drake2015_szsud_t48m_paidcomp,outcome_construct,paid_competitive,extraction_outcomes,,,,,2,stage-g-merge,,,,,,
drake2015_szsud_t48m_paidcomp,ascertainment,period_prevalence,extraction_outcomes,,,,,2,stage-g-merge,,,,,,
drake2015_szsud_t48m_paidcomp,ascertainment_window_months,12,extraction_outcomes,,,,,2,stage-g-merge,,,,,,
drake2015_szsud_t48m_paidcomp,n_employed,15,extraction_outcomes,,,,,2,stage-g-merge,,,,,,
drake2015_szsud_t48m_paidcomp,n_outcome_observed,,extraction_outcomes,,,,,2,stage-g-merge,,,,,,
drake2015_szsud_t48m_paidcomp,denominator_basis,unclear,extraction_outcomes,,,,,2,stage-g-merge,,,,,,
drake2015_szsud_t48m_paidcomp,followup_months,48,extraction_outcomes,,,,,2,stage-g-merge,,,,,,
drake2015_szsud_t48m_paidcomp,followup_basis,since_baseline,extraction_outcomes,,,,,2,stage-g-merge,,,,,,
drake2015_szsud_t48m_paidcomp,result_role,reported,extraction_outcomes,,,,,2,stage-g-merge,,,,,,
drake2015_szsud_t48m_paidcomp,conflict_status,unresolved,extraction_outcomes,,,,,2,stage-g-merge,,,,,,
drake2015_szsud_t48m_paidcomp,arm_id,sz_sud,extraction_outcomes,,,,,2,stage-g-merge,,,,,,
drake2015_szsud_t48m_paidcomp,derivation_component_result_ids,,extraction_outcomes,,,,,2,stage-g-merge,,,,,,
drake2015_szsud_t48m_paidcomp,employment_selection_status,none,extraction_cohorts,,,,,1,stage-g-merge,,,,,,
drake2015_szsud_t48m_paidcomp,diagnosis_group,psychosis_mixed,extraction_cohorts,,,,,2,stage-g-merge,,,,,,
drake2015_szsud_t48m_paidcomp,perc_qualifying_diagnosis,100,extraction_cohorts,,,,,2,stage-g-merge,,,,,,
drake2015_szsud_t48m_paidcomp,design,rct,extraction_cohorts,,,,,1,stage-g-merge,,,,,,
drake2015_szsud_t48m_paidcomp,arm_type,subgroup,extraction_arms,,,,,2,stage-g-merge,,,,,,
drake2015_szsud_t48m_paidcomp,analysis_selection_status,none,extraction_arms,,,,,2,stage-g-merge,,,,,,
drake2015_szsud_t48m_paidcomp,employment_targeted_intervention,,extraction_arms,,,,,2,stage-g-merge,,,,,,
drake2015_szsud_t60m_paidcomp,outcome_construct,paid_competitive,extraction_outcomes,,,,,2,stage-g-merge,,,,,,
drake2015_szsud_t60m_paidcomp,ascertainment,period_prevalence,extraction_outcomes,,,,,2,stage-g-merge,,,,,,
drake2015_szsud_t60m_paidcomp,ascertainment_window_months,12,extraction_outcomes,,,,,2,stage-g-merge,,,,,,
drake2015_szsud_t60m_paidcomp,n_employed,20,extraction_outcomes,,,,,2,stage-g-merge,,,,,,
drake2015_szsud_t60m_paidcomp,n_outcome_observed,,extraction_outcomes,,,,,2,stage-g-merge,,,,,,
drake2015_szsud_t60m_paidcomp,denominator_basis,unclear,extraction_outcomes,,,,,2,stage-g-merge,,,,,,
drake2015_szsud_t60m_paidcomp,followup_months,60,extraction_outcomes,,,,,2,stage-g-merge,,,,,,
drake2015_szsud_t60m_paidcomp,followup_basis,since_baseline,extraction_outcomes,,,,,2,stage-g-merge,,,,,,
drake2015_szsud_t60m_paidcomp,result_role,reported,extraction_outcomes,,,,,2,stage-g-merge,,,,,,
drake2015_szsud_t60m_paidcomp,conflict_status,unresolved,extraction_outcomes,,,,,2,stage-g-merge,,,,,,
drake2015_szsud_t60m_paidcomp,arm_id,sz_sud,extraction_outcomes,,,,,2,stage-g-merge,,,,,,
drake2015_szsud_t60m_paidcomp,derivation_component_result_ids,,extraction_outcomes,,,,,2,stage-g-merge,,,,,,
drake2015_szsud_t60m_paidcomp,employment_selection_status,none,extraction_cohorts,,,,,1,stage-g-merge,,,,,,
drake2015_szsud_t60m_paidcomp,diagnosis_group,psychosis_mixed,extraction_cohorts,,,,,2,stage-g-merge,,,,,,
drake2015_szsud_t60m_paidcomp,perc_qualifying_diagnosis,100,extraction_cohorts,,,,,2,stage-g-merge,,,,,,
drake2015_szsud_t60m_paidcomp,design,rct,extraction_cohorts,,,,,1,stage-g-merge,,,,,,
drake2015_szsud_t60m_paidcomp,arm_type,subgroup,extraction_arms,,,,,2,stage-g-merge,,,,,,
drake2015_szsud_t60m_paidcomp,analysis_selection_status,none,extraction_arms,,,,,2,stage-g-merge,,,,,,
drake2015_szsud_t60m_paidcomp,employment_targeted_intervention,,extraction_arms,,,,,2,stage-g-merge,,,,,,
drake2015_szsud_t72m_paidcomp,outcome_construct,paid_competitive,extraction_outcomes,,,,,2,stage-g-merge,,,,,,
drake2015_szsud_t72m_paidcomp,ascertainment,period_prevalence,extraction_outcomes,,,,,2,stage-g-merge,,,,,,
drake2015_szsud_t72m_paidcomp,ascertainment_window_months,12,extraction_outcomes,,,,,2,stage-g-merge,,,,,,
drake2015_szsud_t72m_paidcomp,n_employed,20,extraction_outcomes,,,,,2,stage-g-merge,,,,,,
drake2015_szsud_t72m_paidcomp,n_outcome_observed,,extraction_outcomes,,,,,2,stage-g-merge,,,,,,
drake2015_szsud_t72m_paidcomp,denominator_basis,unclear,extraction_outcomes,,,,,2,stage-g-merge,,,,,,
drake2015_szsud_t72m_paidcomp,followup_months,72,extraction_outcomes,,,,,2,stage-g-merge,,,,,,
drake2015_szsud_t72m_paidcomp,followup_basis,since_baseline,extraction_outcomes,,,,,2,stage-g-merge,,,,,,
drake2015_szsud_t72m_paidcomp,result_role,reported,extraction_outcomes,,,,,2,stage-g-merge,,,,,,
drake2015_szsud_t72m_paidcomp,conflict_status,unresolved,extraction_outcomes,,,,,2,stage-g-merge,,,,,,
drake2015_szsud_t72m_paidcomp,arm_id,sz_sud,extraction_outcomes,,,,,2,stage-g-merge,,,,,,
drake2015_szsud_t72m_paidcomp,derivation_component_result_ids,,extraction_outcomes,,,,,2,stage-g-merge,,,,,,
drake2015_szsud_t72m_paidcomp,employment_selection_status,none,extraction_cohorts,,,,,1,stage-g-merge,,,,,,
drake2015_szsud_t72m_paidcomp,diagnosis_group,psychosis_mixed,extraction_cohorts,,,,,2,stage-g-merge,,,,,,
drake2015_szsud_t72m_paidcomp,perc_qualifying_diagnosis,100,extraction_cohorts,,,,,2,stage-g-merge,,,,,,
drake2015_szsud_t72m_paidcomp,design,rct,extraction_cohorts,,,,,1,stage-g-merge,,,,,,
drake2015_szsud_t72m_paidcomp,arm_type,subgroup,extraction_arms,,,,,2,stage-g-merge,,,,,,
drake2015_szsud_t72m_paidcomp,analysis_selection_status,none,extraction_arms,,,,,2,stage-g-merge,,,,,,
drake2015_szsud_t72m_paidcomp,employment_targeted_intervention,,extraction_arms,,,,,2,stage-g-merge,,,,,,
drake2015_szsud_t84m_paidcomp,outcome_construct,paid_competitive,extraction_outcomes,,,,,2,stage-g-merge,,,,,,
drake2015_szsud_t84m_paidcomp,ascertainment,period_prevalence,extraction_outcomes,,,,,2,stage-g-merge,,,,,,
drake2015_szsud_t84m_paidcomp,ascertainment_window_months,12,extraction_outcomes,,,,,2,stage-g-merge,,,,,,
drake2015_szsud_t84m_paidcomp,n_employed,27,extraction_outcomes,,,,,2,stage-g-merge,,,,,,
drake2015_szsud_t84m_paidcomp,n_outcome_observed,,extraction_outcomes,,,,,2,stage-g-merge,,,,,,
drake2015_szsud_t84m_paidcomp,denominator_basis,unclear,extraction_outcomes,,,,,2,stage-g-merge,,,,,,
drake2015_szsud_t84m_paidcomp,followup_months,84,extraction_outcomes,,,,,2,stage-g-merge,,,,,,
drake2015_szsud_t84m_paidcomp,followup_basis,since_baseline,extraction_outcomes,,,,,2,stage-g-merge,,,,,,
drake2015_szsud_t84m_paidcomp,result_role,reported,extraction_outcomes,,,,,2,stage-g-merge,,,,,,
drake2015_szsud_t84m_paidcomp,conflict_status,unresolved,extraction_outcomes,,,,,2,stage-g-merge,,,,,,
drake2015_szsud_t84m_paidcomp,arm_id,sz_sud,extraction_outcomes,,,,,2,stage-g-merge,,,,,,
drake2015_szsud_t84m_paidcomp,derivation_component_result_ids,,extraction_outcomes,,,,,2,stage-g-merge,,,,,,
drake2015_szsud_t84m_paidcomp,employment_selection_status,none,extraction_cohorts,,,,,1,stage-g-merge,,,,,,
drake2015_szsud_t84m_paidcomp,diagnosis_group,psychosis_mixed,extraction_cohorts,,,,,2,stage-g-merge,,,,,,
drake2015_szsud_t84m_paidcomp,perc_qualifying_diagnosis,100,extraction_cohorts,,,,,2,stage-g-merge,,,,,,
drake2015_szsud_t84m_paidcomp,design,rct,extraction_cohorts,,,,,1,stage-g-merge,,,,,,
drake2015_szsud_t84m_paidcomp,arm_type,subgroup,extraction_arms,,,,,2,stage-g-merge,,,,,,
drake2015_szsud_t84m_paidcomp,analysis_selection_status,none,extraction_arms,,,,,2,stage-g-merge,,,,,,
drake2015_szsud_t84m_paidcomp,employment_targeted_intervention,,extraction_arms,,,,,2,stage-g-merge,,,,,,
falk2016_men_cal2010_paidany,outcome_construct,paid_any,extraction_outcomes,,,,,2,stage-g-merge,,,,,,
falk2016_men_cal2010_paidany,ascertainment,period_prevalence,extraction_outcomes,,,,,2,stage-g-merge,,,,,,
falk2016_men_cal2010_paidany,ascertainment_window_months,12,extraction_outcomes,,,,,2,stage-g-merge,,,,,,
falk2016_men_cal2010_paidany,n_employed,,extraction_outcomes,,,,,2,stage-g-merge,,,,,,
falk2016_men_cal2010_paidany,n_outcome_observed,,extraction_outcomes,,,,,2,stage-g-merge,,,,,,
falk2016_men_cal2010_paidany,denominator_basis,unclear,extraction_outcomes,,,,,2,stage-g-merge,,,,,,
falk2016_men_cal2010_paidany,followup_months,,extraction_outcomes,,,,,2,stage-g-merge,,,,,,
falk2016_men_cal2010_paidany,followup_basis,calendar_end_common,extraction_outcomes,,,,,2,stage-g-merge,,,,,,
falk2016_men_cal2010_paidany,result_role,reported,extraction_outcomes,,,,,2,stage-g-merge,,,,,,
falk2016_men_cal2010_paidany,conflict_status,none,extraction_outcomes,,,,,2,stage-g-merge,,,,,,
falk2016_men_cal2010_paidany,arm_id,men,extraction_outcomes,,,,,2,stage-g-merge,,,,,,
falk2016_men_cal2010_paidany,derivation_component_result_ids,,extraction_outcomes,,,,,2,stage-g-merge,,,,,,
falk2016_men_cal2010_paidany,employment_selection_status,none,extraction_cohorts,,,,,1,stage-g-merge,,,,,,
falk2016_men_cal2010_paidany,diagnosis_group,schizophrenia,extraction_cohorts,,,,,2,stage-g-merge,,,,,,
falk2016_men_cal2010_paidany,perc_qualifying_diagnosis,100,extraction_cohorts,,,,,2,stage-g-merge,,,,,,
falk2016_men_cal2010_paidany,design,register_cohort,extraction_cohorts,,,,,1,stage-g-merge,,,,,,
falk2016_men_cal2010_paidany,arm_type,subgroup,extraction_arms,,,,,2,stage-g-merge,,,,,,
falk2016_men_cal2010_paidany,analysis_selection_status,none,extraction_arms,,,,,2,stage-g-merge,,,,,,
falk2016_men_cal2010_paidany,employment_targeted_intervention,,extraction_arms,,,,,2,stage-g-merge,,,,,,
falk2016_women_cal2010_paidany,outcome_construct,paid_any,extraction_outcomes,,,,,2,stage-g-merge,,,,,,
falk2016_women_cal2010_paidany,ascertainment,period_prevalence,extraction_outcomes,,,,,2,stage-g-merge,,,,,,
falk2016_women_cal2010_paidany,ascertainment_window_months,12,extraction_outcomes,,,,,2,stage-g-merge,,,,,,
falk2016_women_cal2010_paidany,n_employed,,extraction_outcomes,,,,,2,stage-g-merge,,,,,,
falk2016_women_cal2010_paidany,n_outcome_observed,,extraction_outcomes,,,,,2,stage-g-merge,,,,,,
falk2016_women_cal2010_paidany,denominator_basis,unclear,extraction_outcomes,,,,,2,stage-g-merge,,,,,,
falk2016_women_cal2010_paidany,followup_months,,extraction_outcomes,,,,,2,stage-g-merge,,,,,,
falk2016_women_cal2010_paidany,followup_basis,calendar_end_common,extraction_outcomes,,,,,2,stage-g-merge,,,,,,
falk2016_women_cal2010_paidany,result_role,reported,extraction_outcomes,,,,,2,stage-g-merge,,,,,,
falk2016_women_cal2010_paidany,conflict_status,none,extraction_outcomes,,,,,2,stage-g-merge,,,,,,
falk2016_women_cal2010_paidany,arm_id,women,extraction_outcomes,,,,,2,stage-g-merge,,,,,,
falk2016_women_cal2010_paidany,derivation_component_result_ids,,extraction_outcomes,,,,,2,stage-g-merge,,,,,,
falk2016_women_cal2010_paidany,employment_selection_status,none,extraction_cohorts,,,,,1,stage-g-merge,,,,,,
falk2016_women_cal2010_paidany,diagnosis_group,schizophrenia,extraction_cohorts,,,,,2,stage-g-merge,,,,,,
falk2016_women_cal2010_paidany,perc_qualifying_diagnosis,100,extraction_cohorts,,,,,2,stage-g-merge,,,,,,
falk2016_women_cal2010_paidany,design,register_cohort,extraction_cohorts,,,,,1,stage-g-merge,,,,,,
falk2016_women_cal2010_paidany,arm_type,subgroup,extraction_arms,,,,,2,stage-g-merge,,,,,,
falk2016_women_cal2010_paidany,analysis_selection_status,none,extraction_arms,,,,,2,stage-g-merge,,,,,,
falk2016_women_cal2010_paidany,employment_targeted_intervention,,extraction_arms,,,,,2,stage-g-merge,,,,,,
fulford2018_cohort_t6m_paidoredu,outcome_construct,paid_or_education,extraction_outcomes,,,,,2,stage-g-merge,,,,,,
fulford2018_cohort_t6m_paidoredu,ascertainment,period_prevalence,extraction_outcomes,,,,,2,stage-g-merge,,,,,,
fulford2018_cohort_t6m_paidoredu,ascertainment_window_months,1,extraction_outcomes,,,,,2,stage-g-merge,,,,,,
fulford2018_cohort_t6m_paidoredu,n_employed,,extraction_outcomes,,,,,2,stage-g-merge,,,,,,
fulford2018_cohort_t6m_paidoredu,n_outcome_observed,404,extraction_outcomes,,,,,2,stage-g-merge,,,,,,
fulford2018_cohort_t6m_paidoredu,denominator_basis,outcome_observed,extraction_outcomes,,,,,2,stage-g-merge,,,,,,
fulford2018_cohort_t6m_paidoredu,followup_months,6,extraction_outcomes,,,,,2,stage-g-merge,,,,,,
fulford2018_cohort_t6m_paidoredu,followup_basis,since_baseline,extraction_outcomes,,,,,2,stage-g-merge,,,,,,
fulford2018_cohort_t6m_paidoredu,result_role,reported,extraction_outcomes,,,,,2,stage-g-merge,,,,,,
fulford2018_cohort_t6m_paidoredu,conflict_status,none,extraction_outcomes,,,,,2,stage-g-merge,,,,,,
fulford2018_cohort_t6m_paidoredu,arm_id,cohort,extraction_outcomes,,,,,2,stage-g-merge,,,,,,
fulford2018_cohort_t6m_paidoredu,derivation_component_result_ids,,extraction_outcomes,,,,,2,stage-g-merge,,,,,,
fulford2018_cohort_t6m_paidoredu,employment_selection_status,none,extraction_cohorts,,,,,1,stage-g-merge,,,,,,
fulford2018_cohort_t6m_paidoredu,diagnosis_group,fep,extraction_cohorts,,,,,2,stage-g-merge,,,,,,
fulford2018_cohort_t6m_paidoredu,perc_qualifying_diagnosis,100,extraction_cohorts,,,,,2,stage-g-merge,,,,,,
fulford2018_cohort_t6m_paidoredu,design,cluster_rct,extraction_cohorts,,,,,1,stage-g-merge,,,,,,
fulford2018_cohort_t6m_paidoredu,arm_type,cohort,extraction_arms,,,,,2,stage-g-merge,,,,,,
fulford2018_cohort_t6m_paidoredu,analysis_selection_status,none,extraction_arms,,,,,2,stage-g-merge,,,,,,
fulford2018_cohort_t6m_paidoredu,employment_targeted_intervention,unclear,extraction_arms,,,,,2,stage-g-merge,,,,,,
fulford2018_cohort_t12m_paidoredu,outcome_construct,paid_or_education,extraction_outcomes,,,,,2,stage-g-merge,,,,,,
fulford2018_cohort_t12m_paidoredu,ascertainment,period_prevalence,extraction_outcomes,,,,,2,stage-g-merge,,,,,,
fulford2018_cohort_t12m_paidoredu,ascertainment_window_months,1,extraction_outcomes,,,,,2,stage-g-merge,,,,,,
fulford2018_cohort_t12m_paidoredu,n_employed,,extraction_outcomes,,,,,2,stage-g-merge,,,,,,
fulford2018_cohort_t12m_paidoredu,n_outcome_observed,,extraction_outcomes,,,,,2,stage-g-merge,,,,,,
fulford2018_cohort_t12m_paidoredu,denominator_basis,unclear,extraction_outcomes,,,,,2,stage-g-merge,,,,,,
fulford2018_cohort_t12m_paidoredu,followup_months,12,extraction_outcomes,,,,,2,stage-g-merge,,,,,,
fulford2018_cohort_t12m_paidoredu,followup_basis,since_baseline,extraction_outcomes,,,,,2,stage-g-merge,,,,,,
fulford2018_cohort_t12m_paidoredu,result_role,reported,extraction_outcomes,,,,,2,stage-g-merge,,,,,,
fulford2018_cohort_t12m_paidoredu,conflict_status,none,extraction_outcomes,,,,,2,stage-g-merge,,,,,,
fulford2018_cohort_t12m_paidoredu,arm_id,cohort,extraction_outcomes,,,,,2,stage-g-merge,,,,,,
fulford2018_cohort_t12m_paidoredu,derivation_component_result_ids,,extraction_outcomes,,,,,2,stage-g-merge,,,,,,
fulford2018_cohort_t12m_paidoredu,employment_selection_status,none,extraction_cohorts,,,,,1,stage-g-merge,,,,,,
fulford2018_cohort_t12m_paidoredu,diagnosis_group,fep,extraction_cohorts,,,,,2,stage-g-merge,,,,,,
fulford2018_cohort_t12m_paidoredu,perc_qualifying_diagnosis,100,extraction_cohorts,,,,,2,stage-g-merge,,,,,,
fulford2018_cohort_t12m_paidoredu,design,cluster_rct,extraction_cohorts,,,,,1,stage-g-merge,,,,,,
fulford2018_cohort_t12m_paidoredu,arm_type,cohort,extraction_arms,,,,,2,stage-g-merge,,,,,,
fulford2018_cohort_t12m_paidoredu,analysis_selection_status,none,extraction_arms,,,,,2,stage-g-merge,,,,,,
fulford2018_cohort_t12m_paidoredu,employment_targeted_intervention,unclear,extraction_arms,,,,,2,stage-g-merge,,,,,,
greenwood2025_eye2_t12m_vocact,outcome_construct,vocational_activity,extraction_outcomes,,,,,2,stage-g-merge,,,,,,
greenwood2025_eye2_t12m_vocact,ascertainment,period_prevalence,extraction_outcomes,,,,,2,stage-g-merge,,,,,,
greenwood2025_eye2_t12m_vocact,ascertainment_window_months,12,extraction_outcomes,,,,,2,stage-g-merge,,,,,,
greenwood2025_eye2_t12m_vocact,n_employed,,extraction_outcomes,,,,,2,stage-g-merge,,,,,,
greenwood2025_eye2_t12m_vocact,n_outcome_observed,,extraction_outcomes,,,,,2,stage-g-merge,,,,,,
greenwood2025_eye2_t12m_vocact,denominator_basis,unclear,extraction_outcomes,,,,,2,stage-g-merge,,,,,,
greenwood2025_eye2_t12m_vocact,followup_months,12,extraction_outcomes,,,,,2,stage-g-merge,,,,,,
greenwood2025_eye2_t12m_vocact,followup_basis,since_baseline,extraction_outcomes,,,,,2,stage-g-merge,,,,,,
greenwood2025_eye2_t12m_vocact,result_role,reported,extraction_outcomes,,,,,2,stage-g-merge,,,,,,
greenwood2025_eye2_t12m_vocact,conflict_status,none,extraction_outcomes,,,,,2,stage-g-merge,,,,,,
greenwood2025_eye2_t12m_vocact,arm_id,eye2,extraction_outcomes,,,,,2,stage-g-merge,,,,,,
greenwood2025_eye2_t12m_vocact,derivation_component_result_ids,,extraction_outcomes,,,,,2,stage-g-merge,,,,,,
greenwood2025_eye2_t12m_vocact,employment_selection_status,none,extraction_cohorts,,,,,1,stage-g-merge,,,,,,
greenwood2025_eye2_t12m_vocact,diagnosis_group,fep,extraction_cohorts,,,,,2,stage-g-merge,,,,,,
greenwood2025_eye2_t12m_vocact,perc_qualifying_diagnosis,100,extraction_cohorts,,,,,2,stage-g-merge,,,,,,
greenwood2025_eye2_t12m_vocact,design,cluster_rct,extraction_cohorts,,,,,1,stage-g-merge,,,,,,
greenwood2025_eye2_t12m_vocact,arm_type,intervention,extraction_arms,,,,,2,stage-g-merge,,,,,,
greenwood2025_eye2_t12m_vocact,analysis_selection_status,none,extraction_arms,,,,,2,stage-g-merge,,,,,,
greenwood2025_eye2_t12m_vocact,employment_targeted_intervention,no,extraction_arms,,,,,2,stage-g-merge,,,,,,
greenwood2025_eye2_t12m_edutrain,outcome_construct,education_or_training,extraction_outcomes,,,,,2,stage-g-merge,,,,,,
greenwood2025_eye2_t12m_edutrain,ascertainment,period_prevalence,extraction_outcomes,,,,,2,stage-g-merge,,,,,,
greenwood2025_eye2_t12m_edutrain,ascertainment_window_months,12,extraction_outcomes,,,,,2,stage-g-merge,,,,,,
greenwood2025_eye2_t12m_edutrain,n_employed,,extraction_outcomes,,,,,2,stage-g-merge,,,,,,
greenwood2025_eye2_t12m_edutrain,n_outcome_observed,,extraction_outcomes,,,,,2,stage-g-merge,,,,,,
greenwood2025_eye2_t12m_edutrain,denominator_basis,unclear,extraction_outcomes,,,,,2,stage-g-merge,,,,,,
greenwood2025_eye2_t12m_edutrain,followup_months,12,extraction_outcomes,,,,,2,stage-g-merge,,,,,,
greenwood2025_eye2_t12m_edutrain,followup_basis,since_baseline,extraction_outcomes,,,,,2,stage-g-merge,,,,,,
greenwood2025_eye2_t12m_edutrain,result_role,reported,extraction_outcomes,,,,,2,stage-g-merge,,,,,,
greenwood2025_eye2_t12m_edutrain,conflict_status,none,extraction_outcomes,,,,,2,stage-g-merge,,,,,,
greenwood2025_eye2_t12m_edutrain,arm_id,eye2,extraction_outcomes,,,,,2,stage-g-merge,,,,,,
greenwood2025_eye2_t12m_edutrain,derivation_component_result_ids,,extraction_outcomes,,,,,2,stage-g-merge,,,,,,
greenwood2025_eye2_t12m_edutrain,employment_selection_status,none,extraction_cohorts,,,,,1,stage-g-merge,,,,,,
greenwood2025_eye2_t12m_edutrain,diagnosis_group,fep,extraction_cohorts,,,,,2,stage-g-merge,,,,,,
greenwood2025_eye2_t12m_edutrain,perc_qualifying_diagnosis,100,extraction_cohorts,,,,,2,stage-g-merge,,,,,,
greenwood2025_eye2_t12m_edutrain,design,cluster_rct,extraction_cohorts,,,,,1,stage-g-merge,,,,,,
greenwood2025_eye2_t12m_edutrain,arm_type,intervention,extraction_arms,,,,,2,stage-g-merge,,,,,,
greenwood2025_eye2_t12m_edutrain,analysis_selection_status,none,extraction_arms,,,,,2,stage-g-merge,,,,,,
greenwood2025_eye2_t12m_edutrain,employment_targeted_intervention,no,extraction_arms,,,,,2,stage-g-merge,,,,,,
hakulinen2019_cohort_age25_paidthresh,outcome_construct,paid_intensity_threshold,extraction_outcomes,,,,,2,stage-g-merge,,,,,,
hakulinen2019_cohort_age25_paidthresh,ascertainment,period_prevalence,extraction_outcomes,,,,,2,stage-g-merge,,,,,,
hakulinen2019_cohort_age25_paidthresh,ascertainment_window_months,12,extraction_outcomes,,,,,2,stage-g-merge,,,,,,
hakulinen2019_cohort_age25_paidthresh,n_employed,,extraction_outcomes,,,,,2,stage-g-merge,,,,,,
hakulinen2019_cohort_age25_paidthresh,n_outcome_observed,,extraction_outcomes,,,,,2,stage-g-merge,,,,,,
hakulinen2019_cohort_age25_paidthresh,denominator_basis,unclear,extraction_outcomes,,,,,2,stage-g-merge,,,,,,
hakulinen2019_cohort_age25_paidthresh,followup_months,,extraction_outcomes,,,,,2,stage-g-merge,,,,,,
hakulinen2019_cohort_age25_paidthresh,followup_basis,chronological_age,extraction_outcomes,,,,,2,stage-g-merge,,,,,,
hakulinen2019_cohort_age25_paidthresh,result_role,reported,extraction_outcomes,,,,,2,stage-g-merge,,,,,,
hakulinen2019_cohort_age25_paidthresh,conflict_status,none,extraction_outcomes,,,,,2,stage-g-merge,,,,,,
hakulinen2019_cohort_age25_paidthresh,arm_id,cohort,extraction_outcomes,,,,,2,stage-g-merge,,,,,,
hakulinen2019_cohort_age25_paidthresh,derivation_component_result_ids,,extraction_outcomes,,,,,2,stage-g-merge,,,,,,
hakulinen2019_cohort_age25_paidthresh,employment_selection_status,none,extraction_cohorts,,,,,1,stage-g-merge,,,,,,
hakulinen2019_cohort_age25_paidthresh,diagnosis_group,schizophrenia,extraction_cohorts,,,,,2,stage-g-merge,,,,,,
hakulinen2019_cohort_age25_paidthresh,perc_qualifying_diagnosis,100,extraction_cohorts,,,,,2,stage-g-merge,,,,,,
hakulinen2019_cohort_age25_paidthresh,design,register_cohort,extraction_cohorts,,,,,1,stage-g-merge,,,,,,
hakulinen2019_cohort_age25_paidthresh,arm_type,cohort,extraction_arms,,,,,2,stage-g-merge,,,,,,
hakulinen2019_cohort_age25_paidthresh,analysis_selection_status,none,extraction_arms,,,,,2,stage-g-merge,,,,,,
hakulinen2019_cohort_age25_paidthresh,employment_targeted_intervention,not_applicable,extraction_arms,,,,,2,stage-g-merge,,,,,,
hakulinen2019_cohort_age60_paidthresh,outcome_construct,paid_intensity_threshold,extraction_outcomes,,,,,2,stage-g-merge,,,,,,
hakulinen2019_cohort_age60_paidthresh,ascertainment,period_prevalence,extraction_outcomes,,,,,2,stage-g-merge,,,,,,
hakulinen2019_cohort_age60_paidthresh,ascertainment_window_months,12,extraction_outcomes,,,,,2,stage-g-merge,,,,,,
hakulinen2019_cohort_age60_paidthresh,n_employed,,extraction_outcomes,,,,,2,stage-g-merge,,,,,,
hakulinen2019_cohort_age60_paidthresh,n_outcome_observed,,extraction_outcomes,,,,,2,stage-g-merge,,,,,,
hakulinen2019_cohort_age60_paidthresh,denominator_basis,unclear,extraction_outcomes,,,,,2,stage-g-merge,,,,,,
hakulinen2019_cohort_age60_paidthresh,followup_months,,extraction_outcomes,,,,,2,stage-g-merge,,,,,,
hakulinen2019_cohort_age60_paidthresh,followup_basis,chronological_age,extraction_outcomes,,,,,2,stage-g-merge,,,,,,
hakulinen2019_cohort_age60_paidthresh,result_role,reported,extraction_outcomes,,,,,2,stage-g-merge,,,,,,
hakulinen2019_cohort_age60_paidthresh,conflict_status,none,extraction_outcomes,,,,,2,stage-g-merge,,,,,,
hakulinen2019_cohort_age60_paidthresh,arm_id,cohort,extraction_outcomes,,,,,2,stage-g-merge,,,,,,
hakulinen2019_cohort_age60_paidthresh,derivation_component_result_ids,,extraction_outcomes,,,,,2,stage-g-merge,,,,,,
hakulinen2019_cohort_age60_paidthresh,employment_selection_status,none,extraction_cohorts,,,,,1,stage-g-merge,,,,,,
hakulinen2019_cohort_age60_paidthresh,diagnosis_group,schizophrenia,extraction_cohorts,,,,,2,stage-g-merge,,,,,,
hakulinen2019_cohort_age60_paidthresh,perc_qualifying_diagnosis,100,extraction_cohorts,,,,,2,stage-g-merge,,,,,,
hakulinen2019_cohort_age60_paidthresh,design,register_cohort,extraction_cohorts,,,,,1,stage-g-merge,,,,,,
hakulinen2019_cohort_age60_paidthresh,arm_type,cohort,extraction_arms,,,,,2,stage-g-merge,,,,,,
hakulinen2019_cohort_age60_paidthresh,analysis_selection_status,none,extraction_arms,,,,,2,stage-g-merge,,,,,,
hakulinen2019_cohort_age60_paidthresh,employment_targeted_intervention,not_applicable,extraction_arms,,,,,2,stage-g-merge,,,,,,
hakulinen2020_cohort_t0_paidany_scz,outcome_construct,paid_any,extraction_outcomes,,,,,2,stage-g-merge,,,,,,
hakulinen2020_cohort_t0_paidany_scz,ascertainment,point_prevalence,extraction_outcomes,,,,,2,stage-g-merge,,,,,,
hakulinen2020_cohort_t0_paidany_scz,ascertainment_window_months,,extraction_outcomes,,,,,2,stage-g-merge,,,,,,
hakulinen2020_cohort_t0_paidany_scz,n_employed,968,extraction_outcomes,,,,,2,stage-g-merge,,,,,,
hakulinen2020_cohort_t0_paidany_scz,n_outcome_observed,6939,extraction_outcomes,,,,,2,stage-g-merge,,,,,,
hakulinen2020_cohort_t0_paidany_scz,denominator_basis,outcome_observed,extraction_outcomes,,,,,2,stage-g-merge,,,,,,
hakulinen2020_cohort_t0_paidany_scz,followup_months,,extraction_outcomes,,,,,2,stage-g-merge,,,,,,
hakulinen2020_cohort_t0_paidany_scz,followup_basis,calendar_end_common,extraction_outcomes,,,,,2,stage-g-merge,,,,,,
hakulinen2020_cohort_t0_paidany_scz,result_role,reported,extraction_outcomes,,,,,2,stage-g-merge,,,,,,
hakulinen2020_cohort_t0_paidany_scz,conflict_status,none,extraction_outcomes,,,,,2,stage-g-merge,,,,,,
hakulinen2020_cohort_t0_paidany_scz,arm_id,cohort,extraction_outcomes,,,,,2,stage-g-merge,,,,,,
hakulinen2020_cohort_t0_paidany_scz,derivation_component_result_ids,,extraction_outcomes,,,,,2,stage-g-merge,,,,,,
hakulinen2020_cohort_t0_paidany_scz,employment_selection_status,none,extraction_cohorts,,,,,1,stage-g-merge,,,,,,
hakulinen2020_cohort_t0_paidany_scz,diagnosis_group,schizophrenia,extraction_cohorts,,,,,2,stage-g-merge,,,,,,
hakulinen2020_cohort_t0_paidany_scz,perc_qualifying_diagnosis,100,extraction_cohorts,,,,,2,stage-g-merge,,,,,,
hakulinen2020_cohort_t0_paidany_scz,design,register_cohort,extraction_cohorts,,,,,1,stage-g-merge,,,,,,
hakulinen2020_cohort_t0_paidany_scz,arm_type,cohort,extraction_arms,,,,,2,stage-g-merge,,,,,,
hakulinen2020_cohort_t0_paidany_scz,analysis_selection_status,none,extraction_arms,,,,,2,stage-g-merge,,,,,,
hakulinen2020_cohort_t0_paidany_scz,employment_targeted_intervention,not_applicable,extraction_arms,,,,,2,stage-g-merge,,,,,,
hakulinen2020_cohort_t0_paidany_nonaff,outcome_construct,paid_any,extraction_outcomes,,,,,2,stage-g-merge,,,,,,
hakulinen2020_cohort_t0_paidany_nonaff,ascertainment,point_prevalence,extraction_outcomes,,,,,2,stage-g-merge,,,,,,
hakulinen2020_cohort_t0_paidany_nonaff,ascertainment_window_months,,extraction_outcomes,,,,,2,stage-g-merge,,,,,,
hakulinen2020_cohort_t0_paidany_nonaff,n_employed,11335,extraction_outcomes,,,,,2,stage-g-merge,,,,,,
hakulinen2020_cohort_t0_paidany_nonaff,n_outcome_observed,34565,extraction_outcomes,,,,,2,stage-g-merge,,,,,,
hakulinen2020_cohort_t0_paidany_nonaff,denominator_basis,outcome_observed,extraction_outcomes,,,,,2,stage-g-merge,,,,,,
hakulinen2020_cohort_t0_paidany_nonaff,followup_months,,extraction_outcomes,,,,,2,stage-g-merge,,,,,,
hakulinen2020_cohort_t0_paidany_nonaff,followup_basis,calendar_end_common,extraction_outcomes,,,,,2,stage-g-merge,,,,,,
hakulinen2020_cohort_t0_paidany_nonaff,result_role,reported,extraction_outcomes,,,,,2,stage-g-merge,,,,,,
hakulinen2020_cohort_t0_paidany_nonaff,conflict_status,none,extraction_outcomes,,,,,2,stage-g-merge,,,,,,
hakulinen2020_cohort_t0_paidany_nonaff,arm_id,cohort,extraction_outcomes,,,,,2,stage-g-merge,,,,,,
hakulinen2020_cohort_t0_paidany_nonaff,derivation_component_result_ids,,extraction_outcomes,,,,,2,stage-g-merge,,,,,,
hakulinen2020_cohort_t0_paidany_nonaff,employment_selection_status,none,extraction_cohorts,,,,,1,stage-g-merge,,,,,,
hakulinen2020_cohort_t0_paidany_nonaff,diagnosis_group,psychosis_mixed,extraction_cohorts,,,,,2,stage-g-merge,,,,,,
hakulinen2020_cohort_t0_paidany_nonaff,perc_qualifying_diagnosis,100,extraction_cohorts,,,,,2,stage-g-merge,,,,,,
hakulinen2020_cohort_t0_paidany_nonaff,design,register_cohort,extraction_cohorts,,,,,1,stage-g-merge,,,,,,
hakulinen2020_cohort_t0_paidany_nonaff,arm_type,cohort,extraction_arms,,,,,2,stage-g-merge,,,,,,
hakulinen2020_cohort_t0_paidany_nonaff,analysis_selection_status,none,extraction_arms,,,,,2,stage-g-merge,,,,,,
hakulinen2020_cohort_t0_paidany_nonaff,employment_targeted_intervention,not_applicable,extraction_arms,,,,,2,stage-g-merge,,,,,,
hui2026_eianalysed_t48m_unclear,outcome_construct,unclear,extraction_outcomes,,,,,2,stage-g-merge,,,,,,
hui2026_eianalysed_t48m_unclear,ascertainment,point_prevalence,extraction_outcomes,,,,,2,stage-g-merge,,,,,,
hui2026_eianalysed_t48m_unclear,ascertainment_window_months,,extraction_outcomes,,,,,2,stage-g-merge,,,,,,
hui2026_eianalysed_t48m_unclear,n_employed,,extraction_outcomes,,,,,2,stage-g-merge,,,,,,
hui2026_eianalysed_t48m_unclear,n_outcome_observed,,extraction_outcomes,,,,,2,stage-g-merge,,,,,,
hui2026_eianalysed_t48m_unclear,denominator_basis,unclear,extraction_outcomes,,,,,2,stage-g-merge,,,,,,
hui2026_eianalysed_t48m_unclear,followup_months,48,extraction_outcomes,,,,,2,stage-g-merge,,,,,,
hui2026_eianalysed_t48m_unclear,followup_basis,since_baseline,extraction_outcomes,,,,,2,stage-g-merge,,,,,,
hui2026_eianalysed_t48m_unclear,result_role,reported,extraction_outcomes,,,,,2,stage-g-merge,,,,,,
hui2026_eianalysed_t48m_unclear,conflict_status,none,extraction_outcomes,,,,,2,stage-g-merge,,,,,,
hui2026_eianalysed_t48m_unclear,arm_id,ei_analysed,extraction_outcomes,,,,,2,stage-g-merge,,,,,,
hui2026_eianalysed_t48m_unclear,derivation_component_result_ids,,extraction_outcomes,,,,,2,stage-g-merge,,,,,,
hui2026_eianalysed_t48m_unclear,employment_selection_status,none,extraction_cohorts,,,,,1,stage-g-merge,,,,,,
hui2026_eianalysed_t48m_unclear,diagnosis_group,fep,extraction_cohorts,,,,,2,stage-g-merge,,,,,,
hui2026_eianalysed_t48m_unclear,perc_qualifying_diagnosis,100,extraction_cohorts,,,,,2,stage-g-merge,,,,,,
hui2026_eianalysed_t48m_unclear,design,rct,extraction_cohorts,,,,,1,stage-g-merge,,,,,,
hui2026_eianalysed_t48m_unclear,arm_type,subgroup,extraction_arms,,,,,2,stage-g-merge,,,,,,
hui2026_eianalysed_t48m_unclear,analysis_selection_status,none,extraction_arms,,,,,2,stage-g-merge,,,,,,
hui2026_eianalysed_t48m_unclear,employment_targeted_intervention,no,extraction_arms,,,,,2,stage-g-merge,,,,,,
jackel2025_ips_t12m_eet15h,outcome_construct,paid_or_education_or_training,extraction_outcomes,,,,,2,stage-g-merge,,,,,,
jackel2025_ips_t12m_eet15h,ascertainment,any_time_during_followup,extraction_outcomes,,,,,2,stage-g-merge,,,,,,
jackel2025_ips_t12m_eet15h,ascertainment_window_months,12,extraction_outcomes,,,,,2,stage-g-merge,,,,,,
jackel2025_ips_t12m_eet15h,n_employed,36,extraction_outcomes,,,,,2,stage-g-merge,,,,,,
jackel2025_ips_t12m_eet15h,n_outcome_observed,46,extraction_outcomes,,,,,2,stage-g-merge,,,,,,
jackel2025_ips_t12m_eet15h,denominator_basis,outcome_observed,extraction_outcomes,,,,,2,stage-g-merge,,,,,,
jackel2025_ips_t12m_eet15h,followup_months,12,extraction_outcomes,,,,,2,stage-g-merge,,,,,,
jackel2025_ips_t12m_eet15h,followup_basis,since_baseline,extraction_outcomes,,,,,2,stage-g-merge,,,,,,
jackel2025_ips_t12m_eet15h,result_role,reported,extraction_outcomes,,,,,2,stage-g-merge,,,,,,
jackel2025_ips_t12m_eet15h,conflict_status,none,extraction_outcomes,,,,,2,stage-g-merge,,,,,,
jackel2025_ips_t12m_eet15h,arm_id,ips,extraction_outcomes,,,,,2,stage-g-merge,,,,,,
jackel2025_ips_t12m_eet15h,derivation_component_result_ids,,extraction_outcomes,,,,,2,stage-g-merge,,,,,,
jackel2025_ips_t12m_eet15h,employment_selection_status,selected,extraction_cohorts,,,,,1,stage-g-merge,,,,,,
jackel2025_ips_t12m_eet15h,diagnosis_group,psychosis_mixed,extraction_cohorts,,,,,2,stage-g-merge,,,,,,
jackel2025_ips_t12m_eet15h,perc_qualifying_diagnosis,63.8,extraction_cohorts,,,,,2,stage-g-merge,,,,,,
jackel2025_ips_t12m_eet15h,design,rct,extraction_cohorts,,,,,1,stage-g-merge,,,,,,
jackel2025_ips_t12m_eet15h,arm_type,intervention,extraction_arms,,,,,2,stage-g-merge,,,,,,
jackel2025_ips_t12m_eet15h,analysis_selection_status,none,extraction_arms,,,,,2,stage-g-merge,,,,,,
jackel2025_ips_t12m_eet15h,employment_targeted_intervention,yes,extraction_arms,,,,,2,stage-g-merge,,,,,,
jackel2025_tau_t12m_eet15h,outcome_construct,paid_or_education_or_training,extraction_outcomes,,,,,2,stage-g-merge,,,,,,
jackel2025_tau_t12m_eet15h,ascertainment,any_time_during_followup,extraction_outcomes,,,,,2,stage-g-merge,,,,,,
jackel2025_tau_t12m_eet15h,ascertainment_window_months,12,extraction_outcomes,,,,,2,stage-g-merge,,,,,,
jackel2025_tau_t12m_eet15h,n_employed,24,extraction_outcomes,,,,,2,stage-g-merge,,,,,,
jackel2025_tau_t12m_eet15h,n_outcome_observed,44,extraction_outcomes,,,,,2,stage-g-merge,,,,,,
jackel2025_tau_t12m_eet15h,denominator_basis,outcome_observed,extraction_outcomes,,,,,2,stage-g-merge,,,,,,
jackel2025_tau_t12m_eet15h,followup_months,12,extraction_outcomes,,,,,2,stage-g-merge,,,,,,
jackel2025_tau_t12m_eet15h,followup_basis,since_baseline,extraction_outcomes,,,,,2,stage-g-merge,,,,,,
jackel2025_tau_t12m_eet15h,result_role,reported,extraction_outcomes,,,,,2,stage-g-merge,,,,,,
jackel2025_tau_t12m_eet15h,conflict_status,none,extraction_outcomes,,,,,2,stage-g-merge,,,,,,
jackel2025_tau_t12m_eet15h,arm_id,tau,extraction_outcomes,,,,,2,stage-g-merge,,,,,,
jackel2025_tau_t12m_eet15h,derivation_component_result_ids,,extraction_outcomes,,,,,2,stage-g-merge,,,,,,
jackel2025_tau_t12m_eet15h,employment_selection_status,selected,extraction_cohorts,,,,,1,stage-g-merge,,,,,,
jackel2025_tau_t12m_eet15h,diagnosis_group,psychosis_mixed,extraction_cohorts,,,,,2,stage-g-merge,,,,,,
jackel2025_tau_t12m_eet15h,perc_qualifying_diagnosis,63.8,extraction_cohorts,,,,,2,stage-g-merge,,,,,,
jackel2025_tau_t12m_eet15h,design,rct,extraction_cohorts,,,,,1,stage-g-merge,,,,,,
jackel2025_tau_t12m_eet15h,arm_type,control_tau,extraction_arms,,,,,2,stage-g-merge,,,,,,
jackel2025_tau_t12m_eet15h,analysis_selection_status,none,extraction_arms,,,,,2,stage-g-merge,,,,,,
jackel2025_tau_t12m_eet15h,employment_targeted_intervention,no,extraction_arms,,,,,2,stage-g-merge,,,,,,
jackel2025_ips_t12m_eetany,outcome_construct,paid_or_education_or_training,extraction_outcomes,,,,,2,stage-g-merge,,,,,,
jackel2025_ips_t12m_eetany,ascertainment,any_time_during_followup,extraction_outcomes,,,,,2,stage-g-merge,,,,,,
jackel2025_ips_t12m_eetany,ascertainment_window_months,12,extraction_outcomes,,,,,2,stage-g-merge,,,,,,
jackel2025_ips_t12m_eetany,n_employed,38,extraction_outcomes,,,,,2,stage-g-merge,,,,,,
jackel2025_ips_t12m_eetany,n_outcome_observed,46,extraction_outcomes,,,,,2,stage-g-merge,,,,,,
jackel2025_ips_t12m_eetany,denominator_basis,outcome_observed,extraction_outcomes,,,,,2,stage-g-merge,,,,,,
jackel2025_ips_t12m_eetany,followup_months,12,extraction_outcomes,,,,,2,stage-g-merge,,,,,,
jackel2025_ips_t12m_eetany,followup_basis,since_baseline,extraction_outcomes,,,,,2,stage-g-merge,,,,,,
jackel2025_ips_t12m_eetany,result_role,reported,extraction_outcomes,,,,,2,stage-g-merge,,,,,,
jackel2025_ips_t12m_eetany,conflict_status,unresolved,extraction_outcomes,,,,,2,stage-g-merge,,,,,,
jackel2025_ips_t12m_eetany,arm_id,ips,extraction_outcomes,,,,,2,stage-g-merge,,,,,,
jackel2025_ips_t12m_eetany,derivation_component_result_ids,,extraction_outcomes,,,,,2,stage-g-merge,,,,,,
jackel2025_ips_t12m_eetany,employment_selection_status,selected,extraction_cohorts,,,,,1,stage-g-merge,,,,,,
jackel2025_ips_t12m_eetany,diagnosis_group,psychosis_mixed,extraction_cohorts,,,,,2,stage-g-merge,,,,,,
jackel2025_ips_t12m_eetany,perc_qualifying_diagnosis,63.8,extraction_cohorts,,,,,2,stage-g-merge,,,,,,
jackel2025_ips_t12m_eetany,design,rct,extraction_cohorts,,,,,1,stage-g-merge,,,,,,
jackel2025_ips_t12m_eetany,arm_type,intervention,extraction_arms,,,,,2,stage-g-merge,,,,,,
jackel2025_ips_t12m_eetany,analysis_selection_status,none,extraction_arms,,,,,2,stage-g-merge,,,,,,
jackel2025_ips_t12m_eetany,employment_targeted_intervention,yes,extraction_arms,,,,,2,stage-g-merge,,,,,,
jackel2025_tau_t12m_eetany,outcome_construct,paid_or_education_or_training,extraction_outcomes,,,,,2,stage-g-merge,,,,,,
jackel2025_tau_t12m_eetany,ascertainment,any_time_during_followup,extraction_outcomes,,,,,2,stage-g-merge,,,,,,
jackel2025_tau_t12m_eetany,ascertainment_window_months,12,extraction_outcomes,,,,,2,stage-g-merge,,,,,,
jackel2025_tau_t12m_eetany,n_employed,26,extraction_outcomes,,,,,2,stage-g-merge,,,,,,
jackel2025_tau_t12m_eetany,n_outcome_observed,44,extraction_outcomes,,,,,2,stage-g-merge,,,,,,
jackel2025_tau_t12m_eetany,denominator_basis,outcome_observed,extraction_outcomes,,,,,2,stage-g-merge,,,,,,
jackel2025_tau_t12m_eetany,followup_months,12,extraction_outcomes,,,,,2,stage-g-merge,,,,,,
jackel2025_tau_t12m_eetany,followup_basis,since_baseline,extraction_outcomes,,,,,2,stage-g-merge,,,,,,
jackel2025_tau_t12m_eetany,result_role,reported,extraction_outcomes,,,,,2,stage-g-merge,,,,,,
jackel2025_tau_t12m_eetany,conflict_status,unresolved,extraction_outcomes,,,,,2,stage-g-merge,,,,,,
jackel2025_tau_t12m_eetany,arm_id,tau,extraction_outcomes,,,,,2,stage-g-merge,,,,,,
jackel2025_tau_t12m_eetany,derivation_component_result_ids,,extraction_outcomes,,,,,2,stage-g-merge,,,,,,
jackel2025_tau_t12m_eetany,employment_selection_status,selected,extraction_cohorts,,,,,1,stage-g-merge,,,,,,
jackel2025_tau_t12m_eetany,diagnosis_group,psychosis_mixed,extraction_cohorts,,,,,2,stage-g-merge,,,,,,
jackel2025_tau_t12m_eetany,perc_qualifying_diagnosis,63.8,extraction_cohorts,,,,,2,stage-g-merge,,,,,,
jackel2025_tau_t12m_eetany,design,rct,extraction_cohorts,,,,,1,stage-g-merge,,,,,,
jackel2025_tau_t12m_eetany,arm_type,control_tau,extraction_arms,,,,,2,stage-g-merge,,,,,,
jackel2025_tau_t12m_eetany,analysis_selection_status,none,extraction_arms,,,,,2,stage-g-merge,,,,,,
jackel2025_tau_t12m_eetany,employment_targeted_intervention,no,extraction_arms,,,,,2,stage-g-merge,,,,,,
jackel2025_ipsedu_t12m_edutrain,outcome_construct,education_or_training,extraction_outcomes,,,,,2,stage-g-merge,,,,,,
jackel2025_ipsedu_t12m_edutrain,ascertainment,any_time_during_followup,extraction_outcomes,,,,,2,stage-g-merge,,,,,,
jackel2025_ipsedu_t12m_edutrain,ascertainment_window_months,12,extraction_outcomes,,,,,2,stage-g-merge,,,,,,
jackel2025_ipsedu_t12m_edutrain,n_employed,17,extraction_outcomes,,,,,2,stage-g-merge,,,,,,
jackel2025_ipsedu_t12m_edutrain,n_outcome_observed,25,extraction_outcomes,,,,,2,stage-g-merge,,,,,,
jackel2025_ipsedu_t12m_edutrain,denominator_basis,outcome_observed,extraction_outcomes,,,,,2,stage-g-merge,,,,,,
jackel2025_ipsedu_t12m_edutrain,followup_months,12,extraction_outcomes,,,,,2,stage-g-merge,,,,,,
jackel2025_ipsedu_t12m_edutrain,followup_basis,since_baseline,extraction_outcomes,,,,,2,stage-g-merge,,,,,,
jackel2025_ipsedu_t12m_edutrain,result_role,reported,extraction_outcomes,,,,,2,stage-g-merge,,,,,,
jackel2025_ipsedu_t12m_edutrain,conflict_status,unresolved,extraction_outcomes,,,,,2,stage-g-merge,,,,,,
jackel2025_ipsedu_t12m_edutrain,arm_id,ips_edu,extraction_outcomes,,,,,2,stage-g-merge,,,,,,
jackel2025_ipsedu_t12m_edutrain,derivation_component_result_ids,,extraction_outcomes,,,,,2,stage-g-merge,,,,,,
jackel2025_ipsedu_t12m_edutrain,employment_selection_status,selected,extraction_cohorts,,,,,1,stage-g-merge,,,,,,
jackel2025_ipsedu_t12m_edutrain,diagnosis_group,psychosis_mixed,extraction_cohorts,,,,,2,stage-g-merge,,,,,,
jackel2025_ipsedu_t12m_edutrain,perc_qualifying_diagnosis,63.8,extraction_cohorts,,,,,2,stage-g-merge,,,,,,
jackel2025_ipsedu_t12m_edutrain,design,rct,extraction_cohorts,,,,,1,stage-g-merge,,,,,,
jackel2025_ipsedu_t12m_edutrain,arm_type,subgroup,extraction_arms,,,,,2,stage-g-merge,,,,,,
jackel2025_ipsedu_t12m_edutrain,analysis_selection_status,selected,extraction_arms,,,,,2,stage-g-merge,,,,,,
jackel2025_ipsedu_t12m_edutrain,employment_targeted_intervention,yes,extraction_arms,,,,,2,stage-g-merge,,,,,,
jackel2025_tauedu_t12m_edutrain,outcome_construct,education_or_training,extraction_outcomes,,,,,2,stage-g-merge,,,,,,
jackel2025_tauedu_t12m_edutrain,ascertainment,any_time_during_followup,extraction_outcomes,,,,,2,stage-g-merge,,,,,,
jackel2025_tauedu_t12m_edutrain,ascertainment_window_months,12,extraction_outcomes,,,,,2,stage-g-merge,,,,,,
jackel2025_tauedu_t12m_edutrain,n_employed,11,extraction_outcomes,,,,,2,stage-g-merge,,,,,,
jackel2025_tauedu_t12m_edutrain,n_outcome_observed,29,extraction_outcomes,,,,,2,stage-g-merge,,,,,,
jackel2025_tauedu_t12m_edutrain,denominator_basis,outcome_observed,extraction_outcomes,,,,,2,stage-g-merge,,,,,,
jackel2025_tauedu_t12m_edutrain,followup_months,12,extraction_outcomes,,,,,2,stage-g-merge,,,,,,
jackel2025_tauedu_t12m_edutrain,followup_basis,since_baseline,extraction_outcomes,,,,,2,stage-g-merge,,,,,,
jackel2025_tauedu_t12m_edutrain,result_role,reported,extraction_outcomes,,,,,2,stage-g-merge,,,,,,
jackel2025_tauedu_t12m_edutrain,conflict_status,unresolved,extraction_outcomes,,,,,2,stage-g-merge,,,,,,
jackel2025_tauedu_t12m_edutrain,arm_id,tau_edu,extraction_outcomes,,,,,2,stage-g-merge,,,,,,
jackel2025_tauedu_t12m_edutrain,derivation_component_result_ids,,extraction_outcomes,,,,,2,stage-g-merge,,,,,,
jackel2025_tauedu_t12m_edutrain,employment_selection_status,selected,extraction_cohorts,,,,,1,stage-g-merge,,,,,,
jackel2025_tauedu_t12m_edutrain,diagnosis_group,psychosis_mixed,extraction_cohorts,,,,,2,stage-g-merge,,,,,,
jackel2025_tauedu_t12m_edutrain,perc_qualifying_diagnosis,63.8,extraction_cohorts,,,,,2,stage-g-merge,,,,,,
jackel2025_tauedu_t12m_edutrain,design,rct,extraction_cohorts,,,,,1,stage-g-merge,,,,,,
jackel2025_tauedu_t12m_edutrain,arm_type,subgroup,extraction_arms,,,,,2,stage-g-merge,,,,,,
jackel2025_tauedu_t12m_edutrain,analysis_selection_status,selected,extraction_arms,,,,,2,stage-g-merge,,,,,,
jackel2025_tauedu_t12m_edutrain,employment_targeted_intervention,no,extraction_arms,,,,,2,stage-g-merge,,,,,,
jirapramukpitak2022_early_t12m_paidany,outcome_construct,paid_any,extraction_outcomes,,,,,2,stage-g-merge,,,,,,
jirapramukpitak2022_early_t12m_paidany,ascertainment,period_prevalence,extraction_outcomes,,,,,2,stage-g-merge,,,,,,
jirapramukpitak2022_early_t12m_paidany,ascertainment_window_months,12,extraction_outcomes,,,,,2,stage-g-merge,,,,,,
jirapramukpitak2022_early_t12m_paidany,n_employed,146,extraction_outcomes,,,,,2,stage-g-merge,,,,,,
jirapramukpitak2022_early_t12m_paidany,n_outcome_observed,372,extraction_outcomes,,,,,2,stage-g-merge,,,,,,
jirapramukpitak2022_early_t12m_paidany,denominator_basis,outcome_observed,extraction_outcomes,,,,,2,stage-g-merge,,,,,,
jirapramukpitak2022_early_t12m_paidany,followup_months,12,extraction_outcomes,,,,,2,stage-g-merge,,,,,,
jirapramukpitak2022_early_t12m_paidany,followup_basis,since_baseline,extraction_outcomes,,,,,2,stage-g-merge,,,,,,
jirapramukpitak2022_early_t12m_paidany,result_role,reported,extraction_outcomes,,,,,2,stage-g-merge,,,,,,
jirapramukpitak2022_early_t12m_paidany,conflict_status,none,extraction_outcomes,,,,,2,stage-g-merge,,,,,,
jirapramukpitak2022_early_t12m_paidany,arm_id,early,extraction_outcomes,,,,,2,stage-g-merge,,,,,,
jirapramukpitak2022_early_t12m_paidany,derivation_component_result_ids,,extraction_outcomes,,,,,2,stage-g-merge,,,,,,
jirapramukpitak2022_early_t12m_paidany,employment_selection_status,none,extraction_cohorts,,,,,1,stage-g-merge,,,,,,
jirapramukpitak2022_early_t12m_paidany,diagnosis_group,psychosis_mixed,extraction_cohorts,,,,,2,stage-g-merge,,,,,,
jirapramukpitak2022_early_t12m_paidany,perc_qualifying_diagnosis,50.5,extraction_cohorts,,,,,2,stage-g-merge,,,,,,
jirapramukpitak2022_early_t12m_paidany,design,prospective_cohort,extraction_cohorts,,,,,1,stage-g-merge,,,,,,
jirapramukpitak2022_early_t12m_paidany,arm_type,subgroup,extraction_arms,,,,,2,stage-g-merge,,,,,,
jirapramukpitak2022_early_t12m_paidany,analysis_selection_status,none,extraction_arms,,,,,2,stage-g-merge,,,,,,
jirapramukpitak2022_early_t12m_paidany,employment_targeted_intervention,,extraction_arms,,,,,2,stage-g-merge,,,,,,
jirapramukpitak2022_later_t12m_paidany,outcome_construct,paid_any,extraction_outcomes,,,,,2,stage-g-merge,,,,,,
jirapramukpitak2022_later_t12m_paidany,ascertainment,period_prevalence,extraction_outcomes,,,,,2,stage-g-merge,,,,,,
jirapramukpitak2022_later_t12m_paidany,ascertainment_window_months,12,extraction_outcomes,,,,,2,stage-g-merge,,,,,,
jirapramukpitak2022_later_t12m_paidany,n_employed,43,extraction_outcomes,,,,,2,stage-g-merge,,,,,,
jirapramukpitak2022_later_t12m_paidany,n_outcome_observed,177,extraction_outcomes,,,,,2,stage-g-merge,,,,,,
jirapramukpitak2022_later_t12m_paidany,denominator_basis,outcome_observed,extraction_outcomes,,,,,2,stage-g-merge,,,,,,
jirapramukpitak2022_later_t12m_paidany,followup_months,12,extraction_outcomes,,,,,2,stage-g-merge,,,,,,
jirapramukpitak2022_later_t12m_paidany,followup_basis,since_baseline,extraction_outcomes,,,,,2,stage-g-merge,,,,,,
jirapramukpitak2022_later_t12m_paidany,result_role,reported,extraction_outcomes,,,,,2,stage-g-merge,,,,,,
jirapramukpitak2022_later_t12m_paidany,conflict_status,none,extraction_outcomes,,,,,2,stage-g-merge,,,,,,
jirapramukpitak2022_later_t12m_paidany,arm_id,later,extraction_outcomes,,,,,2,stage-g-merge,,,,,,
jirapramukpitak2022_later_t12m_paidany,derivation_component_result_ids,,extraction_outcomes,,,,,2,stage-g-merge,,,,,,
jirapramukpitak2022_later_t12m_paidany,employment_selection_status,none,extraction_cohorts,,,,,1,stage-g-merge,,,,,,
jirapramukpitak2022_later_t12m_paidany,diagnosis_group,psychosis_mixed,extraction_cohorts,,,,,2,stage-g-merge,,,,,,
jirapramukpitak2022_later_t12m_paidany,perc_qualifying_diagnosis,50.5,extraction_cohorts,,,,,2,stage-g-merge,,,,,,
jirapramukpitak2022_later_t12m_paidany,design,prospective_cohort,extraction_cohorts,,,,,1,stage-g-merge,,,,,,
jirapramukpitak2022_later_t12m_paidany,arm_type,subgroup,extraction_arms,,,,,2,stage-g-merge,,,,,,
jirapramukpitak2022_later_t12m_paidany,analysis_selection_status,none,extraction_arms,,,,,2,stage-g-merge,,,,,,
jirapramukpitak2022_later_t12m_paidany,employment_targeted_intervention,,extraction_arms,,,,,2,stage-g-merge,,,,,,
jirapramukpitak2022_earlynonlicm_t12m_paidany,outcome_construct,paid_any,extraction_outcomes,,,,,2,stage-g-merge,,,,,,
jirapramukpitak2022_earlynonlicm_t12m_paidany,ascertainment,period_prevalence,extraction_outcomes,,,,,2,stage-g-merge,,,,,,
jirapramukpitak2022_earlynonlicm_t12m_paidany,ascertainment_window_months,12,extraction_outcomes,,,,,2,stage-g-merge,,,,,,
jirapramukpitak2022_earlynonlicm_t12m_paidany,n_employed,140,extraction_outcomes,,,,,2,stage-g-merge,,,,,,
jirapramukpitak2022_earlynonlicm_t12m_paidany,n_outcome_observed,346,extraction_outcomes,,,,,2,stage-g-merge,,,,,,
jirapramukpitak2022_earlynonlicm_t12m_paidany,denominator_basis,outcome_observed,extraction_outcomes,,,,,2,stage-g-merge,,,,,,
jirapramukpitak2022_earlynonlicm_t12m_paidany,followup_months,12,extraction_outcomes,,,,,2,stage-g-merge,,,,,,
jirapramukpitak2022_earlynonlicm_t12m_paidany,followup_basis,since_baseline,extraction_outcomes,,,,,2,stage-g-merge,,,,,,
jirapramukpitak2022_earlynonlicm_t12m_paidany,result_role,reported,extraction_outcomes,,,,,2,stage-g-merge,,,,,,
jirapramukpitak2022_earlynonlicm_t12m_paidany,conflict_status,none,extraction_outcomes,,,,,2,stage-g-merge,,,,,,
jirapramukpitak2022_earlynonlicm_t12m_paidany,arm_id,early_nonlicm,extraction_outcomes,,,,,2,stage-g-merge,,,,,,
jirapramukpitak2022_earlynonlicm_t12m_paidany,derivation_component_result_ids,,extraction_outcomes,,,,,2,stage-g-merge,,,,,,
jirapramukpitak2022_earlynonlicm_t12m_paidany,employment_selection_status,none,extraction_cohorts,,,,,1,stage-g-merge,,,,,,
jirapramukpitak2022_earlynonlicm_t12m_paidany,diagnosis_group,psychosis_mixed,extraction_cohorts,,,,,2,stage-g-merge,,,,,,
jirapramukpitak2022_earlynonlicm_t12m_paidany,perc_qualifying_diagnosis,50.5,extraction_cohorts,,,,,2,stage-g-merge,,,,,,
jirapramukpitak2022_earlynonlicm_t12m_paidany,design,prospective_cohort,extraction_cohorts,,,,,1,stage-g-merge,,,,,,
jirapramukpitak2022_earlynonlicm_t12m_paidany,arm_type,control_tau,extraction_arms,,,,,2,stage-g-merge,,,,,,
jirapramukpitak2022_earlynonlicm_t12m_paidany,analysis_selection_status,none,extraction_arms,,,,,2,stage-g-merge,,,,,,
jirapramukpitak2022_earlynonlicm_t12m_paidany,employment_targeted_intervention,,extraction_arms,,,,,2,stage-g-merge,,,,,,
jirapramukpitak2022_earlylicm_t12m_paidany,outcome_construct,paid_any,extraction_outcomes,,,,,2,stage-g-merge,,,,,,
jirapramukpitak2022_earlylicm_t12m_paidany,ascertainment,period_prevalence,extraction_outcomes,,,,,2,stage-g-merge,,,,,,
jirapramukpitak2022_earlylicm_t12m_paidany,ascertainment_window_months,12,extraction_outcomes,,,,,2,stage-g-merge,,,,,,
jirapramukpitak2022_earlylicm_t12m_paidany,n_employed,6,extraction_outcomes,,,,,2,stage-g-merge,,,,,,
jirapramukpitak2022_earlylicm_t12m_paidany,n_outcome_observed,26,extraction_outcomes,,,,,2,stage-g-merge,,,,,,
jirapramukpitak2022_earlylicm_t12m_paidany,denominator_basis,outcome_observed,extraction_outcomes,,,,,2,stage-g-merge,,,,,,
jirapramukpitak2022_earlylicm_t12m_paidany,followup_months,12,extraction_outcomes,,,,,2,stage-g-merge,,,,,,
jirapramukpitak2022_earlylicm_t12m_paidany,followup_basis,since_baseline,extraction_outcomes,,,,,2,stage-g-merge,,,,,,
jirapramukpitak2022_earlylicm_t12m_paidany,result_role,reported,extraction_outcomes,,,,,2,stage-g-merge,,,,,,
jirapramukpitak2022_earlylicm_t12m_paidany,conflict_status,none,extraction_outcomes,,,,,2,stage-g-merge,,,,,,
jirapramukpitak2022_earlylicm_t12m_paidany,arm_id,early_licm,extraction_outcomes,,,,,2,stage-g-merge,,,,,,
jirapramukpitak2022_earlylicm_t12m_paidany,derivation_component_result_ids,,extraction_outcomes,,,,,2,stage-g-merge,,,,,,
jirapramukpitak2022_earlylicm_t12m_paidany,employment_selection_status,none,extraction_cohorts,,,,,1,stage-g-merge,,,,,,
jirapramukpitak2022_earlylicm_t12m_paidany,diagnosis_group,psychosis_mixed,extraction_cohorts,,,,,2,stage-g-merge,,,,,,
jirapramukpitak2022_earlylicm_t12m_paidany,perc_qualifying_diagnosis,50.5,extraction_cohorts,,,,,2,stage-g-merge,,,,,,
jirapramukpitak2022_earlylicm_t12m_paidany,design,prospective_cohort,extraction_cohorts,,,,,1,stage-g-merge,,,,,,
jirapramukpitak2022_earlylicm_t12m_paidany,arm_type,intervention,extraction_arms,,,,,2,stage-g-merge,,,,,,
jirapramukpitak2022_earlylicm_t12m_paidany,analysis_selection_status,none,extraction_arms,,,,,2,stage-g-merge,,,,,,
jirapramukpitak2022_earlylicm_t12m_paidany,employment_targeted_intervention,,extraction_arms,,,,,2,stage-g-merge,,,,,,
jirapramukpitak2022_laternonlicm_t12m_paidany,outcome_construct,paid_any,extraction_outcomes,,,,,2,stage-g-merge,,,,,,
jirapramukpitak2022_laternonlicm_t12m_paidany,ascertainment,period_prevalence,extraction_outcomes,,,,,2,stage-g-merge,,,,,,
jirapramukpitak2022_laternonlicm_t12m_paidany,ascertainment_window_months,12,extraction_outcomes,,,,,2,stage-g-merge,,,,,,
jirapramukpitak2022_laternonlicm_t12m_paidany,n_employed,36,extraction_outcomes,,,,,2,stage-g-merge,,,,,,
jirapramukpitak2022_laternonlicm_t12m_paidany,n_outcome_observed,139,extraction_outcomes,,,,,2,stage-g-merge,,,,,,
jirapramukpitak2022_laternonlicm_t12m_paidany,denominator_basis,outcome_observed,extraction_outcomes,,,,,2,stage-g-merge,,,,,,
jirapramukpitak2022_laternonlicm_t12m_paidany,followup_months,12,extraction_outcomes,,,,,2,stage-g-merge,,,,,,
jirapramukpitak2022_laternonlicm_t12m_paidany,followup_basis,since_baseline,extraction_outcomes,,,,,2,stage-g-merge,,,,,,
jirapramukpitak2022_laternonlicm_t12m_paidany,result_role,reported,extraction_outcomes,,,,,2,stage-g-merge,,,,,,
jirapramukpitak2022_laternonlicm_t12m_paidany,conflict_status,none,extraction_outcomes,,,,,2,stage-g-merge,,,,,,
jirapramukpitak2022_laternonlicm_t12m_paidany,arm_id,later_nonlicm,extraction_outcomes,,,,,2,stage-g-merge,,,,,,
jirapramukpitak2022_laternonlicm_t12m_paidany,derivation_component_result_ids,,extraction_outcomes,,,,,2,stage-g-merge,,,,,,
jirapramukpitak2022_laternonlicm_t12m_paidany,employment_selection_status,none,extraction_cohorts,,,,,1,stage-g-merge,,,,,,
jirapramukpitak2022_laternonlicm_t12m_paidany,diagnosis_group,psychosis_mixed,extraction_cohorts,,,,,2,stage-g-merge,,,,,,
jirapramukpitak2022_laternonlicm_t12m_paidany,perc_qualifying_diagnosis,50.5,extraction_cohorts,,,,,2,stage-g-merge,,,,,,
jirapramukpitak2022_laternonlicm_t12m_paidany,design,prospective_cohort,extraction_cohorts,,,,,1,stage-g-merge,,,,,,
jirapramukpitak2022_laternonlicm_t12m_paidany,arm_type,control_tau,extraction_arms,,,,,2,stage-g-merge,,,,,,
jirapramukpitak2022_laternonlicm_t12m_paidany,analysis_selection_status,none,extraction_arms,,,,,2,stage-g-merge,,,,,,
jirapramukpitak2022_laternonlicm_t12m_paidany,employment_targeted_intervention,,extraction_arms,,,,,2,stage-g-merge,,,,,,
jirapramukpitak2022_laterlicm_t12m_paidany,outcome_construct,paid_any,extraction_outcomes,,,,,2,stage-g-merge,,,,,,
jirapramukpitak2022_laterlicm_t12m_paidany,ascertainment,period_prevalence,extraction_outcomes,,,,,2,stage-g-merge,,,,,,
jirapramukpitak2022_laterlicm_t12m_paidany,ascertainment_window_months,12,extraction_outcomes,,,,,2,stage-g-merge,,,,,,
jirapramukpitak2022_laterlicm_t12m_paidany,n_employed,7,extraction_outcomes,,,,,2,stage-g-merge,,,,,,
jirapramukpitak2022_laterlicm_t12m_paidany,n_outcome_observed,38,extraction_outcomes,,,,,2,stage-g-merge,,,,,,
jirapramukpitak2022_laterlicm_t12m_paidany,denominator_basis,outcome_observed,extraction_outcomes,,,,,2,stage-g-merge,,,,,,
jirapramukpitak2022_laterlicm_t12m_paidany,followup_months,12,extraction_outcomes,,,,,2,stage-g-merge,,,,,,
jirapramukpitak2022_laterlicm_t12m_paidany,followup_basis,since_baseline,extraction_outcomes,,,,,2,stage-g-merge,,,,,,
jirapramukpitak2022_laterlicm_t12m_paidany,result_role,reported,extraction_outcomes,,,,,2,stage-g-merge,,,,,,
jirapramukpitak2022_laterlicm_t12m_paidany,conflict_status,none,extraction_outcomes,,,,,2,stage-g-merge,,,,,,
jirapramukpitak2022_laterlicm_t12m_paidany,arm_id,later_licm,extraction_outcomes,,,,,2,stage-g-merge,,,,,,
jirapramukpitak2022_laterlicm_t12m_paidany,derivation_component_result_ids,,extraction_outcomes,,,,,2,stage-g-merge,,,,,,
jirapramukpitak2022_laterlicm_t12m_paidany,employment_selection_status,none,extraction_cohorts,,,,,1,stage-g-merge,,,,,,
jirapramukpitak2022_laterlicm_t12m_paidany,diagnosis_group,psychosis_mixed,extraction_cohorts,,,,,2,stage-g-merge,,,,,,
jirapramukpitak2022_laterlicm_t12m_paidany,perc_qualifying_diagnosis,50.5,extraction_cohorts,,,,,2,stage-g-merge,,,,,,
jirapramukpitak2022_laterlicm_t12m_paidany,design,prospective_cohort,extraction_cohorts,,,,,1,stage-g-merge,,,,,,
jirapramukpitak2022_laterlicm_t12m_paidany,arm_type,intervention,extraction_arms,,,,,2,stage-g-merge,,,,,,
jirapramukpitak2022_laterlicm_t12m_paidany,analysis_selection_status,none,extraction_arms,,,,,2,stage-g-merge,,,,,,
jirapramukpitak2022_laterlicm_t12m_paidany,employment_targeted_intervention,,extraction_arms,,,,,2,stage-g-merge,,,,,,
khare2021_cohort_t12m_paidany_workboth,outcome_construct,paid_any,extraction_outcomes,,,,,0,stage-g-merge,,,,,,
khare2021_cohort_t12m_paidany_workboth,ascertainment,point_prevalence,extraction_outcomes,,,,,0,stage-g-merge,,,,,,
khare2021_cohort_t12m_paidany_workboth,ascertainment_window_months,,extraction_outcomes,,,,,0,stage-g-merge,,,,,,
khare2021_cohort_t12m_paidany_workboth,n_employed,257,extraction_outcomes,,,,,0,stage-g-merge,,,,,,
khare2021_cohort_t12m_paidany_workboth,n_outcome_observed,456,extraction_outcomes,,,,,0,stage-g-merge,,,,,,
khare2021_cohort_t12m_paidany_workboth,denominator_basis,outcome_observed,extraction_outcomes,,,,,0,stage-g-merge,,,,,,
khare2021_cohort_t12m_paidany_workboth,followup_months,12,extraction_outcomes,,,,,0,stage-g-merge,,,,,,
khare2021_cohort_t12m_paidany_workboth,followup_basis,since_baseline,extraction_outcomes,,,,,0,stage-g-merge,,,,,,
khare2021_cohort_t12m_paidany_workboth,result_role,component_only,extraction_outcomes,,,,,0,stage-g-merge,,,,,,
khare2021_cohort_t12m_paidany_workboth,conflict_status,none,extraction_outcomes,,,,,0,stage-g-merge,,,,,,
khare2021_cohort_t12m_paidany_workboth,arm_id,cohort,extraction_outcomes,,,,,0,stage-g-merge,,,,,,
khare2021_cohort_t12m_paidany_workboth,derivation_component_result_ids,,extraction_outcomes,,,,,0,stage-g-merge,,,,,,
khare2021_cohort_t12m_paidany_workboth,employment_selection_status,none,extraction_cohorts,,,,,0,stage-g-merge,,,,,,
khare2021_cohort_t12m_paidany_workboth,diagnosis_group,smi_mixed,extraction_cohorts,,,,,0,stage-g-merge,,,,,,
khare2021_cohort_t12m_paidany_workboth,perc_qualifying_diagnosis,59.3,extraction_cohorts,,,,,0,stage-g-merge,,,,,,
khare2021_cohort_t12m_paidany_workboth,design,prospective_cohort,extraction_cohorts,,,,,0,stage-g-merge,,,,,,
khare2021_cohort_t12m_paidany_workboth,arm_type,cohort,extraction_arms,,,,,0,stage-g-merge,,,,,,
khare2021_cohort_t12m_paidany_workboth,analysis_selection_status,none,extraction_arms,,,,,0,stage-g-merge,,,,,,
khare2021_cohort_t12m_paidany_workboth,employment_targeted_intervention,not_applicable,extraction_arms,,,,,0,stage-g-merge,,,,,,
khare2021_cohort_t12m_paidany_newjob,outcome_construct,paid_any,extraction_outcomes,,,,,0,stage-g-merge,,,,,,
khare2021_cohort_t12m_paidany_newjob,ascertainment,point_prevalence,extraction_outcomes,,,,,0,stage-g-merge,,,,,,
khare2021_cohort_t12m_paidany_newjob,ascertainment_window_months,,extraction_outcomes,,,,,0,stage-g-merge,,,,,,
khare2021_cohort_t12m_paidany_newjob,n_employed,30,extraction_outcomes,,,,,0,stage-g-merge,,,,,,
khare2021_cohort_t12m_paidany_newjob,n_outcome_observed,456,extraction_outcomes,,,,,0,stage-g-merge,,,,,,
khare2021_cohort_t12m_paidany_newjob,denominator_basis,outcome_observed,extraction_outcomes,,,,,0,stage-g-merge,,,,,,
khare2021_cohort_t12m_paidany_newjob,followup_months,12,extraction_outcomes,,,,,0,stage-g-merge,,,,,,
khare2021_cohort_t12m_paidany_newjob,followup_basis,since_baseline,extraction_outcomes,,,,,0,stage-g-merge,,,,,,
khare2021_cohort_t12m_paidany_newjob,result_role,component_only,extraction_outcomes,,,,,0,stage-g-merge,,,,,,
khare2021_cohort_t12m_paidany_newjob,conflict_status,none,extraction_outcomes,,,,,0,stage-g-merge,,,,,,
khare2021_cohort_t12m_paidany_newjob,arm_id,cohort,extraction_outcomes,,,,,0,stage-g-merge,,,,,,
khare2021_cohort_t12m_paidany_newjob,derivation_component_result_ids,,extraction_outcomes,,,,,0,stage-g-merge,,,,,,
khare2021_cohort_t12m_paidany_newjob,employment_selection_status,none,extraction_cohorts,,,,,0,stage-g-merge,,,,,,
khare2021_cohort_t12m_paidany_newjob,diagnosis_group,smi_mixed,extraction_cohorts,,,,,0,stage-g-merge,,,,,,
khare2021_cohort_t12m_paidany_newjob,perc_qualifying_diagnosis,59.3,extraction_cohorts,,,,,0,stage-g-merge,,,,,,
khare2021_cohort_t12m_paidany_newjob,design,prospective_cohort,extraction_cohorts,,,,,0,stage-g-merge,,,,,,
khare2021_cohort_t12m_paidany_newjob,arm_type,cohort,extraction_arms,,,,,0,stage-g-merge,,,,,,
khare2021_cohort_t12m_paidany_newjob,analysis_selection_status,none,extraction_arms,,,,,0,stage-g-merge,,,,,,
khare2021_cohort_t12m_paidany_newjob,employment_targeted_intervention,not_applicable,extraction_arms,,,,,0,stage-g-merge,,,,,,
khare2021_cohort_t12m_paidany,outcome_construct,paid_any,extraction_outcomes,,,,,0,stage-g-merge,,,,,,
khare2021_cohort_t12m_paidany,ascertainment,point_prevalence,extraction_outcomes,,,,,0,stage-g-merge,,,,,,
khare2021_cohort_t12m_paidany,ascertainment_window_months,,extraction_outcomes,,,,,0,stage-g-merge,,,,,,
khare2021_cohort_t12m_paidany,n_employed,287,extraction_outcomes,,,,,0,stage-g-merge,,,,,,
khare2021_cohort_t12m_paidany,n_outcome_observed,456,extraction_outcomes,,,,,0,stage-g-merge,,,,,,
khare2021_cohort_t12m_paidany,denominator_basis,outcome_observed,extraction_outcomes,,,,,0,stage-g-merge,,,,,,
khare2021_cohort_t12m_paidany,followup_months,12,extraction_outcomes,,,,,0,stage-g-merge,,,,,,
khare2021_cohort_t12m_paidany,followup_basis,since_baseline,extraction_outcomes,,,,,0,stage-g-merge,,,,,,
khare2021_cohort_t12m_paidany,result_role,derived,extraction_outcomes,,,,,0,stage-g-merge,,,,,,
khare2021_cohort_t12m_paidany,conflict_status,none,extraction_outcomes,,,,,0,stage-g-merge,,,,,,
khare2021_cohort_t12m_paidany,arm_id,cohort,extraction_outcomes,,,,,0,stage-g-merge,,,,,,
khare2021_cohort_t12m_paidany,derivation_component_result_ids,khare2021_cohort_t12m_paidany_workboth;khare2021_cohort_t12m_paidany_newjob,extraction_outcomes,,,,,0,stage-g-merge,,,,,,
khare2021_cohort_t12m_paidany,employment_selection_status,none,extraction_cohorts,,,,,0,stage-g-merge,,,,,,
khare2021_cohort_t12m_paidany,diagnosis_group,smi_mixed,extraction_cohorts,,,,,0,stage-g-merge,,,,,,
khare2021_cohort_t12m_paidany,perc_qualifying_diagnosis,59.3,extraction_cohorts,,,,,0,stage-g-merge,,,,,,
khare2021_cohort_t12m_paidany,design,prospective_cohort,extraction_cohorts,,,,,0,stage-g-merge,,,,,,
khare2021_cohort_t12m_paidany,arm_type,cohort,extraction_arms,,,,,0,stage-g-merge,,,,,,
khare2021_cohort_t12m_paidany,analysis_selection_status,none,extraction_arms,,,,,0,stage-g-merge,,,,,,
khare2021_cohort_t12m_paidany,employment_targeted_intervention,not_applicable,extraction_arms,,,,,0,stage-g-merge,,,,,,
leighton2019_nationaleden_t12m_eet,outcome_construct,paid_or_education_or_training,extraction_outcomes,,,,,2,stage-g-merge,,,,,,
leighton2019_nationaleden_t12m_eet,ascertainment,point_prevalence,extraction_outcomes,,,,,2,stage-g-merge,,,,,,
leighton2019_nationaleden_t12m_eet,ascertainment_window_months,,extraction_outcomes,,,,,2,stage-g-merge,,,,,,
leighton2019_nationaleden_t12m_eet,n_employed,436,extraction_outcomes,,,,,2,stage-g-merge,,,,,,
leighton2019_nationaleden_t12m_eet,n_outcome_observed,807,extraction_outcomes,,,,,2,stage-g-merge,,,,,,
leighton2019_nationaleden_t12m_eet,denominator_basis,outcome_observed,extraction_outcomes,,,,,2,stage-g-merge,,,,,,
leighton2019_nationaleden_t12m_eet,followup_months,12,extraction_outcomes,,,,,2,stage-g-merge,,,,,,
leighton2019_nationaleden_t12m_eet,followup_basis,since_baseline,extraction_outcomes,,,,,2,stage-g-merge,,,,,,
leighton2019_nationaleden_t12m_eet,result_role,reported,extraction_outcomes,,,,,2,stage-g-merge,,,,,,
leighton2019_nationaleden_t12m_eet,conflict_status,none,extraction_outcomes,,,,,2,stage-g-merge,,,,,,
leighton2019_nationaleden_t12m_eet,arm_id,cohort,extraction_outcomes,,,,,2,stage-g-merge,,,,,,
leighton2019_nationaleden_t12m_eet,derivation_component_result_ids,,extraction_outcomes,,,,,2,stage-g-merge,,,,,,
leighton2019_nationaleden_t12m_eet,employment_selection_status,unclear,extraction_cohorts,,,,,1,stage-g-merge,,,,,,
leighton2019_nationaleden_t12m_eet,diagnosis_group,fep,extraction_cohorts,,,,,2,stage-g-merge,,,,,,
leighton2019_nationaleden_t12m_eet,perc_qualifying_diagnosis,100,extraction_cohorts,,,,,2,stage-g-merge,,,,,,
leighton2019_nationaleden_t12m_eet,design,prospective_cohort,extraction_cohorts,,,,,1,stage-g-merge,,,,,,
leighton2019_nationaleden_t12m_eet,arm_type,cohort,extraction_arms,,,,,2,stage-g-merge,,,,,,
leighton2019_nationaleden_t12m_eet,analysis_selection_status,none,extraction_arms,,,,,2,stage-g-merge,,,,,,
leighton2019_nationaleden_t12m_eet,employment_targeted_intervention,not_applicable,extraction_arms,,,,,2,stage-g-merge,,,,,,
leighton2019b_crisp_t12m_eet,outcome_construct,paid_or_education_or_training,extraction_outcomes,,,,,2,stage-g-merge,,,,,,
leighton2019b_crisp_t12m_eet,ascertainment,point_prevalence,extraction_outcomes,,,,,2,stage-g-merge,,,,,,
leighton2019b_crisp_t12m_eet,ascertainment_window_months,,extraction_outcomes,,,,,2,stage-g-merge,,,,,,
leighton2019b_crisp_t12m_eet,n_employed,32,extraction_outcomes,,,,,2,stage-g-merge,,,,,,
leighton2019b_crisp_t12m_eet,n_outcome_observed,75,extraction_outcomes,,,,,2,stage-g-merge,,,,,,
leighton2019b_crisp_t12m_eet,denominator_basis,outcome_observed,extraction_outcomes,,,,,2,stage-g-merge,,,,,,
leighton2019b_crisp_t12m_eet,followup_months,12,extraction_outcomes,,,,,2,stage-g-merge,,,,,,
leighton2019b_crisp_t12m_eet,followup_basis,since_baseline,extraction_outcomes,,,,,2,stage-g-merge,,,,,,
leighton2019b_crisp_t12m_eet,result_role,reported,extraction_outcomes,,,,,2,stage-g-merge,,,,,,
leighton2019b_crisp_t12m_eet,conflict_status,none,extraction_outcomes,,,,,2,stage-g-merge,,,,,,
leighton2019b_crisp_t12m_eet,arm_id,cohort,extraction_outcomes,,,,,2,stage-g-merge,,,,,,
leighton2019b_crisp_t12m_eet,derivation_component_result_ids,,extraction_outcomes,,,,,2,stage-g-merge,,,,,,
leighton2019b_crisp_t12m_eet,employment_selection_status,none,extraction_cohorts,,,,,1,stage-g-merge,,,,,,
leighton2019b_crisp_t12m_eet,diagnosis_group,fep,extraction_cohorts,,,,,2,stage-g-merge,,,,,,
leighton2019b_crisp_t12m_eet,perc_qualifying_diagnosis,100,extraction_cohorts,,,,,2,stage-g-merge,,,,,,
leighton2019b_crisp_t12m_eet,design,prospective_cohort,extraction_cohorts,,,,,1,stage-g-merge,,,,,,
leighton2019b_crisp_t12m_eet,arm_type,cohort,extraction_arms,,,,,2,stage-g-merge,,,,,,
leighton2019b_crisp_t12m_eet,analysis_selection_status,none,extraction_arms,,,,,2,stage-g-merge,,,,,,
leighton2019b_crisp_t12m_eet,employment_targeted_intervention,not_applicable,extraction_arms,,,,,2,stage-g-merge,,,,,,
leighton2019b_gled_t12m_eet,outcome_construct,paid_or_education_or_training,extraction_outcomes,,,,,2,stage-g-merge,,,,,,
leighton2019b_gled_t12m_eet,ascertainment,point_prevalence,extraction_outcomes,,,,,2,stage-g-merge,,,,,,
leighton2019b_gled_t12m_eet,ascertainment_window_months,,extraction_outcomes,,,,,2,stage-g-merge,,,,,,
leighton2019b_gled_t12m_eet,n_employed,27,extraction_outcomes,,,,,2,stage-g-merge,,,,,,
leighton2019b_gled_t12m_eet,n_outcome_observed,67,extraction_outcomes,,,,,2,stage-g-merge,,,,,,
leighton2019b_gled_t12m_eet,denominator_basis,outcome_observed,extraction_outcomes,,,,,2,stage-g-merge,,,,,,
leighton2019b_gled_t12m_eet,followup_months,12,extraction_outcomes,,,,,2,stage-g-merge,,,,,,
leighton2019b_gled_t12m_eet,followup_basis,since_baseline,extraction_outcomes,,,,,2,stage-g-merge,,,,,,
leighton2019b_gled_t12m_eet,result_role,reported,extraction_outcomes,,,,,2,stage-g-merge,,,,,,
leighton2019b_gled_t12m_eet,conflict_status,none,extraction_outcomes,,,,,2,stage-g-merge,,,,,,
leighton2019b_gled_t12m_eet,arm_id,cohort,extraction_outcomes,,,,,2,stage-g-merge,,,,,,
leighton2019b_gled_t12m_eet,derivation_component_result_ids,,extraction_outcomes,,,,,2,stage-g-merge,,,,,,
leighton2019b_gled_t12m_eet,employment_selection_status,unclear,extraction_cohorts,,,,,1,stage-g-merge,,,,,,
leighton2019b_gled_t12m_eet,diagnosis_group,fep,extraction_cohorts,,,,,2,stage-g-merge,,,,,,
leighton2019b_gled_t12m_eet,perc_qualifying_diagnosis,100,extraction_cohorts,,,,,2,stage-g-merge,,,,,,
leighton2019b_gled_t12m_eet,design,prospective_cohort,extraction_cohorts,,,,,1,stage-g-merge,,,,,,
leighton2019b_gled_t12m_eet,arm_type,cohort,extraction_arms,,,,,2,stage-g-merge,,,,,,
leighton2019b_gled_t12m_eet,analysis_selection_status,none,extraction_arms,,,,,2,stage-g-merge,,,,,,
leighton2019b_gled_t12m_eet,employment_targeted_intervention,not_applicable,extraction_arms,,,,,2,stage-g-merge,,,,,,
liangrong2021_cohort_t67m_paidany,outcome_construct,paid_any,extraction_outcomes,,,,,2,stage-g-merge,,,,,,
liangrong2021_cohort_t67m_paidany,ascertainment,point_prevalence,extraction_outcomes,,,,,2,stage-g-merge,,,,,,
liangrong2021_cohort_t67m_paidany,ascertainment_window_months,,extraction_outcomes,,,,,2,stage-g-merge,,,,,,
liangrong2021_cohort_t67m_paidany,n_employed,70,extraction_outcomes,,,,,2,stage-g-merge,,,,,,
liangrong2021_cohort_t67m_paidany,n_outcome_observed,170,extraction_outcomes,,,,,2,stage-g-merge,,,,,,
liangrong2021_cohort_t67m_paidany,denominator_basis,outcome_observed,extraction_outcomes,,,,,2,stage-g-merge,,,,,,
liangrong2021_cohort_t67m_paidany,followup_months,67,extraction_outcomes,,,,,2,stage-g-merge,,,,,,
liangrong2021_cohort_t67m_paidany,followup_basis,since_baseline_mean,extraction_outcomes,,,,,2,stage-g-merge,,,,,,
liangrong2021_cohort_t67m_paidany,result_role,reported,extraction_outcomes,,,,,2,stage-g-merge,,,,,,
liangrong2021_cohort_t67m_paidany,conflict_status,none,extraction_outcomes,,,,,2,stage-g-merge,,,,,,
liangrong2021_cohort_t67m_paidany,arm_id,cohort,extraction_outcomes,,,,,2,stage-g-merge,,,,,,
liangrong2021_cohort_t67m_paidany,derivation_component_result_ids,,extraction_outcomes,,,,,2,stage-g-merge,,,,,,
liangrong2021_cohort_t67m_paidany,employment_selection_status,none,extraction_cohorts,,,,,1,stage-g-merge,,,,,,
liangrong2021_cohort_t67m_paidany,diagnosis_group,schizophrenia,extraction_cohorts,,,,,2,stage-g-merge,,,,,,
liangrong2021_cohort_t67m_paidany,perc_qualifying_diagnosis,100,extraction_cohorts,,,,,2,stage-g-merge,,,,,,
liangrong2021_cohort_t67m_paidany,design,retrospective_cohort,extraction_cohorts,,,,,1,stage-g-merge,,,,,,
liangrong2021_cohort_t67m_paidany,arm_type,cohort,extraction_arms,,,,,2,stage-g-merge,,,,,,
liangrong2021_cohort_t67m_paidany,analysis_selection_status,none,extraction_arms,,,,,2,stage-g-merge,,,,,,
liangrong2021_cohort_t67m_paidany,employment_targeted_intervention,not_applicable,extraction_arms,,,,,2,stage-g-merge,,,,,,
liangrong2021_cohort_t67m_paidoredu,outcome_construct,paid_or_education,extraction_outcomes,,,,,2,stage-g-merge,,,,,,
liangrong2021_cohort_t67m_paidoredu,ascertainment,point_prevalence,extraction_outcomes,,,,,2,stage-g-merge,,,,,,
liangrong2021_cohort_t67m_paidoredu,ascertainment_window_months,,extraction_outcomes,,,,,2,stage-g-merge,,,,,,
liangrong2021_cohort_t67m_paidoredu,n_employed,159,extraction_outcomes,,,,,2,stage-g-merge,,,,,,
liangrong2021_cohort_t67m_paidoredu,n_outcome_observed,170,extraction_outcomes,,,,,2,stage-g-merge,,,,,,
liangrong2021_cohort_t67m_paidoredu,denominator_basis,outcome_observed,extraction_outcomes,,,,,2,stage-g-merge,,,,,,
liangrong2021_cohort_t67m_paidoredu,followup_months,67,extraction_outcomes,,,,,2,stage-g-merge,,,,,,
liangrong2021_cohort_t67m_paidoredu,followup_basis,since_baseline_mean,extraction_outcomes,,,,,2,stage-g-merge,,,,,,
liangrong2021_cohort_t67m_paidoredu,result_role,reported,extraction_outcomes,,,,,2,stage-g-merge,,,,,,
liangrong2021_cohort_t67m_paidoredu,conflict_status,none,extraction_outcomes,,,,,2,stage-g-merge,,,,,,
liangrong2021_cohort_t67m_paidoredu,arm_id,cohort,extraction_outcomes,,,,,2,stage-g-merge,,,,,,
liangrong2021_cohort_t67m_paidoredu,derivation_component_result_ids,,extraction_outcomes,,,,,2,stage-g-merge,,,,,,
liangrong2021_cohort_t67m_paidoredu,employment_selection_status,none,extraction_cohorts,,,,,1,stage-g-merge,,,,,,
liangrong2021_cohort_t67m_paidoredu,diagnosis_group,schizophrenia,extraction_cohorts,,,,,2,stage-g-merge,,,,,,
liangrong2021_cohort_t67m_paidoredu,perc_qualifying_diagnosis,100,extraction_cohorts,,,,,2,stage-g-merge,,,,,,
liangrong2021_cohort_t67m_paidoredu,design,retrospective_cohort,extraction_cohorts,,,,,1,stage-g-merge,,,,,,
liangrong2021_cohort_t67m_paidoredu,arm_type,cohort,extraction_arms,,,,,2,stage-g-merge,,,,,,
liangrong2021_cohort_t67m_paidoredu,analysis_selection_status,none,extraction_arms,,,,,2,stage-g-merge,,,,,,
liangrong2021_cohort_t67m_paidoredu,employment_targeted_intervention,not_applicable,extraction_arms,,,,,2,stage-g-merge,,,,,,
liangrong2021_cohort_t67m_edu,outcome_construct,education_only,extraction_outcomes,,,,,2,stage-g-merge,,,,,,
liangrong2021_cohort_t67m_edu,ascertainment,point_prevalence,extraction_outcomes,,,,,2,stage-g-merge,,,,,,
liangrong2021_cohort_t67m_edu,ascertainment_window_months,,extraction_outcomes,,,,,2,stage-g-merge,,,,,,
liangrong2021_cohort_t67m_edu,n_employed,89,extraction_outcomes,,,,,2,stage-g-merge,,,,,,
liangrong2021_cohort_t67m_edu,n_outcome_observed,170,extraction_outcomes,,,,,2,stage-g-merge,,,,,,
liangrong2021_cohort_t67m_edu,denominator_basis,outcome_observed,extraction_outcomes,,,,,2,stage-g-merge,,,,,,
liangrong2021_cohort_t67m_edu,followup_months,67,extraction_outcomes,,,,,2,stage-g-merge,,,,,,
liangrong2021_cohort_t67m_edu,followup_basis,since_baseline_mean,extraction_outcomes,,,,,2,stage-g-merge,,,,,,
liangrong2021_cohort_t67m_edu,result_role,reported,extraction_outcomes,,,,,2,stage-g-merge,,,,,,
liangrong2021_cohort_t67m_edu,conflict_status,none,extraction_outcomes,,,,,2,stage-g-merge,,,,,,
liangrong2021_cohort_t67m_edu,arm_id,cohort,extraction_outcomes,,,,,2,stage-g-merge,,,,,,
liangrong2021_cohort_t67m_edu,derivation_component_result_ids,,extraction_outcomes,,,,,2,stage-g-merge,,,,,,
liangrong2021_cohort_t67m_edu,employment_selection_status,none,extraction_cohorts,,,,,1,stage-g-merge,,,,,,
liangrong2021_cohort_t67m_edu,diagnosis_group,schizophrenia,extraction_cohorts,,,,,2,stage-g-merge,,,,,,
liangrong2021_cohort_t67m_edu,perc_qualifying_diagnosis,100,extraction_cohorts,,,,,2,stage-g-merge,,,,,,
liangrong2021_cohort_t67m_edu,design,retrospective_cohort,extraction_cohorts,,,,,1,stage-g-merge,,,,,,
liangrong2021_cohort_t67m_edu,arm_type,cohort,extraction_arms,,,,,2,stage-g-merge,,,,,,
liangrong2021_cohort_t67m_edu,analysis_selection_status,none,extraction_arms,,,,,2,stage-g-merge,,,,,,
liangrong2021_cohort_t67m_edu,employment_targeted_intervention,not_applicable,extraction_arms,,,,,2,stage-g-merge,,,,,,
lindgren2020_cohort_t12m_paidoredu,outcome_construct,paid_or_education,extraction_outcomes,,,,,2,stage-g-merge,,,,,,
lindgren2020_cohort_t12m_paidoredu,ascertainment,point_prevalence,extraction_outcomes,,,,,2,stage-g-merge,,,,,,
lindgren2020_cohort_t12m_paidoredu,ascertainment_window_months,,extraction_outcomes,,,,,2,stage-g-merge,,,,,,
lindgren2020_cohort_t12m_paidoredu,n_employed,26,extraction_outcomes,,,,,2,stage-g-merge,,,,,,
lindgren2020_cohort_t12m_paidoredu,n_outcome_observed,53,extraction_outcomes,,,,,2,stage-g-merge,,,,,,
lindgren2020_cohort_t12m_paidoredu,denominator_basis,outcome_observed,extraction_outcomes,,,,,2,stage-g-merge,,,,,,
lindgren2020_cohort_t12m_paidoredu,followup_months,12,extraction_outcomes,,,,,2,stage-g-merge,,,,,,
lindgren2020_cohort_t12m_paidoredu,followup_basis,since_baseline,extraction_outcomes,,,,,2,stage-g-merge,,,,,,
lindgren2020_cohort_t12m_paidoredu,result_role,reported,extraction_outcomes,,,,,2,stage-g-merge,,,,,,
lindgren2020_cohort_t12m_paidoredu,conflict_status,none,extraction_outcomes,,,,,2,stage-g-merge,,,,,,
lindgren2020_cohort_t12m_paidoredu,arm_id,cohort,extraction_outcomes,,,,,2,stage-g-merge,,,,,,
lindgren2020_cohort_t12m_paidoredu,derivation_component_result_ids,,extraction_outcomes,,,,,2,stage-g-merge,,,,,,
lindgren2020_cohort_t12m_paidoredu,employment_selection_status,none,extraction_cohorts,,,,,1,stage-g-merge,,,,,,
lindgren2020_cohort_t12m_paidoredu,diagnosis_group,fep,extraction_cohorts,,,,,2,stage-g-merge,,,,,,
lindgren2020_cohort_t12m_paidoredu,perc_qualifying_diagnosis,100,extraction_cohorts,,,,,2,stage-g-merge,,,,,,
lindgren2020_cohort_t12m_paidoredu,design,prospective_cohort,extraction_cohorts,,,,,1,stage-g-merge,,,,,,
lindgren2020_cohort_t12m_paidoredu,arm_type,cohort,extraction_arms,,,,,2,stage-g-merge,,,,,,
lindgren2020_cohort_t12m_paidoredu,analysis_selection_status,none,extraction_arms,,,,,2,stage-g-merge,,,,,,
lindgren2020_cohort_t12m_paidoredu,employment_targeted_intervention,not_applicable,extraction_arms,,,,,2,stage-g-merge,,,,,,
luo2019_act_t12m_paidany,outcome_construct,paid_any,extraction_outcomes,,,,,2,stage-g-merge,,,,,,
luo2019_act_t12m_paidany,ascertainment,any_time_during_followup,extraction_outcomes,,,,,2,stage-g-merge,,,,,,
luo2019_act_t12m_paidany,ascertainment_window_months,12,extraction_outcomes,,,,,2,stage-g-merge,,,,,,
luo2019_act_t12m_paidany,n_employed,10,extraction_outcomes,,,,,2,stage-g-merge,,,,,,
luo2019_act_t12m_paidany,n_outcome_observed,30,extraction_outcomes,,,,,2,stage-g-merge,,,,,,
luo2019_act_t12m_paidany,denominator_basis,outcome_observed,extraction_outcomes,,,,,2,stage-g-merge,,,,,,
luo2019_act_t12m_paidany,followup_months,12,extraction_outcomes,,,,,2,stage-g-merge,,,,,,
luo2019_act_t12m_paidany,followup_basis,since_baseline,extraction_outcomes,,,,,2,stage-g-merge,,,,,,
luo2019_act_t12m_paidany,result_role,reported,extraction_outcomes,,,,,2,stage-g-merge,,,,,,
luo2019_act_t12m_paidany,conflict_status,none,extraction_outcomes,,,,,2,stage-g-merge,,,,,,
luo2019_act_t12m_paidany,arm_id,act,extraction_outcomes,,,,,2,stage-g-merge,,,,,,
luo2019_act_t12m_paidany,derivation_component_result_ids,,extraction_outcomes,,,,,2,stage-g-merge,,,,,,
luo2019_act_t12m_paidany,employment_selection_status,unclear,extraction_cohorts,,,,,1,stage-g-merge,,,,,,
luo2019_act_t12m_paidany,diagnosis_group,schizophrenia,extraction_cohorts,,,,,2,stage-g-merge,,,,,,
luo2019_act_t12m_paidany,perc_qualifying_diagnosis,100,extraction_cohorts,,,,,2,stage-g-merge,,,,,,
luo2019_act_t12m_paidany,design,rct,extraction_cohorts,,,,,1,stage-g-merge,,,,,,
luo2019_act_t12m_paidany,arm_type,intervention,extraction_arms,,,,,2,stage-g-merge,,,,,,
luo2019_act_t12m_paidany,analysis_selection_status,unclear,extraction_arms,,,,,2,stage-g-merge,,,,,,
luo2019_act_t12m_paidany,employment_targeted_intervention,,extraction_arms,,,,,2,stage-g-merge,,,,,,
luo2019_tau_t12m_paidany,outcome_construct,paid_any,extraction_outcomes,,,,,2,stage-g-merge,,,,,,
luo2019_tau_t12m_paidany,ascertainment,any_time_during_followup,extraction_outcomes,,,,,2,stage-g-merge,,,,,,
luo2019_tau_t12m_paidany,ascertainment_window_months,12,extraction_outcomes,,,,,2,stage-g-merge,,,,,,
luo2019_tau_t12m_paidany,n_employed,1,extraction_outcomes,,,,,2,stage-g-merge,,,,,,
luo2019_tau_t12m_paidany,n_outcome_observed,28,extraction_outcomes,,,,,2,stage-g-merge,,,,,,
luo2019_tau_t12m_paidany,denominator_basis,outcome_observed,extraction_outcomes,,,,,2,stage-g-merge,,,,,,
luo2019_tau_t12m_paidany,followup_months,12,extraction_outcomes,,,,,2,stage-g-merge,,,,,,
luo2019_tau_t12m_paidany,followup_basis,since_baseline,extraction_outcomes,,,,,2,stage-g-merge,,,,,,
luo2019_tau_t12m_paidany,result_role,reported,extraction_outcomes,,,,,2,stage-g-merge,,,,,,
luo2019_tau_t12m_paidany,conflict_status,none,extraction_outcomes,,,,,2,stage-g-merge,,,,,,
luo2019_tau_t12m_paidany,arm_id,tau,extraction_outcomes,,,,,2,stage-g-merge,,,,,,
luo2019_tau_t12m_paidany,derivation_component_result_ids,,extraction_outcomes,,,,,2,stage-g-merge,,,,,,
luo2019_tau_t12m_paidany,employment_selection_status,unclear,extraction_cohorts,,,,,1,stage-g-merge,,,,,,
luo2019_tau_t12m_paidany,diagnosis_group,schizophrenia,extraction_cohorts,,,,,2,stage-g-merge,,,,,,
luo2019_tau_t12m_paidany,perc_qualifying_diagnosis,100,extraction_cohorts,,,,,2,stage-g-merge,,,,,,
luo2019_tau_t12m_paidany,design,rct,extraction_cohorts,,,,,1,stage-g-merge,,,,,,
luo2019_tau_t12m_paidany,arm_type,control_tau,extraction_arms,,,,,2,stage-g-merge,,,,,,
luo2019_tau_t12m_paidany,analysis_selection_status,unclear,extraction_arms,,,,,2,stage-g-merge,,,,,,
luo2019_tau_t12m_paidany,employment_targeted_intervention,,extraction_arms,,,,,2,stage-g-merge,,,,,,
luo2019_act_t12m_paidcomp,outcome_construct,paid_competitive,extraction_outcomes,,,,,2,stage-g-merge,,,,,,
luo2019_act_t12m_paidcomp,ascertainment,any_time_during_followup,extraction_outcomes,,,,,2,stage-g-merge,,,,,,
luo2019_act_t12m_paidcomp,ascertainment_window_months,12,extraction_outcomes,,,,,2,stage-g-merge,,,,,,
luo2019_act_t12m_paidcomp,n_employed,4,extraction_outcomes,,,,,2,stage-g-merge,,,,,,
luo2019_act_t12m_paidcomp,n_outcome_observed,30,extraction_outcomes,,,,,2,stage-g-merge,,,,,,
luo2019_act_t12m_paidcomp,denominator_basis,outcome_observed,extraction_outcomes,,,,,2,stage-g-merge,,,,,,
luo2019_act_t12m_paidcomp,followup_months,12,extraction_outcomes,,,,,2,stage-g-merge,,,,,,
luo2019_act_t12m_paidcomp,followup_basis,since_baseline,extraction_outcomes,,,,,2,stage-g-merge,,,,,,
luo2019_act_t12m_paidcomp,result_role,reported,extraction_outcomes,,,,,2,stage-g-merge,,,,,,
luo2019_act_t12m_paidcomp,conflict_status,none,extraction_outcomes,,,,,2,stage-g-merge,,,,,,
luo2019_act_t12m_paidcomp,arm_id,act,extraction_outcomes,,,,,2,stage-g-merge,,,,,,
luo2019_act_t12m_paidcomp,derivation_component_result_ids,,extraction_outcomes,,,,,2,stage-g-merge,,,,,,
luo2019_act_t12m_paidcomp,employment_selection_status,unclear,extraction_cohorts,,,,,1,stage-g-merge,,,,,,
luo2019_act_t12m_paidcomp,diagnosis_group,schizophrenia,extraction_cohorts,,,,,2,stage-g-merge,,,,,,
luo2019_act_t12m_paidcomp,perc_qualifying_diagnosis,100,extraction_cohorts,,,,,2,stage-g-merge,,,,,,
luo2019_act_t12m_paidcomp,design,rct,extraction_cohorts,,,,,1,stage-g-merge,,,,,,
luo2019_act_t12m_paidcomp,arm_type,intervention,extraction_arms,,,,,2,stage-g-merge,,,,,,
luo2019_act_t12m_paidcomp,analysis_selection_status,unclear,extraction_arms,,,,,2,stage-g-merge,,,,,,
luo2019_act_t12m_paidcomp,employment_targeted_intervention,,extraction_arms,,,,,2,stage-g-merge,,,,,,
luo2019_act_t12m_transitional,outcome_construct,unclear,extraction_outcomes,,,,,2,stage-g-merge,,,,,,
luo2019_act_t12m_transitional,ascertainment,any_time_during_followup,extraction_outcomes,,,,,2,stage-g-merge,,,,,,
luo2019_act_t12m_transitional,ascertainment_window_months,12,extraction_outcomes,,,,,2,stage-g-merge,,,,,,
luo2019_act_t12m_transitional,n_employed,6,extraction_outcomes,,,,,2,stage-g-merge,,,,,,
luo2019_act_t12m_transitional,n_outcome_observed,30,extraction_outcomes,,,,,2,stage-g-merge,,,,,,
luo2019_act_t12m_transitional,denominator_basis,outcome_observed,extraction_outcomes,,,,,2,stage-g-merge,,,,,,
luo2019_act_t12m_transitional,followup_months,12,extraction_outcomes,,,,,2,stage-g-merge,,,,,,
luo2019_act_t12m_transitional,followup_basis,since_baseline,extraction_outcomes,,,,,2,stage-g-merge,,,,,,
luo2019_act_t12m_transitional,result_role,reported,extraction_outcomes,,,,,2,stage-g-merge,,,,,,
luo2019_act_t12m_transitional,conflict_status,none,extraction_outcomes,,,,,2,stage-g-merge,,,,,,
luo2019_act_t12m_transitional,arm_id,act,extraction_outcomes,,,,,2,stage-g-merge,,,,,,
luo2019_act_t12m_transitional,derivation_component_result_ids,,extraction_outcomes,,,,,2,stage-g-merge,,,,,,
luo2019_act_t12m_transitional,employment_selection_status,unclear,extraction_cohorts,,,,,1,stage-g-merge,,,,,,
luo2019_act_t12m_transitional,diagnosis_group,schizophrenia,extraction_cohorts,,,,,2,stage-g-merge,,,,,,
luo2019_act_t12m_transitional,perc_qualifying_diagnosis,100,extraction_cohorts,,,,,2,stage-g-merge,,,,,,
luo2019_act_t12m_transitional,design,rct,extraction_cohorts,,,,,1,stage-g-merge,,,,,,
luo2019_act_t12m_transitional,arm_type,intervention,extraction_arms,,,,,2,stage-g-merge,,,,,,
luo2019_act_t12m_transitional,analysis_selection_status,unclear,extraction_arms,,,,,2,stage-g-merge,,,,,,
luo2019_act_t12m_transitional,employment_targeted_intervention,,extraction_arms,,,,,2,stage-g-merge,,,,,,
maguire2021_migrants_discharge_paidoreduc,outcome_construct,paid_or_education,extraction_outcomes,,,,,2,stage-g-merge,,,,,,
maguire2021_migrants_discharge_paidoreduc,ascertainment,point_prevalence,extraction_outcomes,,,,,2,stage-g-merge,,,,,,
maguire2021_migrants_discharge_paidoreduc,ascertainment_window_months,,extraction_outcomes,,,,,2,stage-g-merge,,,,,,
maguire2021_migrants_discharge_paidoreduc,n_employed,137,extraction_outcomes,,,,,2,stage-g-merge,,,,,,
maguire2021_migrants_discharge_paidoreduc,n_outcome_observed,293,extraction_outcomes,,,,,2,stage-g-merge,,,,,,
maguire2021_migrants_discharge_paidoreduc,denominator_basis,outcome_observed,extraction_outcomes,,,,,2,stage-g-merge,,,,,,
maguire2021_migrants_discharge_paidoreduc,followup_months,,extraction_outcomes,,,,,2,stage-g-merge,,,,,,
maguire2021_migrants_discharge_paidoreduc,followup_basis,calendar_end_common,extraction_outcomes,,,,,2,stage-g-merge,,,,,,
maguire2021_migrants_discharge_paidoreduc,result_role,component_only,extraction_outcomes,,,,,2,stage-g-merge,,,,,,
maguire2021_migrants_discharge_paidoreduc,conflict_status,unresolved,extraction_outcomes,,,,,2,stage-g-merge,,,,,,
maguire2021_migrants_discharge_paidoreduc,arm_id,migrants,extraction_outcomes,,,,,2,stage-g-merge,,,,,,
maguire2021_migrants_discharge_paidoreduc,derivation_component_result_ids,,extraction_outcomes,,,,,2,stage-g-merge,,,,,,
maguire2021_migrants_discharge_paidoreduc,employment_selection_status,none,extraction_cohorts,,,,,1,stage-g-merge,,,,,,
maguire2021_migrants_discharge_paidoreduc,diagnosis_group,fep,extraction_cohorts,,,,,2,stage-g-merge,,,,,,
maguire2021_migrants_discharge_paidoreduc,perc_qualifying_diagnosis,100,extraction_cohorts,,,,,2,stage-g-merge,,,,,,
maguire2021_migrants_discharge_paidoreduc,design,retrospective_cohort,extraction_cohorts,,,,,1,stage-g-merge,,,,,,
maguire2021_migrants_discharge_paidoreduc,arm_type,subgroup,extraction_arms,,,,,2,stage-g-merge,,,,,,
maguire2021_migrants_discharge_paidoreduc,analysis_selection_status,none,extraction_arms,,,,,2,stage-g-merge,,,,,,
maguire2021_migrants_discharge_paidoreduc,employment_targeted_intervention,,extraction_arms,,,,,2,stage-g-merge,,,,,,
maguire2021_ausborn_discharge_paidoreduc,outcome_construct,paid_or_education,extraction_outcomes,,,,,2,stage-g-merge,,,,,,
maguire2021_ausborn_discharge_paidoreduc,ascertainment,point_prevalence,extraction_outcomes,,,,,2,stage-g-merge,,,,,,
maguire2021_ausborn_discharge_paidoreduc,ascertainment_window_months,,extraction_outcomes,,,,,2,stage-g-merge,,,,,,
maguire2021_ausborn_discharge_paidoreduc,n_employed,457,extraction_outcomes,,,,,2,stage-g-merge,,,,,,
maguire2021_ausborn_discharge_paidoreduc,n_outcome_observed,903,extraction_outcomes,,,,,2,stage-g-merge,,,,,,
maguire2021_ausborn_discharge_paidoreduc,denominator_basis,outcome_observed,extraction_outcomes,,,,,2,stage-g-merge,,,,,,
maguire2021_ausborn_discharge_paidoreduc,followup_months,,extraction_outcomes,,,,,2,stage-g-merge,,,,,,
maguire2021_ausborn_discharge_paidoreduc,followup_basis,calendar_end_common,extraction_outcomes,,,,,2,stage-g-merge,,,,,,
maguire2021_ausborn_discharge_paidoreduc,result_role,component_only,extraction_outcomes,,,,,2,stage-g-merge,,,,,,
maguire2021_ausborn_discharge_paidoreduc,conflict_status,none,extraction_outcomes,,,,,2,stage-g-merge,,,,,,
maguire2021_ausborn_discharge_paidoreduc,arm_id,australian_born,extraction_outcomes,,,,,2,stage-g-merge,,,,,,
maguire2021_ausborn_discharge_paidoreduc,derivation_component_result_ids,,extraction_outcomes,,,,,2,stage-g-merge,,,,,,
maguire2021_ausborn_discharge_paidoreduc,employment_selection_status,none,extraction_cohorts,,,,,1,stage-g-merge,,,,,,
maguire2021_ausborn_discharge_paidoreduc,diagnosis_group,fep,extraction_cohorts,,,,,2,stage-g-merge,,,,,,
maguire2021_ausborn_discharge_paidoreduc,perc_qualifying_diagnosis,100,extraction_cohorts,,,,,2,stage-g-merge,,,,,,
maguire2021_ausborn_discharge_paidoreduc,design,retrospective_cohort,extraction_cohorts,,,,,1,stage-g-merge,,,,,,
maguire2021_ausborn_discharge_paidoreduc,arm_type,subgroup,extraction_arms,,,,,2,stage-g-merge,,,,,,
maguire2021_ausborn_discharge_paidoreduc,analysis_selection_status,none,extraction_arms,,,,,2,stage-g-merge,,,,,,
maguire2021_ausborn_discharge_paidoreduc,employment_targeted_intervention,,extraction_arms,,,,,2,stage-g-merge,,,,,,
maguire2021_cohort_discharge_paidoreduc,outcome_construct,paid_or_education,extraction_outcomes,,,,,2,stage-g-merge,,,,,,
maguire2021_cohort_discharge_paidoreduc,ascertainment,point_prevalence,extraction_outcomes,,,,,2,stage-g-merge,,,,,,
maguire2021_cohort_discharge_paidoreduc,ascertainment_window_months,,extraction_outcomes,,,,,2,stage-g-merge,,,,,,
maguire2021_cohort_discharge_paidoreduc,n_employed,594,extraction_outcomes,,,,,2,stage-g-merge,,,,,,
maguire2021_cohort_discharge_paidoreduc,n_outcome_observed,1196,extraction_outcomes,,,,,2,stage-g-merge,,,,,,
maguire2021_cohort_discharge_paidoreduc,denominator_basis,outcome_observed,extraction_outcomes,,,,,2,stage-g-merge,,,,,,
maguire2021_cohort_discharge_paidoreduc,followup_months,,extraction_outcomes,,,,,2,stage-g-merge,,,,,,
maguire2021_cohort_discharge_paidoreduc,followup_basis,calendar_end_common,extraction_outcomes,,,,,2,stage-g-merge,,,,,,
maguire2021_cohort_discharge_paidoreduc,result_role,derived,extraction_outcomes,,,,,2,stage-g-merge,,,,,,
maguire2021_cohort_discharge_paidoreduc,conflict_status,unresolved,extraction_outcomes,,,,,2,stage-g-merge,,,,,,
maguire2021_cohort_discharge_paidoreduc,arm_id,cohort,extraction_outcomes,,,,,2,stage-g-merge,,,,,,
maguire2021_cohort_discharge_paidoreduc,derivation_component_result_ids,maguire2021_migrants_discharge_paidoreduc;maguire2021_ausborn_discharge_paidoreduc,extraction_outcomes,,,,,2,stage-g-merge,,,,,,
maguire2021_cohort_discharge_paidoreduc,employment_selection_status,none,extraction_cohorts,,,,,1,stage-g-merge,,,,,,
maguire2021_cohort_discharge_paidoreduc,diagnosis_group,fep,extraction_cohorts,,,,,2,stage-g-merge,,,,,,
maguire2021_cohort_discharge_paidoreduc,perc_qualifying_diagnosis,100,extraction_cohorts,,,,,2,stage-g-merge,,,,,,
maguire2021_cohort_discharge_paidoreduc,design,retrospective_cohort,extraction_cohorts,,,,,1,stage-g-merge,,,,,,
maguire2021_cohort_discharge_paidoreduc,arm_type,cohort,extraction_arms,,,,,2,stage-g-merge,,,,,,
maguire2021_cohort_discharge_paidoreduc,analysis_selection_status,none,extraction_arms,,,,,2,stage-g-merge,,,,,,
maguire2021_cohort_discharge_paidoreduc,employment_targeted_intervention,not_applicable,extraction_arms,,,,,2,stage-g-merge,,,,,,
martini2017_cohort_t18m_paidthreshold30d,outcome_construct,paid_intensity_threshold,extraction_outcomes,,,,,2,stage-g-merge,,,,,,
martini2017_cohort_t18m_paidthreshold30d,ascertainment,any_time_during_followup,extraction_outcomes,,,,,2,stage-g-merge,,,,,,
martini2017_cohort_t18m_paidthreshold30d,ascertainment_window_months,18,extraction_outcomes,,,,,2,stage-g-merge,,,,,,
martini2017_cohort_t18m_paidthreshold30d,n_employed,19,extraction_outcomes,,,,,2,stage-g-merge,,,,,,
martini2017_cohort_t18m_paidthreshold30d,n_outcome_observed,45,extraction_outcomes,,,,,2,stage-g-merge,,,,,,
martini2017_cohort_t18m_paidthreshold30d,denominator_basis,outcome_observed,extraction_outcomes,,,,,2,stage-g-merge,,,,,,
martini2017_cohort_t18m_paidthreshold30d,followup_months,18,extraction_outcomes,,,,,2,stage-g-merge,,,,,,
martini2017_cohort_t18m_paidthreshold30d,followup_basis,since_baseline,extraction_outcomes,,,,,2,stage-g-merge,,,,,,
martini2017_cohort_t18m_paidthreshold30d,result_role,reported,extraction_outcomes,,,,,2,stage-g-merge,,,,,,
martini2017_cohort_t18m_paidthreshold30d,conflict_status,unresolved,extraction_outcomes,,,,,2,stage-g-merge,,,,,,
martini2017_cohort_t18m_paidthreshold30d,arm_id,cohort,extraction_outcomes,,,,,2,stage-g-merge,,,,,,
martini2017_cohort_t18m_paidthreshold30d,derivation_component_result_ids,,extraction_outcomes,,,,,2,stage-g-merge,,,,,,
martini2017_cohort_t18m_paidthreshold30d,employment_selection_status,selected,extraction_cohorts,,,,,1,stage-g-merge,,,,,,
martini2017_cohort_t18m_paidthreshold30d,diagnosis_group,schizophrenia,extraction_cohorts,,,,,2,stage-g-merge,,,,,,
martini2017_cohort_t18m_paidthreshold30d,perc_qualifying_diagnosis,100,extraction_cohorts,,,,,2,stage-g-merge,,,,,,
martini2017_cohort_t18m_paidthreshold30d,design,prospective_cohort,extraction_cohorts,,,,,1,stage-g-merge,,,,,,
martini2017_cohort_t18m_paidthreshold30d,arm_type,cohort,extraction_arms,,,,,2,stage-g-merge,,,,,,
martini2017_cohort_t18m_paidthreshold30d,analysis_selection_status,selected,extraction_arms,,,,,2,stage-g-merge,,,,,,
martini2017_cohort_t18m_paidthreshold30d,employment_targeted_intervention,not_applicable,extraction_arms,,,,,2,stage-g-merge,,,,,,
martini2017_egworked_t18m_paidany_retention,outcome_construct,paid_any,extraction_outcomes,,,,,2,stage-g-merge,,,,,,
martini2017_egworked_t18m_paidany_retention,ascertainment,point_prevalence,extraction_outcomes,,,,,2,stage-g-merge,,,,,,
martini2017_egworked_t18m_paidany_retention,ascertainment_window_months,,extraction_outcomes,,,,,2,stage-g-merge,,,,,,
martini2017_egworked_t18m_paidany_retention,n_employed,7,extraction_outcomes,,,,,2,stage-g-merge,,,,,,
martini2017_egworked_t18m_paidany_retention,n_outcome_observed,19,extraction_outcomes,,,,,2,stage-g-merge,,,,,,
martini2017_egworked_t18m_paidany_retention,denominator_basis,outcome_observed,extraction_outcomes,,,,,2,stage-g-merge,,,,,,
martini2017_egworked_t18m_paidany_retention,followup_months,18,extraction_outcomes,,,,,2,stage-g-merge,,,,,,
martini2017_egworked_t18m_paidany_retention,followup_basis,since_baseline,extraction_outcomes,,,,,2,stage-g-merge,,,,,,
martini2017_egworked_t18m_paidany_retention,result_role,component_only,extraction_outcomes,,,,,2,stage-g-merge,,,,,,
martini2017_egworked_t18m_paidany_retention,conflict_status,none,extraction_outcomes,,,,,2,stage-g-merge,,,,,,
martini2017_egworked_t18m_paidany_retention,arm_id,eg_worked,extraction_outcomes,,,,,2,stage-g-merge,,,,,,
martini2017_egworked_t18m_paidany_retention,derivation_component_result_ids,,extraction_outcomes,,,,,2,stage-g-merge,,,,,,
martini2017_egworked_t18m_paidany_retention,employment_selection_status,selected,extraction_cohorts,,,,,1,stage-g-merge,,,,,,
martini2017_egworked_t18m_paidany_retention,diagnosis_group,schizophrenia,extraction_cohorts,,,,,2,stage-g-merge,,,,,,
martini2017_egworked_t18m_paidany_retention,perc_qualifying_diagnosis,100,extraction_cohorts,,,,,2,stage-g-merge,,,,,,
martini2017_egworked_t18m_paidany_retention,design,prospective_cohort,extraction_cohorts,,,,,1,stage-g-merge,,,,,,
martini2017_egworked_t18m_paidany_retention,arm_type,subgroup,extraction_arms,,,,,2,stage-g-merge,,,,,,
martini2017_egworked_t18m_paidany_retention,analysis_selection_status,selected,extraction_arms,,,,,2,stage-g-merge,,,,,,
martini2017_egworked_t18m_paidany_retention,employment_targeted_intervention,,extraction_arms,,,,,2,stage-g-merge,,,,,,
mcgurk2016_evr_t36m_paidcomp,outcome_construct,paid_competitive,extraction_outcomes,,,,,2,stage-g-merge,,,,,,
mcgurk2016_evr_t36m_paidcomp,ascertainment,any_time_during_followup,extraction_outcomes,,,,,2,stage-g-merge,,,,,,
mcgurk2016_evr_t36m_paidcomp,ascertainment_window_months,36,extraction_outcomes,,,,,2,stage-g-merge,,,,,,
mcgurk2016_evr_t36m_paidcomp,n_employed,12,extraction_outcomes,,,,,2,stage-g-merge,,,,,,
mcgurk2016_evr_t36m_paidcomp,n_outcome_observed,26,extraction_outcomes,,,,,2,stage-g-merge,,,,,,
mcgurk2016_evr_t36m_paidcomp,denominator_basis,entered,extraction_outcomes,,,,,2,stage-g-merge,,,,,,
mcgurk2016_evr_t36m_paidcomp,followup_months,36,extraction_outcomes,,,,,2,stage-g-merge,,,,,,
mcgurk2016_evr_t36m_paidcomp,followup_basis,since_baseline,extraction_outcomes,,,,,2,stage-g-merge,,,,,,
mcgurk2016_evr_t36m_paidcomp,result_role,reported,extraction_outcomes,,,,,2,stage-g-merge,,,,,,
mcgurk2016_evr_t36m_paidcomp,conflict_status,unresolved,extraction_outcomes,,,,,2,stage-g-merge,,,,,,
mcgurk2016_evr_t36m_paidcomp,arm_id,evr,extraction_outcomes,,,,,2,stage-g-merge,,,,,,
mcgurk2016_evr_t36m_paidcomp,derivation_component_result_ids,,extraction_outcomes,,,,,2,stage-g-merge,,,,,,
mcgurk2016_evr_t36m_paidcomp,employment_selection_status,selected,extraction_cohorts,,,,,1,stage-g-merge,,,,,,
mcgurk2016_evr_t36m_paidcomp,diagnosis_group,smi_mixed,extraction_cohorts,,,,,2,stage-g-merge,,,,,,
mcgurk2016_evr_t36m_paidcomp,perc_qualifying_diagnosis,83,extraction_cohorts,,,,,2,stage-g-merge,,,,,,
mcgurk2016_evr_t36m_paidcomp,design,rct,extraction_cohorts,,,,,1,stage-g-merge,,,,,,
mcgurk2016_evr_t36m_paidcomp,arm_type,control_active,extraction_arms,,,,,2,stage-g-merge,,,,,,
mcgurk2016_evr_t36m_paidcomp,analysis_selection_status,selected,extraction_arms,,,,,2,stage-g-merge,,,,,,
mcgurk2016_evr_t36m_paidcomp,employment_targeted_intervention,,extraction_arms,,,,,2,stage-g-merge,,,,,,
mcgurk2016_evr_t36m_paidany,outcome_construct,paid_any,extraction_outcomes,,,,,2,stage-g-merge,,,,,,
mcgurk2016_evr_t36m_paidany,ascertainment,any_time_during_followup,extraction_outcomes,,,,,2,stage-g-merge,,,,,,
mcgurk2016_evr_t36m_paidany,ascertainment_window_months,36,extraction_outcomes,,,,,2,stage-g-merge,,,,,,
mcgurk2016_evr_t36m_paidany,n_employed,12,extraction_outcomes,,,,,2,stage-g-merge,,,,,,
mcgurk2016_evr_t36m_paidany,n_outcome_observed,26,extraction_outcomes,,,,,2,stage-g-merge,,,,,,
mcgurk2016_evr_t36m_paidany,denominator_basis,entered,extraction_outcomes,,,,,2,stage-g-merge,,,,,,
mcgurk2016_evr_t36m_paidany,followup_months,36,extraction_outcomes,,,,,2,stage-g-merge,,,,,,
mcgurk2016_evr_t36m_paidany,followup_basis,since_baseline,extraction_outcomes,,,,,2,stage-g-merge,,,,,,
mcgurk2016_evr_t36m_paidany,result_role,reported,extraction_outcomes,,,,,2,stage-g-merge,,,,,,
mcgurk2016_evr_t36m_paidany,conflict_status,unresolved,extraction_outcomes,,,,,2,stage-g-merge,,,,,,
mcgurk2016_evr_t36m_paidany,arm_id,evr,extraction_outcomes,,,,,2,stage-g-merge,,,,,,
mcgurk2016_evr_t36m_paidany,derivation_component_result_ids,,extraction_outcomes,,,,,2,stage-g-merge,,,,,,
mcgurk2016_evr_t36m_paidany,employment_selection_status,selected,extraction_cohorts,,,,,1,stage-g-merge,,,,,,
mcgurk2016_evr_t36m_paidany,diagnosis_group,smi_mixed,extraction_cohorts,,,,,2,stage-g-merge,,,,,,
mcgurk2016_evr_t36m_paidany,perc_qualifying_diagnosis,83,extraction_cohorts,,,,,2,stage-g-merge,,,,,,
mcgurk2016_evr_t36m_paidany,design,rct,extraction_cohorts,,,,,1,stage-g-merge,,,,,,
mcgurk2016_evr_t36m_paidany,arm_type,control_active,extraction_arms,,,,,2,stage-g-merge,,,,,,
mcgurk2016_evr_t36m_paidany,analysis_selection_status,selected,extraction_arms,,,,,2,stage-g-merge,,,,,,
mcgurk2016_evr_t36m_paidany,employment_targeted_intervention,,extraction_arms,,,,,2,stage-g-merge,,,,,,
mcgurk2016_evr_t36m_vocact,outcome_construct,vocational_activity,extraction_outcomes,,,,,2,stage-g-merge,,,,,,
mcgurk2016_evr_t36m_vocact,ascertainment,any_time_during_followup,extraction_outcomes,,,,,2,stage-g-merge,,,,,,
mcgurk2016_evr_t36m_vocact,ascertainment_window_months,36,extraction_outcomes,,,,,2,stage-g-merge,,,,,,
mcgurk2016_evr_t36m_vocact,n_employed,13,extraction_outcomes,,,,,2,stage-g-merge,,,,,,
mcgurk2016_evr_t36m_vocact,n_outcome_observed,26,extraction_outcomes,,,,,2,stage-g-merge,,,,,,
mcgurk2016_evr_t36m_vocact,denominator_basis,entered,extraction_outcomes,,,,,2,stage-g-merge,,,,,,
mcgurk2016_evr_t36m_vocact,followup_months,36,extraction_outcomes,,,,,2,stage-g-merge,,,,,,
mcgurk2016_evr_t36m_vocact,followup_basis,since_baseline,extraction_outcomes,,,,,2,stage-g-merge,,,,,,
mcgurk2016_evr_t36m_vocact,result_role,reported,extraction_outcomes,,,,,2,stage-g-merge,,,,,,
mcgurk2016_evr_t36m_vocact,conflict_status,unresolved,extraction_outcomes,,,,,2,stage-g-merge,,,,,,
mcgurk2016_evr_t36m_vocact,arm_id,evr,extraction_outcomes,,,,,2,stage-g-merge,,,,,,
mcgurk2016_evr_t36m_vocact,derivation_component_result_ids,,extraction_outcomes,,,,,2,stage-g-merge,,,,,,
mcgurk2016_evr_t36m_vocact,employment_selection_status,selected,extraction_cohorts,,,,,1,stage-g-merge,,,,,,
mcgurk2016_evr_t36m_vocact,diagnosis_group,smi_mixed,extraction_cohorts,,,,,2,stage-g-merge,,,,,,
mcgurk2016_evr_t36m_vocact,perc_qualifying_diagnosis,83,extraction_cohorts,,,,,2,stage-g-merge,,,,,,
mcgurk2016_evr_t36m_vocact,design,rct,extraction_cohorts,,,,,1,stage-g-merge,,,,,,
mcgurk2016_evr_t36m_vocact,arm_type,control_active,extraction_arms,,,,,2,stage-g-merge,,,,,,
mcgurk2016_evr_t36m_vocact,analysis_selection_status,selected,extraction_arms,,,,,2,stage-g-merge,,,,,,
mcgurk2016_evr_t36m_vocact,employment_targeted_intervention,,extraction_arms,,,,,2,stage-g-merge,,,,,,
mcgurk2016_tsw_t36m_paidcomp,outcome_construct,paid_competitive,extraction_outcomes,,,,,2,stage-g-merge,,,,,,
mcgurk2016_tsw_t36m_paidcomp,ascertainment,any_time_during_followup,extraction_outcomes,,,,,2,stage-g-merge,,,,,,
mcgurk2016_tsw_t36m_paidcomp,ascertainment_window_months,36,extraction_outcomes,,,,,2,stage-g-merge,,,,,,
mcgurk2016_tsw_t36m_paidcomp,n_employed,16,extraction_outcomes,,,,,2,stage-g-merge,,,,,,
mcgurk2016_tsw_t36m_paidcomp,n_outcome_observed,28,extraction_outcomes,,,,,2,stage-g-merge,,,,,,
mcgurk2016_tsw_t36m_paidcomp,denominator_basis,entered,extraction_outcomes,,,,,2,stage-g-merge,,,,,,
mcgurk2016_tsw_t36m_paidcomp,followup_months,36,extraction_outcomes,,,,,2,stage-g-merge,,,,,,
mcgurk2016_tsw_t36m_paidcomp,followup_basis,since_baseline,extraction_outcomes,,,,,2,stage-g-merge,,,,,,
mcgurk2016_tsw_t36m_paidcomp,result_role,reported,extraction_outcomes,,,,,2,stage-g-merge,,,,,,
mcgurk2016_tsw_t36m_paidcomp,conflict_status,unresolved,extraction_outcomes,,,,,2,stage-g-merge,,,,,,
mcgurk2016_tsw_t36m_paidcomp,arm_id,tsw,extraction_outcomes,,,,,2,stage-g-merge,,,,,,
mcgurk2016_tsw_t36m_paidcomp,derivation_component_result_ids,,extraction_outcomes,,,,,2,stage-g-merge,,,,,,
mcgurk2016_tsw_t36m_paidcomp,employment_selection_status,selected,extraction_cohorts,,,,,1,stage-g-merge,,,,,,
mcgurk2016_tsw_t36m_paidcomp,diagnosis_group,smi_mixed,extraction_cohorts,,,,,2,stage-g-merge,,,,,,
mcgurk2016_tsw_t36m_paidcomp,perc_qualifying_diagnosis,83,extraction_cohorts,,,,,2,stage-g-merge,,,,,,
mcgurk2016_tsw_t36m_paidcomp,design,rct,extraction_cohorts,,,,,1,stage-g-merge,,,,,,
mcgurk2016_tsw_t36m_paidcomp,arm_type,intervention,extraction_arms,,,,,2,stage-g-merge,,,,,,
mcgurk2016_tsw_t36m_paidcomp,analysis_selection_status,selected,extraction_arms,,,,,2,stage-g-merge,,,,,,
mcgurk2016_tsw_t36m_paidcomp,employment_targeted_intervention,,extraction_arms,,,,,2,stage-g-merge,,,,,,
mcgurk2016_tsw_t36m_paidany,outcome_construct,paid_any,extraction_outcomes,,,,,2,stage-g-merge,,,,,,
mcgurk2016_tsw_t36m_paidany,ascertainment,any_time_during_followup,extraction_outcomes,,,,,2,stage-g-merge,,,,,,
mcgurk2016_tsw_t36m_paidany,ascertainment_window_months,36,extraction_outcomes,,,,,2,stage-g-merge,,,,,,
mcgurk2016_tsw_t36m_paidany,n_employed,17,extraction_outcomes,,,,,2,stage-g-merge,,,,,,
mcgurk2016_tsw_t36m_paidany,n_outcome_observed,28,extraction_outcomes,,,,,2,stage-g-merge,,,,,,
mcgurk2016_tsw_t36m_paidany,denominator_basis,entered,extraction_outcomes,,,,,2,stage-g-merge,,,,,,
mcgurk2016_tsw_t36m_paidany,followup_months,36,extraction_outcomes,,,,,2,stage-g-merge,,,,,,
mcgurk2016_tsw_t36m_paidany,followup_basis,since_baseline,extraction_outcomes,,,,,2,stage-g-merge,,,,,,
mcgurk2016_tsw_t36m_paidany,result_role,reported,extraction_outcomes,,,,,2,stage-g-merge,,,,,,
mcgurk2016_tsw_t36m_paidany,conflict_status,none,extraction_outcomes,,,,,2,stage-g-merge,,,,,,
mcgurk2016_tsw_t36m_paidany,arm_id,tsw,extraction_outcomes,,,,,2,stage-g-merge,,,,,,
mcgurk2016_tsw_t36m_paidany,derivation_component_result_ids,,extraction_outcomes,,,,,2,stage-g-merge,,,,,,
mcgurk2016_tsw_t36m_paidany,employment_selection_status,selected,extraction_cohorts,,,,,1,stage-g-merge,,,,,,
mcgurk2016_tsw_t36m_paidany,diagnosis_group,smi_mixed,extraction_cohorts,,,,,2,stage-g-merge,,,,,,
mcgurk2016_tsw_t36m_paidany,perc_qualifying_diagnosis,83,extraction_cohorts,,,,,2,stage-g-merge,,,,,,
mcgurk2016_tsw_t36m_paidany,design,rct,extraction_cohorts,,,,,1,stage-g-merge,,,,,,
mcgurk2016_tsw_t36m_paidany,arm_type,intervention,extraction_arms,,,,,2,stage-g-merge,,,,,,
mcgurk2016_tsw_t36m_paidany,analysis_selection_status,selected,extraction_arms,,,,,2,stage-g-merge,,,,,,
mcgurk2016_tsw_t36m_paidany,employment_targeted_intervention,,extraction_arms,,,,,2,stage-g-merge,,,,,,
mcgurk2016_tsw_t36m_vocact,outcome_construct,vocational_activity,extraction_outcomes,,,,,2,stage-g-merge,,,,,,
mcgurk2016_tsw_t36m_vocact,ascertainment,any_time_during_followup,extraction_outcomes,,,,,2,stage-g-merge,,,,,,
mcgurk2016_tsw_t36m_vocact,ascertainment_window_months,36,extraction_outcomes,,,,,2,stage-g-merge,,,,,,
mcgurk2016_tsw_t36m_vocact,n_employed,21,extraction_outcomes,,,,,2,stage-g-merge,,,,,,
mcgurk2016_tsw_t36m_vocact,n_outcome_observed,28,extraction_outcomes,,,,,2,stage-g-merge,,,,,,
mcgurk2016_tsw_t36m_vocact,denominator_basis,entered,extraction_outcomes,,,,,2,stage-g-merge,,,,,,
mcgurk2016_tsw_t36m_vocact,followup_months,36,extraction_outcomes,,,,,2,stage-g-merge,,,,,,
mcgurk2016_tsw_t36m_vocact,followup_basis,since_baseline,extraction_outcomes,,,,,2,stage-g-merge,,,,,,
mcgurk2016_tsw_t36m_vocact,result_role,reported,extraction_outcomes,,,,,2,stage-g-merge,,,,,,
mcgurk2016_tsw_t36m_vocact,conflict_status,unresolved,extraction_outcomes,,,,,2,stage-g-merge,,,,,,
mcgurk2016_tsw_t36m_vocact,arm_id,tsw,extraction_outcomes,,,,,2,stage-g-merge,,,,,,
mcgurk2016_tsw_t36m_vocact,derivation_component_result_ids,,extraction_outcomes,,,,,2,stage-g-merge,,,,,,
mcgurk2016_tsw_t36m_vocact,employment_selection_status,selected,extraction_cohorts,,,,,1,stage-g-merge,,,,,,
mcgurk2016_tsw_t36m_vocact,diagnosis_group,smi_mixed,extraction_cohorts,,,,,2,stage-g-merge,,,,,,
mcgurk2016_tsw_t36m_vocact,perc_qualifying_diagnosis,83,extraction_cohorts,,,,,2,stage-g-merge,,,,,,
mcgurk2016_tsw_t36m_vocact,design,rct,extraction_cohorts,,,,,1,stage-g-merge,,,,,,
mcgurk2016_tsw_t36m_vocact,arm_type,intervention,extraction_arms,,,,,2,stage-g-merge,,,,,,
mcgurk2016_tsw_t36m_vocact,analysis_selection_status,selected,extraction_arms,,,,,2,stage-g-merge,,,,,,
mcgurk2016_tsw_t36m_vocact,employment_targeted_intervention,,extraction_arms,,,,,2,stage-g-merge,,,,,,
mervis2017_ivip_t12m_unclear,outcome_construct,unclear,extraction_outcomes,,,,,2,stage-g-merge,,,,,,
mervis2017_ivip_t12m_unclear,ascertainment,point_prevalence,extraction_outcomes,,,,,2,stage-g-merge,,,,,,
mervis2017_ivip_t12m_unclear,ascertainment_window_months,,extraction_outcomes,,,,,2,stage-g-merge,,,,,,
mervis2017_ivip_t12m_unclear,n_employed,14,extraction_outcomes,,,,,2,stage-g-merge,,,,,,
mervis2017_ivip_t12m_unclear,n_outcome_observed,29,extraction_outcomes,,,,,2,stage-g-merge,,,,,,
mervis2017_ivip_t12m_unclear,denominator_basis,entered,extraction_outcomes,,,,,2,stage-g-merge,,,,,,
mervis2017_ivip_t12m_unclear,followup_months,12,extraction_outcomes,,,,,2,stage-g-merge,,,,,,
mervis2017_ivip_t12m_unclear,followup_basis,since_baseline,extraction_outcomes,,,,,2,stage-g-merge,,,,,,
mervis2017_ivip_t12m_unclear,result_role,reported,extraction_outcomes,,,,,2,stage-g-merge,,,,,,
mervis2017_ivip_t12m_unclear,conflict_status,none,extraction_outcomes,,,,,2,stage-g-merge,,,,,,
mervis2017_ivip_t12m_unclear,arm_id,ivip,extraction_outcomes,,,,,2,stage-g-merge,,,,,,
mervis2017_ivip_t12m_unclear,derivation_component_result_ids,,extraction_outcomes,,,,,2,stage-g-merge,,,,,,
mervis2017_ivip_t12m_unclear,employment_selection_status,selected,extraction_cohorts,,,,,1,stage-g-merge,,,,,,
mervis2017_ivip_t12m_unclear,diagnosis_group,schizophrenia,extraction_cohorts,,,,,2,stage-g-merge,,,,,,
mervis2017_ivip_t12m_unclear,perc_qualifying_diagnosis,100,extraction_cohorts,,,,,2,stage-g-merge,,,,,,
mervis2017_ivip_t12m_unclear,design,rct,extraction_cohorts,,,,,1,stage-g-merge,,,,,,
mervis2017_ivip_t12m_unclear,arm_type,intervention,extraction_arms,,,,,2,stage-g-merge,,,,,,
mervis2017_ivip_t12m_unclear,analysis_selection_status,selected,extraction_arms,,,,,2,stage-g-merge,,,,,,
mervis2017_ivip_t12m_unclear,employment_targeted_intervention,,extraction_arms,,,,,2,stage-g-merge,,,,,,
mervis2017_sg_t12m_unclear,outcome_construct,unclear,extraction_outcomes,,,,,2,stage-g-merge,,,,,,
mervis2017_sg_t12m_unclear,ascertainment,point_prevalence,extraction_outcomes,,,,,2,stage-g-merge,,,,,,
mervis2017_sg_t12m_unclear,ascertainment_window_months,,extraction_outcomes,,,,,2,stage-g-merge,,,,,,
mervis2017_sg_t12m_unclear,n_employed,6,extraction_outcomes,,,,,2,stage-g-merge,,,,,,
mervis2017_sg_t12m_unclear,n_outcome_observed,35,extraction_outcomes,,,,,2,stage-g-merge,,,,,,
mervis2017_sg_t12m_unclear,denominator_basis,entered,extraction_outcomes,,,,,2,stage-g-merge,,,,,,
mervis2017_sg_t12m_unclear,followup_months,12,extraction_outcomes,,,,,2,stage-g-merge,,,,,,
mervis2017_sg_t12m_unclear,followup_basis,since_baseline,extraction_outcomes,,,,,2,stage-g-merge,,,,,,
mervis2017_sg_t12m_unclear,result_role,reported,extraction_outcomes,,,,,2,stage-g-merge,,,,,,
mervis2017_sg_t12m_unclear,conflict_status,none,extraction_outcomes,,,,,2,stage-g-merge,,,,,,
mervis2017_sg_t12m_unclear,arm_id,sg,extraction_outcomes,,,,,2,stage-g-merge,,,,,,
mervis2017_sg_t12m_unclear,derivation_component_result_ids,,extraction_outcomes,,,,,2,stage-g-merge,,,,,,
mervis2017_sg_t12m_unclear,employment_selection_status,selected,extraction_cohorts,,,,,1,stage-g-merge,,,,,,
mervis2017_sg_t12m_unclear,diagnosis_group,schizophrenia,extraction_cohorts,,,,,2,stage-g-merge,,,,,,
mervis2017_sg_t12m_unclear,perc_qualifying_diagnosis,100,extraction_cohorts,,,,,2,stage-g-merge,,,,,,
mervis2017_sg_t12m_unclear,design,rct,extraction_cohorts,,,,,1,stage-g-merge,,,,,,
mervis2017_sg_t12m_unclear,arm_type,control_active,extraction_arms,,,,,2,stage-g-merge,,,,,,
mervis2017_sg_t12m_unclear,analysis_selection_status,selected,extraction_arms,,,,,2,stage-g-merge,,,,,,
mervis2017_sg_t12m_unclear,employment_targeted_intervention,,extraction_arms,,,,,2,stage-g-merge,,,,,,
moncrieff2025_relapsed_t24m_eet,outcome_construct,paid_or_education_or_training,extraction_outcomes,,,,,2,stage-g-merge,,,,,,
moncrieff2025_relapsed_t24m_eet,ascertainment,point_prevalence,extraction_outcomes,,,,,2,stage-g-merge,,,,,,
moncrieff2025_relapsed_t24m_eet,ascertainment_window_months,,extraction_outcomes,,,,,2,stage-g-merge,,,,,,
moncrieff2025_relapsed_t24m_eet,n_employed,8,extraction_outcomes,,,,,2,stage-g-merge,,,,,,
moncrieff2025_relapsed_t24m_eet,n_outcome_observed,66,extraction_outcomes,,,,,2,stage-g-merge,,,,,,
moncrieff2025_relapsed_t24m_eet,denominator_basis,outcome_observed,extraction_outcomes,,,,,2,stage-g-merge,,,,,,
moncrieff2025_relapsed_t24m_eet,followup_months,24,extraction_outcomes,,,,,2,stage-g-merge,,,,,,
moncrieff2025_relapsed_t24m_eet,followup_basis,since_baseline,extraction_outcomes,,,,,2,stage-g-merge,,,,,,
moncrieff2025_relapsed_t24m_eet,result_role,component_only,extraction_outcomes,,,,,2,stage-g-merge,,,,,,
moncrieff2025_relapsed_t24m_eet,conflict_status,unresolved,extraction_outcomes,,,,,2,stage-g-merge,,,,,,
moncrieff2025_relapsed_t24m_eet,arm_id,relapsed,extraction_outcomes,,,,,2,stage-g-merge,,,,,,
moncrieff2025_relapsed_t24m_eet,derivation_component_result_ids,,extraction_outcomes,,,,,2,stage-g-merge,,,,,,
moncrieff2025_relapsed_t24m_eet,employment_selection_status,none,extraction_cohorts,,,,,1,stage-g-merge,,,,,,
moncrieff2025_relapsed_t24m_eet,diagnosis_group,psychosis_mixed,extraction_cohorts,,,,,2,stage-g-merge,,,,,,
moncrieff2025_relapsed_t24m_eet,perc_qualifying_diagnosis,100,extraction_cohorts,,,,,2,stage-g-merge,,,,,,
moncrieff2025_relapsed_t24m_eet,design,rct,extraction_cohorts,,,,,1,stage-g-merge,,,,,,
moncrieff2025_relapsed_t24m_eet,arm_type,subgroup,extraction_arms,,,,,2,stage-g-merge,,,,,,
moncrieff2025_relapsed_t24m_eet,analysis_selection_status,none,extraction_arms,,,,,2,stage-g-merge,,,,,,
moncrieff2025_relapsed_t24m_eet,employment_targeted_intervention,,extraction_arms,,,,,2,stage-g-merge,,,,,,
moncrieff2025_notrelapsed_t24m_eet,outcome_construct,paid_or_education_or_training,extraction_outcomes,,,,,2,stage-g-merge,,,,,,
moncrieff2025_notrelapsed_t24m_eet,ascertainment,point_prevalence,extraction_outcomes,,,,,2,stage-g-merge,,,,,,
moncrieff2025_notrelapsed_t24m_eet,ascertainment_window_months,,extraction_outcomes,,,,,2,stage-g-merge,,,,,,
moncrieff2025_notrelapsed_t24m_eet,n_employed,30,extraction_outcomes,,,,,2,stage-g-merge,,,,,,
moncrieff2025_notrelapsed_t24m_eet,n_outcome_observed,124,extraction_outcomes,,,,,2,stage-g-merge,,,,,,
moncrieff2025_notrelapsed_t24m_eet,denominator_basis,outcome_observed,extraction_outcomes,,,,,2,stage-g-merge,,,,,,
moncrieff2025_notrelapsed_t24m_eet,followup_months,24,extraction_outcomes,,,,,2,stage-g-merge,,,,,,
moncrieff2025_notrelapsed_t24m_eet,followup_basis,since_baseline,extraction_outcomes,,,,,2,stage-g-merge,,,,,,
moncrieff2025_notrelapsed_t24m_eet,result_role,component_only,extraction_outcomes,,,,,2,stage-g-merge,,,,,,
moncrieff2025_notrelapsed_t24m_eet,conflict_status,unresolved,extraction_outcomes,,,,,2,stage-g-merge,,,,,,
moncrieff2025_notrelapsed_t24m_eet,arm_id,not_relapsed,extraction_outcomes,,,,,2,stage-g-merge,,,,,,
moncrieff2025_notrelapsed_t24m_eet,derivation_component_result_ids,,extraction_outcomes,,,,,2,stage-g-merge,,,,,,
moncrieff2025_notrelapsed_t24m_eet,employment_selection_status,none,extraction_cohorts,,,,,1,stage-g-merge,,,,,,
moncrieff2025_notrelapsed_t24m_eet,diagnosis_group,psychosis_mixed,extraction_cohorts,,,,,2,stage-g-merge,,,,,,
moncrieff2025_notrelapsed_t24m_eet,perc_qualifying_diagnosis,100,extraction_cohorts,,,,,2,stage-g-merge,,,,,,
moncrieff2025_notrelapsed_t24m_eet,design,rct,extraction_cohorts,,,,,1,stage-g-merge,,,,,,
moncrieff2025_notrelapsed_t24m_eet,arm_type,subgroup,extraction_arms,,,,,2,stage-g-merge,,,,,,
moncrieff2025_notrelapsed_t24m_eet,analysis_selection_status,none,extraction_arms,,,,,2,stage-g-merge,,,,,,
moncrieff2025_notrelapsed_t24m_eet,employment_targeted_intervention,,extraction_arms,,,,,2,stage-g-merge,,,,,,
moncrieff2025_cohort_t24m_eet,outcome_construct,paid_or_education_or_training,extraction_outcomes,,,,,2,stage-g-merge,,,,,,
moncrieff2025_cohort_t24m_eet,ascertainment,point_prevalence,extraction_outcomes,,,,,2,stage-g-merge,,,,,,
moncrieff2025_cohort_t24m_eet,ascertainment_window_months,,extraction_outcomes,,,,,2,stage-g-merge,,,,,,
moncrieff2025_cohort_t24m_eet,n_employed,38,extraction_outcomes,,,,,2,stage-g-merge,,,,,,
moncrieff2025_cohort_t24m_eet,n_outcome_observed,190,extraction_outcomes,,,,,2,stage-g-merge,,,,,,
moncrieff2025_cohort_t24m_eet,denominator_basis,outcome_observed,extraction_outcomes,,,,,2,stage-g-merge,,,,,,
moncrieff2025_cohort_t24m_eet,followup_months,24,extraction_outcomes,,,,,2,stage-g-merge,,,,,,
moncrieff2025_cohort_t24m_eet,followup_basis,since_baseline,extraction_outcomes,,,,,2,stage-g-merge,,,,,,
moncrieff2025_cohort_t24m_eet,result_role,derived,extraction_outcomes,,,,,2,stage-g-merge,,,,,,
moncrieff2025_cohort_t24m_eet,conflict_status,unresolved,extraction_outcomes,,,,,2,stage-g-merge,,,,,,
moncrieff2025_cohort_t24m_eet,arm_id,cohort,extraction_outcomes,,,,,2,stage-g-merge,,,,,,
moncrieff2025_cohort_t24m_eet,derivation_component_result_ids,moncrieff2025_relapsed_t24m_eet;moncrieff2025_notrelapsed_t24m_eet,extraction_outcomes,,,,,2,stage-g-merge,,,,,,
moncrieff2025_cohort_t24m_eet,employment_selection_status,none,extraction_cohorts,,,,,1,stage-g-merge,,,,,,
moncrieff2025_cohort_t24m_eet,diagnosis_group,psychosis_mixed,extraction_cohorts,,,,,2,stage-g-merge,,,,,,
moncrieff2025_cohort_t24m_eet,perc_qualifying_diagnosis,100,extraction_cohorts,,,,,2,stage-g-merge,,,,,,
moncrieff2025_cohort_t24m_eet,design,rct,extraction_cohorts,,,,,1,stage-g-merge,,,,,,
moncrieff2025_cohort_t24m_eet,arm_type,cohort,extraction_arms,,,,,2,stage-g-merge,,,,,,
moncrieff2025_cohort_t24m_eet,analysis_selection_status,none,extraction_arms,,,,,2,stage-g-merge,,,,,,
moncrieff2025_cohort_t24m_eet,employment_targeted_intervention,no,extraction_arms,,,,,2,stage-g-merge,,,,,,
mucci2021_cohort_t48m_working,outcome_construct,unclear,extraction_outcomes,,,,,2,stage-g-merge,,,,,,
mucci2021_cohort_t48m_working,ascertainment,point_prevalence,extraction_outcomes,,,,,2,stage-g-merge,,,,,,
mucci2021_cohort_t48m_working,ascertainment_window_months,,extraction_outcomes,,,,,2,stage-g-merge,,,,,,
mucci2021_cohort_t48m_working,n_employed,208,extraction_outcomes,,,,,2,stage-g-merge,,,,,,
mucci2021_cohort_t48m_working,n_outcome_observed,,extraction_outcomes,,,,,2,stage-g-merge,,,,,,
mucci2021_cohort_t48m_working,denominator_basis,,extraction_outcomes,,,,,2,stage-g-merge,,,,,,
mucci2021_cohort_t48m_working,followup_months,48,extraction_outcomes,,,,,2,stage-g-merge,,,,,,
mucci2021_cohort_t48m_working,followup_basis,since_baseline,extraction_outcomes,,,,,2,stage-g-merge,,,,,,
mucci2021_cohort_t48m_working,result_role,reported,extraction_outcomes,,,,,2,stage-g-merge,,,,,,
mucci2021_cohort_t48m_working,conflict_status,unresolved,extraction_outcomes,,,,,2,stage-g-merge,,,,,,
mucci2021_cohort_t48m_working,arm_id,cohort,extraction_outcomes,,,,,2,stage-g-merge,,,,,,
mucci2021_cohort_t48m_working,derivation_component_result_ids,,extraction_outcomes,,,,,2,stage-g-merge,,,,,,
mucci2021_cohort_t48m_working,employment_selection_status,unclear,extraction_cohorts,,,,,1,stage-g-merge,,,,,,
mucci2021_cohort_t48m_working,diagnosis_group,schizophrenia,extraction_cohorts,,,,,2,stage-g-merge,,,,,,
mucci2021_cohort_t48m_working,perc_qualifying_diagnosis,100,extraction_cohorts,,,,,2,stage-g-merge,,,,,,
mucci2021_cohort_t48m_working,design,prospective_cohort,extraction_cohorts,,,,,1,stage-g-merge,,,,,,
mucci2021_cohort_t48m_working,arm_type,cohort,extraction_arms,,,,,2,stage-g-merge,,,,,,
mucci2021_cohort_t48m_working,analysis_selection_status,none,extraction_arms,,,,,2,stage-g-merge,,,,,,
mucci2021_cohort_t48m_working,employment_targeted_intervention,not_applicable,extraction_arms,,,,,2,stage-g-merge,,,,,,
nakamura2025_cohort_t12m_paidany,outcome_construct,paid_any,extraction_outcomes,,,,,2,stage-g-merge,,,,,,
nakamura2025_cohort_t12m_paidany,ascertainment,any_time_during_followup,extraction_outcomes,,,,,2,stage-g-merge,,,,,,
nakamura2025_cohort_t12m_paidany,ascertainment_window_months,12,extraction_outcomes,,,,,2,stage-g-merge,,,,,,
nakamura2025_cohort_t12m_paidany,n_employed,4,extraction_outcomes,,,,,2,stage-g-merge,,,,,,
nakamura2025_cohort_t12m_paidany,n_outcome_observed,21,extraction_outcomes,,,,,2,stage-g-merge,,,,,,
nakamura2025_cohort_t12m_paidany,denominator_basis,outcome_observed,extraction_outcomes,,,,,2,stage-g-merge,,,,,,
nakamura2025_cohort_t12m_paidany,followup_months,12,extraction_outcomes,,,,,2,stage-g-merge,,,,,,
nakamura2025_cohort_t12m_paidany,followup_basis,since_baseline,extraction_outcomes,,,,,2,stage-g-merge,,,,,,
nakamura2025_cohort_t12m_paidany,result_role,reported,extraction_outcomes,,,,,2,stage-g-merge,,,,,,
nakamura2025_cohort_t12m_paidany,conflict_status,none,extraction_outcomes,,,,,2,stage-g-merge,,,,,,
nakamura2025_cohort_t12m_paidany,arm_id,cohort,extraction_outcomes,,,,,2,stage-g-merge,,,,,,
nakamura2025_cohort_t12m_paidany,derivation_component_result_ids,,extraction_outcomes,,,,,2,stage-g-merge,,,,,,
nakamura2025_cohort_t12m_paidany,employment_selection_status,selected,extraction_cohorts,,,,,1,stage-g-merge,,,,,,
nakamura2025_cohort_t12m_paidany,diagnosis_group,schizophrenia,extraction_cohorts,,,,,2,stage-g-merge,,,,,,
nakamura2025_cohort_t12m_paidany,perc_qualifying_diagnosis,100,extraction_cohorts,,,,,2,stage-g-merge,,,,,,
nakamura2025_cohort_t12m_paidany,design,non_randomised_trial,extraction_cohorts,,,,,1,stage-g-merge,,,,,,
nakamura2025_cohort_t12m_paidany,arm_type,cohort,extraction_arms,,,,,2,stage-g-merge,,,,,,
nakamura2025_cohort_t12m_paidany,analysis_selection_status,selected,extraction_arms,,,,,2,stage-g-merge,,,,,,
nakamura2025_cohort_t12m_paidany,employment_targeted_intervention,yes,extraction_arms,,,,,2,stage-g-merge,,,,,,
nakamura2025_cohort_t12m_vocact_composite,outcome_construct,vocational_activity,extraction_outcomes,,,,,2,stage-g-merge,,,,,,
nakamura2025_cohort_t12m_vocact_composite,ascertainment,any_time_during_followup,extraction_outcomes,,,,,2,stage-g-merge,,,,,,
nakamura2025_cohort_t12m_vocact_composite,ascertainment_window_months,12,extraction_outcomes,,,,,2,stage-g-merge,,,,,,
nakamura2025_cohort_t12m_vocact_composite,n_employed,9,extraction_outcomes,,,,,2,stage-g-merge,,,,,,
nakamura2025_cohort_t12m_vocact_composite,n_outcome_observed,21,extraction_outcomes,,,,,2,stage-g-merge,,,,,,
nakamura2025_cohort_t12m_vocact_composite,denominator_basis,outcome_observed,extraction_outcomes,,,,,2,stage-g-merge,,,,,,
nakamura2025_cohort_t12m_vocact_composite,followup_months,12,extraction_outcomes,,,,,2,stage-g-merge,,,,,,
nakamura2025_cohort_t12m_vocact_composite,followup_basis,since_baseline,extraction_outcomes,,,,,2,stage-g-merge,,,,,,
nakamura2025_cohort_t12m_vocact_composite,result_role,reported,extraction_outcomes,,,,,2,stage-g-merge,,,,,,
nakamura2025_cohort_t12m_vocact_composite,conflict_status,none,extraction_outcomes,,,,,2,stage-g-merge,,,,,,
nakamura2025_cohort_t12m_vocact_composite,arm_id,cohort,extraction_outcomes,,,,,2,stage-g-merge,,,,,,
nakamura2025_cohort_t12m_vocact_composite,derivation_component_result_ids,,extraction_outcomes,,,,,2,stage-g-merge,,,,,,
nakamura2025_cohort_t12m_vocact_composite,employment_selection_status,selected,extraction_cohorts,,,,,1,stage-g-merge,,,,,,
nakamura2025_cohort_t12m_vocact_composite,diagnosis_group,schizophrenia,extraction_cohorts,,,,,2,stage-g-merge,,,,,,
nakamura2025_cohort_t12m_vocact_composite,perc_qualifying_diagnosis,100,extraction_cohorts,,,,,2,stage-g-merge,,,,,,
nakamura2025_cohort_t12m_vocact_composite,design,non_randomised_trial,extraction_cohorts,,,,,1,stage-g-merge,,,,,,
nakamura2025_cohort_t12m_vocact_composite,arm_type,cohort,extraction_arms,,,,,2,stage-g-merge,,,,,,
nakamura2025_cohort_t12m_vocact_composite,analysis_selection_status,selected,extraction_arms,,,,,2,stage-g-merge,,,,,,
nakamura2025_cohort_t12m_vocact_composite,employment_targeted_intervention,yes,extraction_arms,,,,,2,stage-g-merge,,,,,,
nakamura2025_cohort_t12m_vocact_typeb,outcome_construct,vocational_activity,extraction_outcomes,,,,,2,stage-g-merge,,,,,,
nakamura2025_cohort_t12m_vocact_typeb,ascertainment,any_time_during_followup,extraction_outcomes,,,,,2,stage-g-merge,,,,,,
nakamura2025_cohort_t12m_vocact_typeb,ascertainment_window_months,12,extraction_outcomes,,,,,2,stage-g-merge,,,,,,
nakamura2025_cohort_t12m_vocact_typeb,n_employed,5,extraction_outcomes,,,,,2,stage-g-merge,,,,,,
nakamura2025_cohort_t12m_vocact_typeb,n_outcome_observed,21,extraction_outcomes,,,,,2,stage-g-merge,,,,,,
nakamura2025_cohort_t12m_vocact_typeb,denominator_basis,outcome_observed,extraction_outcomes,,,,,2,stage-g-merge,,,,,,
nakamura2025_cohort_t12m_vocact_typeb,followup_months,12,extraction_outcomes,,,,,2,stage-g-merge,,,,,,
nakamura2025_cohort_t12m_vocact_typeb,followup_basis,since_baseline,extraction_outcomes,,,,,2,stage-g-merge,,,,,,
nakamura2025_cohort_t12m_vocact_typeb,result_role,reported,extraction_outcomes,,,,,2,stage-g-merge,,,,,,
nakamura2025_cohort_t12m_vocact_typeb,conflict_status,none,extraction_outcomes,,,,,2,stage-g-merge,,,,,,
nakamura2025_cohort_t12m_vocact_typeb,arm_id,cohort,extraction_outcomes,,,,,2,stage-g-merge,,,,,,
nakamura2025_cohort_t12m_vocact_typeb,derivation_component_result_ids,,extraction_outcomes,,,,,2,stage-g-merge,,,,,,
nakamura2025_cohort_t12m_vocact_typeb,employment_selection_status,selected,extraction_cohorts,,,,,1,stage-g-merge,,,,,,
nakamura2025_cohort_t12m_vocact_typeb,diagnosis_group,schizophrenia,extraction_cohorts,,,,,2,stage-g-merge,,,,,,
nakamura2025_cohort_t12m_vocact_typeb,perc_qualifying_diagnosis,100,extraction_cohorts,,,,,2,stage-g-merge,,,,,,
nakamura2025_cohort_t12m_vocact_typeb,design,non_randomised_trial,extraction_cohorts,,,,,1,stage-g-merge,,,,,,
nakamura2025_cohort_t12m_vocact_typeb,arm_type,cohort,extraction_arms,,,,,2,stage-g-merge,,,,,,
nakamura2025_cohort_t12m_vocact_typeb,analysis_selection_status,selected,extraction_arms,,,,,2,stage-g-merge,,,,,,
nakamura2025_cohort_t12m_vocact_typeb,employment_targeted_intervention,yes,extraction_arms,,,,,2,stage-g-merge,,,,,,
pedersen2025_morpheus_t24m_paid_any_point,outcome_construct,paid_any,extraction_outcomes,,,,,2,stage-g-merge,,,,,,
pedersen2025_morpheus_t24m_paid_any_point,ascertainment,point_prevalence,extraction_outcomes,,,,,2,stage-g-merge,,,,,,
pedersen2025_morpheus_t24m_paid_any_point,ascertainment_window_months,,extraction_outcomes,,,,,2,stage-g-merge,,,,,,
pedersen2025_morpheus_t24m_paid_any_point,n_employed,10,extraction_outcomes,,,,,2,stage-g-merge,,,,,,
pedersen2025_morpheus_t24m_paid_any_point,n_outcome_observed,116,extraction_outcomes,,,,,2,stage-g-merge,,,,,,
pedersen2025_morpheus_t24m_paid_any_point,denominator_basis,outcome_observed,extraction_outcomes,,,,,2,stage-g-merge,,,,,,
pedersen2025_morpheus_t24m_paid_any_point,followup_months,24,extraction_outcomes,,,,,2,stage-g-merge,,,,,,
pedersen2025_morpheus_t24m_paid_any_point,followup_basis,since_baseline,extraction_outcomes,,,,,2,stage-g-merge,,,,,,
pedersen2025_morpheus_t24m_paid_any_point,result_role,reported,extraction_outcomes,,,,,2,stage-g-merge,,,,,,
pedersen2025_morpheus_t24m_paid_any_point,conflict_status,none,extraction_outcomes,,,,,2,stage-g-merge,,,,,,
pedersen2025_morpheus_t24m_paid_any_point,arm_id,morpheus,extraction_outcomes,,,,,2,stage-g-merge,,,,,,
pedersen2025_morpheus_t24m_paid_any_point,derivation_component_result_ids,,extraction_outcomes,,,,,2,stage-g-merge,,,,,,
pedersen2025_morpheus_t24m_paid_any_point,employment_selection_status,selected,extraction_cohorts,,,,,1,stage-g-merge,,,,,,
pedersen2025_morpheus_t24m_paid_any_point,diagnosis_group,schizophrenia,extraction_cohorts,,,,,2,stage-g-merge,,,,,,
pedersen2025_morpheus_t24m_paid_any_point,perc_qualifying_diagnosis,100,extraction_cohorts,,,,,2,stage-g-merge,,,,,,
pedersen2025_morpheus_t24m_paid_any_point,design,retrospective_cohort,extraction_cohorts,,,,,1,stage-g-merge,,,,,,
pedersen2025_morpheus_t24m_paid_any_point,arm_type,intervention,extraction_arms,,,,,2,stage-g-merge,,,,,,
pedersen2025_morpheus_t24m_paid_any_point,analysis_selection_status,selected,extraction_arms,,,,,2,stage-g-merge,,,,,,
pedersen2025_morpheus_t24m_paid_any_point,employment_targeted_intervention,,extraction_arms,,,,,2,stage-g-merge,,,,,,
pedersen2025_standard_t24m_paid_any_point,outcome_construct,paid_any,extraction_outcomes,,,,,2,stage-g-merge,,,,,,
pedersen2025_standard_t24m_paid_any_point,ascertainment,point_prevalence,extraction_outcomes,,,,,2,stage-g-merge,,,,,,
pedersen2025_standard_t24m_paid_any_point,ascertainment_window_months,,extraction_outcomes,,,,,2,stage-g-merge,,,,,,
pedersen2025_standard_t24m_paid_any_point,n_employed,10,extraction_outcomes,,,,,2,stage-g-merge,,,,,,
pedersen2025_standard_t24m_paid_any_point,n_outcome_observed,130,extraction_outcomes,,,,,2,stage-g-merge,,,,,,
pedersen2025_standard_t24m_paid_any_point,denominator_basis,outcome_observed,extraction_outcomes,,,,,2,stage-g-merge,,,,,,
pedersen2025_standard_t24m_paid_any_point,followup_months,24,extraction_outcomes,,,,,2,stage-g-merge,,,,,,
pedersen2025_standard_t24m_paid_any_point,followup_basis,since_baseline,extraction_outcomes,,,,,2,stage-g-merge,,,,,,
pedersen2025_standard_t24m_paid_any_point,result_role,reported,extraction_outcomes,,,,,2,stage-g-merge,,,,,,
pedersen2025_standard_t24m_paid_any_point,conflict_status,none,extraction_outcomes,,,,,2,stage-g-merge,,,,,,
pedersen2025_standard_t24m_paid_any_point,arm_id,standard,extraction_outcomes,,,,,2,stage-g-merge,,,,,,
pedersen2025_standard_t24m_paid_any_point,derivation_component_result_ids,,extraction_outcomes,,,,,2,stage-g-merge,,,,,,
pedersen2025_standard_t24m_paid_any_point,employment_selection_status,selected,extraction_cohorts,,,,,1,stage-g-merge,,,,,,
pedersen2025_standard_t24m_paid_any_point,diagnosis_group,schizophrenia,extraction_cohorts,,,,,2,stage-g-merge,,,,,,
pedersen2025_standard_t24m_paid_any_point,perc_qualifying_diagnosis,100,extraction_cohorts,,,,,2,stage-g-merge,,,,,,
pedersen2025_standard_t24m_paid_any_point,design,retrospective_cohort,extraction_cohorts,,,,,1,stage-g-merge,,,,,,
pedersen2025_standard_t24m_paid_any_point,arm_type,control_active,extraction_arms,,,,,2,stage-g-merge,,,,,,
pedersen2025_standard_t24m_paid_any_point,analysis_selection_status,selected,extraction_arms,,,,,2,stage-g-merge,,,,,,
pedersen2025_standard_t24m_paid_any_point,employment_targeted_intervention,,extraction_arms,,,,,2,stage-g-merge,,,,,,
pedersen2025_morpheus_t48m_paid_any_point,outcome_construct,paid_any,extraction_outcomes,,,,,2,stage-g-merge,,,,,,
pedersen2025_morpheus_t48m_paid_any_point,ascertainment,point_prevalence,extraction_outcomes,,,,,2,stage-g-merge,,,,,,
pedersen2025_morpheus_t48m_paid_any_point,ascertainment_window_months,,extraction_outcomes,,,,,2,stage-g-merge,,,,,,
pedersen2025_morpheus_t48m_paid_any_point,n_employed,22,extraction_outcomes,,,,,2,stage-g-merge,,,,,,
pedersen2025_morpheus_t48m_paid_any_point,n_outcome_observed,116,extraction_outcomes,,,,,2,stage-g-merge,,,,,,
pedersen2025_morpheus_t48m_paid_any_point,denominator_basis,outcome_observed,extraction_outcomes,,,,,2,stage-g-merge,,,,,,
pedersen2025_morpheus_t48m_paid_any_point,followup_months,48,extraction_outcomes,,,,,2,stage-g-merge,,,,,,
pedersen2025_morpheus_t48m_paid_any_point,followup_basis,since_baseline,extraction_outcomes,,,,,2,stage-g-merge,,,,,,
pedersen2025_morpheus_t48m_paid_any_point,result_role,reported,extraction_outcomes,,,,,2,stage-g-merge,,,,,,
pedersen2025_morpheus_t48m_paid_any_point,conflict_status,none,extraction_outcomes,,,,,2,stage-g-merge,,,,,,
pedersen2025_morpheus_t48m_paid_any_point,arm_id,morpheus,extraction_outcomes,,,,,2,stage-g-merge,,,,,,
pedersen2025_morpheus_t48m_paid_any_point,derivation_component_result_ids,,extraction_outcomes,,,,,2,stage-g-merge,,,,,,
pedersen2025_morpheus_t48m_paid_any_point,employment_selection_status,selected,extraction_cohorts,,,,,1,stage-g-merge,,,,,,
pedersen2025_morpheus_t48m_paid_any_point,diagnosis_group,schizophrenia,extraction_cohorts,,,,,2,stage-g-merge,,,,,,
pedersen2025_morpheus_t48m_paid_any_point,perc_qualifying_diagnosis,100,extraction_cohorts,,,,,2,stage-g-merge,,,,,,
pedersen2025_morpheus_t48m_paid_any_point,design,retrospective_cohort,extraction_cohorts,,,,,1,stage-g-merge,,,,,,
pedersen2025_morpheus_t48m_paid_any_point,arm_type,intervention,extraction_arms,,,,,2,stage-g-merge,,,,,,
pedersen2025_morpheus_t48m_paid_any_point,analysis_selection_status,selected,extraction_arms,,,,,2,stage-g-merge,,,,,,
pedersen2025_morpheus_t48m_paid_any_point,employment_targeted_intervention,,extraction_arms,,,,,2,stage-g-merge,,,,,,
pedersen2025_standard_t48m_paid_any_point,outcome_construct,paid_any,extraction_outcomes,,,,,2,stage-g-merge,,,,,,
pedersen2025_standard_t48m_paid_any_point,ascertainment,point_prevalence,extraction_outcomes,,,,,2,stage-g-merge,,,,,,
pedersen2025_standard_t48m_paid_any_point,ascertainment_window_months,,extraction_outcomes,,,,,2,stage-g-merge,,,,,,
pedersen2025_standard_t48m_paid_any_point,n_employed,15,extraction_outcomes,,,,,2,stage-g-merge,,,,,,
pedersen2025_standard_t48m_paid_any_point,n_outcome_observed,130,extraction_outcomes,,,,,2,stage-g-merge,,,,,,
pedersen2025_standard_t48m_paid_any_point,denominator_basis,outcome_observed,extraction_outcomes,,,,,2,stage-g-merge,,,,,,
pedersen2025_standard_t48m_paid_any_point,followup_months,48,extraction_outcomes,,,,,2,stage-g-merge,,,,,,
pedersen2025_standard_t48m_paid_any_point,followup_basis,since_baseline,extraction_outcomes,,,,,2,stage-g-merge,,,,,,
pedersen2025_standard_t48m_paid_any_point,result_role,reported,extraction_outcomes,,,,,2,stage-g-merge,,,,,,
pedersen2025_standard_t48m_paid_any_point,conflict_status,none,extraction_outcomes,,,,,2,stage-g-merge,,,,,,
pedersen2025_standard_t48m_paid_any_point,arm_id,standard,extraction_outcomes,,,,,2,stage-g-merge,,,,,,
pedersen2025_standard_t48m_paid_any_point,derivation_component_result_ids,,extraction_outcomes,,,,,2,stage-g-merge,,,,,,
pedersen2025_standard_t48m_paid_any_point,employment_selection_status,selected,extraction_cohorts,,,,,1,stage-g-merge,,,,,,
pedersen2025_standard_t48m_paid_any_point,diagnosis_group,schizophrenia,extraction_cohorts,,,,,2,stage-g-merge,,,,,,
pedersen2025_standard_t48m_paid_any_point,perc_qualifying_diagnosis,100,extraction_cohorts,,,,,2,stage-g-merge,,,,,,
pedersen2025_standard_t48m_paid_any_point,design,retrospective_cohort,extraction_cohorts,,,,,1,stage-g-merge,,,,,,
pedersen2025_standard_t48m_paid_any_point,arm_type,control_active,extraction_arms,,,,,2,stage-g-merge,,,,,,
pedersen2025_standard_t48m_paid_any_point,analysis_selection_status,selected,extraction_arms,,,,,2,stage-g-merge,,,,,,
pedersen2025_standard_t48m_paid_any_point,employment_targeted_intervention,,extraction_arms,,,,,2,stage-g-merge,,,,,,
pedersen2025_morpheus_t24m_paid_any_any,outcome_construct,paid_any,extraction_outcomes,,,,,2,stage-g-merge,,,,,,
pedersen2025_morpheus_t24m_paid_any_any,ascertainment,any_time_during_followup,extraction_outcomes,,,,,2,stage-g-merge,,,,,,
pedersen2025_morpheus_t24m_paid_any_any,ascertainment_window_months,24,extraction_outcomes,,,,,2,stage-g-merge,,,,,,
pedersen2025_morpheus_t24m_paid_any_any,n_employed,33,extraction_outcomes,,,,,2,stage-g-merge,,,,,,
pedersen2025_morpheus_t24m_paid_any_any,n_outcome_observed,116,extraction_outcomes,,,,,2,stage-g-merge,,,,,,
pedersen2025_morpheus_t24m_paid_any_any,denominator_basis,outcome_observed,extraction_outcomes,,,,,2,stage-g-merge,,,,,,
pedersen2025_morpheus_t24m_paid_any_any,followup_months,24,extraction_outcomes,,,,,2,stage-g-merge,,,,,,
pedersen2025_morpheus_t24m_paid_any_any,followup_basis,since_baseline,extraction_outcomes,,,,,2,stage-g-merge,,,,,,
pedersen2025_morpheus_t24m_paid_any_any,result_role,reported,extraction_outcomes,,,,,2,stage-g-merge,,,,,,
pedersen2025_morpheus_t24m_paid_any_any,conflict_status,none,extraction_outcomes,,,,,2,stage-g-merge,,,,,,
pedersen2025_morpheus_t24m_paid_any_any,arm_id,morpheus,extraction_outcomes,,,,,2,stage-g-merge,,,,,,
pedersen2025_morpheus_t24m_paid_any_any,derivation_component_result_ids,,extraction_outcomes,,,,,2,stage-g-merge,,,,,,
pedersen2025_morpheus_t24m_paid_any_any,employment_selection_status,selected,extraction_cohorts,,,,,1,stage-g-merge,,,,,,
pedersen2025_morpheus_t24m_paid_any_any,diagnosis_group,schizophrenia,extraction_cohorts,,,,,2,stage-g-merge,,,,,,
pedersen2025_morpheus_t24m_paid_any_any,perc_qualifying_diagnosis,100,extraction_cohorts,,,,,2,stage-g-merge,,,,,,
pedersen2025_morpheus_t24m_paid_any_any,design,retrospective_cohort,extraction_cohorts,,,,,1,stage-g-merge,,,,,,
pedersen2025_morpheus_t24m_paid_any_any,arm_type,intervention,extraction_arms,,,,,2,stage-g-merge,,,,,,
pedersen2025_morpheus_t24m_paid_any_any,analysis_selection_status,selected,extraction_arms,,,,,2,stage-g-merge,,,,,,
pedersen2025_morpheus_t24m_paid_any_any,employment_targeted_intervention,,extraction_arms,,,,,2,stage-g-merge,,,,,,
pedersen2025_standard_t24m_paid_any_any,outcome_construct,paid_any,extraction_outcomes,,,,,2,stage-g-merge,,,,,,
pedersen2025_standard_t24m_paid_any_any,ascertainment,any_time_during_followup,extraction_outcomes,,,,,2,stage-g-merge,,,,,,
pedersen2025_standard_t24m_paid_any_any,ascertainment_window_months,24,extraction_outcomes,,,,,2,stage-g-merge,,,,,,
pedersen2025_standard_t24m_paid_any_any,n_employed,24,extraction_outcomes,,,,,2,stage-g-merge,,,,,,
pedersen2025_standard_t24m_paid_any_any,n_outcome_observed,130,extraction_outcomes,,,,,2,stage-g-merge,,,,,,
pedersen2025_standard_t24m_paid_any_any,denominator_basis,outcome_observed,extraction_outcomes,,,,,2,stage-g-merge,,,,,,
pedersen2025_standard_t24m_paid_any_any,followup_months,24,extraction_outcomes,,,,,2,stage-g-merge,,,,,,
pedersen2025_standard_t24m_paid_any_any,followup_basis,since_baseline,extraction_outcomes,,,,,2,stage-g-merge,,,,,,
pedersen2025_standard_t24m_paid_any_any,result_role,reported,extraction_outcomes,,,,,2,stage-g-merge,,,,,,
pedersen2025_standard_t24m_paid_any_any,conflict_status,none,extraction_outcomes,,,,,2,stage-g-merge,,,,,,
pedersen2025_standard_t24m_paid_any_any,arm_id,standard,extraction_outcomes,,,,,2,stage-g-merge,,,,,,
pedersen2025_standard_t24m_paid_any_any,derivation_component_result_ids,,extraction_outcomes,,,,,2,stage-g-merge,,,,,,
pedersen2025_standard_t24m_paid_any_any,employment_selection_status,selected,extraction_cohorts,,,,,1,stage-g-merge,,,,,,
pedersen2025_standard_t24m_paid_any_any,diagnosis_group,schizophrenia,extraction_cohorts,,,,,2,stage-g-merge,,,,,,
pedersen2025_standard_t24m_paid_any_any,perc_qualifying_diagnosis,100,extraction_cohorts,,,,,2,stage-g-merge,,,,,,
pedersen2025_standard_t24m_paid_any_any,design,retrospective_cohort,extraction_cohorts,,,,,1,stage-g-merge,,,,,,
pedersen2025_standard_t24m_paid_any_any,arm_type,control_active,extraction_arms,,,,,2,stage-g-merge,,,,,,
pedersen2025_standard_t24m_paid_any_any,analysis_selection_status,selected,extraction_arms,,,,,2,stage-g-merge,,,,,,
pedersen2025_standard_t24m_paid_any_any,employment_targeted_intervention,,extraction_arms,,,,,2,stage-g-merge,,,,,,
pedersen2025_morpheus_t48m_paid_any_any,outcome_construct,paid_any,extraction_outcomes,,,,,2,stage-g-merge,,,,,,
pedersen2025_morpheus_t48m_paid_any_any,ascertainment,any_time_during_followup,extraction_outcomes,,,,,2,stage-g-merge,,,,,,
pedersen2025_morpheus_t48m_paid_any_any,ascertainment_window_months,24,extraction_outcomes,,,,,2,stage-g-merge,,,,,,
pedersen2025_morpheus_t48m_paid_any_any,n_employed,37,extraction_outcomes,,,,,2,stage-g-merge,,,,,,
pedersen2025_morpheus_t48m_paid_any_any,n_outcome_observed,116,extraction_outcomes,,,,,2,stage-g-merge,,,,,,
pedersen2025_morpheus_t48m_paid_any_any,denominator_basis,outcome_observed,extraction_outcomes,,,,,2,stage-g-merge,,,,,,
pedersen2025_morpheus_t48m_paid_any_any,followup_months,48,extraction_outcomes,,,,,2,stage-g-merge,,,,,,
pedersen2025_morpheus_t48m_paid_any_any,followup_basis,since_baseline,extraction_outcomes,,,,,2,stage-g-merge,,,,,,
pedersen2025_morpheus_t48m_paid_any_any,result_role,reported,extraction_outcomes,,,,,2,stage-g-merge,,,,,,
pedersen2025_morpheus_t48m_paid_any_any,conflict_status,none,extraction_outcomes,,,,,2,stage-g-merge,,,,,,
pedersen2025_morpheus_t48m_paid_any_any,arm_id,morpheus,extraction_outcomes,,,,,2,stage-g-merge,,,,,,
pedersen2025_morpheus_t48m_paid_any_any,derivation_component_result_ids,,extraction_outcomes,,,,,2,stage-g-merge,,,,,,
pedersen2025_morpheus_t48m_paid_any_any,employment_selection_status,selected,extraction_cohorts,,,,,1,stage-g-merge,,,,,,
pedersen2025_morpheus_t48m_paid_any_any,diagnosis_group,schizophrenia,extraction_cohorts,,,,,2,stage-g-merge,,,,,,
pedersen2025_morpheus_t48m_paid_any_any,perc_qualifying_diagnosis,100,extraction_cohorts,,,,,2,stage-g-merge,,,,,,
pedersen2025_morpheus_t48m_paid_any_any,design,retrospective_cohort,extraction_cohorts,,,,,1,stage-g-merge,,,,,,
pedersen2025_morpheus_t48m_paid_any_any,arm_type,intervention,extraction_arms,,,,,2,stage-g-merge,,,,,,
pedersen2025_morpheus_t48m_paid_any_any,analysis_selection_status,selected,extraction_arms,,,,,2,stage-g-merge,,,,,,
pedersen2025_morpheus_t48m_paid_any_any,employment_targeted_intervention,,extraction_arms,,,,,2,stage-g-merge,,,,,,
pedersen2025_standard_t48m_paid_any_any,outcome_construct,paid_any,extraction_outcomes,,,,,2,stage-g-merge,,,,,,
pedersen2025_standard_t48m_paid_any_any,ascertainment,any_time_during_followup,extraction_outcomes,,,,,2,stage-g-merge,,,,,,
pedersen2025_standard_t48m_paid_any_any,ascertainment_window_months,24,extraction_outcomes,,,,,2,stage-g-merge,,,,,,
pedersen2025_standard_t48m_paid_any_any,n_employed,33,extraction_outcomes,,,,,2,stage-g-merge,,,,,,
pedersen2025_standard_t48m_paid_any_any,n_outcome_observed,130,extraction_outcomes,,,,,2,stage-g-merge,,,,,,
pedersen2025_standard_t48m_paid_any_any,denominator_basis,outcome_observed,extraction_outcomes,,,,,2,stage-g-merge,,,,,,
pedersen2025_standard_t48m_paid_any_any,followup_months,48,extraction_outcomes,,,,,2,stage-g-merge,,,,,,
pedersen2025_standard_t48m_paid_any_any,followup_basis,since_baseline,extraction_outcomes,,,,,2,stage-g-merge,,,,,,
pedersen2025_standard_t48m_paid_any_any,result_role,reported,extraction_outcomes,,,,,2,stage-g-merge,,,,,,
pedersen2025_standard_t48m_paid_any_any,conflict_status,none,extraction_outcomes,,,,,2,stage-g-merge,,,,,,
pedersen2025_standard_t48m_paid_any_any,arm_id,standard,extraction_outcomes,,,,,2,stage-g-merge,,,,,,
pedersen2025_standard_t48m_paid_any_any,derivation_component_result_ids,,extraction_outcomes,,,,,2,stage-g-merge,,,,,,
pedersen2025_standard_t48m_paid_any_any,employment_selection_status,selected,extraction_cohorts,,,,,1,stage-g-merge,,,,,,
pedersen2025_standard_t48m_paid_any_any,diagnosis_group,schizophrenia,extraction_cohorts,,,,,2,stage-g-merge,,,,,,
pedersen2025_standard_t48m_paid_any_any,perc_qualifying_diagnosis,100,extraction_cohorts,,,,,2,stage-g-merge,,,,,,
pedersen2025_standard_t48m_paid_any_any,design,retrospective_cohort,extraction_cohorts,,,,,1,stage-g-merge,,,,,,
pedersen2025_standard_t48m_paid_any_any,arm_type,control_active,extraction_arms,,,,,2,stage-g-merge,,,,,,
pedersen2025_standard_t48m_paid_any_any,analysis_selection_status,selected,extraction_arms,,,,,2,stage-g-merge,,,,,,
pedersen2025_standard_t48m_paid_any_any,employment_targeted_intervention,,extraction_arms,,,,,2,stage-g-merge,,,,,,
pedersen2025_morpheus_t24m_edu_point,outcome_construct,education_only,extraction_outcomes,,,,,2,stage-g-merge,,,,,,
pedersen2025_morpheus_t24m_edu_point,ascertainment,point_prevalence,extraction_outcomes,,,,,2,stage-g-merge,,,,,,
pedersen2025_morpheus_t24m_edu_point,ascertainment_window_months,,extraction_outcomes,,,,,2,stage-g-merge,,,,,,
pedersen2025_morpheus_t24m_edu_point,n_employed,12,extraction_outcomes,,,,,2,stage-g-merge,,,,,,
pedersen2025_morpheus_t24m_edu_point,n_outcome_observed,116,extraction_outcomes,,,,,2,stage-g-merge,,,,,,
pedersen2025_morpheus_t24m_edu_point,denominator_basis,outcome_observed,extraction_outcomes,,,,,2,stage-g-merge,,,,,,
pedersen2025_morpheus_t24m_edu_point,followup_months,24,extraction_outcomes,,,,,2,stage-g-merge,,,,,,
pedersen2025_morpheus_t24m_edu_point,followup_basis,since_baseline,extraction_outcomes,,,,,2,stage-g-merge,,,,,,
pedersen2025_morpheus_t24m_edu_point,result_role,reported,extraction_outcomes,,,,,2,stage-g-merge,,,,,,
pedersen2025_morpheus_t24m_edu_point,conflict_status,none,extraction_outcomes,,,,,2,stage-g-merge,,,,,,
pedersen2025_morpheus_t24m_edu_point,arm_id,morpheus,extraction_outcomes,,,,,2,stage-g-merge,,,,,,
pedersen2025_morpheus_t24m_edu_point,derivation_component_result_ids,,extraction_outcomes,,,,,2,stage-g-merge,,,,,,
pedersen2025_morpheus_t24m_edu_point,employment_selection_status,selected,extraction_cohorts,,,,,1,stage-g-merge,,,,,,
pedersen2025_morpheus_t24m_edu_point,diagnosis_group,schizophrenia,extraction_cohorts,,,,,2,stage-g-merge,,,,,,
pedersen2025_morpheus_t24m_edu_point,perc_qualifying_diagnosis,100,extraction_cohorts,,,,,2,stage-g-merge,,,,,,
pedersen2025_morpheus_t24m_edu_point,design,retrospective_cohort,extraction_cohorts,,,,,1,stage-g-merge,,,,,,
pedersen2025_morpheus_t24m_edu_point,arm_type,intervention,extraction_arms,,,,,2,stage-g-merge,,,,,,
pedersen2025_morpheus_t24m_edu_point,analysis_selection_status,selected,extraction_arms,,,,,2,stage-g-merge,,,,,,
pedersen2025_morpheus_t24m_edu_point,employment_targeted_intervention,,extraction_arms,,,,,2,stage-g-merge,,,,,,
pedersen2025_standard_t24m_edu_point,outcome_construct,education_only,extraction_outcomes,,,,,2,stage-g-merge,,,,,,
pedersen2025_standard_t24m_edu_point,ascertainment,point_prevalence,extraction_outcomes,,,,,2,stage-g-merge,,,,,,
pedersen2025_standard_t24m_edu_point,ascertainment_window_months,,extraction_outcomes,,,,,2,stage-g-merge,,,,,,
pedersen2025_standard_t24m_edu_point,n_employed,5,extraction_outcomes,,,,,2,stage-g-merge,,,,,,
pedersen2025_standard_t24m_edu_point,n_outcome_observed,130,extraction_outcomes,,,,,2,stage-g-merge,,,,,,
pedersen2025_standard_t24m_edu_point,denominator_basis,outcome_observed,extraction_outcomes,,,,,2,stage-g-merge,,,,,,
pedersen2025_standard_t24m_edu_point,followup_months,24,extraction_outcomes,,,,,2,stage-g-merge,,,,,,
pedersen2025_standard_t24m_edu_point,followup_basis,since_baseline,extraction_outcomes,,,,,2,stage-g-merge,,,,,,
pedersen2025_standard_t24m_edu_point,result_role,reported,extraction_outcomes,,,,,2,stage-g-merge,,,,,,
pedersen2025_standard_t24m_edu_point,conflict_status,none,extraction_outcomes,,,,,2,stage-g-merge,,,,,,
pedersen2025_standard_t24m_edu_point,arm_id,standard,extraction_outcomes,,,,,2,stage-g-merge,,,,,,
pedersen2025_standard_t24m_edu_point,derivation_component_result_ids,,extraction_outcomes,,,,,2,stage-g-merge,,,,,,
pedersen2025_standard_t24m_edu_point,employment_selection_status,selected,extraction_cohorts,,,,,1,stage-g-merge,,,,,,
pedersen2025_standard_t24m_edu_point,diagnosis_group,schizophrenia,extraction_cohorts,,,,,2,stage-g-merge,,,,,,
pedersen2025_standard_t24m_edu_point,perc_qualifying_diagnosis,100,extraction_cohorts,,,,,2,stage-g-merge,,,,,,
pedersen2025_standard_t24m_edu_point,design,retrospective_cohort,extraction_cohorts,,,,,1,stage-g-merge,,,,,,
pedersen2025_standard_t24m_edu_point,arm_type,control_active,extraction_arms,,,,,2,stage-g-merge,,,,,,
pedersen2025_standard_t24m_edu_point,analysis_selection_status,selected,extraction_arms,,,,,2,stage-g-merge,,,,,,
pedersen2025_standard_t24m_edu_point,employment_targeted_intervention,,extraction_arms,,,,,2,stage-g-merge,,,,,,
pedersen2025_morpheus_t48m_edu_point,outcome_construct,education_only,extraction_outcomes,,,,,2,stage-g-merge,,,,,,
pedersen2025_morpheus_t48m_edu_point,ascertainment,point_prevalence,extraction_outcomes,,,,,2,stage-g-merge,,,,,,
pedersen2025_morpheus_t48m_edu_point,ascertainment_window_months,,extraction_outcomes,,,,,2,stage-g-merge,,,,,,
pedersen2025_morpheus_t48m_edu_point,n_employed,12,extraction_outcomes,,,,,2,stage-g-merge,,,,,,
pedersen2025_morpheus_t48m_edu_point,n_outcome_observed,116,extraction_outcomes,,,,,2,stage-g-merge,,,,,,
pedersen2025_morpheus_t48m_edu_point,denominator_basis,outcome_observed,extraction_outcomes,,,,,2,stage-g-merge,,,,,,
pedersen2025_morpheus_t48m_edu_point,followup_months,48,extraction_outcomes,,,,,2,stage-g-merge,,,,,,
pedersen2025_morpheus_t48m_edu_point,followup_basis,since_baseline,extraction_outcomes,,,,,2,stage-g-merge,,,,,,
pedersen2025_morpheus_t48m_edu_point,result_role,reported,extraction_outcomes,,,,,2,stage-g-merge,,,,,,
pedersen2025_morpheus_t48m_edu_point,conflict_status,none,extraction_outcomes,,,,,2,stage-g-merge,,,,,,
pedersen2025_morpheus_t48m_edu_point,arm_id,morpheus,extraction_outcomes,,,,,2,stage-g-merge,,,,,,
pedersen2025_morpheus_t48m_edu_point,derivation_component_result_ids,,extraction_outcomes,,,,,2,stage-g-merge,,,,,,
pedersen2025_morpheus_t48m_edu_point,employment_selection_status,selected,extraction_cohorts,,,,,1,stage-g-merge,,,,,,
pedersen2025_morpheus_t48m_edu_point,diagnosis_group,schizophrenia,extraction_cohorts,,,,,2,stage-g-merge,,,,,,
pedersen2025_morpheus_t48m_edu_point,perc_qualifying_diagnosis,100,extraction_cohorts,,,,,2,stage-g-merge,,,,,,
pedersen2025_morpheus_t48m_edu_point,design,retrospective_cohort,extraction_cohorts,,,,,1,stage-g-merge,,,,,,
pedersen2025_morpheus_t48m_edu_point,arm_type,intervention,extraction_arms,,,,,2,stage-g-merge,,,,,,
pedersen2025_morpheus_t48m_edu_point,analysis_selection_status,selected,extraction_arms,,,,,2,stage-g-merge,,,,,,
pedersen2025_morpheus_t48m_edu_point,employment_targeted_intervention,,extraction_arms,,,,,2,stage-g-merge,,,,,,
pedersen2025_standard_t48m_edu_point,outcome_construct,education_only,extraction_outcomes,,,,,2,stage-g-merge,,,,,,
pedersen2025_standard_t48m_edu_point,ascertainment,point_prevalence,extraction_outcomes,,,,,2,stage-g-merge,,,,,,
pedersen2025_standard_t48m_edu_point,ascertainment_window_months,,extraction_outcomes,,,,,2,stage-g-merge,,,,,,
pedersen2025_standard_t48m_edu_point,n_employed,10,extraction_outcomes,,,,,2,stage-g-merge,,,,,,
pedersen2025_standard_t48m_edu_point,n_outcome_observed,130,extraction_outcomes,,,,,2,stage-g-merge,,,,,,
pedersen2025_standard_t48m_edu_point,denominator_basis,outcome_observed,extraction_outcomes,,,,,2,stage-g-merge,,,,,,
pedersen2025_standard_t48m_edu_point,followup_months,48,extraction_outcomes,,,,,2,stage-g-merge,,,,,,
pedersen2025_standard_t48m_edu_point,followup_basis,since_baseline,extraction_outcomes,,,,,2,stage-g-merge,,,,,,
pedersen2025_standard_t48m_edu_point,result_role,reported,extraction_outcomes,,,,,2,stage-g-merge,,,,,,
pedersen2025_standard_t48m_edu_point,conflict_status,none,extraction_outcomes,,,,,2,stage-g-merge,,,,,,
pedersen2025_standard_t48m_edu_point,arm_id,standard,extraction_outcomes,,,,,2,stage-g-merge,,,,,,
pedersen2025_standard_t48m_edu_point,derivation_component_result_ids,,extraction_outcomes,,,,,2,stage-g-merge,,,,,,
pedersen2025_standard_t48m_edu_point,employment_selection_status,selected,extraction_cohorts,,,,,1,stage-g-merge,,,,,,
pedersen2025_standard_t48m_edu_point,diagnosis_group,schizophrenia,extraction_cohorts,,,,,2,stage-g-merge,,,,,,
pedersen2025_standard_t48m_edu_point,perc_qualifying_diagnosis,100,extraction_cohorts,,,,,2,stage-g-merge,,,,,,
pedersen2025_standard_t48m_edu_point,design,retrospective_cohort,extraction_cohorts,,,,,1,stage-g-merge,,,,,,
pedersen2025_standard_t48m_edu_point,arm_type,control_active,extraction_arms,,,,,2,stage-g-merge,,,,,,
pedersen2025_standard_t48m_edu_point,analysis_selection_status,selected,extraction_arms,,,,,2,stage-g-merge,,,,,,
pedersen2025_standard_t48m_edu_point,employment_targeted_intervention,,extraction_arms,,,,,2,stage-g-merge,,,,,,
pedersen2025_morpheus_t24m_noncomp_point,outcome_construct,vocational_activity,extraction_outcomes,,,,,2,stage-g-merge,,,,,,
pedersen2025_morpheus_t24m_noncomp_point,ascertainment,point_prevalence,extraction_outcomes,,,,,2,stage-g-merge,,,,,,
pedersen2025_morpheus_t24m_noncomp_point,ascertainment_window_months,,extraction_outcomes,,,,,2,stage-g-merge,,,,,,
pedersen2025_morpheus_t24m_noncomp_point,n_employed,13,extraction_outcomes,,,,,2,stage-g-merge,,,,,,
pedersen2025_morpheus_t24m_noncomp_point,n_outcome_observed,116,extraction_outcomes,,,,,2,stage-g-merge,,,,,,
pedersen2025_morpheus_t24m_noncomp_point,denominator_basis,outcome_observed,extraction_outcomes,,,,,2,stage-g-merge,,,,,,
pedersen2025_morpheus_t24m_noncomp_point,followup_months,24,extraction_outcomes,,,,,2,stage-g-merge,,,,,,
pedersen2025_morpheus_t24m_noncomp_point,followup_basis,since_baseline,extraction_outcomes,,,,,2,stage-g-merge,,,,,,
pedersen2025_morpheus_t24m_noncomp_point,result_role,reported,extraction_outcomes,,,,,2,stage-g-merge,,,,,,
pedersen2025_morpheus_t24m_noncomp_point,conflict_status,none,extraction_outcomes,,,,,2,stage-g-merge,,,,,,
pedersen2025_morpheus_t24m_noncomp_point,arm_id,morpheus,extraction_outcomes,,,,,2,stage-g-merge,,,,,,
pedersen2025_morpheus_t24m_noncomp_point,derivation_component_result_ids,,extraction_outcomes,,,,,2,stage-g-merge,,,,,,
pedersen2025_morpheus_t24m_noncomp_point,employment_selection_status,selected,extraction_cohorts,,,,,1,stage-g-merge,,,,,,
pedersen2025_morpheus_t24m_noncomp_point,diagnosis_group,schizophrenia,extraction_cohorts,,,,,2,stage-g-merge,,,,,,
pedersen2025_morpheus_t24m_noncomp_point,perc_qualifying_diagnosis,100,extraction_cohorts,,,,,2,stage-g-merge,,,,,,
pedersen2025_morpheus_t24m_noncomp_point,design,retrospective_cohort,extraction_cohorts,,,,,1,stage-g-merge,,,,,,
pedersen2025_morpheus_t24m_noncomp_point,arm_type,intervention,extraction_arms,,,,,2,stage-g-merge,,,,,,
pedersen2025_morpheus_t24m_noncomp_point,analysis_selection_status,selected,extraction_arms,,,,,2,stage-g-merge,,,,,,
pedersen2025_morpheus_t24m_noncomp_point,employment_targeted_intervention,,extraction_arms,,,,,2,stage-g-merge,,,,,,
pedersen2025_standard_t24m_noncomp_point,outcome_construct,vocational_activity,extraction_outcomes,,,,,2,stage-g-merge,,,,,,
pedersen2025_standard_t24m_noncomp_point,ascertainment,point_prevalence,extraction_outcomes,,,,,2,stage-g-merge,,,,,,
pedersen2025_standard_t24m_noncomp_point,ascertainment_window_months,,extraction_outcomes,,,,,2,stage-g-merge,,,,,,
pedersen2025_standard_t24m_noncomp_point,n_employed,28,extraction_outcomes,,,,,2,stage-g-merge,,,,,,
pedersen2025_standard_t24m_noncomp_point,n_outcome_observed,130,extraction_outcomes,,,,,2,stage-g-merge,,,,,,
pedersen2025_standard_t24m_noncomp_point,denominator_basis,outcome_observed,extraction_outcomes,,,,,2,stage-g-merge,,,,,,
pedersen2025_standard_t24m_noncomp_point,followup_months,24,extraction_outcomes,,,,,2,stage-g-merge,,,,,,
pedersen2025_standard_t24m_noncomp_point,followup_basis,since_baseline,extraction_outcomes,,,,,2,stage-g-merge,,,,,,
pedersen2025_standard_t24m_noncomp_point,result_role,reported,extraction_outcomes,,,,,2,stage-g-merge,,,,,,
pedersen2025_standard_t24m_noncomp_point,conflict_status,none,extraction_outcomes,,,,,2,stage-g-merge,,,,,,
pedersen2025_standard_t24m_noncomp_point,arm_id,standard,extraction_outcomes,,,,,2,stage-g-merge,,,,,,
pedersen2025_standard_t24m_noncomp_point,derivation_component_result_ids,,extraction_outcomes,,,,,2,stage-g-merge,,,,,,
pedersen2025_standard_t24m_noncomp_point,employment_selection_status,selected,extraction_cohorts,,,,,1,stage-g-merge,,,,,,
pedersen2025_standard_t24m_noncomp_point,diagnosis_group,schizophrenia,extraction_cohorts,,,,,2,stage-g-merge,,,,,,
pedersen2025_standard_t24m_noncomp_point,perc_qualifying_diagnosis,100,extraction_cohorts,,,,,2,stage-g-merge,,,,,,
pedersen2025_standard_t24m_noncomp_point,design,retrospective_cohort,extraction_cohorts,,,,,1,stage-g-merge,,,,,,
pedersen2025_standard_t24m_noncomp_point,arm_type,control_active,extraction_arms,,,,,2,stage-g-merge,,,,,,
pedersen2025_standard_t24m_noncomp_point,analysis_selection_status,selected,extraction_arms,,,,,2,stage-g-merge,,,,,,
pedersen2025_standard_t24m_noncomp_point,employment_targeted_intervention,,extraction_arms,,,,,2,stage-g-merge,,,,,,
pedersen2025_morpheus_t48m_noncomp_point,outcome_construct,vocational_activity,extraction_outcomes,,,,,2,stage-g-merge,,,,,,
pedersen2025_morpheus_t48m_noncomp_point,ascertainment,point_prevalence,extraction_outcomes,,,,,2,stage-g-merge,,,,,,
pedersen2025_morpheus_t48m_noncomp_point,ascertainment_window_months,,extraction_outcomes,,,,,2,stage-g-merge,,,,,,
pedersen2025_morpheus_t48m_noncomp_point,n_employed,9,extraction_outcomes,,,,,2,stage-g-merge,,,,,,
pedersen2025_morpheus_t48m_noncomp_point,n_outcome_observed,116,extraction_outcomes,,,,,2,stage-g-merge,,,,,,
pedersen2025_morpheus_t48m_noncomp_point,denominator_basis,outcome_observed,extraction_outcomes,,,,,2,stage-g-merge,,,,,,
pedersen2025_morpheus_t48m_noncomp_point,followup_months,48,extraction_outcomes,,,,,2,stage-g-merge,,,,,,
pedersen2025_morpheus_t48m_noncomp_point,followup_basis,since_baseline,extraction_outcomes,,,,,2,stage-g-merge,,,,,,
pedersen2025_morpheus_t48m_noncomp_point,result_role,reported,extraction_outcomes,,,,,2,stage-g-merge,,,,,,
pedersen2025_morpheus_t48m_noncomp_point,conflict_status,none,extraction_outcomes,,,,,2,stage-g-merge,,,,,,
pedersen2025_morpheus_t48m_noncomp_point,arm_id,morpheus,extraction_outcomes,,,,,2,stage-g-merge,,,,,,
pedersen2025_morpheus_t48m_noncomp_point,derivation_component_result_ids,,extraction_outcomes,,,,,2,stage-g-merge,,,,,,
pedersen2025_morpheus_t48m_noncomp_point,employment_selection_status,selected,extraction_cohorts,,,,,1,stage-g-merge,,,,,,
pedersen2025_morpheus_t48m_noncomp_point,diagnosis_group,schizophrenia,extraction_cohorts,,,,,2,stage-g-merge,,,,,,
pedersen2025_morpheus_t48m_noncomp_point,perc_qualifying_diagnosis,100,extraction_cohorts,,,,,2,stage-g-merge,,,,,,
pedersen2025_morpheus_t48m_noncomp_point,design,retrospective_cohort,extraction_cohorts,,,,,1,stage-g-merge,,,,,,
pedersen2025_morpheus_t48m_noncomp_point,arm_type,intervention,extraction_arms,,,,,2,stage-g-merge,,,,,,
pedersen2025_morpheus_t48m_noncomp_point,analysis_selection_status,selected,extraction_arms,,,,,2,stage-g-merge,,,,,,
pedersen2025_morpheus_t48m_noncomp_point,employment_targeted_intervention,,extraction_arms,,,,,2,stage-g-merge,,,,,,
pedersen2025_standard_t48m_noncomp_point,outcome_construct,vocational_activity,extraction_outcomes,,,,,2,stage-g-merge,,,,,,
pedersen2025_standard_t48m_noncomp_point,ascertainment,point_prevalence,extraction_outcomes,,,,,2,stage-g-merge,,,,,,
pedersen2025_standard_t48m_noncomp_point,ascertainment_window_months,,extraction_outcomes,,,,,2,stage-g-merge,,,,,,
pedersen2025_standard_t48m_noncomp_point,n_employed,24,extraction_outcomes,,,,,2,stage-g-merge,,,,,,
pedersen2025_standard_t48m_noncomp_point,n_outcome_observed,130,extraction_outcomes,,,,,2,stage-g-merge,,,,,,
pedersen2025_standard_t48m_noncomp_point,denominator_basis,outcome_observed,extraction_outcomes,,,,,2,stage-g-merge,,,,,,
pedersen2025_standard_t48m_noncomp_point,followup_months,48,extraction_outcomes,,,,,2,stage-g-merge,,,,,,
pedersen2025_standard_t48m_noncomp_point,followup_basis,since_baseline,extraction_outcomes,,,,,2,stage-g-merge,,,,,,
pedersen2025_standard_t48m_noncomp_point,result_role,reported,extraction_outcomes,,,,,2,stage-g-merge,,,,,,
pedersen2025_standard_t48m_noncomp_point,conflict_status,none,extraction_outcomes,,,,,2,stage-g-merge,,,,,,
pedersen2025_standard_t48m_noncomp_point,arm_id,standard,extraction_outcomes,,,,,2,stage-g-merge,,,,,,
pedersen2025_standard_t48m_noncomp_point,derivation_component_result_ids,,extraction_outcomes,,,,,2,stage-g-merge,,,,,,
pedersen2025_standard_t48m_noncomp_point,employment_selection_status,selected,extraction_cohorts,,,,,1,stage-g-merge,,,,,,
pedersen2025_standard_t48m_noncomp_point,diagnosis_group,schizophrenia,extraction_cohorts,,,,,2,stage-g-merge,,,,,,
pedersen2025_standard_t48m_noncomp_point,perc_qualifying_diagnosis,100,extraction_cohorts,,,,,2,stage-g-merge,,,,,,
pedersen2025_standard_t48m_noncomp_point,design,retrospective_cohort,extraction_cohorts,,,,,1,stage-g-merge,,,,,,
pedersen2025_standard_t48m_noncomp_point,arm_type,control_active,extraction_arms,,,,,2,stage-g-merge,,,,,,
pedersen2025_standard_t48m_noncomp_point,analysis_selection_status,selected,extraction_arms,,,,,2,stage-g-merge,,,,,,
pedersen2025_standard_t48m_noncomp_point,employment_targeted_intervention,,extraction_arms,,,,,2,stage-g-merge,,,,,,
peebo2022_cohort_t12m_employment_completers,outcome_construct,unclear,extraction_outcomes,,,,,2,stage-g-merge,,,,,,
peebo2022_cohort_t12m_employment_completers,ascertainment,point_prevalence,extraction_outcomes,,,,,2,stage-g-merge,,,,,,
peebo2022_cohort_t12m_employment_completers,ascertainment_window_months,,extraction_outcomes,,,,,2,stage-g-merge,,,,,,
peebo2022_cohort_t12m_employment_completers,n_employed,,extraction_outcomes,,,,,2,stage-g-merge,,,,,,
peebo2022_cohort_t12m_employment_completers,n_outcome_observed,107,extraction_outcomes,,,,,2,stage-g-merge,,,,,,
peebo2022_cohort_t12m_employment_completers,denominator_basis,outcome_observed,extraction_outcomes,,,,,2,stage-g-merge,,,,,,
peebo2022_cohort_t12m_employment_completers,followup_months,12,extraction_outcomes,,,,,2,stage-g-merge,,,,,,
peebo2022_cohort_t12m_employment_completers,followup_basis,since_baseline,extraction_outcomes,,,,,2,stage-g-merge,,,,,,
peebo2022_cohort_t12m_employment_completers,result_role,reported,extraction_outcomes,,,,,2,stage-g-merge,,,,,,
peebo2022_cohort_t12m_employment_completers,conflict_status,none,extraction_outcomes,,,,,2,stage-g-merge,,,,,,
peebo2022_cohort_t12m_employment_completers,arm_id,cohort,extraction_outcomes,,,,,2,stage-g-merge,,,,,,
peebo2022_cohort_t12m_employment_completers,derivation_component_result_ids,,extraction_outcomes,,,,,2,stage-g-merge,,,,,,
peebo2022_cohort_t12m_employment_completers,employment_selection_status,none,extraction_cohorts,,,,,1,stage-g-merge,,,,,,
peebo2022_cohort_t12m_employment_completers,diagnosis_group,psychosis_mixed,extraction_cohorts,,,,,2,stage-g-merge,,,,,,
peebo2022_cohort_t12m_employment_completers,perc_qualifying_diagnosis,100,extraction_cohorts,,,,,2,stage-g-merge,,,,,,
peebo2022_cohort_t12m_employment_completers,design,prospective_cohort,extraction_cohorts,,,,,1,stage-g-merge,,,,,,
peebo2022_cohort_t12m_employment_completers,arm_type,cohort,extraction_arms,,,,,2,stage-g-merge,,,,,,
peebo2022_cohort_t12m_employment_completers,analysis_selection_status,none,extraction_arms,,,,,2,stage-g-merge,,,,,,
peebo2022_cohort_t12m_employment_completers,employment_targeted_intervention,no,extraction_arms,,,,,2,stage-g-merge,,,,,,
peebo2022_cohort_t24m_employment_completers,outcome_construct,unclear,extraction_outcomes,,,,,2,stage-g-merge,,,,,,
peebo2022_cohort_t24m_employment_completers,ascertainment,point_prevalence,extraction_outcomes,,,,,2,stage-g-merge,,,,,,
peebo2022_cohort_t24m_employment_completers,ascertainment_window_months,,extraction_outcomes,,,,,2,stage-g-merge,,,,,,
peebo2022_cohort_t24m_employment_completers,n_employed,,extraction_outcomes,,,,,2,stage-g-merge,,,,,,
peebo2022_cohort_t24m_employment_completers,n_outcome_observed,107,extraction_outcomes,,,,,2,stage-g-merge,,,,,,
peebo2022_cohort_t24m_employment_completers,denominator_basis,outcome_observed,extraction_outcomes,,,,,2,stage-g-merge,,,,,,
peebo2022_cohort_t24m_employment_completers,followup_months,24,extraction_outcomes,,,,,2,stage-g-merge,,,,,,
peebo2022_cohort_t24m_employment_completers,followup_basis,since_baseline,extraction_outcomes,,,,,2,stage-g-merge,,,,,,
peebo2022_cohort_t24m_employment_completers,result_role,reported,extraction_outcomes,,,,,2,stage-g-merge,,,,,,
peebo2022_cohort_t24m_employment_completers,conflict_status,none,extraction_outcomes,,,,,2,stage-g-merge,,,,,,
peebo2022_cohort_t24m_employment_completers,arm_id,cohort,extraction_outcomes,,,,,2,stage-g-merge,,,,,,
peebo2022_cohort_t24m_employment_completers,derivation_component_result_ids,,extraction_outcomes,,,,,2,stage-g-merge,,,,,,
peebo2022_cohort_t24m_employment_completers,employment_selection_status,none,extraction_cohorts,,,,,1,stage-g-merge,,,,,,
peebo2022_cohort_t24m_employment_completers,diagnosis_group,psychosis_mixed,extraction_cohorts,,,,,2,stage-g-merge,,,,,,
peebo2022_cohort_t24m_employment_completers,perc_qualifying_diagnosis,100,extraction_cohorts,,,,,2,stage-g-merge,,,,,,
peebo2022_cohort_t24m_employment_completers,design,prospective_cohort,extraction_cohorts,,,,,1,stage-g-merge,,,,,,
peebo2022_cohort_t24m_employment_completers,arm_type,cohort,extraction_arms,,,,,2,stage-g-merge,,,,,,
peebo2022_cohort_t24m_employment_completers,analysis_selection_status,none,extraction_arms,,,,,2,stage-g-merge,,,,,,
peebo2022_cohort_t24m_employment_completers,employment_targeted_intervention,no,extraction_arms,,,,,2,stage-g-merge,,,,,,
peebo2022_cohort_t12m_employment_all154,outcome_construct,unclear,extraction_outcomes,,,,,2,stage-g-merge,,,,,,
peebo2022_cohort_t12m_employment_all154,ascertainment,point_prevalence,extraction_outcomes,,,,,2,stage-g-merge,,,,,,
peebo2022_cohort_t12m_employment_all154,ascertainment_window_months,,extraction_outcomes,,,,,2,stage-g-merge,,,,,,
peebo2022_cohort_t12m_employment_all154,n_employed,,extraction_outcomes,,,,,2,stage-g-merge,,,,,,
peebo2022_cohort_t12m_employment_all154,n_outcome_observed,154,extraction_outcomes,,,,,2,stage-g-merge,,,,,,
peebo2022_cohort_t12m_employment_all154,denominator_basis,unclear,extraction_outcomes,,,,,2,stage-g-merge,,,,,,
peebo2022_cohort_t12m_employment_all154,followup_months,12,extraction_outcomes,,,,,2,stage-g-merge,,,,,,
peebo2022_cohort_t12m_employment_all154,followup_basis,since_baseline,extraction_outcomes,,,,,2,stage-g-merge,,,,,,
peebo2022_cohort_t12m_employment_all154,result_role,reported,extraction_outcomes,,,,,2,stage-g-merge,,,,,,
peebo2022_cohort_t12m_employment_all154,conflict_status,unresolved,extraction_outcomes,,,,,2,stage-g-merge,,,,,,
peebo2022_cohort_t12m_employment_all154,arm_id,cohort,extraction_outcomes,,,,,2,stage-g-merge,,,,,,
peebo2022_cohort_t12m_employment_all154,derivation_component_result_ids,,extraction_outcomes,,,,,2,stage-g-merge,,,,,,
peebo2022_cohort_t12m_employment_all154,employment_selection_status,none,extraction_cohorts,,,,,1,stage-g-merge,,,,,,
peebo2022_cohort_t12m_employment_all154,diagnosis_group,psychosis_mixed,extraction_cohorts,,,,,2,stage-g-merge,,,,,,
peebo2022_cohort_t12m_employment_all154,perc_qualifying_diagnosis,100,extraction_cohorts,,,,,2,stage-g-merge,,,,,,
peebo2022_cohort_t12m_employment_all154,design,prospective_cohort,extraction_cohorts,,,,,1,stage-g-merge,,,,,,
peebo2022_cohort_t12m_employment_all154,arm_type,cohort,extraction_arms,,,,,2,stage-g-merge,,,,,,
peebo2022_cohort_t12m_employment_all154,analysis_selection_status,none,extraction_arms,,,,,2,stage-g-merge,,,,,,
peebo2022_cohort_t12m_employment_all154,employment_targeted_intervention,no,extraction_arms,,,,,2,stage-g-merge,,,,,,
petrakis2019_cohort_prog_vocact_any,outcome_construct,vocational_activity,extraction_outcomes,,,,,2,stage-g-merge,,,,,,
petrakis2019_cohort_prog_vocact_any,ascertainment,any_time_during_followup,extraction_outcomes,,,,,2,stage-g-merge,,,,,,
petrakis2019_cohort_prog_vocact_any,ascertainment_window_months,,extraction_outcomes,,,,,2,stage-g-merge,,,,,,
petrakis2019_cohort_prog_vocact_any,n_employed,63,extraction_outcomes,,,,,2,stage-g-merge,,,,,,
petrakis2019_cohort_prog_vocact_any,n_outcome_observed,136,extraction_outcomes,,,,,2,stage-g-merge,,,,,,
petrakis2019_cohort_prog_vocact_any,denominator_basis,outcome_observed,extraction_outcomes,,,,,2,stage-g-merge,,,,,,
petrakis2019_cohort_prog_vocact_any,followup_months,,extraction_outcomes,,,,,2,stage-g-merge,,,,,,
petrakis2019_cohort_prog_vocact_any,followup_basis,calendar_end_common,extraction_outcomes,,,,,2,stage-g-merge,,,,,,
petrakis2019_cohort_prog_vocact_any,result_role,reported,extraction_outcomes,,,,,2,stage-g-merge,,,,,,
petrakis2019_cohort_prog_vocact_any,conflict_status,none,extraction_outcomes,,,,,2,stage-g-merge,,,,,,
petrakis2019_cohort_prog_vocact_any,arm_id,cohort,extraction_outcomes,,,,,2,stage-g-merge,,,,,,
petrakis2019_cohort_prog_vocact_any,derivation_component_result_ids,,extraction_outcomes,,,,,2,stage-g-merge,,,,,,
petrakis2019_cohort_prog_vocact_any,employment_selection_status,selected,extraction_cohorts,,,,,1,stage-g-merge,,,,,,
petrakis2019_cohort_prog_vocact_any,diagnosis_group,smi_mixed,extraction_cohorts,,,,,2,stage-g-merge,,,,,,
petrakis2019_cohort_prog_vocact_any,perc_qualifying_diagnosis,72.8,extraction_cohorts,,,,,2,stage-g-merge,,,,,,
petrakis2019_cohort_prog_vocact_any,design,retrospective_cohort,extraction_cohorts,,,,,1,stage-g-merge,,,,,,
petrakis2019_cohort_prog_vocact_any,arm_type,cohort,extraction_arms,,,,,2,stage-g-merge,,,,,,
petrakis2019_cohort_prog_vocact_any,analysis_selection_status,selected,extraction_arms,,,,,2,stage-g-merge,,,,,,
petrakis2019_cohort_prog_vocact_any,employment_targeted_intervention,yes,extraction_arms,,,,,2,stage-g-merge,,,,,,
petrakis2019_cohort_prog_paidcomp,outcome_construct,paid_competitive,extraction_outcomes,,,,,2,stage-g-merge,,,,,,
petrakis2019_cohort_prog_paidcomp,ascertainment,any_time_during_followup,extraction_outcomes,,,,,2,stage-g-merge,,,,,,
petrakis2019_cohort_prog_paidcomp,ascertainment_window_months,,extraction_outcomes,,,,,2,stage-g-merge,,,,,,
petrakis2019_cohort_prog_paidcomp,n_employed,31,extraction_outcomes,,,,,2,stage-g-merge,,,,,,
petrakis2019_cohort_prog_paidcomp,n_outcome_observed,136,extraction_outcomes,,,,,2,stage-g-merge,,,,,,
petrakis2019_cohort_prog_paidcomp,denominator_basis,outcome_observed,extraction_outcomes,,,,,2,stage-g-merge,,,,,,
petrakis2019_cohort_prog_paidcomp,followup_months,,extraction_outcomes,,,,,2,stage-g-merge,,,,,,
petrakis2019_cohort_prog_paidcomp,followup_basis,calendar_end_common,extraction_outcomes,,,,,2,stage-g-merge,,,,,,
petrakis2019_cohort_prog_paidcomp,result_role,reported,extraction_outcomes,,,,,2,stage-g-merge,,,,,,
petrakis2019_cohort_prog_paidcomp,conflict_status,none,extraction_outcomes,,,,,2,stage-g-merge,,,,,,
petrakis2019_cohort_prog_paidcomp,arm_id,cohort,extraction_outcomes,,,,,2,stage-g-merge,,,,,,
petrakis2019_cohort_prog_paidcomp,derivation_component_result_ids,,extraction_outcomes,,,,,2,stage-g-merge,,,,,,
petrakis2019_cohort_prog_paidcomp,employment_selection_status,selected,extraction_cohorts,,,,,1,stage-g-merge,,,,,,
petrakis2019_cohort_prog_paidcomp,diagnosis_group,smi_mixed,extraction_cohorts,,,,,2,stage-g-merge,,,,,,
petrakis2019_cohort_prog_paidcomp,perc_qualifying_diagnosis,72.8,extraction_cohorts,,,,,2,stage-g-merge,,,,,,
petrakis2019_cohort_prog_paidcomp,design,retrospective_cohort,extraction_cohorts,,,,,1,stage-g-merge,,,,,,
petrakis2019_cohort_prog_paidcomp,arm_type,cohort,extraction_arms,,,,,2,stage-g-merge,,,,,,
petrakis2019_cohort_prog_paidcomp,analysis_selection_status,selected,extraction_arms,,,,,2,stage-g-merge,,,,,,
petrakis2019_cohort_prog_paidcomp,employment_targeted_intervention,yes,extraction_arms,,,,,2,stage-g-merge,,,,,,
petrakis2019_cohort_prog_vocact_noncomp,outcome_construct,vocational_activity,extraction_outcomes,,,,,2,stage-g-merge,,,,,,
petrakis2019_cohort_prog_vocact_noncomp,ascertainment,any_time_during_followup,extraction_outcomes,,,,,2,stage-g-merge,,,,,,
petrakis2019_cohort_prog_vocact_noncomp,ascertainment_window_months,,extraction_outcomes,,,,,2,stage-g-merge,,,,,,
petrakis2019_cohort_prog_vocact_noncomp,n_employed,8,extraction_outcomes,,,,,2,stage-g-merge,,,,,,
petrakis2019_cohort_prog_vocact_noncomp,n_outcome_observed,136,extraction_outcomes,,,,,2,stage-g-merge,,,,,,
petrakis2019_cohort_prog_vocact_noncomp,denominator_basis,outcome_observed,extraction_outcomes,,,,,2,stage-g-merge,,,,,,
petrakis2019_cohort_prog_vocact_noncomp,followup_months,,extraction_outcomes,,,,,2,stage-g-merge,,,,,,
petrakis2019_cohort_prog_vocact_noncomp,followup_basis,calendar_end_common,extraction_outcomes,,,,,2,stage-g-merge,,,,,,
petrakis2019_cohort_prog_vocact_noncomp,result_role,reported,extraction_outcomes,,,,,2,stage-g-merge,,,,,,
petrakis2019_cohort_prog_vocact_noncomp,conflict_status,none,extraction_outcomes,,,,,2,stage-g-merge,,,,,,
petrakis2019_cohort_prog_vocact_noncomp,arm_id,cohort,extraction_outcomes,,,,,2,stage-g-merge,,,,,,
petrakis2019_cohort_prog_vocact_noncomp,derivation_component_result_ids,,extraction_outcomes,,,,,2,stage-g-merge,,,,,,
petrakis2019_cohort_prog_vocact_noncomp,employment_selection_status,selected,extraction_cohorts,,,,,1,stage-g-merge,,,,,,
petrakis2019_cohort_prog_vocact_noncomp,diagnosis_group,smi_mixed,extraction_cohorts,,,,,2,stage-g-merge,,,,,,
petrakis2019_cohort_prog_vocact_noncomp,perc_qualifying_diagnosis,72.8,extraction_cohorts,,,,,2,stage-g-merge,,,,,,
petrakis2019_cohort_prog_vocact_noncomp,design,retrospective_cohort,extraction_cohorts,,,,,1,stage-g-merge,,,,,,
petrakis2019_cohort_prog_vocact_noncomp,arm_type,cohort,extraction_arms,,,,,2,stage-g-merge,,,,,,
petrakis2019_cohort_prog_vocact_noncomp,analysis_selection_status,selected,extraction_arms,,,,,2,stage-g-merge,,,,,,
petrakis2019_cohort_prog_vocact_noncomp,employment_targeted_intervention,yes,extraction_arms,,,,,2,stage-g-merge,,,,,,
petrakis2019_cohort_prog_unclear_notspec,outcome_construct,unclear,extraction_outcomes,,,,,2,stage-g-merge,,,,,,
petrakis2019_cohort_prog_unclear_notspec,ascertainment,any_time_during_followup,extraction_outcomes,,,,,2,stage-g-merge,,,,,,
petrakis2019_cohort_prog_unclear_notspec,ascertainment_window_months,,extraction_outcomes,,,,,2,stage-g-merge,,,,,,
petrakis2019_cohort_prog_unclear_notspec,n_employed,24,extraction_outcomes,,,,,2,stage-g-merge,,,,,,
petrakis2019_cohort_prog_unclear_notspec,n_outcome_observed,136,extraction_outcomes,,,,,2,stage-g-merge,,,,,,
petrakis2019_cohort_prog_unclear_notspec,denominator_basis,outcome_observed,extraction_outcomes,,,,,2,stage-g-merge,,,,,,
petrakis2019_cohort_prog_unclear_notspec,followup_months,,extraction_outcomes,,,,,2,stage-g-merge,,,,,,
petrakis2019_cohort_prog_unclear_notspec,followup_basis,calendar_end_common,extraction_outcomes,,,,,2,stage-g-merge,,,,,,
petrakis2019_cohort_prog_unclear_notspec,result_role,reported,extraction_outcomes,,,,,2,stage-g-merge,,,,,,
petrakis2019_cohort_prog_unclear_notspec,conflict_status,none,extraction_outcomes,,,,,2,stage-g-merge,,,,,,
petrakis2019_cohort_prog_unclear_notspec,arm_id,cohort,extraction_outcomes,,,,,2,stage-g-merge,,,,,,
petrakis2019_cohort_prog_unclear_notspec,derivation_component_result_ids,,extraction_outcomes,,,,,2,stage-g-merge,,,,,,
petrakis2019_cohort_prog_unclear_notspec,employment_selection_status,selected,extraction_cohorts,,,,,1,stage-g-merge,,,,,,
petrakis2019_cohort_prog_unclear_notspec,diagnosis_group,smi_mixed,extraction_cohorts,,,,,2,stage-g-merge,,,,,,
petrakis2019_cohort_prog_unclear_notspec,perc_qualifying_diagnosis,72.8,extraction_cohorts,,,,,2,stage-g-merge,,,,,,
petrakis2019_cohort_prog_unclear_notspec,design,retrospective_cohort,extraction_cohorts,,,,,1,stage-g-merge,,,,,,
petrakis2019_cohort_prog_unclear_notspec,arm_type,cohort,extraction_arms,,,,,2,stage-g-merge,,,,,,
petrakis2019_cohort_prog_unclear_notspec,analysis_selection_status,selected,extraction_arms,,,,,2,stage-g-merge,,,,,,
petrakis2019_cohort_prog_unclear_notspec,employment_targeted_intervention,yes,extraction_arms,,,,,2,stage-g-merge,,,,,,
petrakis2019_cohort_prog_edu,outcome_construct,education_or_training,extraction_outcomes,,,,,2,stage-g-merge,,,,,,
petrakis2019_cohort_prog_edu,ascertainment,any_time_during_followup,extraction_outcomes,,,,,2,stage-g-merge,,,,,,
petrakis2019_cohort_prog_edu,ascertainment_window_months,,extraction_outcomes,,,,,2,stage-g-merge,,,,,,
petrakis2019_cohort_prog_edu,n_employed,17,extraction_outcomes,,,,,2,stage-g-merge,,,,,,
petrakis2019_cohort_prog_edu,n_outcome_observed,136,extraction_outcomes,,,,,2,stage-g-merge,,,,,,
petrakis2019_cohort_prog_edu,denominator_basis,outcome_observed,extraction_outcomes,,,,,2,stage-g-merge,,,,,,
petrakis2019_cohort_prog_edu,followup_months,,extraction_outcomes,,,,,2,stage-g-merge,,,,,,
petrakis2019_cohort_prog_edu,followup_basis,calendar_end_common,extraction_outcomes,,,,,2,stage-g-merge,,,,,,
petrakis2019_cohort_prog_edu,result_role,reported,extraction_outcomes,,,,,2,stage-g-merge,,,,,,
petrakis2019_cohort_prog_edu,conflict_status,none,extraction_outcomes,,,,,2,stage-g-merge,,,,,,
petrakis2019_cohort_prog_edu,arm_id,cohort,extraction_outcomes,,,,,2,stage-g-merge,,,,,,
petrakis2019_cohort_prog_edu,derivation_component_result_ids,,extraction_outcomes,,,,,2,stage-g-merge,,,,,,
petrakis2019_cohort_prog_edu,employment_selection_status,selected,extraction_cohorts,,,,,1,stage-g-merge,,,,,,
petrakis2019_cohort_prog_edu,diagnosis_group,smi_mixed,extraction_cohorts,,,,,2,stage-g-merge,,,,,,
petrakis2019_cohort_prog_edu,perc_qualifying_diagnosis,72.8,extraction_cohorts,,,,,2,stage-g-merge,,,,,,
petrakis2019_cohort_prog_edu,design,retrospective_cohort,extraction_cohorts,,,,,1,stage-g-merge,,,,,,
petrakis2019_cohort_prog_edu,arm_type,cohort,extraction_arms,,,,,2,stage-g-merge,,,,,,
petrakis2019_cohort_prog_edu,analysis_selection_status,selected,extraction_arms,,,,,2,stage-g-merge,,,,,,
petrakis2019_cohort_prog_edu,employment_targeted_intervention,yes,extraction_arms,,,,,2,stage-g-merge,,,,,,
ringbom2023_cohort_age28_paidany,outcome_construct,paid_any,extraction_outcomes,,,,,2,stage-g-merge,,,,,,
ringbom2023_cohort_age28_paidany,ascertainment,any_time_during_followup,extraction_outcomes,,,,,2,stage-g-merge,,,,,,
ringbom2023_cohort_age28_paidany,ascertainment_window_months,96,extraction_outcomes,,,,,2,stage-g-merge,,,,,,
ringbom2023_cohort_age28_paidany,n_employed,203,extraction_outcomes,,,,,2,stage-g-merge,,,,,,
ringbom2023_cohort_age28_paidany,n_outcome_observed,288,extraction_outcomes,,,,,2,stage-g-merge,,,,,,
ringbom2023_cohort_age28_paidany,denominator_basis,outcome_observed,extraction_outcomes,,,,,2,stage-g-merge,,,,,,
ringbom2023_cohort_age28_paidany,followup_months,,extraction_outcomes,,,,,2,stage-g-merge,,,,,,
ringbom2023_cohort_age28_paidany,followup_basis,chronological_age,extraction_outcomes,,,,,2,stage-g-merge,,,,,,
ringbom2023_cohort_age28_paidany,result_role,derived,extraction_outcomes,,,,,2,stage-g-merge,,,,,,
ringbom2023_cohort_age28_paidany,conflict_status,none,extraction_outcomes,,,,,2,stage-g-merge,,,,,,
ringbom2023_cohort_age28_paidany,arm_id,cohort,extraction_outcomes,,,,,2,stage-g-merge,,,,,,
ringbom2023_cohort_age28_paidany,derivation_component_result_ids,,extraction_outcomes,,,,,2,stage-g-merge,,,,,,
ringbom2023_cohort_age28_paidany,employment_selection_status,none,extraction_cohorts,,,,,1,stage-g-merge,,,,,,
ringbom2023_cohort_age28_paidany,diagnosis_group,psychosis_mixed,extraction_cohorts,,,,,2,stage-g-merge,,,,,,
ringbom2023_cohort_age28_paidany,perc_qualifying_diagnosis,100,extraction_cohorts,,,,,2,stage-g-merge,,,,,,
ringbom2023_cohort_age28_paidany,design,register_cohort,extraction_cohorts,,,,,1,stage-g-merge,,,,,,
ringbom2023_cohort_age28_paidany,arm_type,cohort,extraction_arms,,,,,2,stage-g-merge,,,,,,
ringbom2023_cohort_age28_paidany,analysis_selection_status,none,extraction_arms,,,,,2,stage-g-merge,,,,,,
ringbom2023_cohort_age28_paidany,employment_targeted_intervention,not_applicable,extraction_arms,,,,,2,stage-g-merge,,,,,,
ringbom2023_cohort_age28_paidthresh,outcome_construct,paid_intensity_threshold,extraction_outcomes,,,,,2,stage-g-merge,,,,,,
ringbom2023_cohort_age28_paidthresh,ascertainment,period_prevalence,extraction_outcomes,,,,,2,stage-g-merge,,,,,,
ringbom2023_cohort_age28_paidthresh,ascertainment_window_months,96,extraction_outcomes,,,,,2,stage-g-merge,,,,,,
ringbom2023_cohort_age28_paidthresh,n_employed,102,extraction_outcomes,,,,,2,stage-g-merge,,,,,,
ringbom2023_cohort_age28_paidthresh,n_outcome_observed,288,extraction_outcomes,,,,,2,stage-g-merge,,,,,,
ringbom2023_cohort_age28_paidthresh,denominator_basis,outcome_observed,extraction_outcomes,,,,,2,stage-g-merge,,,,,,
ringbom2023_cohort_age28_paidthresh,followup_months,,extraction_outcomes,,,,,2,stage-g-merge,,,,,,
ringbom2023_cohort_age28_paidthresh,followup_basis,chronological_age,extraction_outcomes,,,,,2,stage-g-merge,,,,,,
ringbom2023_cohort_age28_paidthresh,result_role,reported,extraction_outcomes,,,,,2,stage-g-merge,,,,,,
ringbom2023_cohort_age28_paidthresh,conflict_status,none,extraction_outcomes,,,,,2,stage-g-merge,,,,,,
ringbom2023_cohort_age28_paidthresh,arm_id,cohort,extraction_outcomes,,,,,2,stage-g-merge,,,,,,
ringbom2023_cohort_age28_paidthresh,derivation_component_result_ids,,extraction_outcomes,,,,,2,stage-g-merge,,,,,,
ringbom2023_cohort_age28_paidthresh,employment_selection_status,none,extraction_cohorts,,,,,1,stage-g-merge,,,,,,
ringbom2023_cohort_age28_paidthresh,diagnosis_group,psychosis_mixed,extraction_cohorts,,,,,2,stage-g-merge,,,,,,
ringbom2023_cohort_age28_paidthresh,perc_qualifying_diagnosis,100,extraction_cohorts,,,,,2,stage-g-merge,,,,,,
ringbom2023_cohort_age28_paidthresh,design,register_cohort,extraction_cohorts,,,,,1,stage-g-merge,,,,,,
ringbom2023_cohort_age28_paidthresh,arm_type,cohort,extraction_arms,,,,,2,stage-g-merge,,,,,,
ringbom2023_cohort_age28_paidthresh,analysis_selection_status,none,extraction_arms,,,,,2,stage-g-merge,,,,,,
ringbom2023_cohort_age28_paidthresh,employment_targeted_intervention,not_applicable,extraction_arms,,,,,2,stage-g-merge,,,,,,
ringbom2023_cohort_age28_eet,outcome_construct,paid_or_education_or_training,extraction_outcomes,,,,,2,stage-g-merge,,,,,,
ringbom2023_cohort_age28_eet,ascertainment,period_prevalence,extraction_outcomes,,,,,2,stage-g-merge,,,,,,
ringbom2023_cohort_age28_eet,ascertainment_window_months,96,extraction_outcomes,,,,,2,stage-g-merge,,,,,,
ringbom2023_cohort_age28_eet,n_employed,99,extraction_outcomes,,,,,2,stage-g-merge,,,,,,
ringbom2023_cohort_age28_eet,n_outcome_observed,288,extraction_outcomes,,,,,2,stage-g-merge,,,,,,
ringbom2023_cohort_age28_eet,denominator_basis,outcome_observed,extraction_outcomes,,,,,2,stage-g-merge,,,,,,
ringbom2023_cohort_age28_eet,followup_months,,extraction_outcomes,,,,,2,stage-g-merge,,,,,,
ringbom2023_cohort_age28_eet,followup_basis,chronological_age,extraction_outcomes,,,,,2,stage-g-merge,,,,,,
ringbom2023_cohort_age28_eet,result_role,reported,extraction_outcomes,,,,,2,stage-g-merge,,,,,,
ringbom2023_cohort_age28_eet,conflict_status,none,extraction_outcomes,,,,,2,stage-g-merge,,,,,,
ringbom2023_cohort_age28_eet,arm_id,cohort,extraction_outcomes,,,,,2,stage-g-merge,,,,,,
ringbom2023_cohort_age28_eet,derivation_component_result_ids,,extraction_outcomes,,,,,2,stage-g-merge,,,,,,
ringbom2023_cohort_age28_eet,employment_selection_status,none,extraction_cohorts,,,,,1,stage-g-merge,,,,,,
ringbom2023_cohort_age28_eet,diagnosis_group,psychosis_mixed,extraction_cohorts,,,,,2,stage-g-merge,,,,,,
ringbom2023_cohort_age28_eet,perc_qualifying_diagnosis,100,extraction_cohorts,,,,,2,stage-g-merge,,,,,,
ringbom2023_cohort_age28_eet,design,register_cohort,extraction_cohorts,,,,,1,stage-g-merge,,,,,,
ringbom2023_cohort_age28_eet,arm_type,cohort,extraction_arms,,,,,2,stage-g-merge,,,,,,
ringbom2023_cohort_age28_eet,analysis_selection_status,none,extraction_arms,,,,,2,stage-g-merge,,,,,,
ringbom2023_cohort_age28_eet,employment_targeted_intervention,not_applicable,extraction_arms,,,,,2,stage-g-merge,,,,,,
ringbom2023_cohort_age28_training,outcome_construct,training_only,extraction_outcomes,,,,,2,stage-g-merge,,,,,,
ringbom2023_cohort_age28_training,ascertainment,any_time_during_followup,extraction_outcomes,,,,,2,stage-g-merge,,,,,,
ringbom2023_cohort_age28_training,ascertainment_window_months,96,extraction_outcomes,,,,,2,stage-g-merge,,,,,,
ringbom2023_cohort_age28_training,n_employed,138,extraction_outcomes,,,,,2,stage-g-merge,,,,,,
ringbom2023_cohort_age28_training,n_outcome_observed,288,extraction_outcomes,,,,,2,stage-g-merge,,,,,,
ringbom2023_cohort_age28_training,denominator_basis,outcome_observed,extraction_outcomes,,,,,2,stage-g-merge,,,,,,
ringbom2023_cohort_age28_training,followup_months,,extraction_outcomes,,,,,2,stage-g-merge,,,,,,
ringbom2023_cohort_age28_training,followup_basis,chronological_age,extraction_outcomes,,,,,2,stage-g-merge,,,,,,
ringbom2023_cohort_age28_training,result_role,reported,extraction_outcomes,,,,,2,stage-g-merge,,,,,,
ringbom2023_cohort_age28_training,conflict_status,none,extraction_outcomes,,,,,2,stage-g-merge,,,,,,
ringbom2023_cohort_age28_training,arm_id,cohort,extraction_outcomes,,,,,2,stage-g-merge,,,,,,
ringbom2023_cohort_age28_training,derivation_component_result_ids,,extraction_outcomes,,,,,2,stage-g-merge,,,,,,
ringbom2023_cohort_age28_training,employment_selection_status,none,extraction_cohorts,,,,,1,stage-g-merge,,,,,,
ringbom2023_cohort_age28_training,diagnosis_group,psychosis_mixed,extraction_cohorts,,,,,2,stage-g-merge,,,,,,
ringbom2023_cohort_age28_training,perc_qualifying_diagnosis,100,extraction_cohorts,,,,,2,stage-g-merge,,,,,,
ringbom2023_cohort_age28_training,design,register_cohort,extraction_cohorts,,,,,1,stage-g-merge,,,,,,
ringbom2023_cohort_age28_training,arm_type,cohort,extraction_arms,,,,,2,stage-g-merge,,,,,,
ringbom2023_cohort_age28_training,analysis_selection_status,none,extraction_arms,,,,,2,stage-g-merge,,,,,,
ringbom2023_cohort_age28_training,employment_targeted_intervention,not_applicable,extraction_arms,,,,,2,stage-g-merge,,,,,,
ringbom2023_cohort_age28_education,outcome_construct,education_only,extraction_outcomes,,,,,2,stage-g-merge,,,,,,
ringbom2023_cohort_age28_education,ascertainment,any_time_during_followup,extraction_outcomes,,,,,2,stage-g-merge,,,,,,
ringbom2023_cohort_age28_education,ascertainment_window_months,96,extraction_outcomes,,,,,2,stage-g-merge,,,,,,
ringbom2023_cohort_age28_education,n_employed,129,extraction_outcomes,,,,,2,stage-g-merge,,,,,,
ringbom2023_cohort_age28_education,n_outcome_observed,288,extraction_outcomes,,,,,2,stage-g-merge,,,,,,
ringbom2023_cohort_age28_education,denominator_basis,outcome_observed,extraction_outcomes,,,,,2,stage-g-merge,,,,,,
ringbom2023_cohort_age28_education,followup_months,,extraction_outcomes,,,,,2,stage-g-merge,,,,,,
ringbom2023_cohort_age28_education,followup_basis,chronological_age,extraction_outcomes,,,,,2,stage-g-merge,,,,,,
ringbom2023_cohort_age28_education,result_role,derived,extraction_outcomes,,,,,2,stage-g-merge,,,,,,
ringbom2023_cohort_age28_education,conflict_status,none,extraction_outcomes,,,,,2,stage-g-merge,,,,,,
ringbom2023_cohort_age28_education,arm_id,cohort,extraction_outcomes,,,,,2,stage-g-merge,,,,,,
ringbom2023_cohort_age28_education,derivation_component_result_ids,,extraction_outcomes,,,,,2,stage-g-merge,,,,,,
ringbom2023_cohort_age28_education,employment_selection_status,none,extraction_cohorts,,,,,1,stage-g-merge,,,,,,
ringbom2023_cohort_age28_education,diagnosis_group,psychosis_mixed,extraction_cohorts,,,,,2,stage-g-merge,,,,,,
ringbom2023_cohort_age28_education,perc_qualifying_diagnosis,100,extraction_cohorts,,,,,2,stage-g-merge,,,,,,
ringbom2023_cohort_age28_education,design,register_cohort,extraction_cohorts,,,,,1,stage-g-merge,,,,,,
ringbom2023_cohort_age28_education,arm_type,cohort,extraction_arms,,,,,2,stage-g-merge,,,,,,
ringbom2023_cohort_age28_education,analysis_selection_status,none,extraction_arms,,,,,2,stage-g-merge,,,,,,
ringbom2023_cohort_age28_education,employment_targeted_intervention,not_applicable,extraction_arms,,,,,2,stage-g-merge,,,,,,
ringbom2023_sz_sza_age28_paidany,outcome_construct,paid_any,extraction_outcomes,,,,,2,stage-g-merge,,,,,,
ringbom2023_sz_sza_age28_paidany,ascertainment,any_time_during_followup,extraction_outcomes,,,,,2,stage-g-merge,,,,,,
ringbom2023_sz_sza_age28_paidany,ascertainment_window_months,96,extraction_outcomes,,,,,2,stage-g-merge,,,,,,
ringbom2023_sz_sza_age28_paidany,n_employed,46,extraction_outcomes,,,,,2,stage-g-merge,,,,,,
ringbom2023_sz_sza_age28_paidany,n_outcome_observed,86,extraction_outcomes,,,,,2,stage-g-merge,,,,,,
ringbom2023_sz_sza_age28_paidany,denominator_basis,outcome_observed,extraction_outcomes,,,,,2,stage-g-merge,,,,,,
ringbom2023_sz_sza_age28_paidany,followup_months,,extraction_outcomes,,,,,2,stage-g-merge,,,,,,
ringbom2023_sz_sza_age28_paidany,followup_basis,chronological_age,extraction_outcomes,,,,,2,stage-g-merge,,,,,,
ringbom2023_sz_sza_age28_paidany,result_role,derived,extraction_outcomes,,,,,2,stage-g-merge,,,,,,
ringbom2023_sz_sza_age28_paidany,conflict_status,unresolved,extraction_outcomes,,,,,2,stage-g-merge,,,,,,
ringbom2023_sz_sza_age28_paidany,arm_id,sz_sza,extraction_outcomes,,,,,2,stage-g-merge,,,,,,
ringbom2023_sz_sza_age28_paidany,derivation_component_result_ids,,extraction_outcomes,,,,,2,stage-g-merge,,,,,,
ringbom2023_sz_sza_age28_paidany,employment_selection_status,none,extraction_cohorts,,,,,1,stage-g-merge,,,,,,
ringbom2023_sz_sza_age28_paidany,diagnosis_group,psychosis_mixed,extraction_cohorts,,,,,2,stage-g-merge,,,,,,
ringbom2023_sz_sza_age28_paidany,perc_qualifying_diagnosis,100,extraction_cohorts,,,,,2,stage-g-merge,,,,,,
ringbom2023_sz_sza_age28_paidany,design,register_cohort,extraction_cohorts,,,,,1,stage-g-merge,,,,,,
ringbom2023_sz_sza_age28_paidany,arm_type,subgroup,extraction_arms,,,,,2,stage-g-merge,,,,,,
ringbom2023_sz_sza_age28_paidany,analysis_selection_status,none,extraction_arms,,,,,2,stage-g-merge,,,,,,
ringbom2023_sz_sza_age28_paidany,employment_targeted_intervention,,extraction_arms,,,,,2,stage-g-merge,,,,,,
ringbom2023_sz_sza_age28_paidthresh,outcome_construct,paid_intensity_threshold,extraction_outcomes,,,,,2,stage-g-merge,,,,,,
ringbom2023_sz_sza_age28_paidthresh,ascertainment,period_prevalence,extraction_outcomes,,,,,2,stage-g-merge,,,,,,
ringbom2023_sz_sza_age28_paidthresh,ascertainment_window_months,96,extraction_outcomes,,,,,2,stage-g-merge,,,,,,
ringbom2023_sz_sza_age28_paidthresh,n_employed,17,extraction_outcomes,,,,,2,stage-g-merge,,,,,,
ringbom2023_sz_sza_age28_paidthresh,n_outcome_observed,86,extraction_outcomes,,,,,2,stage-g-merge,,,,,,
ringbom2023_sz_sza_age28_paidthresh,denominator_basis,outcome_observed,extraction_outcomes,,,,,2,stage-g-merge,,,,,,
ringbom2023_sz_sza_age28_paidthresh,followup_months,,extraction_outcomes,,,,,2,stage-g-merge,,,,,,
ringbom2023_sz_sza_age28_paidthresh,followup_basis,chronological_age,extraction_outcomes,,,,,2,stage-g-merge,,,,,,
ringbom2023_sz_sza_age28_paidthresh,result_role,reported,extraction_outcomes,,,,,2,stage-g-merge,,,,,,
ringbom2023_sz_sza_age28_paidthresh,conflict_status,unresolved,extraction_outcomes,,,,,2,stage-g-merge,,,,,,
ringbom2023_sz_sza_age28_paidthresh,arm_id,sz_sza,extraction_outcomes,,,,,2,stage-g-merge,,,,,,
ringbom2023_sz_sza_age28_paidthresh,derivation_component_result_ids,,extraction_outcomes,,,,,2,stage-g-merge,,,,,,
ringbom2023_sz_sza_age28_paidthresh,employment_selection_status,none,extraction_cohorts,,,,,1,stage-g-merge,,,,,,
ringbom2023_sz_sza_age28_paidthresh,diagnosis_group,psychosis_mixed,extraction_cohorts,,,,,2,stage-g-merge,,,,,,
ringbom2023_sz_sza_age28_paidthresh,perc_qualifying_diagnosis,100,extraction_cohorts,,,,,2,stage-g-merge,,,,,,
ringbom2023_sz_sza_age28_paidthresh,design,register_cohort,extraction_cohorts,,,,,1,stage-g-merge,,,,,,
ringbom2023_sz_sza_age28_paidthresh,arm_type,subgroup,extraction_arms,,,,,2,stage-g-merge,,,,,,
ringbom2023_sz_sza_age28_paidthresh,analysis_selection_status,none,extraction_arms,,,,,2,stage-g-merge,,,,,,
ringbom2023_sz_sza_age28_paidthresh,employment_targeted_intervention,,extraction_arms,,,,,2,stage-g-merge,,,,,,
ringbom2023_sz_sza_age28_eet,outcome_construct,paid_or_education_or_training,extraction_outcomes,,,,,2,stage-g-merge,,,,,,
ringbom2023_sz_sza_age28_eet,ascertainment,period_prevalence,extraction_outcomes,,,,,2,stage-g-merge,,,,,,
ringbom2023_sz_sza_age28_eet,ascertainment_window_months,96,extraction_outcomes,,,,,2,stage-g-merge,,,,,,
ringbom2023_sz_sza_age28_eet,n_employed,13,extraction_outcomes,,,,,2,stage-g-merge,,,,,,
ringbom2023_sz_sza_age28_eet,n_outcome_observed,86,extraction_outcomes,,,,,2,stage-g-merge,,,,,,
ringbom2023_sz_sza_age28_eet,denominator_basis,outcome_observed,extraction_outcomes,,,,,2,stage-g-merge,,,,,,
ringbom2023_sz_sza_age28_eet,followup_months,,extraction_outcomes,,,,,2,stage-g-merge,,,,,,
ringbom2023_sz_sza_age28_eet,followup_basis,chronological_age,extraction_outcomes,,,,,2,stage-g-merge,,,,,,
ringbom2023_sz_sza_age28_eet,result_role,reported,extraction_outcomes,,,,,2,stage-g-merge,,,,,,
ringbom2023_sz_sza_age28_eet,conflict_status,unresolved,extraction_outcomes,,,,,2,stage-g-merge,,,,,,
ringbom2023_sz_sza_age28_eet,arm_id,sz_sza,extraction_outcomes,,,,,2,stage-g-merge,,,,,,
ringbom2023_sz_sza_age28_eet,derivation_component_result_ids,,extraction_outcomes,,,,,2,stage-g-merge,,,,,,
ringbom2023_sz_sza_age28_eet,employment_selection_status,none,extraction_cohorts,,,,,1,stage-g-merge,,,,,,
ringbom2023_sz_sza_age28_eet,diagnosis_group,psychosis_mixed,extraction_cohorts,,,,,2,stage-g-merge,,,,,,
ringbom2023_sz_sza_age28_eet,perc_qualifying_diagnosis,100,extraction_cohorts,,,,,2,stage-g-merge,,,,,,
ringbom2023_sz_sza_age28_eet,design,register_cohort,extraction_cohorts,,,,,1,stage-g-merge,,,,,,
ringbom2023_sz_sza_age28_eet,arm_type,subgroup,extraction_arms,,,,,2,stage-g-merge,,,,,,
ringbom2023_sz_sza_age28_eet,analysis_selection_status,none,extraction_arms,,,,,2,stage-g-merge,,,,,,
ringbom2023_sz_sza_age28_eet,employment_targeted_intervention,,extraction_arms,,,,,2,stage-g-merge,,,,,,
ringbom2023_sz_sza_age28_training,outcome_construct,training_only,extraction_outcomes,,,,,2,stage-g-merge,,,,,,
ringbom2023_sz_sza_age28_training,ascertainment,any_time_during_followup,extraction_outcomes,,,,,2,stage-g-merge,,,,,,
ringbom2023_sz_sza_age28_training,ascertainment_window_months,96,extraction_outcomes,,,,,2,stage-g-merge,,,,,,
ringbom2023_sz_sza_age28_training,n_employed,31,extraction_outcomes,,,,,2,stage-g-merge,,,,,,
ringbom2023_sz_sza_age28_training,n_outcome_observed,86,extraction_outcomes,,,,,2,stage-g-merge,,,,,,
ringbom2023_sz_sza_age28_training,denominator_basis,outcome_observed,extraction_outcomes,,,,,2,stage-g-merge,,,,,,
ringbom2023_sz_sza_age28_training,followup_months,,extraction_outcomes,,,,,2,stage-g-merge,,,,,,
ringbom2023_sz_sza_age28_training,followup_basis,chronological_age,extraction_outcomes,,,,,2,stage-g-merge,,,,,,
ringbom2023_sz_sza_age28_training,result_role,reported,extraction_outcomes,,,,,2,stage-g-merge,,,,,,
ringbom2023_sz_sza_age28_training,conflict_status,unresolved,extraction_outcomes,,,,,2,stage-g-merge,,,,,,
ringbom2023_sz_sza_age28_training,arm_id,sz_sza,extraction_outcomes,,,,,2,stage-g-merge,,,,,,
ringbom2023_sz_sza_age28_training,derivation_component_result_ids,,extraction_outcomes,,,,,2,stage-g-merge,,,,,,
ringbom2023_sz_sza_age28_training,employment_selection_status,none,extraction_cohorts,,,,,1,stage-g-merge,,,,,,
ringbom2023_sz_sza_age28_training,diagnosis_group,psychosis_mixed,extraction_cohorts,,,,,2,stage-g-merge,,,,,,
ringbom2023_sz_sza_age28_training,perc_qualifying_diagnosis,100,extraction_cohorts,,,,,2,stage-g-merge,,,,,,
ringbom2023_sz_sza_age28_training,design,register_cohort,extraction_cohorts,,,,,1,stage-g-merge,,,,,,
ringbom2023_sz_sza_age28_training,arm_type,subgroup,extraction_arms,,,,,2,stage-g-merge,,,,,,
ringbom2023_sz_sza_age28_training,analysis_selection_status,none,extraction_arms,,,,,2,stage-g-merge,,,,,,
ringbom2023_sz_sza_age28_training,employment_targeted_intervention,,extraction_arms,,,,,2,stage-g-merge,,,,,,
ringbom2023_sz_sza_age28_education,outcome_construct,education_only,extraction_outcomes,,,,,2,stage-g-merge,,,,,,
ringbom2023_sz_sza_age28_education,ascertainment,any_time_during_followup,extraction_outcomes,,,,,2,stage-g-merge,,,,,,
ringbom2023_sz_sza_age28_education,ascertainment_window_months,96,extraction_outcomes,,,,,2,stage-g-merge,,,,,,
ringbom2023_sz_sza_age28_education,n_employed,25,extraction_outcomes,,,,,2,stage-g-merge,,,,,,
ringbom2023_sz_sza_age28_education,n_outcome_observed,86,extraction_outcomes,,,,,2,stage-g-merge,,,,,,
ringbom2023_sz_sza_age28_education,denominator_basis,outcome_observed,extraction_outcomes,,,,,2,stage-g-merge,,,,,,
ringbom2023_sz_sza_age28_education,followup_months,,extraction_outcomes,,,,,2,stage-g-merge,,,,,,
ringbom2023_sz_sza_age28_education,followup_basis,chronological_age,extraction_outcomes,,,,,2,stage-g-merge,,,,,,
ringbom2023_sz_sza_age28_education,result_role,derived,extraction_outcomes,,,,,2,stage-g-merge,,,,,,
ringbom2023_sz_sza_age28_education,conflict_status,unresolved,extraction_outcomes,,,,,2,stage-g-merge,,,,,,
ringbom2023_sz_sza_age28_education,arm_id,sz_sza,extraction_outcomes,,,,,2,stage-g-merge,,,,,,
ringbom2023_sz_sza_age28_education,derivation_component_result_ids,,extraction_outcomes,,,,,2,stage-g-merge,,,,,,
ringbom2023_sz_sza_age28_education,employment_selection_status,none,extraction_cohorts,,,,,1,stage-g-merge,,,,,,
ringbom2023_sz_sza_age28_education,diagnosis_group,psychosis_mixed,extraction_cohorts,,,,,2,stage-g-merge,,,,,,
ringbom2023_sz_sza_age28_education,perc_qualifying_diagnosis,100,extraction_cohorts,,,,,2,stage-g-merge,,,,,,
ringbom2023_sz_sza_age28_education,design,register_cohort,extraction_cohorts,,,,,1,stage-g-merge,,,,,,
ringbom2023_sz_sza_age28_education,arm_type,subgroup,extraction_arms,,,,,2,stage-g-merge,,,,,,
ringbom2023_sz_sza_age28_education,analysis_selection_status,none,extraction_arms,,,,,2,stage-g-merge,,,,,,
ringbom2023_sz_sza_age28_education,employment_targeted_intervention,,extraction_arms,,,,,2,stage-g-merge,,,,,,
rodriguezpulido2021_crips_t8m_paidcomp,outcome_construct,paid_competitive,extraction_outcomes,,,,,2,stage-g-merge,,,,,,
rodriguezpulido2021_crips_t8m_paidcomp,ascertainment,any_time_during_followup,extraction_outcomes,,,,,2,stage-g-merge,,,,,,
rodriguezpulido2021_crips_t8m_paidcomp,ascertainment_window_months,8,extraction_outcomes,,,,,2,stage-g-merge,,,,,,
rodriguezpulido2021_crips_t8m_paidcomp,n_employed,,extraction_outcomes,,,,,2,stage-g-merge,,,,,,
rodriguezpulido2021_crips_t8m_paidcomp,n_outcome_observed,23,extraction_outcomes,,,,,2,stage-g-merge,,,,,,
rodriguezpulido2021_crips_t8m_paidcomp,denominator_basis,outcome_observed,extraction_outcomes,,,,,2,stage-g-merge,,,,,,
rodriguezpulido2021_crips_t8m_paidcomp,followup_months,8,extraction_outcomes,,,,,2,stage-g-merge,,,,,,
rodriguezpulido2021_crips_t8m_paidcomp,followup_basis,since_baseline,extraction_outcomes,,,,,2,stage-g-merge,,,,,,
rodriguezpulido2021_crips_t8m_paidcomp,result_role,reported,extraction_outcomes,,,,,2,stage-g-merge,,,,,,
rodriguezpulido2021_crips_t8m_paidcomp,conflict_status,none,extraction_outcomes,,,,,2,stage-g-merge,,,,,,
rodriguezpulido2021_crips_t8m_paidcomp,arm_id,cr_ips,extraction_outcomes,,,,,2,stage-g-merge,,,,,,
rodriguezpulido2021_crips_t8m_paidcomp,derivation_component_result_ids,,extraction_outcomes,,,,,2,stage-g-merge,,,,,,
rodriguezpulido2021_crips_t8m_paidcomp,employment_selection_status,selected,extraction_cohorts,,,,,1,stage-g-merge,,,,,,
rodriguezpulido2021_crips_t8m_paidcomp,diagnosis_group,smi_mixed,extraction_cohorts,,,,,2,stage-g-merge,,,,,,
rodriguezpulido2021_crips_t8m_paidcomp,perc_qualifying_diagnosis,83,extraction_cohorts,,,,,2,stage-g-merge,,,,,,
rodriguezpulido2021_crips_t8m_paidcomp,design,rct,extraction_cohorts,,,,,1,stage-g-merge,,,,,,
rodriguezpulido2021_crips_t8m_paidcomp,arm_type,intervention,extraction_arms,,,,,2,stage-g-merge,,,,,,
rodriguezpulido2021_crips_t8m_paidcomp,analysis_selection_status,selected,extraction_arms,,,,,2,stage-g-merge,,,,,,
rodriguezpulido2021_crips_t8m_paidcomp,employment_targeted_intervention,,extraction_arms,,,,,2,stage-g-merge,,,,,,
rodriguezpulido2021_crips_t12m_paidcomp,outcome_construct,paid_competitive,extraction_outcomes,,,,,2,stage-g-merge,,,,,,
rodriguezpulido2021_crips_t12m_paidcomp,ascertainment,any_time_during_followup,extraction_outcomes,,,,,2,stage-g-merge,,,,,,
rodriguezpulido2021_crips_t12m_paidcomp,ascertainment_window_months,12,extraction_outcomes,,,,,2,stage-g-merge,,,,,,
rodriguezpulido2021_crips_t12m_paidcomp,n_employed,,extraction_outcomes,,,,,2,stage-g-merge,,,,,,
rodriguezpulido2021_crips_t12m_paidcomp,n_outcome_observed,23,extraction_outcomes,,,,,2,stage-g-merge,,,,,,
rodriguezpulido2021_crips_t12m_paidcomp,denominator_basis,outcome_observed,extraction_outcomes,,,,,2,stage-g-merge,,,,,,
rodriguezpulido2021_crips_t12m_paidcomp,followup_months,12,extraction_outcomes,,,,,2,stage-g-merge,,,,,,
rodriguezpulido2021_crips_t12m_paidcomp,followup_basis,since_baseline,extraction_outcomes,,,,,2,stage-g-merge,,,,,,
rodriguezpulido2021_crips_t12m_paidcomp,result_role,reported,extraction_outcomes,,,,,2,stage-g-merge,,,,,,
rodriguezpulido2021_crips_t12m_paidcomp,conflict_status,none,extraction_outcomes,,,,,2,stage-g-merge,,,,,,
rodriguezpulido2021_crips_t12m_paidcomp,arm_id,cr_ips,extraction_outcomes,,,,,2,stage-g-merge,,,,,,
rodriguezpulido2021_crips_t12m_paidcomp,derivation_component_result_ids,,extraction_outcomes,,,,,2,stage-g-merge,,,,,,
rodriguezpulido2021_crips_t12m_paidcomp,employment_selection_status,selected,extraction_cohorts,,,,,1,stage-g-merge,,,,,,
rodriguezpulido2021_crips_t12m_paidcomp,diagnosis_group,smi_mixed,extraction_cohorts,,,,,2,stage-g-merge,,,,,,
rodriguezpulido2021_crips_t12m_paidcomp,perc_qualifying_diagnosis,83,extraction_cohorts,,,,,2,stage-g-merge,,,,,,
rodriguezpulido2021_crips_t12m_paidcomp,design,rct,extraction_cohorts,,,,,1,stage-g-merge,,,,,,
rodriguezpulido2021_crips_t12m_paidcomp,arm_type,intervention,extraction_arms,,,,,2,stage-g-merge,,,,,,
rodriguezpulido2021_crips_t12m_paidcomp,analysis_selection_status,selected,extraction_arms,,,,,2,stage-g-merge,,,,,,
rodriguezpulido2021_crips_t12m_paidcomp,employment_targeted_intervention,,extraction_arms,,,,,2,stage-g-merge,,,,,,
rodriguezpulido2021_ipsonly_t8m_paidcomp,outcome_construct,paid_competitive,extraction_outcomes,,,,,2,stage-g-merge,,,,,,
rodriguezpulido2021_ipsonly_t8m_paidcomp,ascertainment,any_time_during_followup,extraction_outcomes,,,,,2,stage-g-merge,,,,,,
rodriguezpulido2021_ipsonly_t8m_paidcomp,ascertainment_window_months,8,extraction_outcomes,,,,,2,stage-g-merge,,,,,,
rodriguezpulido2021_ipsonly_t8m_paidcomp,n_employed,,extraction_outcomes,,,,,2,stage-g-merge,,,,,,
rodriguezpulido2021_ipsonly_t8m_paidcomp,n_outcome_observed,24,extraction_outcomes,,,,,2,stage-g-merge,,,,,,
rodriguezpulido2021_ipsonly_t8m_paidcomp,denominator_basis,outcome_observed,extraction_outcomes,,,,,2,stage-g-merge,,,,,,
rodriguezpulido2021_ipsonly_t8m_paidcomp,followup_months,8,extraction_outcomes,,,,,2,stage-g-merge,,,,,,
rodriguezpulido2021_ipsonly_t8m_paidcomp,followup_basis,since_baseline,extraction_outcomes,,,,,2,stage-g-merge,,,,,,
rodriguezpulido2021_ipsonly_t8m_paidcomp,result_role,reported,extraction_outcomes,,,,,2,stage-g-merge,,,,,,
rodriguezpulido2021_ipsonly_t8m_paidcomp,conflict_status,none,extraction_outcomes,,,,,2,stage-g-merge,,,,,,
rodriguezpulido2021_ipsonly_t8m_paidcomp,arm_id,ips_only,extraction_outcomes,,,,,2,stage-g-merge,,,,,,
rodriguezpulido2021_ipsonly_t8m_paidcomp,derivation_component_result_ids,,extraction_outcomes,,,,,2,stage-g-merge,,,,,,
rodriguezpulido2021_ipsonly_t8m_paidcomp,employment_selection_status,selected,extraction_cohorts,,,,,1,stage-g-merge,,,,,,
rodriguezpulido2021_ipsonly_t8m_paidcomp,diagnosis_group,smi_mixed,extraction_cohorts,,,,,2,stage-g-merge,,,,,,
rodriguezpulido2021_ipsonly_t8m_paidcomp,perc_qualifying_diagnosis,83,extraction_cohorts,,,,,2,stage-g-merge,,,,,,
rodriguezpulido2021_ipsonly_t8m_paidcomp,design,rct,extraction_cohorts,,,,,1,stage-g-merge,,,,,,
rodriguezpulido2021_ipsonly_t8m_paidcomp,arm_type,control_active,extraction_arms,,,,,2,stage-g-merge,,,,,,
rodriguezpulido2021_ipsonly_t8m_paidcomp,analysis_selection_status,selected,extraction_arms,,,,,2,stage-g-merge,,,,,,
rodriguezpulido2021_ipsonly_t8m_paidcomp,employment_targeted_intervention,,extraction_arms,,,,,2,stage-g-merge,,,,,,
rodriguezpulido2021_ipsonly_t12m_paidcomp,outcome_construct,paid_competitive,extraction_outcomes,,,,,2,stage-g-merge,,,,,,
rodriguezpulido2021_ipsonly_t12m_paidcomp,ascertainment,any_time_during_followup,extraction_outcomes,,,,,2,stage-g-merge,,,,,,
rodriguezpulido2021_ipsonly_t12m_paidcomp,ascertainment_window_months,12,extraction_outcomes,,,,,2,stage-g-merge,,,,,,
rodriguezpulido2021_ipsonly_t12m_paidcomp,n_employed,,extraction_outcomes,,,,,2,stage-g-merge,,,,,,
rodriguezpulido2021_ipsonly_t12m_paidcomp,n_outcome_observed,24,extraction_outcomes,,,,,2,stage-g-merge,,,,,,
rodriguezpulido2021_ipsonly_t12m_paidcomp,denominator_basis,outcome_observed,extraction_outcomes,,,,,2,stage-g-merge,,,,,,
rodriguezpulido2021_ipsonly_t12m_paidcomp,followup_months,12,extraction_outcomes,,,,,2,stage-g-merge,,,,,,
rodriguezpulido2021_ipsonly_t12m_paidcomp,followup_basis,since_baseline,extraction_outcomes,,,,,2,stage-g-merge,,,,,,
rodriguezpulido2021_ipsonly_t12m_paidcomp,result_role,reported,extraction_outcomes,,,,,2,stage-g-merge,,,,,,
rodriguezpulido2021_ipsonly_t12m_paidcomp,conflict_status,none,extraction_outcomes,,,,,2,stage-g-merge,,,,,,
rodriguezpulido2021_ipsonly_t12m_paidcomp,arm_id,ips_only,extraction_outcomes,,,,,2,stage-g-merge,,,,,,
rodriguezpulido2021_ipsonly_t12m_paidcomp,derivation_component_result_ids,,extraction_outcomes,,,,,2,stage-g-merge,,,,,,
rodriguezpulido2021_ipsonly_t12m_paidcomp,employment_selection_status,selected,extraction_cohorts,,,,,1,stage-g-merge,,,,,,
rodriguezpulido2021_ipsonly_t12m_paidcomp,diagnosis_group,smi_mixed,extraction_cohorts,,,,,2,stage-g-merge,,,,,,
rodriguezpulido2021_ipsonly_t12m_paidcomp,perc_qualifying_diagnosis,83,extraction_cohorts,,,,,2,stage-g-merge,,,,,,
rodriguezpulido2021_ipsonly_t12m_paidcomp,design,rct,extraction_cohorts,,,,,1,stage-g-merge,,,,,,
rodriguezpulido2021_ipsonly_t12m_paidcomp,arm_type,control_active,extraction_arms,,,,,2,stage-g-merge,,,,,,
rodriguezpulido2021_ipsonly_t12m_paidcomp,analysis_selection_status,selected,extraction_arms,,,,,2,stage-g-merge,,,,,,
rodriguezpulido2021_ipsonly_t12m_paidcomp,employment_targeted_intervention,,extraction_arms,,,,,2,stage-g-merge,,,,,,
shimada2022_gotiot_t60m_vocact,outcome_construct,vocational_activity,extraction_outcomes,,,,,2,stage-g-merge,,,,,,
shimada2022_gotiot_t60m_vocact,ascertainment,unclear,extraction_outcomes,,,,,2,stage-g-merge,,,,,,
shimada2022_gotiot_t60m_vocact,ascertainment_window_months,,extraction_outcomes,,,,,2,stage-g-merge,,,,,,
shimada2022_gotiot_t60m_vocact,n_employed,,extraction_outcomes,,,,,2,stage-g-merge,,,,,,
shimada2022_gotiot_t60m_vocact,n_outcome_observed,,extraction_outcomes,,,,,2,stage-g-merge,,,,,,
shimada2022_gotiot_t60m_vocact,denominator_basis,,extraction_outcomes,,,,,2,stage-g-merge,,,,,,
shimada2022_gotiot_t60m_vocact,followup_months,60,extraction_outcomes,,,,,2,stage-g-merge,,,,,,
shimada2022_gotiot_t60m_vocact,followup_basis,since_baseline,extraction_outcomes,,,,,2,stage-g-merge,,,,,,
shimada2022_gotiot_t60m_vocact,result_role,reported,extraction_outcomes,,,,,2,stage-g-merge,,,,,,
shimada2022_gotiot_t60m_vocact,conflict_status,none,extraction_outcomes,,,,,2,stage-g-merge,,,,,,
shimada2022_gotiot_t60m_vocact,arm_id,got_iot,extraction_outcomes,,,,,2,stage-g-merge,,,,,,
shimada2022_gotiot_t60m_vocact,derivation_component_result_ids,,extraction_outcomes,,,,,2,stage-g-merge,,,,,,
shimada2022_gotiot_t60m_vocact,employment_selection_status,none,extraction_cohorts,,,,,1,stage-g-merge,,,,,,
shimada2022_gotiot_t60m_vocact,diagnosis_group,schizophrenia,extraction_cohorts,,,,,2,stage-g-merge,,,,,,
shimada2022_gotiot_t60m_vocact,perc_qualifying_diagnosis,100,extraction_cohorts,,,,,2,stage-g-merge,,,,,,
shimada2022_gotiot_t60m_vocact,design,rct,extraction_cohorts,,,,,1,stage-g-merge,,,,,,
shimada2022_gotiot_t60m_vocact,arm_type,intervention,extraction_arms,,,,,2,stage-g-merge,,,,,,
shimada2022_gotiot_t60m_vocact,analysis_selection_status,none,extraction_arms,,,,,2,stage-g-merge,,,,,,
shimada2022_gotiot_t60m_vocact,employment_targeted_intervention,,extraction_arms,,,,,2,stage-g-merge,,,,,,
shimada2022_gotalone_t60m_vocact,outcome_construct,vocational_activity,extraction_outcomes,,,,,2,stage-g-merge,,,,,,
shimada2022_gotalone_t60m_vocact,ascertainment,unclear,extraction_outcomes,,,,,2,stage-g-merge,,,,,,
shimada2022_gotalone_t60m_vocact,ascertainment_window_months,,extraction_outcomes,,,,,2,stage-g-merge,,,,,,
shimada2022_gotalone_t60m_vocact,n_employed,,extraction_outcomes,,,,,2,stage-g-merge,,,,,,
shimada2022_gotalone_t60m_vocact,n_outcome_observed,,extraction_outcomes,,,,,2,stage-g-merge,,,,,,
shimada2022_gotalone_t60m_vocact,denominator_basis,,extraction_outcomes,,,,,2,stage-g-merge,,,,,,
shimada2022_gotalone_t60m_vocact,followup_months,60,extraction_outcomes,,,,,2,stage-g-merge,,,,,,
shimada2022_gotalone_t60m_vocact,followup_basis,since_baseline,extraction_outcomes,,,,,2,stage-g-merge,,,,,,
shimada2022_gotalone_t60m_vocact,result_role,reported,extraction_outcomes,,,,,2,stage-g-merge,,,,,,
shimada2022_gotalone_t60m_vocact,conflict_status,none,extraction_outcomes,,,,,2,stage-g-merge,,,,,,
shimada2022_gotalone_t60m_vocact,arm_id,got_alone,extraction_outcomes,,,,,2,stage-g-merge,,,,,,
shimada2022_gotalone_t60m_vocact,derivation_component_result_ids,,extraction_outcomes,,,,,2,stage-g-merge,,,,,,
shimada2022_gotalone_t60m_vocact,employment_selection_status,none,extraction_cohorts,,,,,1,stage-g-merge,,,,,,
shimada2022_gotalone_t60m_vocact,diagnosis_group,schizophrenia,extraction_cohorts,,,,,2,stage-g-merge,,,,,,
shimada2022_gotalone_t60m_vocact,perc_qualifying_diagnosis,100,extraction_cohorts,,,,,2,stage-g-merge,,,,,,
shimada2022_gotalone_t60m_vocact,design,rct,extraction_cohorts,,,,,1,stage-g-merge,,,,,,
shimada2022_gotalone_t60m_vocact,arm_type,control_active,extraction_arms,,,,,2,stage-g-merge,,,,,,
shimada2022_gotalone_t60m_vocact,analysis_selection_status,none,extraction_arms,,,,,2,stage-g-merge,,,,,,
shimada2022_gotalone_t60m_vocact,employment_targeted_intervention,,extraction_arms,,,,,2,stage-g-merge,,,,,,
solmi2022_cohort_t12m_paidthresh,outcome_construct,paid_intensity_threshold,extraction_outcomes,,,,,2,stage-g-merge,,,,,,
solmi2022_cohort_t12m_paidthresh,ascertainment,period_prevalence,extraction_outcomes,,,,,2,stage-g-merge,,,,,,
solmi2022_cohort_t12m_paidthresh,ascertainment_window_months,12,extraction_outcomes,,,,,2,stage-g-merge,,,,,,
solmi2022_cohort_t12m_paidthresh,n_employed,,extraction_outcomes,,,,,2,stage-g-merge,,,,,,
solmi2022_cohort_t12m_paidthresh,n_outcome_observed,,extraction_outcomes,,,,,2,stage-g-merge,,,,,,
solmi2022_cohort_t12m_paidthresh,denominator_basis,,extraction_outcomes,,,,,2,stage-g-merge,,,,,,
solmi2022_cohort_t12m_paidthresh,followup_months,12,extraction_outcomes,,,,,2,stage-g-merge,,,,,,
solmi2022_cohort_t12m_paidthresh,followup_basis,since_baseline,extraction_outcomes,,,,,2,stage-g-merge,,,,,,
solmi2022_cohort_t12m_paidthresh,result_role,reported,extraction_outcomes,,,,,2,stage-g-merge,,,,,,
solmi2022_cohort_t12m_paidthresh,conflict_status,unresolved,extraction_outcomes,,,,,2,stage-g-merge,,,,,,
solmi2022_cohort_t12m_paidthresh,arm_id,cohort,extraction_outcomes,,,,,2,stage-g-merge,,,,,,
solmi2022_cohort_t12m_paidthresh,derivation_component_result_ids,,extraction_outcomes,,,,,2,stage-g-merge,,,,,,
solmi2022_cohort_t12m_paidthresh,employment_selection_status,none,extraction_cohorts,,,,,1,stage-g-merge,,,,,,
solmi2022_cohort_t12m_paidthresh,diagnosis_group,fep,extraction_cohorts,,,,,2,stage-g-merge,,,,,,
solmi2022_cohort_t12m_paidthresh,perc_qualifying_diagnosis,100,extraction_cohorts,,,,,2,stage-g-merge,,,,,,
solmi2022_cohort_t12m_paidthresh,design,register_cohort,extraction_cohorts,,,,,1,stage-g-merge,,,,,,
solmi2022_cohort_t12m_paidthresh,arm_type,cohort,extraction_arms,,,,,2,stage-g-merge,,,,,,
solmi2022_cohort_t12m_paidthresh,analysis_selection_status,selected,extraction_arms,,,,,2,stage-g-merge,,,,,,
solmi2022_cohort_t12m_paidthresh,employment_targeted_intervention,not_applicable,extraction_arms,,,,,2,stage-g-merge,,,,,,
solmi2022_cohort_t24m_paidthresh,outcome_construct,paid_intensity_threshold,extraction_outcomes,,,,,2,stage-g-merge,,,,,,
solmi2022_cohort_t24m_paidthresh,ascertainment,period_prevalence,extraction_outcomes,,,,,2,stage-g-merge,,,,,,
solmi2022_cohort_t24m_paidthresh,ascertainment_window_months,12,extraction_outcomes,,,,,2,stage-g-merge,,,,,,
solmi2022_cohort_t24m_paidthresh,n_employed,,extraction_outcomes,,,,,2,stage-g-merge,,,,,,
solmi2022_cohort_t24m_paidthresh,n_outcome_observed,,extraction_outcomes,,,,,2,stage-g-merge,,,,,,
solmi2022_cohort_t24m_paidthresh,denominator_basis,,extraction_outcomes,,,,,2,stage-g-merge,,,,,,
solmi2022_cohort_t24m_paidthresh,followup_months,24,extraction_outcomes,,,,,2,stage-g-merge,,,,,,
solmi2022_cohort_t24m_paidthresh,followup_basis,since_baseline,extraction_outcomes,,,,,2,stage-g-merge,,,,,,
solmi2022_cohort_t24m_paidthresh,result_role,reported,extraction_outcomes,,,,,2,stage-g-merge,,,,,,
solmi2022_cohort_t24m_paidthresh,conflict_status,unresolved,extraction_outcomes,,,,,2,stage-g-merge,,,,,,
solmi2022_cohort_t24m_paidthresh,arm_id,cohort,extraction_outcomes,,,,,2,stage-g-merge,,,,,,
solmi2022_cohort_t24m_paidthresh,derivation_component_result_ids,,extraction_outcomes,,,,,2,stage-g-merge,,,,,,
solmi2022_cohort_t24m_paidthresh,employment_selection_status,none,extraction_cohorts,,,,,1,stage-g-merge,,,,,,
solmi2022_cohort_t24m_paidthresh,diagnosis_group,fep,extraction_cohorts,,,,,2,stage-g-merge,,,,,,
solmi2022_cohort_t24m_paidthresh,perc_qualifying_diagnosis,100,extraction_cohorts,,,,,2,stage-g-merge,,,,,,
solmi2022_cohort_t24m_paidthresh,design,register_cohort,extraction_cohorts,,,,,1,stage-g-merge,,,,,,
solmi2022_cohort_t24m_paidthresh,arm_type,cohort,extraction_arms,,,,,2,stage-g-merge,,,,,,
solmi2022_cohort_t24m_paidthresh,analysis_selection_status,selected,extraction_arms,,,,,2,stage-g-merge,,,,,,
solmi2022_cohort_t24m_paidthresh,employment_targeted_intervention,not_applicable,extraction_arms,,,,,2,stage-g-merge,,,,,,
solmi2022_cohort_t60m_paidthresh,outcome_construct,paid_intensity_threshold,extraction_outcomes,,,,,2,stage-g-merge,,,,,,
solmi2022_cohort_t60m_paidthresh,ascertainment,period_prevalence,extraction_outcomes,,,,,2,stage-g-merge,,,,,,
solmi2022_cohort_t60m_paidthresh,ascertainment_window_months,12,extraction_outcomes,,,,,2,stage-g-merge,,,,,,
solmi2022_cohort_t60m_paidthresh,n_employed,,extraction_outcomes,,,,,2,stage-g-merge,,,,,,
solmi2022_cohort_t60m_paidthresh,n_outcome_observed,,extraction_outcomes,,,,,2,stage-g-merge,,,,,,
solmi2022_cohort_t60m_paidthresh,denominator_basis,,extraction_outcomes,,,,,2,stage-g-merge,,,,,,
solmi2022_cohort_t60m_paidthresh,followup_months,60,extraction_outcomes,,,,,2,stage-g-merge,,,,,,
solmi2022_cohort_t60m_paidthresh,followup_basis,since_baseline,extraction_outcomes,,,,,2,stage-g-merge,,,,,,
solmi2022_cohort_t60m_paidthresh,result_role,reported,extraction_outcomes,,,,,2,stage-g-merge,,,,,,
solmi2022_cohort_t60m_paidthresh,conflict_status,unresolved,extraction_outcomes,,,,,2,stage-g-merge,,,,,,
solmi2022_cohort_t60m_paidthresh,arm_id,cohort,extraction_outcomes,,,,,2,stage-g-merge,,,,,,
solmi2022_cohort_t60m_paidthresh,derivation_component_result_ids,,extraction_outcomes,,,,,2,stage-g-merge,,,,,,
solmi2022_cohort_t60m_paidthresh,employment_selection_status,none,extraction_cohorts,,,,,1,stage-g-merge,,,,,,
solmi2022_cohort_t60m_paidthresh,diagnosis_group,fep,extraction_cohorts,,,,,2,stage-g-merge,,,,,,
solmi2022_cohort_t60m_paidthresh,perc_qualifying_diagnosis,100,extraction_cohorts,,,,,2,stage-g-merge,,,,,,
solmi2022_cohort_t60m_paidthresh,design,register_cohort,extraction_cohorts,,,,,1,stage-g-merge,,,,,,
solmi2022_cohort_t60m_paidthresh,arm_type,cohort,extraction_arms,,,,,2,stage-g-merge,,,,,,
solmi2022_cohort_t60m_paidthresh,analysis_selection_status,selected,extraction_arms,,,,,2,stage-g-merge,,,,,,
solmi2022_cohort_t60m_paidthresh,employment_targeted_intervention,not_applicable,extraction_arms,,,,,2,stage-g-merge,,,,,,
stouten2019_dutch_t12m_vocact,outcome_construct,vocational_activity,extraction_outcomes,,,,,2,stage-g-merge,,,,,,
stouten2019_dutch_t12m_vocact,ascertainment,unclear,extraction_outcomes,,,,,2,stage-g-merge,,,,,,
stouten2019_dutch_t12m_vocact,ascertainment_window_months,,extraction_outcomes,,,,,2,stage-g-merge,,,,,,
stouten2019_dutch_t12m_vocact,n_employed,,extraction_outcomes,,,,,2,stage-g-merge,,,,,,
stouten2019_dutch_t12m_vocact,n_outcome_observed,,extraction_outcomes,,,,,2,stage-g-merge,,,,,,
stouten2019_dutch_t12m_vocact,denominator_basis,,extraction_outcomes,,,,,2,stage-g-merge,,,,,,
stouten2019_dutch_t12m_vocact,followup_months,12,extraction_outcomes,,,,,2,stage-g-merge,,,,,,
stouten2019_dutch_t12m_vocact,followup_basis,since_baseline,extraction_outcomes,,,,,2,stage-g-merge,,,,,,
stouten2019_dutch_t12m_vocact,result_role,reported,extraction_outcomes,,,,,2,stage-g-merge,,,,,,
stouten2019_dutch_t12m_vocact,conflict_status,none,extraction_outcomes,,,,,2,stage-g-merge,,,,,,
stouten2019_dutch_t12m_vocact,arm_id,dutch,extraction_outcomes,,,,,2,stage-g-merge,,,,,,
stouten2019_dutch_t12m_vocact,derivation_component_result_ids,,extraction_outcomes,,,,,2,stage-g-merge,,,,,,
stouten2019_dutch_t12m_vocact,employment_selection_status,none,extraction_cohorts,,,,,1,stage-g-merge,,,,,,
stouten2019_dutch_t12m_vocact,diagnosis_group,fep,extraction_cohorts,,,,,2,stage-g-merge,,,,,,
stouten2019_dutch_t12m_vocact,perc_qualifying_diagnosis,100,extraction_cohorts,,,,,2,stage-g-merge,,,,,,
stouten2019_dutch_t12m_vocact,design,prospective_cohort,extraction_cohorts,,,,,1,stage-g-merge,,,,,,
stouten2019_dutch_t12m_vocact,arm_type,subgroup,extraction_arms,,,,,2,stage-g-merge,,,,,,
stouten2019_dutch_t12m_vocact,analysis_selection_status,none,extraction_arms,,,,,2,stage-g-merge,,,,,,
stouten2019_dutch_t12m_vocact,employment_targeted_intervention,,extraction_arms,,,,,2,stage-g-merge,,,,,,
stouten2019_gen2_t12m_vocact,outcome_construct,vocational_activity,extraction_outcomes,,,,,2,stage-g-merge,,,,,,
stouten2019_gen2_t12m_vocact,ascertainment,unclear,extraction_outcomes,,,,,2,stage-g-merge,,,,,,
stouten2019_gen2_t12m_vocact,ascertainment_window_months,,extraction_outcomes,,,,,2,stage-g-merge,,,,,,
stouten2019_gen2_t12m_vocact,n_employed,,extraction_outcomes,,,,,2,stage-g-merge,,,,,,
stouten2019_gen2_t12m_vocact,n_outcome_observed,,extraction_outcomes,,,,,2,stage-g-merge,,,,,,
stouten2019_gen2_t12m_vocact,denominator_basis,,extraction_outcomes,,,,,2,stage-g-merge,,,,,,
stouten2019_gen2_t12m_vocact,followup_months,12,extraction_outcomes,,,,,2,stage-g-merge,,,,,,
stouten2019_gen2_t12m_vocact,followup_basis,since_baseline,extraction_outcomes,,,,,2,stage-g-merge,,,,,,
stouten2019_gen2_t12m_vocact,result_role,reported,extraction_outcomes,,,,,2,stage-g-merge,,,,,,
stouten2019_gen2_t12m_vocact,conflict_status,none,extraction_outcomes,,,,,2,stage-g-merge,,,,,,
stouten2019_gen2_t12m_vocact,arm_id,gen2,extraction_outcomes,,,,,2,stage-g-merge,,,,,,
stouten2019_gen2_t12m_vocact,derivation_component_result_ids,,extraction_outcomes,,,,,2,stage-g-merge,,,,,,
stouten2019_gen2_t12m_vocact,employment_selection_status,none,extraction_cohorts,,,,,1,stage-g-merge,,,,,,
stouten2019_gen2_t12m_vocact,diagnosis_group,fep,extraction_cohorts,,,,,2,stage-g-merge,,,,,,
stouten2019_gen2_t12m_vocact,perc_qualifying_diagnosis,100,extraction_cohorts,,,,,2,stage-g-merge,,,,,,
stouten2019_gen2_t12m_vocact,design,prospective_cohort,extraction_cohorts,,,,,1,stage-g-merge,,,,,,
stouten2019_gen2_t12m_vocact,arm_type,subgroup,extraction_arms,,,,,2,stage-g-merge,,,,,,
stouten2019_gen2_t12m_vocact,analysis_selection_status,none,extraction_arms,,,,,2,stage-g-merge,,,,,,
stouten2019_gen2_t12m_vocact,employment_targeted_intervention,,extraction_arms,,,,,2,stage-g-merge,,,,,,
stouten2019_gen1_t12m_vocact,outcome_construct,vocational_activity,extraction_outcomes,,,,,2,stage-g-merge,,,,,,
stouten2019_gen1_t12m_vocact,ascertainment,unclear,extraction_outcomes,,,,,2,stage-g-merge,,,,,,
stouten2019_gen1_t12m_vocact,ascertainment_window_months,,extraction_outcomes,,,,,2,stage-g-merge,,,,,,
stouten2019_gen1_t12m_vocact,n_employed,,extraction_outcomes,,,,,2,stage-g-merge,,,,,,
stouten2019_gen1_t12m_vocact,n_outcome_observed,,extraction_outcomes,,,,,2,stage-g-merge,,,,,,
stouten2019_gen1_t12m_vocact,denominator_basis,,extraction_outcomes,,,,,2,stage-g-merge,,,,,,
stouten2019_gen1_t12m_vocact,followup_months,12,extraction_outcomes,,,,,2,stage-g-merge,,,,,,
stouten2019_gen1_t12m_vocact,followup_basis,since_baseline,extraction_outcomes,,,,,2,stage-g-merge,,,,,,
stouten2019_gen1_t12m_vocact,result_role,reported,extraction_outcomes,,,,,2,stage-g-merge,,,,,,
stouten2019_gen1_t12m_vocact,conflict_status,none,extraction_outcomes,,,,,2,stage-g-merge,,,,,,
stouten2019_gen1_t12m_vocact,arm_id,gen1,extraction_outcomes,,,,,2,stage-g-merge,,,,,,
stouten2019_gen1_t12m_vocact,derivation_component_result_ids,,extraction_outcomes,,,,,2,stage-g-merge,,,,,,
stouten2019_gen1_t12m_vocact,employment_selection_status,none,extraction_cohorts,,,,,1,stage-g-merge,,,,,,
stouten2019_gen1_t12m_vocact,diagnosis_group,fep,extraction_cohorts,,,,,2,stage-g-merge,,,,,,
stouten2019_gen1_t12m_vocact,perc_qualifying_diagnosis,100,extraction_cohorts,,,,,2,stage-g-merge,,,,,,
stouten2019_gen1_t12m_vocact,design,prospective_cohort,extraction_cohorts,,,,,1,stage-g-merge,,,,,,
stouten2019_gen1_t12m_vocact,arm_type,subgroup,extraction_arms,,,,,2,stage-g-merge,,,,,,
stouten2019_gen1_t12m_vocact,analysis_selection_status,none,extraction_arms,,,,,2,stage-g-merge,,,,,,
stouten2019_gen1_t12m_vocact,employment_targeted_intervention,,extraction_arms,,,,,2,stage-g-merge,,,,,,
stralin2019_cohort_t156m_paidthresh,outcome_construct,paid_intensity_threshold,extraction_outcomes,,,,,2,stage-g-merge,,,,,,
stralin2019_cohort_t156m_paidthresh,ascertainment,period_prevalence,extraction_outcomes,,,,,2,stage-g-merge,,,,,,
stralin2019_cohort_t156m_paidthresh,ascertainment_window_months,12,extraction_outcomes,,,,,2,stage-g-merge,,,,,,
stralin2019_cohort_t156m_paidthresh,n_employed,67,extraction_outcomes,,,,,2,stage-g-merge,,,,,,
stralin2019_cohort_t156m_paidthresh,n_outcome_observed,161,extraction_outcomes,,,,,2,stage-g-merge,,,,,,
stralin2019_cohort_t156m_paidthresh,denominator_basis,outcome_observed,extraction_outcomes,,,,,2,stage-g-merge,,,,,,
stralin2019_cohort_t156m_paidthresh,followup_months,156,extraction_outcomes,,,,,2,stage-g-merge,,,,,,
stralin2019_cohort_t156m_paidthresh,followup_basis,since_baseline,extraction_outcomes,,,,,2,stage-g-merge,,,,,,
stralin2019_cohort_t156m_paidthresh,result_role,reported,extraction_outcomes,,,,,2,stage-g-merge,,,,,,
stralin2019_cohort_t156m_paidthresh,conflict_status,none,extraction_outcomes,,,,,2,stage-g-merge,,,,,,
stralin2019_cohort_t156m_paidthresh,arm_id,cohort,extraction_outcomes,,,,,2,stage-g-merge,,,,,,
stralin2019_cohort_t156m_paidthresh,derivation_component_result_ids,,extraction_outcomes,,,,,2,stage-g-merge,,,,,,
stralin2019_cohort_t156m_paidthresh,employment_selection_status,none,extraction_cohorts,,,,,1,stage-g-merge,,,,,,
stralin2019_cohort_t156m_paidthresh,diagnosis_group,fep,extraction_cohorts,,,,,2,stage-g-merge,,,,,,
stralin2019_cohort_t156m_paidthresh,perc_qualifying_diagnosis,100,extraction_cohorts,,,,,2,stage-g-merge,,,,,,
stralin2019_cohort_t156m_paidthresh,design,prospective_cohort,extraction_cohorts,,,,,1,stage-g-merge,,,,,,
stralin2019_cohort_t156m_paidthresh,arm_type,cohort,extraction_arms,,,,,2,stage-g-merge,,,,,,
stralin2019_cohort_t156m_paidthresh,analysis_selection_status,none,extraction_arms,,,,,2,stage-g-merge,,,,,,
stralin2019_cohort_t156m_paidthresh,employment_targeted_intervention,not_applicable,extraction_arms,,,,,2,stage-g-merge,,,,,,
stralin2019_cohort_t156m_anyincome,outcome_construct,unclear,extraction_outcomes,,,,,2,stage-g-merge,,,,,,
stralin2019_cohort_t156m_anyincome,ascertainment,period_prevalence,extraction_outcomes,,,,,2,stage-g-merge,,,,,,
stralin2019_cohort_t156m_anyincome,ascertainment_window_months,12,extraction_outcomes,,,,,2,stage-g-merge,,,,,,
stralin2019_cohort_t156m_anyincome,n_employed,86,extraction_outcomes,,,,,2,stage-g-merge,,,,,,
stralin2019_cohort_t156m_anyincome,n_outcome_observed,161,extraction_outcomes,,,,,2,stage-g-merge,,,,,,
stralin2019_cohort_t156m_anyincome,denominator_basis,outcome_observed,extraction_outcomes,,,,,2,stage-g-merge,,,,,,
stralin2019_cohort_t156m_anyincome,followup_months,156,extraction_outcomes,,,,,2,stage-g-merge,,,,,,
stralin2019_cohort_t156m_anyincome,followup_basis,since_baseline,extraction_outcomes,,,,,2,stage-g-merge,,,,,,
stralin2019_cohort_t156m_anyincome,result_role,reported,extraction_outcomes,,,,,2,stage-g-merge,,,,,,
stralin2019_cohort_t156m_anyincome,conflict_status,none,extraction_outcomes,,,,,2,stage-g-merge,,,,,,
stralin2019_cohort_t156m_anyincome,arm_id,cohort,extraction_outcomes,,,,,2,stage-g-merge,,,,,,
stralin2019_cohort_t156m_anyincome,derivation_component_result_ids,,extraction_outcomes,,,,,2,stage-g-merge,,,,,,
stralin2019_cohort_t156m_anyincome,employment_selection_status,none,extraction_cohorts,,,,,1,stage-g-merge,,,,,,
stralin2019_cohort_t156m_anyincome,diagnosis_group,fep,extraction_cohorts,,,,,2,stage-g-merge,,,,,,
stralin2019_cohort_t156m_anyincome,perc_qualifying_diagnosis,100,extraction_cohorts,,,,,2,stage-g-merge,,,,,,
stralin2019_cohort_t156m_anyincome,design,prospective_cohort,extraction_cohorts,,,,,1,stage-g-merge,,,,,,
stralin2019_cohort_t156m_anyincome,arm_type,cohort,extraction_arms,,,,,2,stage-g-merge,,,,,,
stralin2019_cohort_t156m_anyincome,analysis_selection_status,none,extraction_arms,,,,,2,stage-g-merge,,,,,,
stralin2019_cohort_t156m_anyincome,employment_targeted_intervention,not_applicable,extraction_arms,,,,,2,stage-g-merge,,,,,,
topor2019_instrecovery_t120m_paidany,outcome_construct,paid_any,extraction_outcomes,,,,,2,stage-g-merge,,,,,,
topor2019_instrecovery_t120m_paidany,ascertainment,period_prevalence,extraction_outcomes,,,,,2,stage-g-merge,,,,,,
topor2019_instrecovery_t120m_paidany,ascertainment_window_months,12,extraction_outcomes,,,,,2,stage-g-merge,,,,,,
topor2019_instrecovery_t120m_paidany,n_employed,,extraction_outcomes,,,,,2,stage-g-merge,,,,,,
topor2019_instrecovery_t120m_paidany,n_outcome_observed,,extraction_outcomes,,,,,2,stage-g-merge,,,,,,
topor2019_instrecovery_t120m_paidany,denominator_basis,,extraction_outcomes,,,,,2,stage-g-merge,,,,,,
topor2019_instrecovery_t120m_paidany,followup_months,120,extraction_outcomes,,,,,2,stage-g-merge,,,,,,
topor2019_instrecovery_t120m_paidany,followup_basis,since_baseline,extraction_outcomes,,,,,2,stage-g-merge,,,,,,
topor2019_instrecovery_t120m_paidany,result_role,reported,extraction_outcomes,,,,,2,stage-g-merge,,,,,,
topor2019_instrecovery_t120m_paidany,conflict_status,none,extraction_outcomes,,,,,2,stage-g-merge,,,,,,
topor2019_instrecovery_t120m_paidany,arm_id,inst_recovery,extraction_outcomes,,,,,2,stage-g-merge,,,,,,
topor2019_instrecovery_t120m_paidany,derivation_component_result_ids,,extraction_outcomes,,,,,2,stage-g-merge,,,,,,
topor2019_instrecovery_t120m_paidany,employment_selection_status,none,extraction_cohorts,,,,,1,stage-g-merge,,,,,,
topor2019_instrecovery_t120m_paidany,diagnosis_group,psychosis_mixed,extraction_cohorts,,,,,2,stage-g-merge,,,,,,
topor2019_instrecovery_t120m_paidany,perc_qualifying_diagnosis,100,extraction_cohorts,,,,,2,stage-g-merge,,,,,,
topor2019_instrecovery_t120m_paidany,design,prospective_cohort,extraction_cohorts,,,,,1,stage-g-merge,,,,,,
topor2019_instrecovery_t120m_paidany,arm_type,subgroup,extraction_arms,,,,,2,stage-g-merge,,,,,,
topor2019_instrecovery_t120m_paidany,analysis_selection_status,unclear,extraction_arms,,,,,2,stage-g-merge,,,,,,
topor2019_instrecovery_t120m_paidany,employment_targeted_intervention,,extraction_arms,,,,,2,stage-g-merge,,,,,,
topor2019_ongoinginst_t120m_paidany,outcome_construct,paid_any,extraction_outcomes,,,,,2,stage-g-merge,,,,,,
topor2019_ongoinginst_t120m_paidany,ascertainment,period_prevalence,extraction_outcomes,,,,,2,stage-g-merge,,,,,,
topor2019_ongoinginst_t120m_paidany,ascertainment_window_months,12,extraction_outcomes,,,,,2,stage-g-merge,,,,,,
topor2019_ongoinginst_t120m_paidany,n_employed,,extraction_outcomes,,,,,2,stage-g-merge,,,,,,
topor2019_ongoinginst_t120m_paidany,n_outcome_observed,,extraction_outcomes,,,,,2,stage-g-merge,,,,,,
topor2019_ongoinginst_t120m_paidany,denominator_basis,,extraction_outcomes,,,,,2,stage-g-merge,,,,,,
topor2019_ongoinginst_t120m_paidany,followup_months,120,extraction_outcomes,,,,,2,stage-g-merge,,,,,,
topor2019_ongoinginst_t120m_paidany,followup_basis,since_baseline,extraction_outcomes,,,,,2,stage-g-merge,,,,,,
topor2019_ongoinginst_t120m_paidany,result_role,reported,extraction_outcomes,,,,,2,stage-g-merge,,,,,,
topor2019_ongoinginst_t120m_paidany,conflict_status,none,extraction_outcomes,,,,,2,stage-g-merge,,,,,,
topor2019_ongoinginst_t120m_paidany,arm_id,ongoing_inst,extraction_outcomes,,,,,2,stage-g-merge,,,,,,
topor2019_ongoinginst_t120m_paidany,derivation_component_result_ids,,extraction_outcomes,,,,,2,stage-g-merge,,,,,,
topor2019_ongoinginst_t120m_paidany,employment_selection_status,none,extraction_cohorts,,,,,1,stage-g-merge,,,,,,
topor2019_ongoinginst_t120m_paidany,diagnosis_group,psychosis_mixed,extraction_cohorts,,,,,2,stage-g-merge,,,,,,
topor2019_ongoinginst_t120m_paidany,perc_qualifying_diagnosis,100,extraction_cohorts,,,,,2,stage-g-merge,,,,,,
topor2019_ongoinginst_t120m_paidany,design,prospective_cohort,extraction_cohorts,,,,,1,stage-g-merge,,,,,,
topor2019_ongoinginst_t120m_paidany,arm_type,subgroup,extraction_arms,,,,,2,stage-g-merge,,,,,,
topor2019_ongoinginst_t120m_paidany,analysis_selection_status,unclear,extraction_arms,,,,,2,stage-g-merge,,,,,,
topor2019_ongoinginst_t120m_paidany,employment_targeted_intervention,,extraction_arms,,,,,2,stage-g-merge,,,,,,
tsiachristas2016_eip_t36m_unclearemp,outcome_construct,unclear,extraction_outcomes,,,,,2,stage-g-merge,,,,,,
tsiachristas2016_eip_t36m_unclearemp,ascertainment,any_time_during_followup,extraction_outcomes,,,,,2,stage-g-merge,,,,,,
tsiachristas2016_eip_t36m_unclearemp,ascertainment_window_months,,extraction_outcomes,,,,,2,stage-g-merge,,,,,,
tsiachristas2016_eip_t36m_unclearemp,n_employed,,extraction_outcomes,,,,,2,stage-g-merge,,,,,,
tsiachristas2016_eip_t36m_unclearemp,n_outcome_observed,,extraction_outcomes,,,,,2,stage-g-merge,,,,,,
tsiachristas2016_eip_t36m_unclearemp,denominator_basis,unclear,extraction_outcomes,,,,,2,stage-g-merge,,,,,,
tsiachristas2016_eip_t36m_unclearemp,followup_months,36,extraction_outcomes,,,,,2,stage-g-merge,,,,,,
tsiachristas2016_eip_t36m_unclearemp,followup_basis,calendar_end_common,extraction_outcomes,,,,,2,stage-g-merge,,,,,,
tsiachristas2016_eip_t36m_unclearemp,result_role,reported,extraction_outcomes,,,,,2,stage-g-merge,,,,,,
tsiachristas2016_eip_t36m_unclearemp,conflict_status,unresolved,extraction_outcomes,,,,,2,stage-g-merge,,,,,,
tsiachristas2016_eip_t36m_unclearemp,arm_id,eip,extraction_outcomes,,,,,2,stage-g-merge,,,,,,
tsiachristas2016_eip_t36m_unclearemp,derivation_component_result_ids,,extraction_outcomes,,,,,2,stage-g-merge,,,,,,
tsiachristas2016_eip_t36m_unclearemp,employment_selection_status,none,extraction_cohorts,,,,,1,stage-g-merge,,,,,,
tsiachristas2016_eip_t36m_unclearemp,diagnosis_group,schizophrenia,extraction_cohorts,,,,,2,stage-g-merge,,,,,,
tsiachristas2016_eip_t36m_unclearemp,perc_qualifying_diagnosis,100,extraction_cohorts,,,,,2,stage-g-merge,,,,,,
tsiachristas2016_eip_t36m_unclearemp,design,retrospective_cohort,extraction_cohorts,,,,,1,stage-g-merge,,,,,,
tsiachristas2016_eip_t36m_unclearemp,arm_type,intervention,extraction_arms,,,,,2,stage-g-merge,,,,,,
tsiachristas2016_eip_t36m_unclearemp,analysis_selection_status,selected,extraction_arms,,,,,2,stage-g-merge,,,,,,
tsiachristas2016_eip_t36m_unclearemp,employment_targeted_intervention,,extraction_arms,,,,,2,stage-g-merge,,,,,,
tsiachristas2016_eip_t36m_eduonly,outcome_construct,education_only,extraction_outcomes,,,,,2,stage-g-merge,,,,,,
tsiachristas2016_eip_t36m_eduonly,ascertainment,any_time_during_followup,extraction_outcomes,,,,,2,stage-g-merge,,,,,,
tsiachristas2016_eip_t36m_eduonly,ascertainment_window_months,,extraction_outcomes,,,,,2,stage-g-merge,,,,,,
tsiachristas2016_eip_t36m_eduonly,n_employed,,extraction_outcomes,,,,,2,stage-g-merge,,,,,,
tsiachristas2016_eip_t36m_eduonly,n_outcome_observed,,extraction_outcomes,,,,,2,stage-g-merge,,,,,,
tsiachristas2016_eip_t36m_eduonly,denominator_basis,unclear,extraction_outcomes,,,,,2,stage-g-merge,,,,,,
tsiachristas2016_eip_t36m_eduonly,followup_months,36,extraction_outcomes,,,,,2,stage-g-merge,,,,,,
tsiachristas2016_eip_t36m_eduonly,followup_basis,calendar_end_common,extraction_outcomes,,,,,2,stage-g-merge,,,,,,
tsiachristas2016_eip_t36m_eduonly,result_role,reported,extraction_outcomes,,,,,2,stage-g-merge,,,,,,
tsiachristas2016_eip_t36m_eduonly,conflict_status,unresolved,extraction_outcomes,,,,,2,stage-g-merge,,,,,,
tsiachristas2016_eip_t36m_eduonly,arm_id,eip,extraction_outcomes,,,,,2,stage-g-merge,,,,,,
tsiachristas2016_eip_t36m_eduonly,derivation_component_result_ids,,extraction_outcomes,,,,,2,stage-g-merge,,,,,,
tsiachristas2016_eip_t36m_eduonly,employment_selection_status,none,extraction_cohorts,,,,,1,stage-g-merge,,,,,,
tsiachristas2016_eip_t36m_eduonly,diagnosis_group,schizophrenia,extraction_cohorts,,,,,2,stage-g-merge,,,,,,
tsiachristas2016_eip_t36m_eduonly,perc_qualifying_diagnosis,100,extraction_cohorts,,,,,2,stage-g-merge,,,,,,
tsiachristas2016_eip_t36m_eduonly,design,retrospective_cohort,extraction_cohorts,,,,,1,stage-g-merge,,,,,,
tsiachristas2016_eip_t36m_eduonly,arm_type,intervention,extraction_arms,,,,,2,stage-g-merge,,,,,,
tsiachristas2016_eip_t36m_eduonly,analysis_selection_status,selected,extraction_arms,,,,,2,stage-g-merge,,,,,,
tsiachristas2016_eip_t36m_eduonly,employment_targeted_intervention,,extraction_arms,,,,,2,stage-g-merge,,,,,,
turner2019_cohort_t18m_paidoredu_status,outcome_construct,paid_or_education,extraction_outcomes,,,,,2,stage-g-merge,,,,,,
turner2019_cohort_t18m_paidoredu_status,ascertainment,point_prevalence,extraction_outcomes,,,,,2,stage-g-merge,,,,,,
turner2019_cohort_t18m_paidoredu_status,ascertainment_window_months,,extraction_outcomes,,,,,2,stage-g-merge,,,,,,
turner2019_cohort_t18m_paidoredu_status,n_employed,25,extraction_outcomes,,,,,2,stage-g-merge,,,,,,
turner2019_cohort_t18m_paidoredu_status,n_outcome_observed,34,extraction_outcomes,,,,,2,stage-g-merge,,,,,,
turner2019_cohort_t18m_paidoredu_status,denominator_basis,outcome_observed,extraction_outcomes,,,,,2,stage-g-merge,,,,,,
turner2019_cohort_t18m_paidoredu_status,followup_months,18,extraction_outcomes,,,,,2,stage-g-merge,,,,,,
turner2019_cohort_t18m_paidoredu_status,followup_basis,unclear,extraction_outcomes,,,,,2,stage-g-merge,,,,,,
turner2019_cohort_t18m_paidoredu_status,result_role,reported,extraction_outcomes,,,,,2,stage-g-merge,,,,,,
turner2019_cohort_t18m_paidoredu_status,conflict_status,unresolved,extraction_outcomes,,,,,2,stage-g-merge,,,,,,
turner2019_cohort_t18m_paidoredu_status,arm_id,cohort,extraction_outcomes,,,,,2,stage-g-merge,,,,,,
turner2019_cohort_t18m_paidoredu_status,derivation_component_result_ids,,extraction_outcomes,,,,,2,stage-g-merge,,,,,,
turner2019_cohort_t18m_paidoredu_status,employment_selection_status,selected,extraction_cohorts,,,,,1,stage-g-merge,,,,,,
turner2019_cohort_t18m_paidoredu_status,diagnosis_group,fep,extraction_cohorts,,,,,2,stage-g-merge,,,,,,
turner2019_cohort_t18m_paidoredu_status,perc_qualifying_diagnosis,100,extraction_cohorts,,,,,2,stage-g-merge,,,,,,
turner2019_cohort_t18m_paidoredu_status,design,non_randomised_trial,extraction_cohorts,,,,,1,stage-g-merge,,,,,,
turner2019_cohort_t18m_paidoredu_status,arm_type,cohort,extraction_arms,,,,,2,stage-g-merge,,,,,,
turner2019_cohort_t18m_paidoredu_status,analysis_selection_status,none,extraction_arms,,,,,2,stage-g-merge,,,,,,
turner2019_cohort_t18m_paidoredu_status,employment_targeted_intervention,yes,extraction_arms,,,,,2,stage-g-merge,,,,,,
turner2019_cohort_t18m_paidthresh_participation,outcome_construct,paid_intensity_threshold,extraction_outcomes,,,,,2,stage-g-merge,,,,,,
turner2019_cohort_t18m_paidthresh_participation,ascertainment,any_time_during_followup,extraction_outcomes,,,,,2,stage-g-merge,,,,,,
turner2019_cohort_t18m_paidthresh_participation,ascertainment_window_months,,extraction_outcomes,,,,,2,stage-g-merge,,,,,,
turner2019_cohort_t18m_paidthresh_participation,n_employed,21,extraction_outcomes,,,,,2,stage-g-merge,,,,,,
turner2019_cohort_t18m_paidthresh_participation,n_outcome_observed,34,extraction_outcomes,,,,,2,stage-g-merge,,,,,,
turner2019_cohort_t18m_paidthresh_participation,denominator_basis,outcome_observed,extraction_outcomes,,,,,2,stage-g-merge,,,,,,
turner2019_cohort_t18m_paidthresh_participation,followup_months,18,extraction_outcomes,,,,,2,stage-g-merge,,,,,,
turner2019_cohort_t18m_paidthresh_participation,followup_basis,unclear,extraction_outcomes,,,,,2,stage-g-merge,,,,,,
turner2019_cohort_t18m_paidthresh_participation,result_role,reported,extraction_outcomes,,,,,2,stage-g-merge,,,,,,
turner2019_cohort_t18m_paidthresh_participation,conflict_status,unresolved,extraction_outcomes,,,,,2,stage-g-merge,,,,,,
turner2019_cohort_t18m_paidthresh_participation,arm_id,cohort,extraction_outcomes,,,,,2,stage-g-merge,,,,,,
turner2019_cohort_t18m_paidthresh_participation,derivation_component_result_ids,,extraction_outcomes,,,,,2,stage-g-merge,,,,,,
turner2019_cohort_t18m_paidthresh_participation,employment_selection_status,selected,extraction_cohorts,,,,,1,stage-g-merge,,,,,,
turner2019_cohort_t18m_paidthresh_participation,diagnosis_group,fep,extraction_cohorts,,,,,2,stage-g-merge,,,,,,
turner2019_cohort_t18m_paidthresh_participation,perc_qualifying_diagnosis,100,extraction_cohorts,,,,,2,stage-g-merge,,,,,,
turner2019_cohort_t18m_paidthresh_participation,design,non_randomised_trial,extraction_cohorts,,,,,1,stage-g-merge,,,,,,
turner2019_cohort_t18m_paidthresh_participation,arm_type,cohort,extraction_arms,,,,,2,stage-g-merge,,,,,,
turner2019_cohort_t18m_paidthresh_participation,analysis_selection_status,none,extraction_arms,,,,,2,stage-g-merge,,,,,,
turner2019_cohort_t18m_paidthresh_participation,employment_targeted_intervention,yes,extraction_arms,,,,,2,stage-g-merge,,,,,,
turner2019_cohort_t18m_eduonly_participation,outcome_construct,education_only,extraction_outcomes,,,,,2,stage-g-merge,,,,,,
turner2019_cohort_t18m_eduonly_participation,ascertainment,any_time_during_followup,extraction_outcomes,,,,,2,stage-g-merge,,,,,,
turner2019_cohort_t18m_eduonly_participation,ascertainment_window_months,,extraction_outcomes,,,,,2,stage-g-merge,,,,,,
turner2019_cohort_t18m_eduonly_participation,n_employed,9,extraction_outcomes,,,,,2,stage-g-merge,,,,,,
turner2019_cohort_t18m_eduonly_participation,n_outcome_observed,34,extraction_outcomes,,,,,2,stage-g-merge,,,,,,
turner2019_cohort_t18m_eduonly_participation,denominator_basis,outcome_observed,extraction_outcomes,,,,,2,stage-g-merge,,,,,,
turner2019_cohort_t18m_eduonly_participation,followup_months,18,extraction_outcomes,,,,,2,stage-g-merge,,,,,,
turner2019_cohort_t18m_eduonly_participation,followup_basis,unclear,extraction_outcomes,,,,,2,stage-g-merge,,,,,,
turner2019_cohort_t18m_eduonly_participation,result_role,reported,extraction_outcomes,,,,,2,stage-g-merge,,,,,,
turner2019_cohort_t18m_eduonly_participation,conflict_status,unresolved,extraction_outcomes,,,,,2,stage-g-merge,,,,,,
turner2019_cohort_t18m_eduonly_participation,arm_id,cohort,extraction_outcomes,,,,,2,stage-g-merge,,,,,,
turner2019_cohort_t18m_eduonly_participation,derivation_component_result_ids,,extraction_outcomes,,,,,2,stage-g-merge,,,,,,
turner2019_cohort_t18m_eduonly_participation,employment_selection_status,selected,extraction_cohorts,,,,,1,stage-g-merge,,,,,,
turner2019_cohort_t18m_eduonly_participation,diagnosis_group,fep,extraction_cohorts,,,,,2,stage-g-merge,,,,,,
turner2019_cohort_t18m_eduonly_participation,perc_qualifying_diagnosis,100,extraction_cohorts,,,,,2,stage-g-merge,,,,,,
turner2019_cohort_t18m_eduonly_participation,design,non_randomised_trial,extraction_cohorts,,,,,1,stage-g-merge,,,,,,
turner2019_cohort_t18m_eduonly_participation,arm_type,cohort,extraction_arms,,,,,2,stage-g-merge,,,,,,
turner2019_cohort_t18m_eduonly_participation,analysis_selection_status,none,extraction_arms,,,,,2,stage-g-merge,,,,,,
turner2019_cohort_t18m_eduonly_participation,employment_targeted_intervention,yes,extraction_arms,,,,,2,stage-g-merge,,,,,,
turner2019_cohort_t18m_paidoredu_participation,outcome_construct,paid_or_education,extraction_outcomes,,,,,2,stage-g-merge,,,,,,
turner2019_cohort_t18m_paidoredu_participation,ascertainment,any_time_during_followup,extraction_outcomes,,,,,2,stage-g-merge,,,,,,
turner2019_cohort_t18m_paidoredu_participation,ascertainment_window_months,,extraction_outcomes,,,,,2,stage-g-merge,,,,,,
turner2019_cohort_t18m_paidoredu_participation,n_employed,27,extraction_outcomes,,,,,2,stage-g-merge,,,,,,
turner2019_cohort_t18m_paidoredu_participation,n_outcome_observed,34,extraction_outcomes,,,,,2,stage-g-merge,,,,,,
turner2019_cohort_t18m_paidoredu_participation,denominator_basis,outcome_observed,extraction_outcomes,,,,,2,stage-g-merge,,,,,,
turner2019_cohort_t18m_paidoredu_participation,followup_months,18,extraction_outcomes,,,,,2,stage-g-merge,,,,,,
turner2019_cohort_t18m_paidoredu_participation,followup_basis,unclear,extraction_outcomes,,,,,2,stage-g-merge,,,,,,
turner2019_cohort_t18m_paidoredu_participation,result_role,reported,extraction_outcomes,,,,,2,stage-g-merge,,,,,,
turner2019_cohort_t18m_paidoredu_participation,conflict_status,unresolved,extraction_outcomes,,,,,2,stage-g-merge,,,,,,
turner2019_cohort_t18m_paidoredu_participation,arm_id,cohort,extraction_outcomes,,,,,2,stage-g-merge,,,,,,
turner2019_cohort_t18m_paidoredu_participation,derivation_component_result_ids,,extraction_outcomes,,,,,2,stage-g-merge,,,,,,
turner2019_cohort_t18m_paidoredu_participation,employment_selection_status,selected,extraction_cohorts,,,,,1,stage-g-merge,,,,,,
turner2019_cohort_t18m_paidoredu_participation,diagnosis_group,fep,extraction_cohorts,,,,,2,stage-g-merge,,,,,,
turner2019_cohort_t18m_paidoredu_participation,perc_qualifying_diagnosis,100,extraction_cohorts,,,,,2,stage-g-merge,,,,,,
turner2019_cohort_t18m_paidoredu_participation,design,non_randomised_trial,extraction_cohorts,,,,,1,stage-g-merge,,,,,,
turner2019_cohort_t18m_paidoredu_participation,arm_type,cohort,extraction_arms,,,,,2,stage-g-merge,,,,,,
turner2019_cohort_t18m_paidoredu_participation,analysis_selection_status,none,extraction_arms,,,,,2,stage-g-merge,,,,,,
turner2019_cohort_t18m_paidoredu_participation,employment_targeted_intervention,yes,extraction_arms,,,,,2,stage-g-merge,,,,,,
turner2019_unoccupied_t1_t18m_paidoredu_attained,outcome_construct,paid_or_education,extraction_outcomes,,,,,2,stage-g-merge,,,,,,
turner2019_unoccupied_t1_t18m_paidoredu_attained,ascertainment,any_time_during_followup,extraction_outcomes,,,,,2,stage-g-merge,,,,,,
turner2019_unoccupied_t1_t18m_paidoredu_attained,ascertainment_window_months,,extraction_outcomes,,,,,2,stage-g-merge,,,,,,
turner2019_unoccupied_t1_t18m_paidoredu_attained,n_employed,8,extraction_outcomes,,,,,2,stage-g-merge,,,,,,
turner2019_unoccupied_t1_t18m_paidoredu_attained,n_outcome_observed,16,extraction_outcomes,,,,,2,stage-g-merge,,,,,,
turner2019_unoccupied_t1_t18m_paidoredu_attained,denominator_basis,outcome_observed,extraction_outcomes,,,,,2,stage-g-merge,,,,,,
turner2019_unoccupied_t1_t18m_paidoredu_attained,followup_months,18,extraction_outcomes,,,,,2,stage-g-merge,,,,,,
turner2019_unoccupied_t1_t18m_paidoredu_attained,followup_basis,unclear,extraction_outcomes,,,,,2,stage-g-merge,,,,,,
turner2019_unoccupied_t1_t18m_paidoredu_attained,result_role,reported,extraction_outcomes,,,,,2,stage-g-merge,,,,,,
turner2019_unoccupied_t1_t18m_paidoredu_attained,conflict_status,unresolved,extraction_outcomes,,,,,2,stage-g-merge,,,,,,
turner2019_unoccupied_t1_t18m_paidoredu_attained,arm_id,unoccupied_t1,extraction_outcomes,,,,,2,stage-g-merge,,,,,,
turner2019_unoccupied_t1_t18m_paidoredu_attained,derivation_component_result_ids,,extraction_outcomes,,,,,2,stage-g-merge,,,,,,
turner2019_unoccupied_t1_t18m_paidoredu_attained,employment_selection_status,selected,extraction_cohorts,,,,,1,stage-g-merge,,,,,,
turner2019_unoccupied_t1_t18m_paidoredu_attained,diagnosis_group,fep,extraction_cohorts,,,,,2,stage-g-merge,,,,,,
turner2019_unoccupied_t1_t18m_paidoredu_attained,perc_qualifying_diagnosis,100,extraction_cohorts,,,,,2,stage-g-merge,,,,,,
turner2019_unoccupied_t1_t18m_paidoredu_attained,design,non_randomised_trial,extraction_cohorts,,,,,1,stage-g-merge,,,,,,
turner2019_unoccupied_t1_t18m_paidoredu_attained,arm_type,subgroup,extraction_arms,,,,,2,stage-g-merge,,,,,,
turner2019_unoccupied_t1_t18m_paidoredu_attained,analysis_selection_status,selected,extraction_arms,,,,,2,stage-g-merge,,,,,,
turner2019_unoccupied_t1_t18m_paidoredu_attained,employment_targeted_intervention,,extraction_arms,,,,,2,stage-g-merge,,,,,,
xu2020_cohort_t125m_paidany,outcome_construct,paid_any,extraction_outcomes,,,,,2,stage-g-merge,,,,,,
xu2020_cohort_t125m_paidany,ascertainment,point_prevalence,extraction_outcomes,,,,,2,stage-g-merge,,,,,,
xu2020_cohort_t125m_paidany,ascertainment_window_months,,extraction_outcomes,,,,,2,stage-g-merge,,,,,,
xu2020_cohort_t125m_paidany,n_employed,23,extraction_outcomes,,,,,2,stage-g-merge,,,,,,
xu2020_cohort_t125m_paidany,n_outcome_observed,62,extraction_outcomes,,,,,2,stage-g-merge,,,,,,
xu2020_cohort_t125m_paidany,denominator_basis,outcome_observed,extraction_outcomes,,,,,2,stage-g-merge,,,,,,
xu2020_cohort_t125m_paidany,followup_months,125,extraction_outcomes,,,,,2,stage-g-merge,,,,,,
xu2020_cohort_t125m_paidany,followup_basis,since_baseline,extraction_outcomes,,,,,2,stage-g-merge,,,,,,
xu2020_cohort_t125m_paidany,result_role,reported,extraction_outcomes,,,,,2,stage-g-merge,,,,,,
xu2020_cohort_t125m_paidany,conflict_status,none,extraction_outcomes,,,,,2,stage-g-merge,,,,,,
xu2020_cohort_t125m_paidany,arm_id,cohort,extraction_outcomes,,,,,2,stage-g-merge,,,,,,
xu2020_cohort_t125m_paidany,derivation_component_result_ids,,extraction_outcomes,,,,,2,stage-g-merge,,,,,,
xu2020_cohort_t125m_paidany,employment_selection_status,none,extraction_cohorts,,,,,1,stage-g-merge,,,,,,
xu2020_cohort_t125m_paidany,diagnosis_group,schizophrenia,extraction_cohorts,,,,,2,stage-g-merge,,,,,,
xu2020_cohort_t125m_paidany,perc_qualifying_diagnosis,100,extraction_cohorts,,,,,2,stage-g-merge,,,,,,
xu2020_cohort_t125m_paidany,design,retrospective_cohort,extraction_cohorts,,,,,1,stage-g-merge,,,,,,
xu2020_cohort_t125m_paidany,arm_type,cohort,extraction_arms,,,,,2,stage-g-merge,,,,,,
xu2020_cohort_t125m_paidany,analysis_selection_status,none,extraction_arms,,,,,2,stage-g-merge,,,,,,
xu2020_cohort_t125m_paidany,employment_targeted_intervention,not_applicable,extraction_arms,,,,,2,stage-g-merge,,,,,,
xu2020_cohort_t125m_eduonly,outcome_construct,education_only,extraction_outcomes,,,,,2,stage-g-merge,,,,,,
xu2020_cohort_t125m_eduonly,ascertainment,point_prevalence,extraction_outcomes,,,,,2,stage-g-merge,,,,,,
xu2020_cohort_t125m_eduonly,ascertainment_window_months,,extraction_outcomes,,,,,2,stage-g-merge,,,,,,
xu2020_cohort_t125m_eduonly,n_employed,5,extraction_outcomes,,,,,2,stage-g-merge,,,,,,
xu2020_cohort_t125m_eduonly,n_outcome_observed,62,extraction_outcomes,,,,,2,stage-g-merge,,,,,,
xu2020_cohort_t125m_eduonly,denominator_basis,outcome_observed,extraction_outcomes,,,,,2,stage-g-merge,,,,,,
xu2020_cohort_t125m_eduonly,followup_months,125,extraction_outcomes,,,,,2,stage-g-merge,,,,,,
xu2020_cohort_t125m_eduonly,followup_basis,since_baseline,extraction_outcomes,,,,,2,stage-g-merge,,,,,,
xu2020_cohort_t125m_eduonly,result_role,reported,extraction_outcomes,,,,,2,stage-g-merge,,,,,,
xu2020_cohort_t125m_eduonly,conflict_status,none,extraction_outcomes,,,,,2,stage-g-merge,,,,,,
xu2020_cohort_t125m_eduonly,arm_id,cohort,extraction_outcomes,,,,,2,stage-g-merge,,,,,,
xu2020_cohort_t125m_eduonly,derivation_component_result_ids,,extraction_outcomes,,,,,2,stage-g-merge,,,,,,
xu2020_cohort_t125m_eduonly,employment_selection_status,none,extraction_cohorts,,,,,1,stage-g-merge,,,,,,
xu2020_cohort_t125m_eduonly,diagnosis_group,schizophrenia,extraction_cohorts,,,,,2,stage-g-merge,,,,,,
xu2020_cohort_t125m_eduonly,perc_qualifying_diagnosis,100,extraction_cohorts,,,,,2,stage-g-merge,,,,,,
xu2020_cohort_t125m_eduonly,design,retrospective_cohort,extraction_cohorts,,,,,1,stage-g-merge,,,,,,
xu2020_cohort_t125m_eduonly,arm_type,cohort,extraction_arms,,,,,2,stage-g-merge,,,,,,
xu2020_cohort_t125m_eduonly,analysis_selection_status,none,extraction_arms,,,,,2,stage-g-merge,,,,,,
xu2020_cohort_t125m_eduonly,employment_targeted_intervention,not_applicable,extraction_arms,,,,,2,stage-g-merge,,,,,,
xu2020_cohort_t125m_selfsufficient,outcome_construct,unclear,extraction_outcomes,,,,,2,stage-g-merge,,,,,,
xu2020_cohort_t125m_selfsufficient,ascertainment,point_prevalence,extraction_outcomes,,,,,2,stage-g-merge,,,,,,
xu2020_cohort_t125m_selfsufficient,ascertainment_window_months,,extraction_outcomes,,,,,2,stage-g-merge,,,,,,
xu2020_cohort_t125m_selfsufficient,n_employed,16,extraction_outcomes,,,,,2,stage-g-merge,,,,,,
xu2020_cohort_t125m_selfsufficient,n_outcome_observed,62,extraction_outcomes,,,,,2,stage-g-merge,,,,,,
xu2020_cohort_t125m_selfsufficient,denominator_basis,outcome_observed,extraction_outcomes,,,,,2,stage-g-merge,,,,,,
xu2020_cohort_t125m_selfsufficient,followup_months,125,extraction_outcomes,,,,,2,stage-g-merge,,,,,,
xu2020_cohort_t125m_selfsufficient,followup_basis,since_baseline,extraction_outcomes,,,,,2,stage-g-merge,,,,,,
xu2020_cohort_t125m_selfsufficient,result_role,reported,extraction_outcomes,,,,,2,stage-g-merge,,,,,,
xu2020_cohort_t125m_selfsufficient,conflict_status,none,extraction_outcomes,,,,,2,stage-g-merge,,,,,,
xu2020_cohort_t125m_selfsufficient,arm_id,cohort,extraction_outcomes,,,,,2,stage-g-merge,,,,,,
xu2020_cohort_t125m_selfsufficient,derivation_component_result_ids,,extraction_outcomes,,,,,2,stage-g-merge,,,,,,
xu2020_cohort_t125m_selfsufficient,employment_selection_status,none,extraction_cohorts,,,,,1,stage-g-merge,,,,,,
xu2020_cohort_t125m_selfsufficient,diagnosis_group,schizophrenia,extraction_cohorts,,,,,2,stage-g-merge,,,,,,
xu2020_cohort_t125m_selfsufficient,perc_qualifying_diagnosis,100,extraction_cohorts,,,,,2,stage-g-merge,,,,,,
xu2020_cohort_t125m_selfsufficient,design,retrospective_cohort,extraction_cohorts,,,,,1,stage-g-merge,,,,,,
xu2020_cohort_t125m_selfsufficient,arm_type,cohort,extraction_arms,,,,,2,stage-g-merge,,,,,,
xu2020_cohort_t125m_selfsufficient,analysis_selection_status,none,extraction_arms,,,,,2,stage-g-merge,,,,,,
xu2020_cohort_t125m_selfsufficient,employment_targeted_intervention,not_applicable,extraction_arms,,,,,2,stage-g-merge,,,,,,
yamaguchi2020_low_fidelity_t12m_paidcomp,outcome_construct,paid_competitive,extraction_outcomes,,,,,2,stage-g-merge,,,,,,
yamaguchi2020_low_fidelity_t12m_paidcomp,ascertainment,any_time_during_followup,extraction_outcomes,,,,,2,stage-g-merge,,,,,,
yamaguchi2020_low_fidelity_t12m_paidcomp,ascertainment_window_months,,extraction_outcomes,,,,,2,stage-g-merge,,,,,,
yamaguchi2020_low_fidelity_t12m_paidcomp,n_employed,11,extraction_outcomes,,,,,2,stage-g-merge,,,,,,
yamaguchi2020_low_fidelity_t12m_paidcomp,n_outcome_observed,29,extraction_outcomes,,,,,2,stage-g-merge,,,,,,
yamaguchi2020_low_fidelity_t12m_paidcomp,denominator_basis,outcome_observed,extraction_outcomes,,,,,2,stage-g-merge,,,,,,
yamaguchi2020_low_fidelity_t12m_paidcomp,followup_months,12,extraction_outcomes,,,,,2,stage-g-merge,,,,,,
yamaguchi2020_low_fidelity_t12m_paidcomp,followup_basis,since_baseline,extraction_outcomes,,,,,2,stage-g-merge,,,,,,
yamaguchi2020_low_fidelity_t12m_paidcomp,result_role,reported,extraction_outcomes,,,,,2,stage-g-merge,,,,,,
yamaguchi2020_low_fidelity_t12m_paidcomp,conflict_status,none,extraction_outcomes,,,,,2,stage-g-merge,,,,,,
yamaguchi2020_low_fidelity_t12m_paidcomp,arm_id,low_fidelity,extraction_outcomes,,,,,2,stage-g-merge,,,,,,
yamaguchi2020_low_fidelity_t12m_paidcomp,derivation_component_result_ids,,extraction_outcomes,,,,,2,stage-g-merge,,,,,,
yamaguchi2020_low_fidelity_t12m_paidcomp,employment_selection_status,selected,extraction_cohorts,,,,,1,stage-g-merge,,,,,,
yamaguchi2020_low_fidelity_t12m_paidcomp,diagnosis_group,schizophrenia,extraction_cohorts,,,,,2,stage-g-merge,,,,,,
yamaguchi2020_low_fidelity_t12m_paidcomp,perc_qualifying_diagnosis,100,extraction_cohorts,,,,,2,stage-g-merge,,,,,,
yamaguchi2020_low_fidelity_t12m_paidcomp,design,prospective_cohort,extraction_cohorts,,,,,1,stage-g-merge,,,,,,
yamaguchi2020_low_fidelity_t12m_paidcomp,arm_type,subgroup,extraction_arms,,,,,2,stage-g-merge,,,,,,
yamaguchi2020_low_fidelity_t12m_paidcomp,analysis_selection_status,unclear,extraction_arms,,,,,2,stage-g-merge,,,,,,
yamaguchi2020_low_fidelity_t12m_paidcomp,employment_targeted_intervention,,extraction_arms,,,,,2,stage-g-merge,,,,,,
yamaguchi2020_high_fidelity_t12m_paidcomp,outcome_construct,paid_competitive,extraction_outcomes,,,,,2,stage-g-merge,,,,,,
yamaguchi2020_high_fidelity_t12m_paidcomp,ascertainment,any_time_during_followup,extraction_outcomes,,,,,2,stage-g-merge,,,,,,
yamaguchi2020_high_fidelity_t12m_paidcomp,ascertainment_window_months,,extraction_outcomes,,,,,2,stage-g-merge,,,,,,
yamaguchi2020_high_fidelity_t12m_paidcomp,n_employed,15,extraction_outcomes,,,,,2,stage-g-merge,,,,,,
yamaguchi2020_high_fidelity_t12m_paidcomp,n_outcome_observed,22,extraction_outcomes,,,,,2,stage-g-merge,,,,,,
yamaguchi2020_high_fidelity_t12m_paidcomp,denominator_basis,outcome_observed,extraction_outcomes,,,,,2,stage-g-merge,,,,,,
yamaguchi2020_high_fidelity_t12m_paidcomp,followup_months,12,extraction_outcomes,,,,,2,stage-g-merge,,,,,,
yamaguchi2020_high_fidelity_t12m_paidcomp,followup_basis,since_baseline,extraction_outcomes,,,,,2,stage-g-merge,,,,,,
yamaguchi2020_high_fidelity_t12m_paidcomp,result_role,reported,extraction_outcomes,,,,,2,stage-g-merge,,,,,,
yamaguchi2020_high_fidelity_t12m_paidcomp,conflict_status,none,extraction_outcomes,,,,,2,stage-g-merge,,,,,,
yamaguchi2020_high_fidelity_t12m_paidcomp,arm_id,high_fidelity,extraction_outcomes,,,,,2,stage-g-merge,,,,,,
yamaguchi2020_high_fidelity_t12m_paidcomp,derivation_component_result_ids,,extraction_outcomes,,,,,2,stage-g-merge,,,,,,
yamaguchi2020_high_fidelity_t12m_paidcomp,employment_selection_status,selected,extraction_cohorts,,,,,1,stage-g-merge,,,,,,
yamaguchi2020_high_fidelity_t12m_paidcomp,diagnosis_group,schizophrenia,extraction_cohorts,,,,,2,stage-g-merge,,,,,,
yamaguchi2020_high_fidelity_t12m_paidcomp,perc_qualifying_diagnosis,100,extraction_cohorts,,,,,2,stage-g-merge,,,,,,
yamaguchi2020_high_fidelity_t12m_paidcomp,design,prospective_cohort,extraction_cohorts,,,,,1,stage-g-merge,,,,,,
yamaguchi2020_high_fidelity_t12m_paidcomp,arm_type,subgroup,extraction_arms,,,,,2,stage-g-merge,,,,,,
yamaguchi2020_high_fidelity_t12m_paidcomp,analysis_selection_status,unclear,extraction_arms,,,,,2,stage-g-merge,,,,,,
yamaguchi2020_high_fidelity_t12m_paidcomp,employment_targeted_intervention,,extraction_arms,,,,,2,stage-g-merge,,,,,,
zhang2017_ise_t15m_paidthresh,outcome_construct,paid_intensity_threshold,extraction_outcomes,,,,,2,stage-g-merge,,,,,,
zhang2017_ise_t15m_paidthresh,ascertainment,any_time_during_followup,extraction_outcomes,,,,,2,stage-g-merge,,,,,,
zhang2017_ise_t15m_paidthresh,ascertainment_window_months,,extraction_outcomes,,,,,2,stage-g-merge,,,,,,
zhang2017_ise_t15m_paidthresh,n_employed,34,extraction_outcomes,,,,,2,stage-g-merge,,,,,,
zhang2017_ise_t15m_paidthresh,n_outcome_observed,,extraction_outcomes,,,,,2,stage-g-merge,,,,,,
zhang2017_ise_t15m_paidthresh,denominator_basis,entered,extraction_outcomes,,,,,2,stage-g-merge,,,,,,
zhang2017_ise_t15m_paidthresh,followup_months,15,extraction_outcomes,,,,,2,stage-g-merge,,,,,,
zhang2017_ise_t15m_paidthresh,followup_basis,since_baseline,extraction_outcomes,,,,,2,stage-g-merge,,,,,,
zhang2017_ise_t15m_paidthresh,result_role,reported,extraction_outcomes,,,,,2,stage-g-merge,,,,,,
zhang2017_ise_t15m_paidthresh,conflict_status,none,extraction_outcomes,,,,,2,stage-g-merge,,,,,,
zhang2017_ise_t15m_paidthresh,arm_id,ise,extraction_outcomes,,,,,2,stage-g-merge,,,,,,
zhang2017_ise_t15m_paidthresh,derivation_component_result_ids,,extraction_outcomes,,,,,2,stage-g-merge,,,,,,
zhang2017_ise_t15m_paidthresh,employment_selection_status,selected,extraction_cohorts,,,,,1,stage-g-merge,,,,,,
zhang2017_ise_t15m_paidthresh,diagnosis_group,schizophrenia,extraction_cohorts,,,,,2,stage-g-merge,,,,,,
zhang2017_ise_t15m_paidthresh,perc_qualifying_diagnosis,100,extraction_cohorts,,,,,2,stage-g-merge,,,,,,
zhang2017_ise_t15m_paidthresh,design,rct,extraction_cohorts,,,,,1,stage-g-merge,,,,,,
zhang2017_ise_t15m_paidthresh,arm_type,intervention,extraction_arms,,,,,2,stage-g-merge,,,,,,
zhang2017_ise_t15m_paidthresh,analysis_selection_status,none,extraction_arms,,,,,2,stage-g-merge,,,,,,
zhang2017_ise_t15m_paidthresh,employment_targeted_intervention,,extraction_arms,,,,,2,stage-g-merge,,,,,,
zhang2017_ips_t15m_paidthresh,outcome_construct,paid_intensity_threshold,extraction_outcomes,,,,,2,stage-g-merge,,,,,,
zhang2017_ips_t15m_paidthresh,ascertainment,any_time_during_followup,extraction_outcomes,,,,,2,stage-g-merge,,,,,,
zhang2017_ips_t15m_paidthresh,ascertainment_window_months,,extraction_outcomes,,,,,2,stage-g-merge,,,,,,
zhang2017_ips_t15m_paidthresh,n_employed,27,extraction_outcomes,,,,,2,stage-g-merge,,,,,,
zhang2017_ips_t15m_paidthresh,n_outcome_observed,,extraction_outcomes,,,,,2,stage-g-merge,,,,,,
zhang2017_ips_t15m_paidthresh,denominator_basis,entered,extraction_outcomes,,,,,2,stage-g-merge,,,,,,
zhang2017_ips_t15m_paidthresh,followup_months,15,extraction_outcomes,,,,,2,stage-g-merge,,,,,,
zhang2017_ips_t15m_paidthresh,followup_basis,since_baseline,extraction_outcomes,,,,,2,stage-g-merge,,,,,,
zhang2017_ips_t15m_paidthresh,result_role,reported,extraction_outcomes,,,,,2,stage-g-merge,,,,,,
zhang2017_ips_t15m_paidthresh,conflict_status,none,extraction_outcomes,,,,,2,stage-g-merge,,,,,,
zhang2017_ips_t15m_paidthresh,arm_id,ips,extraction_outcomes,,,,,2,stage-g-merge,,,,,,
zhang2017_ips_t15m_paidthresh,derivation_component_result_ids,,extraction_outcomes,,,,,2,stage-g-merge,,,,,,
zhang2017_ips_t15m_paidthresh,employment_selection_status,selected,extraction_cohorts,,,,,1,stage-g-merge,,,,,,
zhang2017_ips_t15m_paidthresh,diagnosis_group,schizophrenia,extraction_cohorts,,,,,2,stage-g-merge,,,,,,
zhang2017_ips_t15m_paidthresh,perc_qualifying_diagnosis,100,extraction_cohorts,,,,,2,stage-g-merge,,,,,,
zhang2017_ips_t15m_paidthresh,design,rct,extraction_cohorts,,,,,1,stage-g-merge,,,,,,
zhang2017_ips_t15m_paidthresh,arm_type,control_active,extraction_arms,,,,,2,stage-g-merge,,,,,,
zhang2017_ips_t15m_paidthresh,analysis_selection_status,none,extraction_arms,,,,,2,stage-g-merge,,,,,,
zhang2017_ips_t15m_paidthresh,employment_targeted_intervention,,extraction_arms,,,,,2,stage-g-merge,,,,,,
zhang2017_tvr_t15m_paidthresh,outcome_construct,paid_intensity_threshold,extraction_outcomes,,,,,2,stage-g-merge,,,,,,
zhang2017_tvr_t15m_paidthresh,ascertainment,any_time_during_followup,extraction_outcomes,,,,,2,stage-g-merge,,,,,,
zhang2017_tvr_t15m_paidthresh,ascertainment_window_months,,extraction_outcomes,,,,,2,stage-g-merge,,,,,,
zhang2017_tvr_t15m_paidthresh,n_employed,18,extraction_outcomes,,,,,2,stage-g-merge,,,,,,
zhang2017_tvr_t15m_paidthresh,n_outcome_observed,,extraction_outcomes,,,,,2,stage-g-merge,,,,,,
zhang2017_tvr_t15m_paidthresh,denominator_basis,entered,extraction_outcomes,,,,,2,stage-g-merge,,,,,,
zhang2017_tvr_t15m_paidthresh,followup_months,15,extraction_outcomes,,,,,2,stage-g-merge,,,,,,
zhang2017_tvr_t15m_paidthresh,followup_basis,since_baseline,extraction_outcomes,,,,,2,stage-g-merge,,,,,,
zhang2017_tvr_t15m_paidthresh,result_role,reported,extraction_outcomes,,,,,2,stage-g-merge,,,,,,
zhang2017_tvr_t15m_paidthresh,conflict_status,none,extraction_outcomes,,,,,2,stage-g-merge,,,,,,
zhang2017_tvr_t15m_paidthresh,arm_id,tvr,extraction_outcomes,,,,,2,stage-g-merge,,,,,,
zhang2017_tvr_t15m_paidthresh,derivation_component_result_ids,,extraction_outcomes,,,,,2,stage-g-merge,,,,,,
zhang2017_tvr_t15m_paidthresh,employment_selection_status,selected,extraction_cohorts,,,,,1,stage-g-merge,,,,,,
zhang2017_tvr_t15m_paidthresh,diagnosis_group,schizophrenia,extraction_cohorts,,,,,2,stage-g-merge,,,,,,
zhang2017_tvr_t15m_paidthresh,perc_qualifying_diagnosis,100,extraction_cohorts,,,,,2,stage-g-merge,,,,,,
zhang2017_tvr_t15m_paidthresh,design,rct,extraction_cohorts,,,,,1,stage-g-merge,,,,,,
zhang2017_tvr_t15m_paidthresh,arm_type,control_active,extraction_arms,,,,,2,stage-g-merge,,,,,,
zhang2017_tvr_t15m_paidthresh,analysis_selection_status,none,extraction_arms,,,,,2,stage-g-merge,,,,,,
zhang2017_tvr_t15m_paidthresh,employment_targeted_intervention,,extraction_arms,,,,,2,stage-g-merge,,,,,,
jirapramukpitak2022_cohort_t12m_paidany,outcome_construct,paid_any,extraction_outcomes,,,,,2,stage-g-merge,,,,,,
jirapramukpitak2022_cohort_t12m_paidany,ascertainment,period_prevalence,extraction_outcomes,,,,,2,stage-g-merge,,,,,,
jirapramukpitak2022_cohort_t12m_paidany,ascertainment_window_months,12,extraction_outcomes,,,,,2,stage-g-merge,,,,,,
jirapramukpitak2022_cohort_t12m_paidany,n_employed,189,extraction_outcomes,,,,,2,stage-g-merge,,,,,,
jirapramukpitak2022_cohort_t12m_paidany,n_outcome_observed,549,extraction_outcomes,,,,,2,stage-g-merge,,,,,,
jirapramukpitak2022_cohort_t12m_paidany,denominator_basis,outcome_observed,extraction_outcomes,,,,,2,stage-g-merge,,,,,,
jirapramukpitak2022_cohort_t12m_paidany,followup_months,12,extraction_outcomes,,,,,2,stage-g-merge,,,,,,
jirapramukpitak2022_cohort_t12m_paidany,followup_basis,since_baseline,extraction_outcomes,,,,,2,stage-g-merge,,,,,,
jirapramukpitak2022_cohort_t12m_paidany,result_role,derived,extraction_outcomes,,,,,2,stage-g-merge,,,,,,
jirapramukpitak2022_cohort_t12m_paidany,conflict_status,none,extraction_outcomes,,,,,2,stage-g-merge,,,,,,
jirapramukpitak2022_cohort_t12m_paidany,arm_id,cohort,extraction_outcomes,,,,,2,stage-g-merge,,,,,,
jirapramukpitak2022_cohort_t12m_paidany,derivation_component_result_ids,jirapramukpitak2022_early_t12m_paidany;jirapramukpitak2022_later_t12m_paidany,extraction_outcomes,,,,,2,stage-g-merge,,,,,,
jirapramukpitak2022_cohort_t12m_paidany,employment_selection_status,none,extraction_cohorts,,,,,1,stage-g-merge,,,,,,
jirapramukpitak2022_cohort_t12m_paidany,diagnosis_group,psychosis_mixed,extraction_cohorts,,,,,2,stage-g-merge,,,,,,
jirapramukpitak2022_cohort_t12m_paidany,perc_qualifying_diagnosis,50.5,extraction_cohorts,,,,,2,stage-g-merge,,,,,,
jirapramukpitak2022_cohort_t12m_paidany,design,prospective_cohort,extraction_cohorts,,,,,1,stage-g-merge,,,,,,
jirapramukpitak2022_cohort_t12m_paidany,arm_type,cohort,extraction_arms,,,,,2,stage-g-merge,,,,,,
jirapramukpitak2022_cohort_t12m_paidany,analysis_selection_status,none,extraction_arms,,,,,2,stage-g-merge,,,,,,
jirapramukpitak2022_cohort_t12m_paidany,employment_targeted_intervention,no,extraction_arms,,,,,2,stage-g-merge,,,,,,
chang2016_fes_t36m_paidoredu,rob:jbi1_sample_frame,yes,extraction_rob,,,,,5,stage-g-merge,,,,,,
chang2016_fes_t36m_paidoredu,rob:jbi2_participant_sampling,yes,extraction_rob,,,,,5,stage-g-merge,,,,,,
chang2016_fes_t36m_paidoredu,rob:jbi3_sample_size,yes,extraction_rob,,,,,5,stage-g-merge,,,,,,
chang2016_fes_t36m_paidoredu,rob:jbi4_subjects_setting_described,yes,extraction_rob,,,,,5,stage-g-merge,,,,,,
chang2016_fes_t36m_paidoredu,rob:jbi5_coverage_of_sample,no,extraction_rob,,,,,5,stage-g-merge,,,,,,
chang2016_fes_t36m_paidoredu,rob:jbi6_condition_identification,yes,extraction_rob,,,,,5,stage-g-merge,,,,,,
chang2016_fes_t36m_paidoredu,rob:jbi7_condition_measurement,unclear,extraction_rob,,,,,5,stage-g-merge,,,,,,
chang2016_fes_t36m_paidoredu,rob:jbi8_statistical_analysis,unclear,extraction_rob,,,,,5,stage-g-merge,,,,,,
chang2016_fes_t36m_paidoredu,rob:jbi9_response_rate,yes,extraction_rob,,,,,5,stage-g-merge,,,,,,
chang2016_femp_t36m_paidoredu,rob:jbi1_sample_frame,yes,extraction_rob,,,,,5,stage-g-merge,,,,,,
chang2016_femp_t36m_paidoredu,rob:jbi2_participant_sampling,yes,extraction_rob,,,,,5,stage-g-merge,,,,,,
chang2016_femp_t36m_paidoredu,rob:jbi3_sample_size,no,extraction_rob,,,,,5,stage-g-merge,,,,,,
chang2016_femp_t36m_paidoredu,rob:jbi4_subjects_setting_described,yes,extraction_rob,,,,,5,stage-g-merge,,,,,,
chang2016_femp_t36m_paidoredu,rob:jbi5_coverage_of_sample,no,extraction_rob,,,,,5,stage-g-merge,,,,,,
chang2016_femp_t36m_paidoredu,rob:jbi6_condition_identification,yes,extraction_rob,,,,,5,stage-g-merge,,,,,,
chang2016_femp_t36m_paidoredu,rob:jbi7_condition_measurement,unclear,extraction_rob,,,,,5,stage-g-merge,,,,,,
chang2016_femp_t36m_paidoredu,rob:jbi8_statistical_analysis,unclear,extraction_rob,,,,,5,stage-g-merge,,,,,,
chang2016_femp_t36m_paidoredu,rob:jbi9_response_rate,yes,extraction_rob,,,,,5,stage-g-merge,,,,,,
evensen2017_cohort_t24m_paidcomp,rob:jbi1_sample_frame,no,extraction_rob,,,,,5,stage-g-merge,,,,,,
evensen2017_cohort_t24m_paidcomp,rob:jbi2_participant_sampling,no,extraction_rob,,,,,5,stage-g-merge,,,,,,
evensen2017_cohort_t24m_paidcomp,rob:jbi3_sample_size,yes,extraction_rob,,,,,5,stage-g-merge,,,,,,
evensen2017_cohort_t24m_paidcomp,rob:jbi4_subjects_setting_described,yes,extraction_rob,,,,,5,stage-g-merge,,,,,,
evensen2017_cohort_t24m_paidcomp,rob:jbi5_coverage_of_sample,yes,extraction_rob,,,,,5,stage-g-merge,,,,,,
evensen2017_cohort_t24m_paidcomp,rob:jbi6_condition_identification,yes,extraction_rob,,,,,5,stage-g-merge,,,,,,
evensen2017_cohort_t24m_paidcomp,rob:jbi7_condition_measurement,yes,extraction_rob,,,,,5,stage-g-merge,,,,,,
evensen2017_cohort_t24m_paidcomp,rob:jbi8_statistical_analysis,unclear,extraction_rob,,,,,5,stage-g-merge,,,,,,
evensen2017_cohort_t24m_paidcomp,rob:jbi9_response_rate,yes,extraction_rob,,,,,5,stage-g-merge,,,,,,
gjerdalen2023_cohort_t60m_paidcomp,rob:jbi1_sample_frame,no,extraction_rob,,,,,5,stage-g-merge,,,,,,
gjerdalen2023_cohort_t60m_paidcomp,rob:jbi2_participant_sampling,no,extraction_rob,,,,,5,stage-g-merge,,,,,,
gjerdalen2023_cohort_t60m_paidcomp,rob:jbi3_sample_size,yes,extraction_rob,,,,,5,stage-g-merge,,,,,,
gjerdalen2023_cohort_t60m_paidcomp,rob:jbi4_subjects_setting_described,yes,extraction_rob,,,,,5,stage-g-merge,,,,,,
gjerdalen2023_cohort_t60m_paidcomp,rob:jbi5_coverage_of_sample,yes,extraction_rob,,,,,5,stage-g-merge,,,,,,
gjerdalen2023_cohort_t60m_paidcomp,rob:jbi6_condition_identification,yes,extraction_rob,,,,,5,stage-g-merge,,,,,,
gjerdalen2023_cohort_t60m_paidcomp,rob:jbi7_condition_measurement,unclear,extraction_rob,,,,,5,stage-g-merge,,,,,,
gjerdalen2023_cohort_t60m_paidcomp,rob:jbi8_statistical_analysis,unclear,extraction_rob,,,,,5,stage-g-merge,,,,,,
gjerdalen2023_cohort_t60m_paidcomp,rob:jbi9_response_rate,yes,extraction_rob,,,,,5,stage-g-merge,,,,,,
evensen2019_consentreg_t24m_paidcomp_ever,rob:jbi1_sample_frame,no,extraction_rob,,,,,5,stage-g-merge,,,,,,
evensen2019_consentreg_t24m_paidcomp_ever,rob:jbi2_participant_sampling,no,extraction_rob,,,,,5,stage-g-merge,,,,,,
evensen2019_consentreg_t24m_paidcomp_ever,rob:jbi3_sample_size,unclear,extraction_rob,,,,,5,stage-g-merge,,,,,,
evensen2019_consentreg_t24m_paidcomp_ever,rob:jbi4_subjects_setting_described,yes,extraction_rob,,,,,5,stage-g-merge,,,,,,
evensen2019_consentreg_t24m_paidcomp_ever,rob:jbi5_coverage_of_sample,no,extraction_rob,,,,,5,stage-g-merge,,,,,,
evensen2019_consentreg_t24m_paidcomp_ever,rob:jbi6_condition_identification,yes,extraction_rob,,,,,5,stage-g-merge,,,,,,
evensen2019_consentreg_t24m_paidcomp_ever,rob:jbi7_condition_measurement,yes,extraction_rob,,,,,5,stage-g-merge,,,,,,
evensen2019_consentreg_t24m_paidcomp_ever,rob:jbi8_statistical_analysis,unclear,extraction_rob,,,,,5,stage-g-merge,,,,,,
evensen2019_consentreg_t24m_paidcomp_ever,rob:jbi9_response_rate,unclear,extraction_rob,,,,,5,stage-g-merge,,,,,,
mayoralvanson2019_cohort_t12m_paidany,rob:jbi1_sample_frame,yes,extraction_rob,,,,,5,stage-g-merge,,,,,,
mayoralvanson2019_cohort_t12m_paidany,rob:jbi2_participant_sampling,unclear,extraction_rob,,,,,5,stage-g-merge,,,,,,
mayoralvanson2019_cohort_t12m_paidany,rob:jbi3_sample_size,yes,extraction_rob,,,,,5,stage-g-merge,,,,,,
mayoralvanson2019_cohort_t12m_paidany,rob:jbi4_subjects_setting_described,yes,extraction_rob,,,,,5,stage-g-merge,,,,,,
mayoralvanson2019_cohort_t12m_paidany,rob:jbi5_coverage_of_sample,unclear,extraction_rob,,,,,5,stage-g-merge,,,,,,
mayoralvanson2019_cohort_t12m_paidany,rob:jbi6_condition_identification,unclear,extraction_rob,,,,,5,stage-g-merge,,,,,,
mayoralvanson2019_cohort_t12m_paidany,rob:jbi7_condition_measurement,unclear,extraction_rob,,,,,5,stage-g-merge,,,,,,
mayoralvanson2019_cohort_t12m_paidany,rob:jbi8_statistical_analysis,unclear,extraction_rob,,,,,5,stage-g-merge,,,,,,
mayoralvanson2019_cohort_t12m_paidany,rob:jbi9_response_rate,yes,extraction_rob,,,,,5,stage-g-merge,,,,,,
nossel2018_cohort_t6m_paidany,rob:jbi1_sample_frame,yes,extraction_rob,,,,,5,stage-g-merge,,,,,,
nossel2018_cohort_t6m_paidany,rob:jbi2_participant_sampling,yes,extraction_rob,,,,,5,stage-g-merge,,,,,,
nossel2018_cohort_t6m_paidany,rob:jbi3_sample_size,yes,extraction_rob,,,,,5,stage-g-merge,,,,,,
nossel2018_cohort_t6m_paidany,rob:jbi4_subjects_setting_described,yes,extraction_rob,,,,,5,stage-g-merge,,,,,,
nossel2018_cohort_t6m_paidany,rob:jbi5_coverage_of_sample,unclear,extraction_rob,,,,,5,stage-g-merge,,,,,,
nossel2018_cohort_t6m_paidany,rob:jbi6_condition_identification,yes,extraction_rob,,,,,5,stage-g-merge,,,,,,
nossel2018_cohort_t6m_paidany,rob:jbi7_condition_measurement,unclear,extraction_rob,,,,,5,stage-g-merge,,,,,,
nossel2018_cohort_t6m_paidany,rob:jbi8_statistical_analysis,unclear,extraction_rob,,,,,5,stage-g-merge,,,,,,
nossel2018_cohort_t6m_paidany,rob:jbi9_response_rate,yes,extraction_rob,,,,,5,stage-g-merge,,,,,,
nossel2018_cohort_t6m_paidcomp,rob:jbi1_sample_frame,yes,extraction_rob,,,,,5,stage-g-merge,,,,,,
nossel2018_cohort_t6m_paidcomp,rob:jbi2_participant_sampling,yes,extraction_rob,,,,,5,stage-g-merge,,,,,,
nossel2018_cohort_t6m_paidcomp,rob:jbi3_sample_size,yes,extraction_rob,,,,,5,stage-g-merge,,,,,,
nossel2018_cohort_t6m_paidcomp,rob:jbi4_subjects_setting_described,yes,extraction_rob,,,,,5,stage-g-merge,,,,,,
nossel2018_cohort_t6m_paidcomp,rob:jbi5_coverage_of_sample,unclear,extraction_rob,,,,,5,stage-g-merge,,,,,,
nossel2018_cohort_t6m_paidcomp,rob:jbi6_condition_identification,yes,extraction_rob,,,,,5,stage-g-merge,,,,,,
nossel2018_cohort_t6m_paidcomp,rob:jbi7_condition_measurement,unclear,extraction_rob,,,,,5,stage-g-merge,,,,,,
nossel2018_cohort_t6m_paidcomp,rob:jbi8_statistical_analysis,unclear,extraction_rob,,,,,5,stage-g-merge,,,,,,
nossel2018_cohort_t6m_paidcomp,rob:jbi9_response_rate,yes,extraction_rob,,,,,5,stage-g-merge,,,,,,
basaraba2023_training_t3m_eet,rob:jbi1_sample_frame,yes,extraction_rob,,,,,5,stage-g-merge,,,,,,
basaraba2023_training_t3m_eet,rob:jbi2_participant_sampling,yes,extraction_rob,,,,,5,stage-g-merge,,,,,,
basaraba2023_training_t3m_eet,rob:jbi3_sample_size,yes,extraction_rob,,,,,5,stage-g-merge,,,,,,
basaraba2023_training_t3m_eet,rob:jbi4_subjects_setting_described,unclear,extraction_rob,,,,,5,stage-g-merge,,,,,,
basaraba2023_training_t3m_eet,rob:jbi5_coverage_of_sample,unclear,extraction_rob,,,,,5,stage-g-merge,,,,,,
basaraba2023_training_t3m_eet,rob:jbi6_condition_identification,yes,extraction_rob,,,,,5,stage-g-merge,,,,,,
basaraba2023_training_t3m_eet,rob:jbi7_condition_measurement,unclear,extraction_rob,,,,,5,stage-g-merge,,,,,,
basaraba2023_training_t3m_eet,rob:jbi8_statistical_analysis,yes,extraction_rob,,,,,5,stage-g-merge,,,,,,
basaraba2023_training_t3m_eet,rob:jbi9_response_rate,unclear,extraction_rob,,,,,5,stage-g-merge,,,,,,
basaraba2023_training_t6m_eet,rob:jbi1_sample_frame,yes,extraction_rob,,,,,5,stage-g-merge,,,,,,
basaraba2023_training_t6m_eet,rob:jbi2_participant_sampling,yes,extraction_rob,,,,,5,stage-g-merge,,,,,,
basaraba2023_training_t6m_eet,rob:jbi3_sample_size,yes,extraction_rob,,,,,5,stage-g-merge,,,,,,
basaraba2023_training_t6m_eet,rob:jbi4_subjects_setting_described,unclear,extraction_rob,,,,,5,stage-g-merge,,,,,,
basaraba2023_training_t6m_eet,rob:jbi5_coverage_of_sample,unclear,extraction_rob,,,,,5,stage-g-merge,,,,,,
basaraba2023_training_t6m_eet,rob:jbi6_condition_identification,yes,extraction_rob,,,,,5,stage-g-merge,,,,,,
basaraba2023_training_t6m_eet,rob:jbi7_condition_measurement,unclear,extraction_rob,,,,,5,stage-g-merge,,,,,,
basaraba2023_training_t6m_eet,rob:jbi8_statistical_analysis,yes,extraction_rob,,,,,5,stage-g-merge,,,,,,
basaraba2023_training_t6m_eet,rob:jbi9_response_rate,unclear,extraction_rob,,,,,5,stage-g-merge,,,,,,
basaraba2023_training_t9m_eet,rob:jbi1_sample_frame,yes,extraction_rob,,,,,5,stage-g-merge,,,,,,
basaraba2023_training_t9m_eet,rob:jbi2_participant_sampling,yes,extraction_rob,,,,,5,stage-g-merge,,,,,,
basaraba2023_training_t9m_eet,rob:jbi3_sample_size,yes,extraction_rob,,,,,5,stage-g-merge,,,,,,
basaraba2023_training_t9m_eet,rob:jbi4_subjects_setting_described,unclear,extraction_rob,,,,,5,stage-g-merge,,,,,,
basaraba2023_training_t9m_eet,rob:jbi5_coverage_of_sample,unclear,extraction_rob,,,,,5,stage-g-merge,,,,,,
basaraba2023_training_t9m_eet,rob:jbi6_condition_identification,yes,extraction_rob,,,,,5,stage-g-merge,,,,,,
basaraba2023_training_t9m_eet,rob:jbi7_condition_measurement,unclear,extraction_rob,,,,,5,stage-g-merge,,,,,,
basaraba2023_training_t9m_eet,rob:jbi8_statistical_analysis,yes,extraction_rob,,,,,5,stage-g-merge,,,,,,
basaraba2023_training_t9m_eet,rob:jbi9_response_rate,unclear,extraction_rob,,,,,5,stage-g-merge,,,,,,
basaraba2023_training_t12m_eet,rob:jbi1_sample_frame,yes,extraction_rob,,,,,5,stage-g-merge,,,,,,
basaraba2023_training_t12m_eet,rob:jbi2_participant_sampling,yes,extraction_rob,,,,,5,stage-g-merge,,,,,,
basaraba2023_training_t12m_eet,rob:jbi3_sample_size,yes,extraction_rob,,,,,5,stage-g-merge,,,,,,
basaraba2023_training_t12m_eet,rob:jbi4_subjects_setting_described,unclear,extraction_rob,,,,,5,stage-g-merge,,,,,,
basaraba2023_training_t12m_eet,rob:jbi5_coverage_of_sample,no,extraction_rob,,,,,5,stage-g-merge,,,,,,
basaraba2023_training_t12m_eet,rob:jbi6_condition_identification,yes,extraction_rob,,,,,5,stage-g-merge,,,,,,
basaraba2023_training_t12m_eet,rob:jbi7_condition_measurement,unclear,extraction_rob,,,,,5,stage-g-merge,,,,,,
basaraba2023_training_t12m_eet,rob:jbi8_statistical_analysis,yes,extraction_rob,,,,,5,stage-g-merge,,,,,,
basaraba2023_training_t12m_eet,rob:jbi9_response_rate,no,extraction_rob,,,,,5,stage-g-merge,,,,,,
basaraba2023_training_t15m_eet,rob:jbi1_sample_frame,yes,extraction_rob,,,,,5,stage-g-merge,,,,,,
basaraba2023_training_t15m_eet,rob:jbi2_participant_sampling,yes,extraction_rob,,,,,5,stage-g-merge,,,,,,
basaraba2023_training_t15m_eet,rob:jbi3_sample_size,yes,extraction_rob,,,,,5,stage-g-merge,,,,,,
basaraba2023_training_t15m_eet,rob:jbi4_subjects_setting_described,unclear,extraction_rob,,,,,5,stage-g-merge,,,,,,
basaraba2023_training_t15m_eet,rob:jbi5_coverage_of_sample,no,extraction_rob,,,,,5,stage-g-merge,,,,,,
basaraba2023_training_t15m_eet,rob:jbi6_condition_identification,yes,extraction_rob,,,,,5,stage-g-merge,,,,,,
basaraba2023_training_t15m_eet,rob:jbi7_condition_measurement,unclear,extraction_rob,,,,,5,stage-g-merge,,,,,,
basaraba2023_training_t15m_eet,rob:jbi8_statistical_analysis,yes,extraction_rob,,,,,5,stage-g-merge,,,,,,
basaraba2023_training_t15m_eet,rob:jbi9_response_rate,no,extraction_rob,,,,,5,stage-g-merge,,,,,,
basaraba2023_training_t18m_eet,rob:jbi1_sample_frame,yes,extraction_rob,,,,,5,stage-g-merge,,,,,,
basaraba2023_training_t18m_eet,rob:jbi2_participant_sampling,yes,extraction_rob,,,,,5,stage-g-merge,,,,,,
basaraba2023_training_t18m_eet,rob:jbi3_sample_size,yes,extraction_rob,,,,,5,stage-g-merge,,,,,,
basaraba2023_training_t18m_eet,rob:jbi4_subjects_setting_described,unclear,extraction_rob,,,,,5,stage-g-merge,,,,,,
basaraba2023_training_t18m_eet,rob:jbi5_coverage_of_sample,no,extraction_rob,,,,,5,stage-g-merge,,,,,,
basaraba2023_training_t18m_eet,rob:jbi6_condition_identification,yes,extraction_rob,,,,,5,stage-g-merge,,,,,,
basaraba2023_training_t18m_eet,rob:jbi7_condition_measurement,unclear,extraction_rob,,,,,5,stage-g-merge,,,,,,
basaraba2023_training_t18m_eet,rob:jbi8_statistical_analysis,yes,extraction_rob,,,,,5,stage-g-merge,,,,,,
basaraba2023_training_t18m_eet,rob:jbi9_response_rate,no,extraction_rob,,,,,5,stage-g-merge,,,,,,
basaraba2023_training_t21m_eet,rob:jbi1_sample_frame,yes,extraction_rob,,,,,5,stage-g-merge,,,,,,
basaraba2023_training_t21m_eet,rob:jbi2_participant_sampling,yes,extraction_rob,,,,,5,stage-g-merge,,,,,,
basaraba2023_training_t21m_eet,rob:jbi3_sample_size,yes,extraction_rob,,,,,5,stage-g-merge,,,,,,
basaraba2023_training_t21m_eet,rob:jbi4_subjects_setting_described,unclear,extraction_rob,,,,,5,stage-g-merge,,,,,,
basaraba2023_training_t21m_eet,rob:jbi5_coverage_of_sample,no,extraction_rob,,,,,5,stage-g-merge,,,,,,
basaraba2023_training_t21m_eet,rob:jbi6_condition_identification,yes,extraction_rob,,,,,5,stage-g-merge,,,,,,
basaraba2023_training_t21m_eet,rob:jbi7_condition_measurement,unclear,extraction_rob,,,,,5,stage-g-merge,,,,,,
basaraba2023_training_t21m_eet,rob:jbi8_statistical_analysis,yes,extraction_rob,,,,,5,stage-g-merge,,,,,,
basaraba2023_training_t21m_eet,rob:jbi9_response_rate,no,extraction_rob,,,,,5,stage-g-merge,,,,,,
basaraba2023_training_t24m_eet,rob:jbi1_sample_frame,yes,extraction_rob,,,,,5,stage-g-merge,,,,,,
basaraba2023_training_t24m_eet,rob:jbi2_participant_sampling,yes,extraction_rob,,,,,5,stage-g-merge,,,,,,
basaraba2023_training_t24m_eet,rob:jbi3_sample_size,yes,extraction_rob,,,,,5,stage-g-merge,,,,,,
basaraba2023_training_t24m_eet,rob:jbi4_subjects_setting_described,unclear,extraction_rob,,,,,5,stage-g-merge,,,,,,
basaraba2023_training_t24m_eet,rob:jbi5_coverage_of_sample,no,extraction_rob,,,,,5,stage-g-merge,,,,,,
basaraba2023_training_t24m_eet,rob:jbi6_condition_identification,yes,extraction_rob,,,,,5,stage-g-merge,,,,,,
basaraba2023_training_t24m_eet,rob:jbi7_condition_measurement,unclear,extraction_rob,,,,,5,stage-g-merge,,,,,,
basaraba2023_training_t24m_eet,rob:jbi8_statistical_analysis,yes,extraction_rob,,,,,5,stage-g-merge,,,,,,
basaraba2023_training_t24m_eet,rob:jbi9_response_rate,no,extraction_rob,,,,,5,stage-g-merge,,,,,,
benson2022_relapse_mostrecent_paidany,rob:jbi1_sample_frame,yes,extraction_rob,,,,,5,stage-g-merge,,,,,,
benson2022_relapse_mostrecent_paidany,rob:jbi2_participant_sampling,no,extraction_rob,,,,,5,stage-g-merge,,,,,,
benson2022_relapse_mostrecent_paidany,rob:jbi3_sample_size,yes,extraction_rob,,,,,5,stage-g-merge,,,,,,
benson2022_relapse_mostrecent_paidany,rob:jbi4_subjects_setting_described,yes,extraction_rob,,,,,5,stage-g-merge,,,,,,
benson2022_relapse_mostrecent_paidany,rob:jbi5_coverage_of_sample,yes,extraction_rob,,,,,5,stage-g-merge,,,,,,
benson2022_relapse_mostrecent_paidany,rob:jbi6_condition_identification,unclear,extraction_rob,,,,,5,stage-g-merge,,,,,,
benson2022_relapse_mostrecent_paidany,rob:jbi7_condition_measurement,no,extraction_rob,,,,,5,stage-g-merge,,,,,,
benson2022_relapse_mostrecent_paidany,rob:jbi8_statistical_analysis,no,extraction_rob,,,,,5,stage-g-merge,,,,,,
benson2022_relapse_mostrecent_paidany,rob:jbi9_response_rate,yes,extraction_rob,,,,,5,stage-g-merge,,,,,,
benson2022_nonrelapse_mostrecent_paidany,rob:jbi1_sample_frame,yes,extraction_rob,,,,,5,stage-g-merge,,,,,,
benson2022_nonrelapse_mostrecent_paidany,rob:jbi2_participant_sampling,no,extraction_rob,,,,,5,stage-g-merge,,,,,,
benson2022_nonrelapse_mostrecent_paidany,rob:jbi3_sample_size,yes,extraction_rob,,,,,5,stage-g-merge,,,,,,
benson2022_nonrelapse_mostrecent_paidany,rob:jbi4_subjects_setting_described,yes,extraction_rob,,,,,5,stage-g-merge,,,,,,
benson2022_nonrelapse_mostrecent_paidany,rob:jbi5_coverage_of_sample,yes,extraction_rob,,,,,5,stage-g-merge,,,,,,
benson2022_nonrelapse_mostrecent_paidany,rob:jbi6_condition_identification,unclear,extraction_rob,,,,,5,stage-g-merge,,,,,,
benson2022_nonrelapse_mostrecent_paidany,rob:jbi7_condition_measurement,no,extraction_rob,,,,,5,stage-g-merge,,,,,,
benson2022_nonrelapse_mostrecent_paidany,rob:jbi8_statistical_analysis,no,extraction_rob,,,,,5,stage-g-merge,,,,,,
benson2022_nonrelapse_mostrecent_paidany,rob:jbi9_response_rate,yes,extraction_rob,,,,,5,stage-g-merge,,,,,,
killackey2019_ips_t6m_paidcomp,rob:rob2_1_randomisation,some_concerns,extraction_rob,,,,,5,stage-g-merge,,,,,,
killackey2019_ips_t6m_paidcomp,rob:rob2_2_deviations,some_concerns,extraction_rob,,,,,5,stage-g-merge,,,,,,
killackey2019_ips_t6m_paidcomp,rob:rob2_3_missing_outcome_data,high,extraction_rob,,,,,5,stage-g-merge,,,,,,
killackey2019_ips_t6m_paidcomp,rob:rob2_4_outcome_measurement,some_concerns,extraction_rob,,,,,5,stage-g-merge,,,,,,
killackey2019_ips_t6m_paidcomp,rob:rob2_5_selective_reporting,some_concerns,extraction_rob,,,,,5,stage-g-merge,,,,,,
killackey2019_ips_t6m_paidcomp,rob:rob2_overall,high,extraction_rob,,,,,5,stage-g-merge,,,,,,
killackey2019_tau_t6m_paidcomp,rob:rob2_1_randomisation,some_concerns,extraction_rob,,,,,5,stage-g-merge,,,,,,
killackey2019_tau_t6m_paidcomp,rob:rob2_2_deviations,some_concerns,extraction_rob,,,,,5,stage-g-merge,,,,,,
killackey2019_tau_t6m_paidcomp,rob:rob2_3_missing_outcome_data,high,extraction_rob,,,,,5,stage-g-merge,,,,,,
killackey2019_tau_t6m_paidcomp,rob:rob2_4_outcome_measurement,some_concerns,extraction_rob,,,,,5,stage-g-merge,,,,,,
killackey2019_tau_t6m_paidcomp,rob:rob2_5_selective_reporting,some_concerns,extraction_rob,,,,,5,stage-g-merge,,,,,,
killackey2019_tau_t6m_paidcomp,rob:rob2_overall,high,extraction_rob,,,,,5,stage-g-merge,,,,,,
clarke2023_cohort_t18m_paidany,rob:jbi1_sample_frame,no,extraction_rob,,,,,5,stage-g-merge,,,,,,
clarke2023_cohort_t18m_paidany,rob:jbi2_participant_sampling,no,extraction_rob,,,,,5,stage-g-merge,,,,,,
clarke2023_cohort_t18m_paidany,rob:jbi3_sample_size,yes,extraction_rob,,,,,5,stage-g-merge,,,,,,
clarke2023_cohort_t18m_paidany,rob:jbi4_subjects_setting_described,yes,extraction_rob,,,,,5,stage-g-merge,,,,,,
clarke2023_cohort_t18m_paidany,rob:jbi5_coverage_of_sample,no,extraction_rob,,,,,5,stage-g-merge,,,,,,
clarke2023_cohort_t18m_paidany,rob:jbi6_condition_identification,yes,extraction_rob,,,,,5,stage-g-merge,,,,,,
clarke2023_cohort_t18m_paidany,rob:jbi7_condition_measurement,unclear,extraction_rob,,,,,5,stage-g-merge,,,,,,
clarke2023_cohort_t18m_paidany,rob:jbi8_statistical_analysis,unclear,extraction_rob,,,,,5,stage-g-merge,,,,,,
clarke2023_cohort_t18m_paidany,rob:jbi9_response_rate,no,extraction_rob,,,,,5,stage-g-merge,,,,,,
harrow2017_sz_ap20y_t240m_vocact,rob:robinsi_1_confounding,serious,extraction_rob,,,,,5,stage-g-merge,,,,,,
harrow2017_sz_ap20y_t240m_vocact,rob:robinsi_2_selection,moderate,extraction_rob,,,,,5,stage-g-merge,,,,,,
harrow2017_sz_ap20y_t240m_vocact,rob:robinsi_3_classification,moderate,extraction_rob,,,,,5,stage-g-merge,,,,,,
harrow2017_sz_ap20y_t240m_vocact,rob:robinsi_4_deviations,serious,extraction_rob,,,,,5,stage-g-merge,,,,,,
harrow2017_sz_ap20y_t240m_vocact,rob:robinsi_5_missing_data,moderate,extraction_rob,,,,,5,stage-g-merge,,,,,,
harrow2017_sz_ap20y_t240m_vocact,rob:robinsi_6_outcome_measurement,moderate,extraction_rob,,,,,5,stage-g-merge,,,,,,
harrow2017_sz_ap20y_t240m_vocact,rob:robinsi_7_selective_reporting,moderate,extraction_rob,,,,,5,stage-g-merge,,,,,,
harrow2017_sz_ap20y_t240m_vocact,rob:robinsi_overall,serious,extraction_rob,,,,,5,stage-g-merge,,,,,,
harrow2017_sz_noap20y_t240m_vocact,rob:robinsi_1_confounding,serious,extraction_rob,,,,,5,stage-g-merge,,,,,,
harrow2017_sz_noap20y_t240m_vocact,rob:robinsi_2_selection,moderate,extraction_rob,,,,,5,stage-g-merge,,,,,,
harrow2017_sz_noap20y_t240m_vocact,rob:robinsi_3_classification,moderate,extraction_rob,,,,,5,stage-g-merge,,,,,,
harrow2017_sz_noap20y_t240m_vocact,rob:robinsi_4_deviations,serious,extraction_rob,,,,,5,stage-g-merge,,,,,,
harrow2017_sz_noap20y_t240m_vocact,rob:robinsi_5_missing_data,moderate,extraction_rob,,,,,5,stage-g-merge,,,,,,
harrow2017_sz_noap20y_t240m_vocact,rob:robinsi_6_outcome_measurement,moderate,extraction_rob,,,,,5,stage-g-merge,,,,,,
harrow2017_sz_noap20y_t240m_vocact,rob:robinsi_7_selective_reporting,moderate,extraction_rob,,,,,5,stage-g-merge,,,,,,
harrow2017_sz_noap20y_t240m_vocact,rob:robinsi_overall,serious,extraction_rob,,,,,5,stage-g-merge,,,,,,
khare2022b_cohort_t12m_paidany,rob:jbi1_sample_frame,yes,extraction_rob,,,,,5,stage-g-merge,,,,,,
khare2022b_cohort_t12m_paidany,rob:jbi2_participant_sampling,unclear,extraction_rob,,,,,5,stage-g-merge,,,,,,
khare2022b_cohort_t12m_paidany,rob:jbi3_sample_size,yes,extraction_rob,,,,,5,stage-g-merge,,,,,,
khare2022b_cohort_t12m_paidany,rob:jbi4_subjects_setting_described,yes,extraction_rob,,,,,5,stage-g-merge,,,,,,
khare2022b_cohort_t12m_paidany,rob:jbi5_coverage_of_sample,no,extraction_rob,,,,,5,stage-g-merge,,,,,,
khare2022b_cohort_t12m_paidany,rob:jbi6_condition_identification,no,extraction_rob,,,,,5,stage-g-merge,,,,,,
khare2022b_cohort_t12m_paidany,rob:jbi7_condition_measurement,yes,extraction_rob,,,,,5,stage-g-merge,,,,,,
khare2022b_cohort_t12m_paidany,rob:jbi8_statistical_analysis,yes,extraction_rob,,,,,5,stage-g-merge,,,,,,
khare2022b_cohort_t12m_paidany,rob:jbi9_response_rate,no,extraction_rob,,,,,5,stage-g-merge,,,,,,
strassnig2017_s2017cohort_t240m_paidcomp,rob:jbi1_sample_frame,yes,extraction_rob,,,,,5,stage-g-merge,,,,,,
strassnig2017_s2017cohort_t240m_paidcomp,rob:jbi2_participant_sampling,yes,extraction_rob,,,,,5,stage-g-merge,,,,,,
strassnig2017_s2017cohort_t240m_paidcomp,rob:jbi3_sample_size,unclear,extraction_rob,,,,,5,stage-g-merge,,,,,,
strassnig2017_s2017cohort_t240m_paidcomp,rob:jbi4_subjects_setting_described,yes,extraction_rob,,,,,5,stage-g-merge,,,,,,
strassnig2017_s2017cohort_t240m_paidcomp,rob:jbi5_coverage_of_sample,no,extraction_rob,,,,,5,stage-g-merge,,,,,,
strassnig2017_s2017cohort_t240m_paidcomp,rob:jbi6_condition_identification,yes,extraction_rob,,,,,5,stage-g-merge,,,,,,
strassnig2017_s2017cohort_t240m_paidcomp,rob:jbi7_condition_measurement,unclear,extraction_rob,,,,,5,stage-g-merge,,,,,,
strassnig2017_s2017cohort_t240m_paidcomp,rob:jbi8_statistical_analysis,no,extraction_rob,,,,,5,stage-g-merge,,,,,,
strassnig2017_s2017cohort_t240m_paidcomp,rob:jbi9_response_rate,unclear,extraction_rob,,,,,5,stage-g-merge,,,,,,
strassnig2018_s2018scz_t240m_paidcomp,rob:jbi1_sample_frame,yes,extraction_rob,,,,,5,stage-g-merge,,,,,,
strassnig2018_s2018scz_t240m_paidcomp,rob:jbi2_participant_sampling,yes,extraction_rob,,,,,5,stage-g-merge,,,,,,
strassnig2018_s2018scz_t240m_paidcomp,rob:jbi3_sample_size,yes,extraction_rob,,,,,5,stage-g-merge,,,,,,
strassnig2018_s2018scz_t240m_paidcomp,rob:jbi4_subjects_setting_described,yes,extraction_rob,,,,,5,stage-g-merge,,,,,,
strassnig2018_s2018scz_t240m_paidcomp,rob:jbi5_coverage_of_sample,no,extraction_rob,,,,,5,stage-g-merge,,,,,,
strassnig2018_s2018scz_t240m_paidcomp,rob:jbi6_condition_identification,yes,extraction_rob,,,,,5,stage-g-merge,,,,,,
strassnig2018_s2018scz_t240m_paidcomp,rob:jbi7_condition_measurement,unclear,extraction_rob,,,,,5,stage-g-merge,,,,,,
strassnig2018_s2018scz_t240m_paidcomp,rob:jbi8_statistical_analysis,unclear,extraction_rob,,,,,5,stage-g-merge,,,,,,
strassnig2018_s2018scz_t240m_paidcomp,rob:jbi9_response_rate,unclear,extraction_rob,,,,,5,stage-g-merge,,,,,,
strassnig2018_s2018bp_t240m_paidcomp,rob:jbi1_sample_frame,yes,extraction_rob,,,,,5,stage-g-merge,,,,,,
strassnig2018_s2018bp_t240m_paidcomp,rob:jbi2_participant_sampling,yes,extraction_rob,,,,,5,stage-g-merge,,,,,,
strassnig2018_s2018bp_t240m_paidcomp,rob:jbi3_sample_size,yes,extraction_rob,,,,,5,stage-g-merge,,,,,,
strassnig2018_s2018bp_t240m_paidcomp,rob:jbi4_subjects_setting_described,yes,extraction_rob,,,,,5,stage-g-merge,,,,,,
strassnig2018_s2018bp_t240m_paidcomp,rob:jbi5_coverage_of_sample,no,extraction_rob,,,,,5,stage-g-merge,,,,,,
strassnig2018_s2018bp_t240m_paidcomp,rob:jbi6_condition_identification,yes,extraction_rob,,,,,5,stage-g-merge,,,,,,
strassnig2018_s2018bp_t240m_paidcomp,rob:jbi7_condition_measurement,unclear,extraction_rob,,,,,5,stage-g-merge,,,,,,
strassnig2018_s2018bp_t240m_paidcomp,rob:jbi8_statistical_analysis,unclear,extraction_rob,,,,,5,stage-g-merge,,,,,,
strassnig2018_s2018bp_t240m_paidcomp,rob:jbi9_response_rate,unclear,extraction_rob,,,,,5,stage-g-merge,,,,,,
andersen2024_fep_cohort_t9m_paidany,rob:jbi1_sample_frame,yes,extraction_rob,,,,,5,stage-g-merge,,,,,,
andersen2024_fep_cohort_t9m_paidany,rob:jbi2_participant_sampling,yes,extraction_rob,,,,,5,stage-g-merge,,,,,,
andersen2024_fep_cohort_t9m_paidany,rob:jbi3_sample_size,yes,extraction_rob,,,,,5,stage-g-merge,,,,,,
andersen2024_fep_cohort_t9m_paidany,rob:jbi4_subjects_setting_described,yes,extraction_rob,,,,,5,stage-g-merge,,,,,,
andersen2024_fep_cohort_t9m_paidany,rob:jbi5_coverage_of_sample,no,extraction_rob,,,,,5,stage-g-merge,,,,,,
andersen2024_fep_cohort_t9m_paidany,rob:jbi6_condition_identification,yes,extraction_rob,,,,,5,stage-g-merge,,,,,,
andersen2024_fep_cohort_t9m_paidany,rob:jbi7_condition_measurement,unclear,extraction_rob,,,,,5,stage-g-merge,,,,,,
andersen2024_fep_cohort_t9m_paidany,rob:jbi8_statistical_analysis,yes,extraction_rob,,,,,5,stage-g-merge,,,,,,
andersen2024_fep_cohort_t9m_paidany,rob:jbi9_response_rate,no,extraction_rob,,,,,5,stage-g-merge,,,,,,
andersen2024_fep_cohort_t9m_educonly,rob:jbi1_sample_frame,yes,extraction_rob,,,,,5,stage-g-merge,,,,,,
andersen2024_fep_cohort_t9m_educonly,rob:jbi2_participant_sampling,yes,extraction_rob,,,,,5,stage-g-merge,,,,,,
andersen2024_fep_cohort_t9m_educonly,rob:jbi3_sample_size,yes,extraction_rob,,,,,5,stage-g-merge,,,,,,
andersen2024_fep_cohort_t9m_educonly,rob:jbi4_subjects_setting_described,yes,extraction_rob,,,,,5,stage-g-merge,,,,,,
andersen2024_fep_cohort_t9m_educonly,rob:jbi5_coverage_of_sample,no,extraction_rob,,,,,5,stage-g-merge,,,,,,
andersen2024_fep_cohort_t9m_educonly,rob:jbi6_condition_identification,yes,extraction_rob,,,,,5,stage-g-merge,,,,,,
andersen2024_fep_cohort_t9m_educonly,rob:jbi7_condition_measurement,unclear,extraction_rob,,,,,5,stage-g-merge,,,,,,
andersen2024_fep_cohort_t9m_educonly,rob:jbi8_statistical_analysis,yes,extraction_rob,,,,,5,stage-g-merge,,,,,,
andersen2024_fep_cohort_t9m_educonly,rob:jbi9_response_rate,no,extraction_rob,,,,,5,stage-g-merge,,,,,,
andersen2024_fep_cohort_t9m_paideduc,rob:jbi1_sample_frame,yes,extraction_rob,,,,,5,stage-g-merge,,,,,,
andersen2024_fep_cohort_t9m_paideduc,rob:jbi2_participant_sampling,yes,extraction_rob,,,,,5,stage-g-merge,,,,,,
andersen2024_fep_cohort_t9m_paideduc,rob:jbi3_sample_size,yes,extraction_rob,,,,,5,stage-g-merge,,,,,,
andersen2024_fep_cohort_t9m_paideduc,rob:jbi4_subjects_setting_described,yes,extraction_rob,,,,,5,stage-g-merge,,,,,,
andersen2024_fep_cohort_t9m_paideduc,rob:jbi5_coverage_of_sample,no,extraction_rob,,,,,5,stage-g-merge,,,,,,
andersen2024_fep_cohort_t9m_paideduc,rob:jbi6_condition_identification,yes,extraction_rob,,,,,5,stage-g-merge,,,,,,
andersen2024_fep_cohort_t9m_paideduc,rob:jbi7_condition_measurement,unclear,extraction_rob,,,,,5,stage-g-merge,,,,,,
andersen2024_fep_cohort_t9m_paideduc,rob:jbi8_statistical_analysis,yes,extraction_rob,,,,,5,stage-g-merge,,,,,,
andersen2024_fep_cohort_t9m_paideduc,rob:jbi9_response_rate,no,extraction_rob,,,,,5,stage-g-merge,,,,,,
andersen2024_fep_cohort_t12m_paidany,rob:jbi1_sample_frame,yes,extraction_rob,,,,,5,stage-g-merge,,,,,,
andersen2024_fep_cohort_t12m_paidany,rob:jbi2_participant_sampling,yes,extraction_rob,,,,,5,stage-g-merge,,,,,,
andersen2024_fep_cohort_t12m_paidany,rob:jbi3_sample_size,yes,extraction_rob,,,,,5,stage-g-merge,,,,,,
andersen2024_fep_cohort_t12m_paidany,rob:jbi4_subjects_setting_described,yes,extraction_rob,,,,,5,stage-g-merge,,,,,,
andersen2024_fep_cohort_t12m_paidany,rob:jbi5_coverage_of_sample,no,extraction_rob,,,,,5,stage-g-merge,,,,,,
andersen2024_fep_cohort_t12m_paidany,rob:jbi6_condition_identification,yes,extraction_rob,,,,,5,stage-g-merge,,,,,,
andersen2024_fep_cohort_t12m_paidany,rob:jbi7_condition_measurement,unclear,extraction_rob,,,,,5,stage-g-merge,,,,,,
andersen2024_fep_cohort_t12m_paidany,rob:jbi8_statistical_analysis,yes,extraction_rob,,,,,5,stage-g-merge,,,,,,
andersen2024_fep_cohort_t12m_paidany,rob:jbi9_response_rate,no,extraction_rob,,,,,5,stage-g-merge,,,,,,
andersen2024_fep_cohort_t12m_educonly,rob:jbi1_sample_frame,yes,extraction_rob,,,,,5,stage-g-merge,,,,,,
andersen2024_fep_cohort_t12m_educonly,rob:jbi2_participant_sampling,yes,extraction_rob,,,,,5,stage-g-merge,,,,,,
andersen2024_fep_cohort_t12m_educonly,rob:jbi3_sample_size,yes,extraction_rob,,,,,5,stage-g-merge,,,,,,
andersen2024_fep_cohort_t12m_educonly,rob:jbi4_subjects_setting_described,yes,extraction_rob,,,,,5,stage-g-merge,,,,,,
andersen2024_fep_cohort_t12m_educonly,rob:jbi5_coverage_of_sample,no,extraction_rob,,,,,5,stage-g-merge,,,,,,
andersen2024_fep_cohort_t12m_educonly,rob:jbi6_condition_identification,yes,extraction_rob,,,,,5,stage-g-merge,,,,,,
andersen2024_fep_cohort_t12m_educonly,rob:jbi7_condition_measurement,unclear,extraction_rob,,,,,5,stage-g-merge,,,,,,
andersen2024_fep_cohort_t12m_educonly,rob:jbi8_statistical_analysis,yes,extraction_rob,,,,,5,stage-g-merge,,,,,,
andersen2024_fep_cohort_t12m_educonly,rob:jbi9_response_rate,no,extraction_rob,,,,,5,stage-g-merge,,,,,,
andersen2024_fep_cohort_t12m_paideduc,rob:jbi1_sample_frame,yes,extraction_rob,,,,,5,stage-g-merge,,,,,,
andersen2024_fep_cohort_t12m_paideduc,rob:jbi2_participant_sampling,yes,extraction_rob,,,,,5,stage-g-merge,,,,,,
andersen2024_fep_cohort_t12m_paideduc,rob:jbi3_sample_size,yes,extraction_rob,,,,,5,stage-g-merge,,,,,,
andersen2024_fep_cohort_t12m_paideduc,rob:jbi4_subjects_setting_described,yes,extraction_rob,,,,,5,stage-g-merge,,,,,,
andersen2024_fep_cohort_t12m_paideduc,rob:jbi5_coverage_of_sample,no,extraction_rob,,,,,5,stage-g-merge,,,,,,
andersen2024_fep_cohort_t12m_paideduc,rob:jbi6_condition_identification,yes,extraction_rob,,,,,5,stage-g-merge,,,,,,
andersen2024_fep_cohort_t12m_paideduc,rob:jbi7_condition_measurement,unclear,extraction_rob,,,,,5,stage-g-merge,,,,,,
andersen2024_fep_cohort_t12m_paideduc,rob:jbi8_statistical_analysis,yes,extraction_rob,,,,,5,stage-g-merge,,,,,,
andersen2024_fep_cohort_t12m_paideduc,rob:jbi9_response_rate,no,extraction_rob,,,,,5,stage-g-merge,,,,,,
andersen2026_cohort_fu_paidcomp,rob:jbi1_sample_frame,yes,extraction_rob,,,,,5,stage-g-merge,,,,,,
andersen2026_cohort_fu_paidcomp,rob:jbi2_participant_sampling,unclear,extraction_rob,,,,,5,stage-g-merge,,,,,,
andersen2026_cohort_fu_paidcomp,rob:jbi3_sample_size,yes,extraction_rob,,,,,5,stage-g-merge,,,,,,
andersen2026_cohort_fu_paidcomp,rob:jbi4_subjects_setting_described,yes,extraction_rob,,,,,5,stage-g-merge,,,,,,
andersen2026_cohort_fu_paidcomp,rob:jbi5_coverage_of_sample,yes,extraction_rob,,,,,5,stage-g-merge,,,,,,
andersen2026_cohort_fu_paidcomp,rob:jbi6_condition_identification,yes,extraction_rob,,,,,5,stage-g-merge,,,,,,
andersen2026_cohort_fu_paidcomp,rob:jbi7_condition_measurement,unclear,extraction_rob,,,,,5,stage-g-merge,,,,,,
andersen2026_cohort_fu_paidcomp,rob:jbi8_statistical_analysis,unclear,extraction_rob,,,,,5,stage-g-merge,,,,,,
andersen2026_cohort_fu_paidcomp,rob:jbi9_response_rate,yes,extraction_rob,,,,,5,stage-g-merge,,,,,,
andersen2026_cohort_fu_paideduc,rob:jbi1_sample_frame,yes,extraction_rob,,,,,5,stage-g-merge,,,,,,
andersen2026_cohort_fu_paideduc,rob:jbi2_participant_sampling,unclear,extraction_rob,,,,,5,stage-g-merge,,,,,,
andersen2026_cohort_fu_paideduc,rob:jbi3_sample_size,yes,extraction_rob,,,,,5,stage-g-merge,,,,,,
andersen2026_cohort_fu_paideduc,rob:jbi4_subjects_setting_described,yes,extraction_rob,,,,,5,stage-g-merge,,,,,,
andersen2026_cohort_fu_paideduc,rob:jbi5_coverage_of_sample,yes,extraction_rob,,,,,5,stage-g-merge,,,,,,
andersen2026_cohort_fu_paideduc,rob:jbi6_condition_identification,yes,extraction_rob,,,,,5,stage-g-merge,,,,,,
andersen2026_cohort_fu_paideduc,rob:jbi7_condition_measurement,unclear,extraction_rob,,,,,5,stage-g-merge,,,,,,
andersen2026_cohort_fu_paideduc,rob:jbi8_statistical_analysis,unclear,extraction_rob,,,,,5,stage-g-merge,,,,,,
andersen2026_cohort_fu_paideduc,rob:jbi9_response_rate,yes,extraction_rob,,,,,5,stage-g-merge,,,,,,
andersen2026_cohort_fu_educonly,rob:jbi1_sample_frame,yes,extraction_rob,,,,,5,stage-g-merge,,,,,,
andersen2026_cohort_fu_educonly,rob:jbi2_participant_sampling,unclear,extraction_rob,,,,,5,stage-g-merge,,,,,,
andersen2026_cohort_fu_educonly,rob:jbi3_sample_size,yes,extraction_rob,,,,,5,stage-g-merge,,,,,,
andersen2026_cohort_fu_educonly,rob:jbi4_subjects_setting_described,yes,extraction_rob,,,,,5,stage-g-merge,,,,,,
andersen2026_cohort_fu_educonly,rob:jbi5_coverage_of_sample,yes,extraction_rob,,,,,5,stage-g-merge,,,,,,
andersen2026_cohort_fu_educonly,rob:jbi6_condition_identification,yes,extraction_rob,,,,,5,stage-g-merge,,,,,,
andersen2026_cohort_fu_educonly,rob:jbi7_condition_measurement,unclear,extraction_rob,,,,,5,stage-g-merge,,,,,,
andersen2026_cohort_fu_educonly,rob:jbi8_statistical_analysis,unclear,extraction_rob,,,,,5,stage-g-merge,,,,,,
andersen2026_cohort_fu_educonly,rob:jbi9_response_rate,yes,extraction_rob,,,,,5,stage-g-merge,,,,,,
baltazar2022_cohort_t348m_paidcomp,rob:jbi1_sample_frame,yes,extraction_rob,,,,,5,stage-g-merge,,,,,,
baltazar2022_cohort_t348m_paidcomp,rob:jbi2_participant_sampling,yes,extraction_rob,,,,,5,stage-g-merge,,,,,,
baltazar2022_cohort_t348m_paidcomp,rob:jbi3_sample_size,unclear,extraction_rob,,,,,5,stage-g-merge,,,,,,
baltazar2022_cohort_t348m_paidcomp,rob:jbi4_subjects_setting_described,yes,extraction_rob,,,,,5,stage-g-merge,,,,,,
baltazar2022_cohort_t348m_paidcomp,rob:jbi5_coverage_of_sample,no,extraction_rob,,,,,5,stage-g-merge,,,,,,
baltazar2022_cohort_t348m_paidcomp,rob:jbi6_condition_identification,yes,extraction_rob,,,,,5,stage-g-merge,,,,,,
baltazar2022_cohort_t348m_paidcomp,rob:jbi7_condition_measurement,no,extraction_rob,,,,,5,stage-g-merge,,,,,,
baltazar2022_cohort_t348m_paidcomp,rob:jbi8_statistical_analysis,unclear,extraction_rob,,,,,5,stage-g-merge,,,,,,
baltazar2022_cohort_t348m_paidcomp,rob:jbi9_response_rate,no,extraction_rob,,,,,5,stage-g-merge,,,,,,
baltazar2022_cohort_t348m_paidany,rob:jbi1_sample_frame,yes,extraction_rob,,,,,5,stage-g-merge,,,,,,
baltazar2022_cohort_t348m_paidany,rob:jbi2_participant_sampling,yes,extraction_rob,,,,,5,stage-g-merge,,,,,,
baltazar2022_cohort_t348m_paidany,rob:jbi3_sample_size,unclear,extraction_rob,,,,,5,stage-g-merge,,,,,,
baltazar2022_cohort_t348m_paidany,rob:jbi4_subjects_setting_described,yes,extraction_rob,,,,,5,stage-g-merge,,,,,,
baltazar2022_cohort_t348m_paidany,rob:jbi5_coverage_of_sample,no,extraction_rob,,,,,5,stage-g-merge,,,,,,
baltazar2022_cohort_t348m_paidany,rob:jbi6_condition_identification,yes,extraction_rob,,,,,5,stage-g-merge,,,,,,
baltazar2022_cohort_t348m_paidany,rob:jbi7_condition_measurement,no,extraction_rob,,,,,5,stage-g-merge,,,,,,
baltazar2022_cohort_t348m_paidany,rob:jbi8_statistical_analysis,unclear,extraction_rob,,,,,5,stage-g-merge,,,,,,
baltazar2022_cohort_t348m_paidany,rob:jbi9_response_rate,no,extraction_rob,,,,,5,stage-g-merge,,,,,,
bell2018_cg_t12m_paidcomp,rob:rob2_1_randomisation,some_concerns,extraction_rob,,,,,5,stage-g-merge,,,,,,
bell2018_cg_t12m_paidcomp,rob:rob2_2_deviations,some_concerns,extraction_rob,,,,,5,stage-g-merge,,,,,,
bell2018_cg_t12m_paidcomp,rob:rob2_3_missing_outcome_data,high,extraction_rob,,,,,5,stage-g-merge,,,,,,
bell2018_cg_t12m_paidcomp,rob:rob2_4_outcome_measurement,low,extraction_rob,,,,,5,stage-g-merge,,,,,,
bell2018_cg_t12m_paidcomp,rob:rob2_5_selective_reporting,some_concerns,extraction_rob,,,,,5,stage-g-merge,,,,,,
bell2018_cg_t12m_paidcomp,rob:rob2_overall,high,extraction_rob,,,,,5,stage-g-merge,,,,,,
bell2018_cr_t12m_paidcomp,rob:rob2_1_randomisation,some_concerns,extraction_rob,,,,,5,stage-g-merge,,,,,,
bell2018_cr_t12m_paidcomp,rob:rob2_2_deviations,some_concerns,extraction_rob,,,,,5,stage-g-merge,,,,,,
bell2018_cr_t12m_paidcomp,rob:rob2_3_missing_outcome_data,some_concerns,extraction_rob,,,,,5,stage-g-merge,,,,,,
bell2018_cr_t12m_paidcomp,rob:rob2_4_outcome_measurement,low,extraction_rob,,,,,5,stage-g-merge,,,,,,
bell2018_cr_t12m_paidcomp,rob:rob2_5_selective_reporting,some_concerns,extraction_rob,,,,,5,stage-g-merge,,,,,,
bell2018_cr_t12m_paidcomp,rob:rob2_overall,some_concerns,extraction_rob,,,,,5,stage-g-merge,,,,,,
bell2018_cg_t12m_everemployed,rob:rob2_1_randomisation,some_concerns,extraction_rob,,,,,5,stage-g-merge,,,,,,
bell2018_cg_t12m_everemployed,rob:rob2_2_deviations,some_concerns,extraction_rob,,,,,5,stage-g-merge,,,,,,
bell2018_cg_t12m_everemployed,rob:rob2_3_missing_outcome_data,high,extraction_rob,,,,,5,stage-g-merge,,,,,,
bell2018_cg_t12m_everemployed,rob:rob2_4_outcome_measurement,some_concerns,extraction_rob,,,,,5,stage-g-merge,,,,,,
bell2018_cg_t12m_everemployed,rob:rob2_5_selective_reporting,some_concerns,extraction_rob,,,,,5,stage-g-merge,,,,,,
bell2018_cg_t12m_everemployed,rob:rob2_overall,high,extraction_rob,,,,,5,stage-g-merge,,,,,,
bell2018_cr_t12m_everemployed,rob:rob2_1_randomisation,some_concerns,extraction_rob,,,,,5,stage-g-merge,,,,,,
bell2018_cr_t12m_everemployed,rob:rob2_2_deviations,some_concerns,extraction_rob,,,,,5,stage-g-merge,,,,,,
bell2018_cr_t12m_everemployed,rob:rob2_3_missing_outcome_data,some_concerns,extraction_rob,,,,,5,stage-g-merge,,,,,,
bell2018_cr_t12m_everemployed,rob:rob2_4_outcome_measurement,some_concerns,extraction_rob,,,,,5,stage-g-merge,,,,,,
bell2018_cr_t12m_everemployed,rob:rob2_5_selective_reporting,some_concerns,extraction_rob,,,,,5,stage-g-merge,,,,,,
bell2018_cr_t12m_everemployed,rob:rob2_overall,some_concerns,extraction_rob,,,,,5,stage-g-merge,,,,,,
bhullar2018_cohort_t120m_paidany,rob:jbi1_sample_frame,yes,extraction_rob,,,,,5,stage-g-merge,,,,,,
bhullar2018_cohort_t120m_paidany,rob:jbi2_participant_sampling,unclear,extraction_rob,,,,,5,stage-g-merge,,,,,,
bhullar2018_cohort_t120m_paidany,rob:jbi3_sample_size,no,extraction_rob,,,,,5,stage-g-merge,,,,,,
bhullar2018_cohort_t120m_paidany,rob:jbi4_subjects_setting_described,yes,extraction_rob,,,,,5,stage-g-merge,,,,,,
bhullar2018_cohort_t120m_paidany,rob:jbi5_coverage_of_sample,no,extraction_rob,,,,,5,stage-g-merge,,,,,,
bhullar2018_cohort_t120m_paidany,rob:jbi6_condition_identification,yes,extraction_rob,,,,,5,stage-g-merge,,,,,,
bhullar2018_cohort_t120m_paidany,rob:jbi7_condition_measurement,unclear,extraction_rob,,,,,5,stage-g-merge,,,,,,
bhullar2018_cohort_t120m_paidany,rob:jbi8_statistical_analysis,unclear,extraction_rob,,,,,5,stage-g-merge,,,,,,
bhullar2018_cohort_t120m_paidany,rob:jbi9_response_rate,unclear,extraction_rob,,,,,5,stage-g-merge,,,,,,
bhullar2018_cohort_t120m_paidoredu,rob:jbi1_sample_frame,yes,extraction_rob,,,,,5,stage-g-merge,,,,,,
bhullar2018_cohort_t120m_paidoredu,rob:jbi2_participant_sampling,unclear,extraction_rob,,,,,5,stage-g-merge,,,,,,
bhullar2018_cohort_t120m_paidoredu,rob:jbi3_sample_size,no,extraction_rob,,,,,5,stage-g-merge,,,,,,
bhullar2018_cohort_t120m_paidoredu,rob:jbi4_subjects_setting_described,yes,extraction_rob,,,,,5,stage-g-merge,,,,,,
bhullar2018_cohort_t120m_paidoredu,rob:jbi5_coverage_of_sample,no,extraction_rob,,,,,5,stage-g-merge,,,,,,
bhullar2018_cohort_t120m_paidoredu,rob:jbi6_condition_identification,yes,extraction_rob,,,,,5,stage-g-merge,,,,,,
bhullar2018_cohort_t120m_paidoredu,rob:jbi7_condition_measurement,yes,extraction_rob,,,,,5,stage-g-merge,,,,,,
bhullar2018_cohort_t120m_paidoredu,rob:jbi8_statistical_analysis,unclear,extraction_rob,,,,,5,stage-g-merge,,,,,,
bhullar2018_cohort_t120m_paidoredu,rob:jbi9_response_rate,unclear,extraction_rob,,,,,5,stage-g-merge,,,,,,
blackman2025_cohort_t103m_paidany,rob:jbi1_sample_frame,no,extraction_rob,,,,,5,stage-g-merge,,,,,,
blackman2025_cohort_t103m_paidany,rob:jbi2_participant_sampling,no,extraction_rob,,,,,5,stage-g-merge,,,,,,
blackman2025_cohort_t103m_paidany,rob:jbi3_sample_size,unclear,extraction_rob,,,,,5,stage-g-merge,,,,,,
blackman2025_cohort_t103m_paidany,rob:jbi4_subjects_setting_described,yes,extraction_rob,,,,,5,stage-g-merge,,,,,,
blackman2025_cohort_t103m_paidany,rob:jbi5_coverage_of_sample,unclear,extraction_rob,,,,,5,stage-g-merge,,,,,,
blackman2025_cohort_t103m_paidany,rob:jbi6_condition_identification,yes,extraction_rob,,,,,5,stage-g-merge,,,,,,
blackman2025_cohort_t103m_paidany,rob:jbi7_condition_measurement,no,extraction_rob,,,,,5,stage-g-merge,,,,,,
blackman2025_cohort_t103m_paidany,rob:jbi8_statistical_analysis,unclear,extraction_rob,,,,,5,stage-g-merge,,,,,,
blackman2025_cohort_t103m_paidany,rob:jbi9_response_rate,no,extraction_rob,,,,,5,stage-g-merge,,,,,,
bonnesen2026_cohort_t36m_paidoredu,rob:jbi1_sample_frame,yes,extraction_rob,,,,,5,stage-g-merge,,,,,,
bonnesen2026_cohort_t36m_paidoredu,rob:jbi2_participant_sampling,yes,extraction_rob,,,,,5,stage-g-merge,,,,,,
bonnesen2026_cohort_t36m_paidoredu,rob:jbi3_sample_size,yes,extraction_rob,,,,,5,stage-g-merge,,,,,,
bonnesen2026_cohort_t36m_paidoredu,rob:jbi4_subjects_setting_described,yes,extraction_rob,,,,,5,stage-g-merge,,,,,,
bonnesen2026_cohort_t36m_paidoredu,rob:jbi5_coverage_of_sample,yes,extraction_rob,,,,,5,stage-g-merge,,,,,,
bonnesen2026_cohort_t36m_paidoredu,rob:jbi6_condition_identification,unclear,extraction_rob,,,,,5,stage-g-merge,,,,,,
bonnesen2026_cohort_t36m_paidoredu,rob:jbi7_condition_measurement,yes,extraction_rob,,,,,5,stage-g-merge,,,,,,
bonnesen2026_cohort_t36m_paidoredu,rob:jbi8_statistical_analysis,unclear,extraction_rob,,,,,5,stage-g-merge,,,,,,
bonnesen2026_cohort_t36m_paidoredu,rob:jbi9_response_rate,yes,extraction_rob,,,,,5,stage-g-merge,,,,,,
bonnesen2026_cohort_t60m_paidoredu,rob:jbi1_sample_frame,yes,extraction_rob,,,,,5,stage-g-merge,,,,,,
bonnesen2026_cohort_t60m_paidoredu,rob:jbi2_participant_sampling,yes,extraction_rob,,,,,5,stage-g-merge,,,,,,
bonnesen2026_cohort_t60m_paidoredu,rob:jbi3_sample_size,yes,extraction_rob,,,,,5,stage-g-merge,,,,,,
bonnesen2026_cohort_t60m_paidoredu,rob:jbi4_subjects_setting_described,yes,extraction_rob,,,,,5,stage-g-merge,,,,,,
bonnesen2026_cohort_t60m_paidoredu,rob:jbi5_coverage_of_sample,unclear,extraction_rob,,,,,5,stage-g-merge,,,,,,
bonnesen2026_cohort_t60m_paidoredu,rob:jbi6_condition_identification,unclear,extraction_rob,,,,,5,stage-g-merge,,,,,,
bonnesen2026_cohort_t60m_paidoredu,rob:jbi7_condition_measurement,yes,extraction_rob,,,,,5,stage-g-merge,,,,,,
bonnesen2026_cohort_t60m_paidoredu,rob:jbi8_statistical_analysis,yes,extraction_rob,,,,,5,stage-g-merge,,,,,,
bonnesen2026_cohort_t60m_paidoredu,rob:jbi9_response_rate,unclear,extraction_rob,,,,,5,stage-g-merge,,,,,,
conus2017_cohort_t18m_vocact,rob:jbi1_sample_frame,yes,extraction_rob,,,,,5,stage-g-merge,,,,,,
conus2017_cohort_t18m_vocact,rob:jbi2_participant_sampling,yes,extraction_rob,,,,,5,stage-g-merge,,,,,,
conus2017_cohort_t18m_vocact,rob:jbi3_sample_size,yes,extraction_rob,,,,,5,stage-g-merge,,,,,,
conus2017_cohort_t18m_vocact,rob:jbi4_subjects_setting_described,yes,extraction_rob,,,,,5,stage-g-merge,,,,,,
conus2017_cohort_t18m_vocact,rob:jbi5_coverage_of_sample,unclear,extraction_rob,,,,,5,stage-g-merge,,,,,,
conus2017_cohort_t18m_vocact,rob:jbi6_condition_identification,yes,extraction_rob,,,,,5,stage-g-merge,,,,,,
conus2017_cohort_t18m_vocact,rob:jbi7_condition_measurement,no,extraction_rob,,,,,5,stage-g-merge,,,,,,
conus2017_cohort_t18m_vocact,rob:jbi8_statistical_analysis,yes,extraction_rob,,,,,5,stage-g-merge,,,,,,
conus2017_cohort_t18m_vocact,rob:jbi9_response_rate,unclear,extraction_rob,,,,,5,stage-g-merge,,,,,,
cook2016_cohort_cal2000_2012_paidany,rob:jbi1_sample_frame,no,extraction_rob,,,,,5,stage-g-merge,,,,,,
cook2016_cohort_cal2000_2012_paidany,rob:jbi2_participant_sampling,no,extraction_rob,,,,,5,stage-g-merge,,,,,,
cook2016_cohort_cal2000_2012_paidany,rob:jbi3_sample_size,yes,extraction_rob,,,,,5,stage-g-merge,,,,,,
cook2016_cohort_cal2000_2012_paidany,rob:jbi4_subjects_setting_described,yes,extraction_rob,,,,,5,stage-g-merge,,,,,,
cook2016_cohort_cal2000_2012_paidany,rob:jbi5_coverage_of_sample,no,extraction_rob,,,,,5,stage-g-merge,,,,,,
cook2016_cohort_cal2000_2012_paidany,rob:jbi6_condition_identification,unclear,extraction_rob,,,,,5,stage-g-merge,,,,,,
cook2016_cohort_cal2000_2012_paidany,rob:jbi7_condition_measurement,yes,extraction_rob,,,,,5,stage-g-merge,,,,,,
cook2016_cohort_cal2000_2012_paidany,rob:jbi8_statistical_analysis,yes,extraction_rob,,,,,5,stage-g-merge,,,,,,
cook2016_cohort_cal2000_2012_paidany,rob:jbi9_response_rate,no,extraction_rob,,,,,5,stage-g-merge,,,,,,
cook2016_se_cal2000_2012_paidany,rob:rob2_1_randomisation,some_concerns,extraction_rob,,,,,5,stage-g-merge,,,,,,
cook2016_se_cal2000_2012_paidany,rob:rob2_2_deviations,some_concerns,extraction_rob,,,,,5,stage-g-merge,,,,,,
cook2016_se_cal2000_2012_paidany,rob:rob2_3_missing_outcome_data,high,extraction_rob,,,,,5,stage-g-merge,,,,,,
cook2016_se_cal2000_2012_paidany,rob:rob2_4_outcome_measurement,low,extraction_rob,,,,,5,stage-g-merge,,,,,,
cook2016_se_cal2000_2012_paidany,rob:rob2_5_selective_reporting,some_concerns,extraction_rob,,,,,5,stage-g-merge,,,,,,
cook2016_se_cal2000_2012_paidany,rob:rob2_overall,high,extraction_rob,,,,,5,stage-g-merge,,,,,,
cook2016_control_cal2000_2012_paidany,rob:rob2_1_randomisation,some_concerns,extraction_rob,,,,,5,stage-g-merge,,,,,,
cook2016_control_cal2000_2012_paidany,rob:rob2_2_deviations,some_concerns,extraction_rob,,,,,5,stage-g-merge,,,,,,
cook2016_control_cal2000_2012_paidany,rob:rob2_3_missing_outcome_data,high,extraction_rob,,,,,5,stage-g-merge,,,,,,
cook2016_control_cal2000_2012_paidany,rob:rob2_4_outcome_measurement,low,extraction_rob,,,,,5,stage-g-merge,,,,,,
cook2016_control_cal2000_2012_paidany,rob:rob2_5_selective_reporting,some_concerns,extraction_rob,,,,,5,stage-g-merge,,,,,,
cook2016_control_cal2000_2012_paidany,rob:rob2_overall,high,extraction_rob,,,,,5,stage-g-merge,,,,,,
cook2016_se_t24m_paidany,rob:rob2_1_randomisation,some_concerns,extraction_rob,,,,,5,stage-g-merge,,,,,,
cook2016_se_t24m_paidany,rob:rob2_2_deviations,some_concerns,extraction_rob,,,,,5,stage-g-merge,,,,,,
cook2016_se_t24m_paidany,rob:rob2_3_missing_outcome_data,high,extraction_rob,,,,,5,stage-g-merge,,,,,,
cook2016_se_t24m_paidany,rob:rob2_4_outcome_measurement,low,extraction_rob,,,,,5,stage-g-merge,,,,,,
cook2016_se_t24m_paidany,rob:rob2_5_selective_reporting,some_concerns,extraction_rob,,,,,5,stage-g-merge,,,,,,
cook2016_se_t24m_paidany,rob:rob2_overall,high,extraction_rob,,,,,5,stage-g-merge,,,,,,
cook2016_control_t24m_paidany,rob:rob2_1_randomisation,some_concerns,extraction_rob,,,,,5,stage-g-merge,,,,,,
cook2016_control_t24m_paidany,rob:rob2_2_deviations,some_concerns,extraction_rob,,,,,5,stage-g-merge,,,,,,
cook2016_control_t24m_paidany,rob:rob2_3_missing_outcome_data,high,extraction_rob,,,,,5,stage-g-merge,,,,,,
cook2016_control_t24m_paidany,rob:rob2_4_outcome_measurement,low,extraction_rob,,,,,5,stage-g-merge,,,,,,
cook2016_control_t24m_paidany,rob:rob2_5_selective_reporting,some_concerns,extraction_rob,,,,,5,stage-g-merge,,,,,,
cook2016_control_t24m_paidany,rob:rob2_overall,high,extraction_rob,,,,,5,stage-g-merge,,,,,,
cook2016_se_t24m_paidcomp,rob:rob2_1_randomisation,some_concerns,extraction_rob,,,,,5,stage-g-merge,,,,,,
cook2016_se_t24m_paidcomp,rob:rob2_2_deviations,some_concerns,extraction_rob,,,,,5,stage-g-merge,,,,,,
cook2016_se_t24m_paidcomp,rob:rob2_3_missing_outcome_data,high,extraction_rob,,,,,5,stage-g-merge,,,,,,
cook2016_se_t24m_paidcomp,rob:rob2_4_outcome_measurement,low,extraction_rob,,,,,5,stage-g-merge,,,,,,
cook2016_se_t24m_paidcomp,rob:rob2_5_selective_reporting,some_concerns,extraction_rob,,,,,5,stage-g-merge,,,,,,
cook2016_se_t24m_paidcomp,rob:rob2_overall,high,extraction_rob,,,,,5,stage-g-merge,,,,,,
cook2016_control_t24m_paidcomp,rob:rob2_1_randomisation,some_concerns,extraction_rob,,,,,5,stage-g-merge,,,,,,
cook2016_control_t24m_paidcomp,rob:rob2_2_deviations,some_concerns,extraction_rob,,,,,5,stage-g-merge,,,,,,
cook2016_control_t24m_paidcomp,rob:rob2_3_missing_outcome_data,high,extraction_rob,,,,,5,stage-g-merge,,,,,,
cook2016_control_t24m_paidcomp,rob:rob2_4_outcome_measurement,low,extraction_rob,,,,,5,stage-g-merge,,,,,,
cook2016_control_t24m_paidcomp,rob:rob2_5_selective_reporting,some_concerns,extraction_rob,,,,,5,stage-g-merge,,,,,,
cook2016_control_t24m_paidcomp,rob:rob2_overall,high,extraction_rob,,,,,5,stage-g-merge,,,,,,
detore2019_ips_t24m_paidcomp,rob:jbi1_sample_frame,no,extraction_rob,,,,,5,stage-g-merge,,,,,,
detore2019_ips_t24m_paidcomp,rob:jbi2_participant_sampling,no,extraction_rob,,,,,5,stage-g-merge,,,,,,
detore2019_ips_t24m_paidcomp,rob:jbi3_sample_size,no,extraction_rob,,,,,5,stage-g-merge,,,,,,
detore2019_ips_t24m_paidcomp,rob:jbi4_subjects_setting_described,unclear,extraction_rob,,,,,5,stage-g-merge,,,,,,
detore2019_ips_t24m_paidcomp,rob:jbi5_coverage_of_sample,yes,extraction_rob,,,,,5,stage-g-merge,,,,,,
detore2019_ips_t24m_paidcomp,rob:jbi6_condition_identification,yes,extraction_rob,,,,,5,stage-g-merge,,,,,,
detore2019_ips_t24m_paidcomp,rob:jbi7_condition_measurement,yes,extraction_rob,,,,,5,stage-g-merge,,,,,,
detore2019_ips_t24m_paidcomp,rob:jbi8_statistical_analysis,yes,extraction_rob,,,,,5,stage-g-merge,,,,,,
detore2019_ips_t24m_paidcomp,rob:jbi9_response_rate,unclear,extraction_rob,,,,,5,stage-g-merge,,,,,,
domenicano2025_cohort_t12m_unclear,rob:jbi1_sample_frame,yes,extraction_rob,,,,,5,stage-g-merge,,,,,,
domenicano2025_cohort_t12m_unclear,rob:jbi2_participant_sampling,yes,extraction_rob,,,,,5,stage-g-merge,,,,,,
domenicano2025_cohort_t12m_unclear,rob:jbi3_sample_size,unclear,extraction_rob,,,,,5,stage-g-merge,,,,,,
domenicano2025_cohort_t12m_unclear,rob:jbi4_subjects_setting_described,yes,extraction_rob,,,,,5,stage-g-merge,,,,,,
domenicano2025_cohort_t12m_unclear,rob:jbi5_coverage_of_sample,no,extraction_rob,,,,,5,stage-g-merge,,,,,,
domenicano2025_cohort_t12m_unclear,rob:jbi6_condition_identification,yes,extraction_rob,,,,,5,stage-g-merge,,,,,,
domenicano2025_cohort_t12m_unclear,rob:jbi7_condition_measurement,no,extraction_rob,,,,,5,stage-g-merge,,,,,,
domenicano2025_cohort_t12m_unclear,rob:jbi8_statistical_analysis,unclear,extraction_rob,,,,,5,stage-g-merge,,,,,,
domenicano2025_cohort_t12m_unclear,rob:jbi9_response_rate,no,extraction_rob,,,,,5,stage-g-merge,,,,,,
domenicano2025_cohort_t24m_unclear,rob:jbi1_sample_frame,yes,extraction_rob,,,,,5,stage-g-merge,,,,,,
domenicano2025_cohort_t24m_unclear,rob:jbi2_participant_sampling,yes,extraction_rob,,,,,5,stage-g-merge,,,,,,
domenicano2025_cohort_t24m_unclear,rob:jbi3_sample_size,unclear,extraction_rob,,,,,5,stage-g-merge,,,,,,
domenicano2025_cohort_t24m_unclear,rob:jbi4_subjects_setting_described,yes,extraction_rob,,,,,5,stage-g-merge,,,,,,
domenicano2025_cohort_t24m_unclear,rob:jbi5_coverage_of_sample,no,extraction_rob,,,,,5,stage-g-merge,,,,,,
domenicano2025_cohort_t24m_unclear,rob:jbi6_condition_identification,yes,extraction_rob,,,,,5,stage-g-merge,,,,,,
domenicano2025_cohort_t24m_unclear,rob:jbi7_condition_measurement,no,extraction_rob,,,,,5,stage-g-merge,,,,,,
domenicano2025_cohort_t24m_unclear,rob:jbi8_statistical_analysis,no,extraction_rob,,,,,5,stage-g-merge,,,,,,
domenicano2025_cohort_t24m_unclear,rob:jbi9_response_rate,no,extraction_rob,,,,,5,stage-g-merge,,,,,,
domenicano2025_cohort_t12m_eet,rob:jbi1_sample_frame,yes,extraction_rob,,,,,5,stage-g-merge,,,,,,
domenicano2025_cohort_t12m_eet,rob:jbi2_participant_sampling,yes,extraction_rob,,,,,5,stage-g-merge,,,,,,
domenicano2025_cohort_t12m_eet,rob:jbi3_sample_size,unclear,extraction_rob,,,,,5,stage-g-merge,,,,,,
domenicano2025_cohort_t12m_eet,rob:jbi4_subjects_setting_described,yes,extraction_rob,,,,,5,stage-g-merge,,,,,,
domenicano2025_cohort_t12m_eet,rob:jbi5_coverage_of_sample,no,extraction_rob,,,,,5,stage-g-merge,,,,,,
domenicano2025_cohort_t12m_eet,rob:jbi6_condition_identification,yes,extraction_rob,,,,,5,stage-g-merge,,,,,,
domenicano2025_cohort_t12m_eet,rob:jbi7_condition_measurement,unclear,extraction_rob,,,,,5,stage-g-merge,,,,,,
domenicano2025_cohort_t12m_eet,rob:jbi8_statistical_analysis,no,extraction_rob,,,,,5,stage-g-merge,,,,,,
domenicano2025_cohort_t12m_eet,rob:jbi9_response_rate,no,extraction_rob,,,,,5,stage-g-merge,,,,,,
domenicano2025_cohort_t24m_eet,rob:jbi1_sample_frame,yes,extraction_rob,,,,,5,stage-g-merge,,,,,,
domenicano2025_cohort_t24m_eet,rob:jbi2_participant_sampling,yes,extraction_rob,,,,,5,stage-g-merge,,,,,,
domenicano2025_cohort_t24m_eet,rob:jbi3_sample_size,unclear,extraction_rob,,,,,5,stage-g-merge,,,,,,
domenicano2025_cohort_t24m_eet,rob:jbi4_subjects_setting_described,yes,extraction_rob,,,,,5,stage-g-merge,,,,,,
domenicano2025_cohort_t24m_eet,rob:jbi5_coverage_of_sample,no,extraction_rob,,,,,5,stage-g-merge,,,,,,
domenicano2025_cohort_t24m_eet,rob:jbi6_condition_identification,yes,extraction_rob,,,,,5,stage-g-merge,,,,,,
domenicano2025_cohort_t24m_eet,rob:jbi7_condition_measurement,unclear,extraction_rob,,,,,5,stage-g-merge,,,,,,
domenicano2025_cohort_t24m_eet,rob:jbi8_statistical_analysis,no,extraction_rob,,,,,5,stage-g-merge,,,,,,
domenicano2025_cohort_t24m_eet,rob:jbi9_response_rate,no,extraction_rob,,,,,5,stage-g-merge,,,,,,
drake2015_szsud_t12m_paidcomp,rob:jbi1_sample_frame,no,extraction_rob,,,,,5,stage-g-merge,,,,,,
drake2015_szsud_t12m_paidcomp,rob:jbi2_participant_sampling,unclear,extraction_rob,,,,,5,stage-g-merge,,,,,,
drake2015_szsud_t12m_paidcomp,rob:jbi3_sample_size,unclear,extraction_rob,,,,,5,stage-g-merge,,,,,,
drake2015_szsud_t12m_paidcomp,rob:jbi4_subjects_setting_described,yes,extraction_rob,,,,,5,stage-g-merge,,,,,,
drake2015_szsud_t12m_paidcomp,rob:jbi5_coverage_of_sample,no,extraction_rob,,,,,5,stage-g-merge,,,,,,
drake2015_szsud_t12m_paidcomp,rob:jbi6_condition_identification,yes,extraction_rob,,,,,5,stage-g-merge,,,,,,
drake2015_szsud_t12m_paidcomp,rob:jbi7_condition_measurement,unclear,extraction_rob,,,,,5,stage-g-merge,,,,,,
drake2015_szsud_t12m_paidcomp,rob:jbi8_statistical_analysis,no,extraction_rob,,,,,5,stage-g-merge,,,,,,
drake2015_szsud_t12m_paidcomp,rob:jbi9_response_rate,no,extraction_rob,,,,,5,stage-g-merge,,,,,,
drake2015_szsud_t24m_paidcomp,rob:jbi1_sample_frame,no,extraction_rob,,,,,5,stage-g-merge,,,,,,
drake2015_szsud_t24m_paidcomp,rob:jbi2_participant_sampling,unclear,extraction_rob,,,,,5,stage-g-merge,,,,,,
drake2015_szsud_t24m_paidcomp,rob:jbi3_sample_size,unclear,extraction_rob,,,,,5,stage-g-merge,,,,,,
drake2015_szsud_t24m_paidcomp,rob:jbi4_subjects_setting_described,yes,extraction_rob,,,,,5,stage-g-merge,,,,,,
drake2015_szsud_t24m_paidcomp,rob:jbi5_coverage_of_sample,no,extraction_rob,,,,,5,stage-g-merge,,,,,,
drake2015_szsud_t24m_paidcomp,rob:jbi6_condition_identification,yes,extraction_rob,,,,,5,stage-g-merge,,,,,,
drake2015_szsud_t24m_paidcomp,rob:jbi7_condition_measurement,unclear,extraction_rob,,,,,5,stage-g-merge,,,,,,
drake2015_szsud_t24m_paidcomp,rob:jbi8_statistical_analysis,no,extraction_rob,,,,,5,stage-g-merge,,,,,,
drake2015_szsud_t24m_paidcomp,rob:jbi9_response_rate,no,extraction_rob,,,,,5,stage-g-merge,,,,,,
drake2015_szsud_t36m_paidcomp,rob:jbi1_sample_frame,no,extraction_rob,,,,,5,stage-g-merge,,,,,,
drake2015_szsud_t36m_paidcomp,rob:jbi2_participant_sampling,unclear,extraction_rob,,,,,5,stage-g-merge,,,,,,
drake2015_szsud_t36m_paidcomp,rob:jbi3_sample_size,unclear,extraction_rob,,,,,5,stage-g-merge,,,,,,
drake2015_szsud_t36m_paidcomp,rob:jbi4_subjects_setting_described,yes,extraction_rob,,,,,5,stage-g-merge,,,,,,
drake2015_szsud_t36m_paidcomp,rob:jbi5_coverage_of_sample,no,extraction_rob,,,,,5,stage-g-merge,,,,,,
drake2015_szsud_t36m_paidcomp,rob:jbi6_condition_identification,yes,extraction_rob,,,,,5,stage-g-merge,,,,,,
drake2015_szsud_t36m_paidcomp,rob:jbi7_condition_measurement,unclear,extraction_rob,,,,,5,stage-g-merge,,,,,,
drake2015_szsud_t36m_paidcomp,rob:jbi8_statistical_analysis,no,extraction_rob,,,,,5,stage-g-merge,,,,,,
drake2015_szsud_t36m_paidcomp,rob:jbi9_response_rate,no,extraction_rob,,,,,5,stage-g-merge,,,,,,
drake2015_szsud_t48m_paidcomp,rob:jbi1_sample_frame,no,extraction_rob,,,,,5,stage-g-merge,,,,,,
drake2015_szsud_t48m_paidcomp,rob:jbi2_participant_sampling,unclear,extraction_rob,,,,,5,stage-g-merge,,,,,,
drake2015_szsud_t48m_paidcomp,rob:jbi3_sample_size,unclear,extraction_rob,,,,,5,stage-g-merge,,,,,,
drake2015_szsud_t48m_paidcomp,rob:jbi4_subjects_setting_described,yes,extraction_rob,,,,,5,stage-g-merge,,,,,,
drake2015_szsud_t48m_paidcomp,rob:jbi5_coverage_of_sample,no,extraction_rob,,,,,5,stage-g-merge,,,,,,
drake2015_szsud_t48m_paidcomp,rob:jbi6_condition_identification,yes,extraction_rob,,,,,5,stage-g-merge,,,,,,
drake2015_szsud_t48m_paidcomp,rob:jbi7_condition_measurement,unclear,extraction_rob,,,,,5,stage-g-merge,,,,,,
drake2015_szsud_t48m_paidcomp,rob:jbi8_statistical_analysis,no,extraction_rob,,,,,5,stage-g-merge,,,,,,
drake2015_szsud_t48m_paidcomp,rob:jbi9_response_rate,no,extraction_rob,,,,,5,stage-g-merge,,,,,,
drake2015_szsud_t60m_paidcomp,rob:jbi1_sample_frame,no,extraction_rob,,,,,5,stage-g-merge,,,,,,
drake2015_szsud_t60m_paidcomp,rob:jbi2_participant_sampling,unclear,extraction_rob,,,,,5,stage-g-merge,,,,,,
drake2015_szsud_t60m_paidcomp,rob:jbi3_sample_size,unclear,extraction_rob,,,,,5,stage-g-merge,,,,,,
drake2015_szsud_t60m_paidcomp,rob:jbi4_subjects_setting_described,yes,extraction_rob,,,,,5,stage-g-merge,,,,,,
drake2015_szsud_t60m_paidcomp,rob:jbi5_coverage_of_sample,no,extraction_rob,,,,,5,stage-g-merge,,,,,,
drake2015_szsud_t60m_paidcomp,rob:jbi6_condition_identification,yes,extraction_rob,,,,,5,stage-g-merge,,,,,,
drake2015_szsud_t60m_paidcomp,rob:jbi7_condition_measurement,unclear,extraction_rob,,,,,5,stage-g-merge,,,,,,
drake2015_szsud_t60m_paidcomp,rob:jbi8_statistical_analysis,no,extraction_rob,,,,,5,stage-g-merge,,,,,,
drake2015_szsud_t60m_paidcomp,rob:jbi9_response_rate,no,extraction_rob,,,,,5,stage-g-merge,,,,,,
drake2015_szsud_t72m_paidcomp,rob:jbi1_sample_frame,no,extraction_rob,,,,,5,stage-g-merge,,,,,,
drake2015_szsud_t72m_paidcomp,rob:jbi2_participant_sampling,unclear,extraction_rob,,,,,5,stage-g-merge,,,,,,
drake2015_szsud_t72m_paidcomp,rob:jbi3_sample_size,unclear,extraction_rob,,,,,5,stage-g-merge,,,,,,
drake2015_szsud_t72m_paidcomp,rob:jbi4_subjects_setting_described,yes,extraction_rob,,,,,5,stage-g-merge,,,,,,
drake2015_szsud_t72m_paidcomp,rob:jbi5_coverage_of_sample,no,extraction_rob,,,,,5,stage-g-merge,,,,,,
drake2015_szsud_t72m_paidcomp,rob:jbi6_condition_identification,yes,extraction_rob,,,,,5,stage-g-merge,,,,,,
drake2015_szsud_t72m_paidcomp,rob:jbi7_condition_measurement,unclear,extraction_rob,,,,,5,stage-g-merge,,,,,,
drake2015_szsud_t72m_paidcomp,rob:jbi8_statistical_analysis,no,extraction_rob,,,,,5,stage-g-merge,,,,,,
drake2015_szsud_t72m_paidcomp,rob:jbi9_response_rate,no,extraction_rob,,,,,5,stage-g-merge,,,,,,
drake2015_szsud_t84m_paidcomp,rob:jbi1_sample_frame,no,extraction_rob,,,,,5,stage-g-merge,,,,,,
drake2015_szsud_t84m_paidcomp,rob:jbi2_participant_sampling,unclear,extraction_rob,,,,,5,stage-g-merge,,,,,,
drake2015_szsud_t84m_paidcomp,rob:jbi3_sample_size,unclear,extraction_rob,,,,,5,stage-g-merge,,,,,,
drake2015_szsud_t84m_paidcomp,rob:jbi4_subjects_setting_described,yes,extraction_rob,,,,,5,stage-g-merge,,,,,,
drake2015_szsud_t84m_paidcomp,rob:jbi5_coverage_of_sample,no,extraction_rob,,,,,5,stage-g-merge,,,,,,
drake2015_szsud_t84m_paidcomp,rob:jbi6_condition_identification,yes,extraction_rob,,,,,5,stage-g-merge,,,,,,
drake2015_szsud_t84m_paidcomp,rob:jbi7_condition_measurement,unclear,extraction_rob,,,,,5,stage-g-merge,,,,,,
drake2015_szsud_t84m_paidcomp,rob:jbi8_statistical_analysis,no,extraction_rob,,,,,5,stage-g-merge,,,,,,
drake2015_szsud_t84m_paidcomp,rob:jbi9_response_rate,no,extraction_rob,,,,,5,stage-g-merge,,,,,,
falk2016_men_cal2010_paidany,rob:jbi1_sample_frame,yes,extraction_rob,,,,,5,stage-g-merge,,,,,,
falk2016_men_cal2010_paidany,rob:jbi2_participant_sampling,yes,extraction_rob,,,,,5,stage-g-merge,,,,,,
falk2016_men_cal2010_paidany,rob:jbi3_sample_size,yes,extraction_rob,,,,,5,stage-g-merge,,,,,,
falk2016_men_cal2010_paidany,rob:jbi4_subjects_setting_described,yes,extraction_rob,,,,,5,stage-g-merge,,,,,,
falk2016_men_cal2010_paidany,rob:jbi5_coverage_of_sample,yes,extraction_rob,,,,,5,stage-g-merge,,,,,,
falk2016_men_cal2010_paidany,rob:jbi6_condition_identification,yes,extraction_rob,,,,,5,stage-g-merge,,,,,,
falk2016_men_cal2010_paidany,rob:jbi7_condition_measurement,yes,extraction_rob,,,,,5,stage-g-merge,,,,,,
falk2016_men_cal2010_paidany,rob:jbi8_statistical_analysis,no,extraction_rob,,,,,5,stage-g-merge,,,,,,
falk2016_men_cal2010_paidany,rob:jbi9_response_rate,yes,extraction_rob,,,,,5,stage-g-merge,,,,,,
falk2016_women_cal2010_paidany,rob:jbi1_sample_frame,yes,extraction_rob,,,,,5,stage-g-merge,,,,,,
falk2016_women_cal2010_paidany,rob:jbi2_participant_sampling,yes,extraction_rob,,,,,5,stage-g-merge,,,,,,
falk2016_women_cal2010_paidany,rob:jbi3_sample_size,yes,extraction_rob,,,,,5,stage-g-merge,,,,,,
falk2016_women_cal2010_paidany,rob:jbi4_subjects_setting_described,yes,extraction_rob,,,,,5,stage-g-merge,,,,,,
falk2016_women_cal2010_paidany,rob:jbi5_coverage_of_sample,yes,extraction_rob,,,,,5,stage-g-merge,,,,,,
falk2016_women_cal2010_paidany,rob:jbi6_condition_identification,yes,extraction_rob,,,,,5,stage-g-merge,,,,,,
falk2016_women_cal2010_paidany,rob:jbi7_condition_measurement,yes,extraction_rob,,,,,5,stage-g-merge,,,,,,
falk2016_women_cal2010_paidany,rob:jbi8_statistical_analysis,no,extraction_rob,,,,,5,stage-g-merge,,,,,,
falk2016_women_cal2010_paidany,rob:jbi9_response_rate,yes,extraction_rob,,,,,5,stage-g-merge,,,,,,
fulford2018_cohort_t6m_paidoredu,rob:jbi1_sample_frame,yes,extraction_rob,,,,,5,stage-g-merge,,,,,,
fulford2018_cohort_t6m_paidoredu,rob:jbi2_participant_sampling,unclear,extraction_rob,,,,,5,stage-g-merge,,,,,,
fulford2018_cohort_t6m_paidoredu,rob:jbi3_sample_size,yes,extraction_rob,,,,,5,stage-g-merge,,,,,,
fulford2018_cohort_t6m_paidoredu,rob:jbi4_subjects_setting_described,unclear,extraction_rob,,,,,5,stage-g-merge,,,,,,
fulford2018_cohort_t6m_paidoredu,rob:jbi5_coverage_of_sample,yes,extraction_rob,,,,,5,stage-g-merge,,,,,,
fulford2018_cohort_t6m_paidoredu,rob:jbi6_condition_identification,yes,extraction_rob,,,,,5,stage-g-merge,,,,,,
fulford2018_cohort_t6m_paidoredu,rob:jbi7_condition_measurement,no,extraction_rob,,,,,5,stage-g-merge,,,,,,
fulford2018_cohort_t6m_paidoredu,rob:jbi8_statistical_analysis,no,extraction_rob,,,,,5,stage-g-merge,,,,,,
fulford2018_cohort_t6m_paidoredu,rob:jbi9_response_rate,yes,extraction_rob,,,,,5,stage-g-merge,,,,,,
fulford2018_cohort_t12m_paidoredu,rob:jbi1_sample_frame,yes,extraction_rob,,,,,5,stage-g-merge,,,,,,
fulford2018_cohort_t12m_paidoredu,rob:jbi2_participant_sampling,unclear,extraction_rob,,,,,5,stage-g-merge,,,,,,
fulford2018_cohort_t12m_paidoredu,rob:jbi3_sample_size,yes,extraction_rob,,,,,5,stage-g-merge,,,,,,
fulford2018_cohort_t12m_paidoredu,rob:jbi4_subjects_setting_described,unclear,extraction_rob,,,,,5,stage-g-merge,,,,,,
fulford2018_cohort_t12m_paidoredu,rob:jbi5_coverage_of_sample,unclear,extraction_rob,,,,,5,stage-g-merge,,,,,,
fulford2018_cohort_t12m_paidoredu,rob:jbi6_condition_identification,yes,extraction_rob,,,,,5,stage-g-merge,,,,,,
fulford2018_cohort_t12m_paidoredu,rob:jbi7_condition_measurement,no,extraction_rob,,,,,5,stage-g-merge,,,,,,
fulford2018_cohort_t12m_paidoredu,rob:jbi8_statistical_analysis,no,extraction_rob,,,,,5,stage-g-merge,,,,,,
fulford2018_cohort_t12m_paidoredu,rob:jbi9_response_rate,no,extraction_rob,,,,,5,stage-g-merge,,,,,,
greenwood2025_eye2_t12m_vocact,rob:rob2_1_randomisation,some_concerns,extraction_rob,,,,,5,stage-g-merge,,,,,,
greenwood2025_eye2_t12m_vocact,rob:rob2_2_deviations,some_concerns,extraction_rob,,,,,5,stage-g-merge,,,,,,
greenwood2025_eye2_t12m_vocact,rob:rob2_3_missing_outcome_data,high,extraction_rob,,,,,5,stage-g-merge,,,,,,
greenwood2025_eye2_t12m_vocact,rob:rob2_4_outcome_measurement,some_concerns,extraction_rob,,,,,5,stage-g-merge,,,,,,
greenwood2025_eye2_t12m_vocact,rob:rob2_5_selective_reporting,some_concerns,extraction_rob,,,,,5,stage-g-merge,,,,,,
greenwood2025_eye2_t12m_vocact,rob:rob2_overall,high,extraction_rob,,,,,5,stage-g-merge,,,,,,
greenwood2025_eye2_t12m_edutrain,rob:rob2_1_randomisation,some_concerns,extraction_rob,,,,,5,stage-g-merge,,,,,,
greenwood2025_eye2_t12m_edutrain,rob:rob2_2_deviations,some_concerns,extraction_rob,,,,,5,stage-g-merge,,,,,,
greenwood2025_eye2_t12m_edutrain,rob:rob2_3_missing_outcome_data,high,extraction_rob,,,,,5,stage-g-merge,,,,,,
greenwood2025_eye2_t12m_edutrain,rob:rob2_4_outcome_measurement,some_concerns,extraction_rob,,,,,5,stage-g-merge,,,,,,
greenwood2025_eye2_t12m_edutrain,rob:rob2_5_selective_reporting,some_concerns,extraction_rob,,,,,5,stage-g-merge,,,,,,
greenwood2025_eye2_t12m_edutrain,rob:rob2_overall,high,extraction_rob,,,,,5,stage-g-merge,,,,,,
hakulinen2019_cohort_age25_paidthresh,rob:jbi1_sample_frame,yes,extraction_rob,,,,,5,stage-g-merge,,,,,,
hakulinen2019_cohort_age25_paidthresh,rob:jbi2_participant_sampling,yes,extraction_rob,,,,,5,stage-g-merge,,,,,,
hakulinen2019_cohort_age25_paidthresh,rob:jbi3_sample_size,yes,extraction_rob,,,,,5,stage-g-merge,,,,,,
hakulinen2019_cohort_age25_paidthresh,rob:jbi4_subjects_setting_described,unclear,extraction_rob,,,,,5,stage-g-merge,,,,,,
hakulinen2019_cohort_age25_paidthresh,rob:jbi5_coverage_of_sample,unclear,extraction_rob,,,,,5,stage-g-merge,,,,,,
hakulinen2019_cohort_age25_paidthresh,rob:jbi6_condition_identification,yes,extraction_rob,,,,,5,stage-g-merge,,,,,,
hakulinen2019_cohort_age25_paidthresh,rob:jbi7_condition_measurement,yes,extraction_rob,,,,,5,stage-g-merge,,,,,,
hakulinen2019_cohort_age25_paidthresh,rob:jbi8_statistical_analysis,no,extraction_rob,,,,,5,stage-g-merge,,,,,,
hakulinen2019_cohort_age25_paidthresh,rob:jbi9_response_rate,not_applicable,extraction_rob,,,,,5,stage-g-merge,,,,,,
hakulinen2019_cohort_age60_paidthresh,rob:jbi1_sample_frame,yes,extraction_rob,,,,,5,stage-g-merge,,,,,,
hakulinen2019_cohort_age60_paidthresh,rob:jbi2_participant_sampling,yes,extraction_rob,,,,,5,stage-g-merge,,,,,,
hakulinen2019_cohort_age60_paidthresh,rob:jbi3_sample_size,yes,extraction_rob,,,,,5,stage-g-merge,,,,,,
hakulinen2019_cohort_age60_paidthresh,rob:jbi4_subjects_setting_described,unclear,extraction_rob,,,,,5,stage-g-merge,,,,,,
hakulinen2019_cohort_age60_paidthresh,rob:jbi5_coverage_of_sample,unclear,extraction_rob,,,,,5,stage-g-merge,,,,,,
hakulinen2019_cohort_age60_paidthresh,rob:jbi6_condition_identification,yes,extraction_rob,,,,,5,stage-g-merge,,,,,,
hakulinen2019_cohort_age60_paidthresh,rob:jbi7_condition_measurement,yes,extraction_rob,,,,,5,stage-g-merge,,,,,,
hakulinen2019_cohort_age60_paidthresh,rob:jbi8_statistical_analysis,no,extraction_rob,,,,,5,stage-g-merge,,,,,,
hakulinen2019_cohort_age60_paidthresh,rob:jbi9_response_rate,not_applicable,extraction_rob,,,,,5,stage-g-merge,,,,,,
hakulinen2020_cohort_t0_paidany_scz,rob:jbi1_sample_frame,yes,extraction_rob,,,,,5,stage-g-merge,,,,,,
hakulinen2020_cohort_t0_paidany_scz,rob:jbi2_participant_sampling,yes,extraction_rob,,,,,5,stage-g-merge,,,,,,
hakulinen2020_cohort_t0_paidany_scz,rob:jbi3_sample_size,yes,extraction_rob,,,,,5,stage-g-merge,,,,,,
hakulinen2020_cohort_t0_paidany_scz,rob:jbi4_subjects_setting_described,unclear,extraction_rob,,,,,5,stage-g-merge,,,,,,
hakulinen2020_cohort_t0_paidany_scz,rob:jbi5_coverage_of_sample,yes,extraction_rob,,,,,5,stage-g-merge,,,,,,
hakulinen2020_cohort_t0_paidany_scz,rob:jbi6_condition_identification,yes,extraction_rob,,,,,5,stage-g-merge,,,,,,
hakulinen2020_cohort_t0_paidany_scz,rob:jbi7_condition_measurement,yes,extraction_rob,,,,,5,stage-g-merge,,,,,,
hakulinen2020_cohort_t0_paidany_scz,rob:jbi8_statistical_analysis,unclear,extraction_rob,,,,,5,stage-g-merge,,,,,,
hakulinen2020_cohort_t0_paidany_scz,rob:jbi9_response_rate,not_applicable,extraction_rob,,,,,5,stage-g-merge,,,,,,
hakulinen2020_cohort_t0_paidany_nonaff,rob:jbi1_sample_frame,yes,extraction_rob,,,,,5,stage-g-merge,,,,,,
hakulinen2020_cohort_t0_paidany_nonaff,rob:jbi2_participant_sampling,yes,extraction_rob,,,,,5,stage-g-merge,,,,,,
hakulinen2020_cohort_t0_paidany_nonaff,rob:jbi3_sample_size,yes,extraction_rob,,,,,5,stage-g-merge,,,,,,
hakulinen2020_cohort_t0_paidany_nonaff,rob:jbi4_subjects_setting_described,unclear,extraction_rob,,,,,5,stage-g-merge,,,,,,
hakulinen2020_cohort_t0_paidany_nonaff,rob:jbi5_coverage_of_sample,yes,extraction_rob,,,,,5,stage-g-merge,,,,,,
hakulinen2020_cohort_t0_paidany_nonaff,rob:jbi6_condition_identification,yes,extraction_rob,,,,,5,stage-g-merge,,,,,,
hakulinen2020_cohort_t0_paidany_nonaff,rob:jbi7_condition_measurement,yes,extraction_rob,,,,,5,stage-g-merge,,,,,,
hakulinen2020_cohort_t0_paidany_nonaff,rob:jbi8_statistical_analysis,unclear,extraction_rob,,,,,5,stage-g-merge,,,,,,
hakulinen2020_cohort_t0_paidany_nonaff,rob:jbi9_response_rate,not_applicable,extraction_rob,,,,,5,stage-g-merge,,,,,,
hui2026_eianalysed_t48m_unclear,rob:jbi1_sample_frame,no,extraction_rob,,,,,5,stage-g-merge,,,,,,
hui2026_eianalysed_t48m_unclear,rob:jbi2_participant_sampling,yes,extraction_rob,,,,,5,stage-g-merge,,,,,,
hui2026_eianalysed_t48m_unclear,rob:jbi3_sample_size,yes,extraction_rob,,,,,5,stage-g-merge,,,,,,
hui2026_eianalysed_t48m_unclear,rob:jbi4_subjects_setting_described,yes,extraction_rob,,,,,5,stage-g-merge,,,,,,
hui2026_eianalysed_t48m_unclear,rob:jbi5_coverage_of_sample,no,extraction_rob,,,,,5,stage-g-merge,,,,,,
hui2026_eianalysed_t48m_unclear,rob:jbi6_condition_identification,yes,extraction_rob,,,,,5,stage-g-merge,,,,,,
hui2026_eianalysed_t48m_unclear,rob:jbi7_condition_measurement,yes,extraction_rob,,,,,5,stage-g-merge,,,,,,
hui2026_eianalysed_t48m_unclear,rob:jbi8_statistical_analysis,no,extraction_rob,,,,,5,stage-g-merge,,,,,,
hui2026_eianalysed_t48m_unclear,rob:jbi9_response_rate,yes,extraction_rob,,,,,5,stage-g-merge,,,,,,
jackel2025_ips_t12m_eet15h,rob:rob2_1_randomisation,some_concerns,extraction_rob,,,,,5,stage-g-merge,,,,,,
jackel2025_ips_t12m_eet15h,rob:rob2_2_deviations,some_concerns,extraction_rob,,,,,5,stage-g-merge,,,,,,
jackel2025_ips_t12m_eet15h,rob:rob2_3_missing_outcome_data,some_concerns,extraction_rob,,,,,5,stage-g-merge,,,,,,
jackel2025_ips_t12m_eet15h,rob:rob2_4_outcome_measurement,some_concerns,extraction_rob,,,,,5,stage-g-merge,,,,,,
jackel2025_ips_t12m_eet15h,rob:rob2_5_selective_reporting,high,extraction_rob,,,,,5,stage-g-merge,,,,,,
jackel2025_ips_t12m_eet15h,rob:rob2_overall,high,extraction_rob,,,,,5,stage-g-merge,,,,,,
jackel2025_tau_t12m_eet15h,rob:rob2_1_randomisation,some_concerns,extraction_rob,,,,,5,stage-g-merge,,,,,,
jackel2025_tau_t12m_eet15h,rob:rob2_2_deviations,some_concerns,extraction_rob,,,,,5,stage-g-merge,,,,,,
jackel2025_tau_t12m_eet15h,rob:rob2_3_missing_outcome_data,some_concerns,extraction_rob,,,,,5,stage-g-merge,,,,,,
jackel2025_tau_t12m_eet15h,rob:rob2_4_outcome_measurement,some_concerns,extraction_rob,,,,,5,stage-g-merge,,,,,,
jackel2025_tau_t12m_eet15h,rob:rob2_5_selective_reporting,high,extraction_rob,,,,,5,stage-g-merge,,,,,,
jackel2025_tau_t12m_eet15h,rob:rob2_overall,high,extraction_rob,,,,,5,stage-g-merge,,,,,,
jackel2025_ips_t12m_eetany,rob:rob2_1_randomisation,some_concerns,extraction_rob,,,,,5,stage-g-merge,,,,,,
jackel2025_ips_t12m_eetany,rob:rob2_2_deviations,some_concerns,extraction_rob,,,,,5,stage-g-merge,,,,,,
jackel2025_ips_t12m_eetany,rob:rob2_3_missing_outcome_data,some_concerns,extraction_rob,,,,,5,stage-g-merge,,,,,,
jackel2025_ips_t12m_eetany,rob:rob2_4_outcome_measurement,high,extraction_rob,,,,,5,stage-g-merge,,,,,,
jackel2025_ips_t12m_eetany,rob:rob2_5_selective_reporting,high,extraction_rob,,,,,5,stage-g-merge,,,,,,
jackel2025_ips_t12m_eetany,rob:rob2_overall,high,extraction_rob,,,,,5,stage-g-merge,,,,,,
jackel2025_tau_t12m_eetany,rob:rob2_1_randomisation,some_concerns,extraction_rob,,,,,5,stage-g-merge,,,,,,
jackel2025_tau_t12m_eetany,rob:rob2_2_deviations,some_concerns,extraction_rob,,,,,5,stage-g-merge,,,,,,
jackel2025_tau_t12m_eetany,rob:rob2_3_missing_outcome_data,some_concerns,extraction_rob,,,,,5,stage-g-merge,,,,,,
jackel2025_tau_t12m_eetany,rob:rob2_4_outcome_measurement,high,extraction_rob,,,,,5,stage-g-merge,,,,,,
jackel2025_tau_t12m_eetany,rob:rob2_5_selective_reporting,high,extraction_rob,,,,,5,stage-g-merge,,,,,,
jackel2025_tau_t12m_eetany,rob:rob2_overall,high,extraction_rob,,,,,5,stage-g-merge,,,,,,
jackel2025_ipsedu_t12m_edutrain,rob:rob2_1_randomisation,some_concerns,extraction_rob,,,,,5,stage-g-merge,,,,,,
jackel2025_ipsedu_t12m_edutrain,rob:rob2_2_deviations,high,extraction_rob,,,,,5,stage-g-merge,,,,,,
jackel2025_ipsedu_t12m_edutrain,rob:rob2_3_missing_outcome_data,high,extraction_rob,,,,,5,stage-g-merge,,,,,,
jackel2025_ipsedu_t12m_edutrain,rob:rob2_4_outcome_measurement,some_concerns,extraction_rob,,,,,5,stage-g-merge,,,,,,
jackel2025_ipsedu_t12m_edutrain,rob:rob2_5_selective_reporting,high,extraction_rob,,,,,5,stage-g-merge,,,,,,
jackel2025_ipsedu_t12m_edutrain,rob:rob2_overall,high,extraction_rob,,,,,5,stage-g-merge,,,,,,
jackel2025_tauedu_t12m_edutrain,rob:rob2_1_randomisation,some_concerns,extraction_rob,,,,,5,stage-g-merge,,,,,,
jackel2025_tauedu_t12m_edutrain,rob:rob2_2_deviations,high,extraction_rob,,,,,5,stage-g-merge,,,,,,
jackel2025_tauedu_t12m_edutrain,rob:rob2_3_missing_outcome_data,high,extraction_rob,,,,,5,stage-g-merge,,,,,,
jackel2025_tauedu_t12m_edutrain,rob:rob2_4_outcome_measurement,some_concerns,extraction_rob,,,,,5,stage-g-merge,,,,,,
jackel2025_tauedu_t12m_edutrain,rob:rob2_5_selective_reporting,high,extraction_rob,,,,,5,stage-g-merge,,,,,,
jackel2025_tauedu_t12m_edutrain,rob:rob2_overall,high,extraction_rob,,,,,5,stage-g-merge,,,,,,
jirapramukpitak2022_early_t12m_paidany,rob:jbi1_sample_frame,yes,extraction_rob,,,,,5,stage-g-merge,,,,,,
jirapramukpitak2022_early_t12m_paidany,rob:jbi2_participant_sampling,unclear,extraction_rob,,,,,5,stage-g-merge,,,,,,
jirapramukpitak2022_early_t12m_paidany,rob:jbi3_sample_size,yes,extraction_rob,,,,,5,stage-g-merge,,,,,,
jirapramukpitak2022_early_t12m_paidany,rob:jbi4_subjects_setting_described,yes,extraction_rob,,,,,5,stage-g-merge,,,,,,
jirapramukpitak2022_early_t12m_paidany,rob:jbi5_coverage_of_sample,yes,extraction_rob,,,,,5,stage-g-merge,,,,,,
jirapramukpitak2022_early_t12m_paidany,rob:jbi6_condition_identification,no,extraction_rob,,,,,5,stage-g-merge,,,,,,
jirapramukpitak2022_early_t12m_paidany,rob:jbi7_condition_measurement,unclear,extraction_rob,,,,,5,stage-g-merge,,,,,,
jirapramukpitak2022_early_t12m_paidany,rob:jbi8_statistical_analysis,yes,extraction_rob,,,,,5,stage-g-merge,,,,,,
jirapramukpitak2022_early_t12m_paidany,rob:jbi9_response_rate,yes,extraction_rob,,,,,5,stage-g-merge,,,,,,
jirapramukpitak2022_later_t12m_paidany,rob:jbi1_sample_frame,yes,extraction_rob,,,,,5,stage-g-merge,,,,,,
jirapramukpitak2022_later_t12m_paidany,rob:jbi2_participant_sampling,unclear,extraction_rob,,,,,5,stage-g-merge,,,,,,
jirapramukpitak2022_later_t12m_paidany,rob:jbi3_sample_size,yes,extraction_rob,,,,,5,stage-g-merge,,,,,,
jirapramukpitak2022_later_t12m_paidany,rob:jbi4_subjects_setting_described,yes,extraction_rob,,,,,5,stage-g-merge,,,,,,
jirapramukpitak2022_later_t12m_paidany,rob:jbi5_coverage_of_sample,yes,extraction_rob,,,,,5,stage-g-merge,,,,,,
jirapramukpitak2022_later_t12m_paidany,rob:jbi6_condition_identification,no,extraction_rob,,,,,5,stage-g-merge,,,,,,
jirapramukpitak2022_later_t12m_paidany,rob:jbi7_condition_measurement,unclear,extraction_rob,,,,,5,stage-g-merge,,,,,,
jirapramukpitak2022_later_t12m_paidany,rob:jbi8_statistical_analysis,yes,extraction_rob,,,,,5,stage-g-merge,,,,,,
jirapramukpitak2022_later_t12m_paidany,rob:jbi9_response_rate,yes,extraction_rob,,,,,5,stage-g-merge,,,,,,
jirapramukpitak2022_earlynonlicm_t12m_paidany,rob:robinsi_1_confounding,serious,extraction_rob,,,,,5,stage-g-merge,,,,,,
jirapramukpitak2022_earlynonlicm_t12m_paidany,rob:robinsi_2_selection,moderate,extraction_rob,,,,,5,stage-g-merge,,,,,,
jirapramukpitak2022_earlynonlicm_t12m_paidany,rob:robinsi_3_classification,low,extraction_rob,,,,,5,stage-g-merge,,,,,,
jirapramukpitak2022_earlynonlicm_t12m_paidany,rob:robinsi_4_deviations,moderate,extraction_rob,,,,,5,stage-g-merge,,,,,,
jirapramukpitak2022_earlynonlicm_t12m_paidany,rob:robinsi_5_missing_data,low,extraction_rob,,,,,5,stage-g-merge,,,,,,
jirapramukpitak2022_earlynonlicm_t12m_paidany,rob:robinsi_6_outcome_measurement,moderate,extraction_rob,,,,,5,stage-g-merge,,,,,,
jirapramukpitak2022_earlynonlicm_t12m_paidany,rob:robinsi_7_selective_reporting,moderate,extraction_rob,,,,,5,stage-g-merge,,,,,,
jirapramukpitak2022_earlynonlicm_t12m_paidany,rob:robinsi_overall,serious,extraction_rob,,,,,5,stage-g-merge,,,,,,
jirapramukpitak2022_earlylicm_t12m_paidany,rob:robinsi_1_confounding,serious,extraction_rob,,,,,5,stage-g-merge,,,,,,
jirapramukpitak2022_earlylicm_t12m_paidany,rob:robinsi_2_selection,moderate,extraction_rob,,,,,5,stage-g-merge,,,,,,
jirapramukpitak2022_earlylicm_t12m_paidany,rob:robinsi_3_classification,low,extraction_rob,,,,,5,stage-g-merge,,,,,,
jirapramukpitak2022_earlylicm_t12m_paidany,rob:robinsi_4_deviations,moderate,extraction_rob,,,,,5,stage-g-merge,,,,,,
jirapramukpitak2022_earlylicm_t12m_paidany,rob:robinsi_5_missing_data,low,extraction_rob,,,,,5,stage-g-merge,,,,,,
jirapramukpitak2022_earlylicm_t12m_paidany,rob:robinsi_6_outcome_measurement,moderate,extraction_rob,,,,,5,stage-g-merge,,,,,,
jirapramukpitak2022_earlylicm_t12m_paidany,rob:robinsi_7_selective_reporting,moderate,extraction_rob,,,,,5,stage-g-merge,,,,,,
jirapramukpitak2022_earlylicm_t12m_paidany,rob:robinsi_overall,serious,extraction_rob,,,,,5,stage-g-merge,,,,,,
jirapramukpitak2022_laternonlicm_t12m_paidany,rob:robinsi_1_confounding,serious,extraction_rob,,,,,5,stage-g-merge,,,,,,
jirapramukpitak2022_laternonlicm_t12m_paidany,rob:robinsi_2_selection,moderate,extraction_rob,,,,,5,stage-g-merge,,,,,,
jirapramukpitak2022_laternonlicm_t12m_paidany,rob:robinsi_3_classification,low,extraction_rob,,,,,5,stage-g-merge,,,,,,
jirapramukpitak2022_laternonlicm_t12m_paidany,rob:robinsi_4_deviations,moderate,extraction_rob,,,,,5,stage-g-merge,,,,,,
jirapramukpitak2022_laternonlicm_t12m_paidany,rob:robinsi_5_missing_data,low,extraction_rob,,,,,5,stage-g-merge,,,,,,
jirapramukpitak2022_laternonlicm_t12m_paidany,rob:robinsi_6_outcome_measurement,moderate,extraction_rob,,,,,5,stage-g-merge,,,,,,
jirapramukpitak2022_laternonlicm_t12m_paidany,rob:robinsi_7_selective_reporting,moderate,extraction_rob,,,,,5,stage-g-merge,,,,,,
jirapramukpitak2022_laternonlicm_t12m_paidany,rob:robinsi_overall,serious,extraction_rob,,,,,5,stage-g-merge,,,,,,
jirapramukpitak2022_laterlicm_t12m_paidany,rob:robinsi_1_confounding,serious,extraction_rob,,,,,5,stage-g-merge,,,,,,
jirapramukpitak2022_laterlicm_t12m_paidany,rob:robinsi_2_selection,moderate,extraction_rob,,,,,5,stage-g-merge,,,,,,
jirapramukpitak2022_laterlicm_t12m_paidany,rob:robinsi_3_classification,low,extraction_rob,,,,,5,stage-g-merge,,,,,,
jirapramukpitak2022_laterlicm_t12m_paidany,rob:robinsi_4_deviations,moderate,extraction_rob,,,,,5,stage-g-merge,,,,,,
jirapramukpitak2022_laterlicm_t12m_paidany,rob:robinsi_5_missing_data,low,extraction_rob,,,,,5,stage-g-merge,,,,,,
jirapramukpitak2022_laterlicm_t12m_paidany,rob:robinsi_6_outcome_measurement,moderate,extraction_rob,,,,,5,stage-g-merge,,,,,,
jirapramukpitak2022_laterlicm_t12m_paidany,rob:robinsi_7_selective_reporting,moderate,extraction_rob,,,,,5,stage-g-merge,,,,,,
jirapramukpitak2022_laterlicm_t12m_paidany,rob:robinsi_overall,serious,extraction_rob,,,,,5,stage-g-merge,,,,,,
khare2021_cohort_t12m_paidany,rob:jbi1_sample_frame,no,extraction_rob,,,,,5,stage-g-merge,,,,,,
khare2021_cohort_t12m_paidany,rob:jbi2_participant_sampling,no,extraction_rob,,,,,5,stage-g-merge,,,,,,
khare2021_cohort_t12m_paidany,rob:jbi3_sample_size,yes,extraction_rob,,,,,5,stage-g-merge,,,,,,
khare2021_cohort_t12m_paidany,rob:jbi4_subjects_setting_described,yes,extraction_rob,,,,,5,stage-g-merge,,,,,,
khare2021_cohort_t12m_paidany,rob:jbi5_coverage_of_sample,yes,extraction_rob,,,,,5,stage-g-merge,,,,,,
khare2021_cohort_t12m_paidany,rob:jbi6_condition_identification,yes,extraction_rob,,,,,5,stage-g-merge,,,,,,
khare2021_cohort_t12m_paidany,rob:jbi7_condition_measurement,yes,extraction_rob,,,,,5,stage-g-merge,,,,,,
khare2021_cohort_t12m_paidany,rob:jbi8_statistical_analysis,yes,extraction_rob,,,,,5,stage-g-merge,,,,,,
khare2021_cohort_t12m_paidany,rob:jbi9_response_rate,unclear,extraction_rob,,,,,5,stage-g-merge,,,,,,
leighton2019_nationaleden_t12m_eet,rob:jbi1_sample_frame,yes,extraction_rob,,,,,5,stage-g-merge,,,,,,
leighton2019_nationaleden_t12m_eet,rob:jbi2_participant_sampling,unclear,extraction_rob,,,,,5,stage-g-merge,,,,,,
leighton2019_nationaleden_t12m_eet,rob:jbi3_sample_size,yes,extraction_rob,,,,,5,stage-g-merge,,,,,,
leighton2019_nationaleden_t12m_eet,rob:jbi4_subjects_setting_described,unclear,extraction_rob,,,,,5,stage-g-merge,,,,,,
leighton2019_nationaleden_t12m_eet,rob:jbi5_coverage_of_sample,unclear,extraction_rob,,,,,5,stage-g-merge,,,,,,
leighton2019_nationaleden_t12m_eet,rob:jbi6_condition_identification,unclear,extraction_rob,,,,,5,stage-g-merge,,,,,,
leighton2019_nationaleden_t12m_eet,rob:jbi7_condition_measurement,unclear,extraction_rob,,,,,5,stage-g-merge,,,,,,
leighton2019_nationaleden_t12m_eet,rob:jbi8_statistical_analysis,yes,extraction_rob,,,,,5,stage-g-merge,,,,,,
leighton2019_nationaleden_t12m_eet,rob:jbi9_response_rate,no,extraction_rob,,,,,5,stage-g-merge,,,,,,
leighton2019b_crisp_t12m_eet,rob:jbi1_sample_frame,yes,extraction_rob,,,,,5,stage-g-merge,,,,,,
leighton2019b_crisp_t12m_eet,rob:jbi2_participant_sampling,unclear,extraction_rob,,,,,5,stage-g-merge,,,,,,
leighton2019b_crisp_t12m_eet,rob:jbi3_sample_size,no,extraction_rob,,,,,5,stage-g-merge,,,,,,
leighton2019b_crisp_t12m_eet,rob:jbi4_subjects_setting_described,yes,extraction_rob,,,,,5,stage-g-merge,,,,,,
leighton2019b_crisp_t12m_eet,rob:jbi5_coverage_of_sample,yes,extraction_rob,,,,,5,stage-g-merge,,,,,,
leighton2019b_crisp_t12m_eet,rob:jbi6_condition_identification,unclear,extraction_rob,,,,,5,stage-g-merge,,,,,,
leighton2019b_crisp_t12m_eet,rob:jbi7_condition_measurement,unclear,extraction_rob,,,,,5,stage-g-merge,,,,,,
leighton2019b_crisp_t12m_eet,rob:jbi8_statistical_analysis,yes,extraction_rob,,,,,5,stage-g-merge,,,,,,
leighton2019b_crisp_t12m_eet,rob:jbi9_response_rate,unclear,extraction_rob,,,,,5,stage-g-merge,,,,,,
leighton2019b_gled_t12m_eet,rob:jbi1_sample_frame,unclear,extraction_rob,,,,,5,stage-g-merge,,,,,,
leighton2019b_gled_t12m_eet,rob:jbi2_participant_sampling,unclear,extraction_rob,,,,,5,stage-g-merge,,,,,,
leighton2019b_gled_t12m_eet,rob:jbi3_sample_size,no,extraction_rob,,,,,5,stage-g-merge,,,,,,
leighton2019b_gled_t12m_eet,rob:jbi4_subjects_setting_described,unclear,extraction_rob,,,,,5,stage-g-merge,,,,,,
leighton2019b_gled_t12m_eet,rob:jbi5_coverage_of_sample,unclear,extraction_rob,,,,,5,stage-g-merge,,,,,,
leighton2019b_gled_t12m_eet,rob:jbi6_condition_identification,unclear,extraction_rob,,,,,5,stage-g-merge,,,,,,
leighton2019b_gled_t12m_eet,rob:jbi7_condition_measurement,unclear,extraction_rob,,,,,5,stage-g-merge,,,,,,
leighton2019b_gled_t12m_eet,rob:jbi8_statistical_analysis,yes,extraction_rob,,,,,5,stage-g-merge,,,,,,
leighton2019b_gled_t12m_eet,rob:jbi9_response_rate,unclear,extraction_rob,,,,,5,stage-g-merge,,,,,,
liangrong2021_cohort_t67m_paidany,rob:jbi1_sample_frame,unclear,extraction_rob,,,,,5,stage-g-merge,,,,,,
liangrong2021_cohort_t67m_paidany,rob:jbi2_participant_sampling,unclear,extraction_rob,,,,,5,stage-g-merge,,,,,,
liangrong2021_cohort_t67m_paidany,rob:jbi3_sample_size,yes,extraction_rob,,,,,5,stage-g-merge,,,,,,
liangrong2021_cohort_t67m_paidany,rob:jbi4_subjects_setting_described,yes,extraction_rob,,,,,5,stage-g-merge,,,,,,
liangrong2021_cohort_t67m_paidany,rob:jbi5_coverage_of_sample,no,extraction_rob,,,,,5,stage-g-merge,,,,,,
liangrong2021_cohort_t67m_paidany,rob:jbi6_condition_identification,unclear,extraction_rob,,,,,5,stage-g-merge,,,,,,
liangrong2021_cohort_t67m_paidany,rob:jbi7_condition_measurement,no,extraction_rob,,,,,5,stage-g-merge,,,,,,
liangrong2021_cohort_t67m_paidany,rob:jbi8_statistical_analysis,yes,extraction_rob,,,,,5,stage-g-merge,,,,,,
liangrong2021_cohort_t67m_paidany,rob:jbi9_response_rate,no,extraction_rob,,,,,5,stage-g-merge,,,,,,
liangrong2021_cohort_t67m_paidoredu,rob:jbi1_sample_frame,unclear,extraction_rob,,,,,5,stage-g-merge,,,,,,
liangrong2021_cohort_t67m_paidoredu,rob:jbi2_participant_sampling,unclear,extraction_rob,,,,,5,stage-g-merge,,,,,,
liangrong2021_cohort_t67m_paidoredu,rob:jbi3_sample_size,yes,extraction_rob,,,,,5,stage-g-merge,,,,,,
liangrong2021_cohort_t67m_paidoredu,rob:jbi4_subjects_setting_described,yes,extraction_rob,,,,,5,stage-g-merge,,,,,,
liangrong2021_cohort_t67m_paidoredu,rob:jbi5_coverage_of_sample,no,extraction_rob,,,,,5,stage-g-merge,,,,,,
liangrong2021_cohort_t67m_paidoredu,rob:jbi6_condition_identification,unclear,extraction_rob,,,,,5,stage-g-merge,,,,,,
liangrong2021_cohort_t67m_paidoredu,rob:jbi7_condition_measurement,no,extraction_rob,,,,,5,stage-g-merge,,,,,,
liangrong2021_cohort_t67m_paidoredu,rob:jbi8_statistical_analysis,yes,extraction_rob,,,,,5,stage-g-merge,,,,,,
liangrong2021_cohort_t67m_paidoredu,rob:jbi9_response_rate,no,extraction_rob,,,,,5,stage-g-merge,,,,,,
liangrong2021_cohort_t67m_edu,rob:jbi1_sample_frame,unclear,extraction_rob,,,,,5,stage-g-merge,,,,,,
liangrong2021_cohort_t67m_edu,rob:jbi2_participant_sampling,unclear,extraction_rob,,,,,5,stage-g-merge,,,,,,
liangrong2021_cohort_t67m_edu,rob:jbi3_sample_size,yes,extraction_rob,,,,,5,stage-g-merge,,,,,,
liangrong2021_cohort_t67m_edu,rob:jbi4_subjects_setting_described,yes,extraction_rob,,,,,5,stage-g-merge,,,,,,
liangrong2021_cohort_t67m_edu,rob:jbi5_coverage_of_sample,no,extraction_rob,,,,,5,stage-g-merge,,,,,,
liangrong2021_cohort_t67m_edu,rob:jbi6_condition_identification,unclear,extraction_rob,,,,,5,stage-g-merge,,,,,,
liangrong2021_cohort_t67m_edu,rob:jbi7_condition_measurement,no,extraction_rob,,,,,5,stage-g-merge,,,,,,
liangrong2021_cohort_t67m_edu,rob:jbi8_statistical_analysis,yes,extraction_rob,,,,,5,stage-g-merge,,,,,,
liangrong2021_cohort_t67m_edu,rob:jbi9_response_rate,no,extraction_rob,,,,,5,stage-g-merge,,,,,,
lindgren2020_cohort_t12m_paidoredu,rob:jbi1_sample_frame,yes,extraction_rob,,,,,5,stage-g-merge,,,,,,
lindgren2020_cohort_t12m_paidoredu,rob:jbi2_participant_sampling,unclear,extraction_rob,,,,,5,stage-g-merge,,,,,,
lindgren2020_cohort_t12m_paidoredu,rob:jbi3_sample_size,no,extraction_rob,,,,,5,stage-g-merge,,,,,,
lindgren2020_cohort_t12m_paidoredu,rob:jbi4_subjects_setting_described,yes,extraction_rob,,,,,5,stage-g-merge,,,,,,
lindgren2020_cohort_t12m_paidoredu,rob:jbi5_coverage_of_sample,no,extraction_rob,,,,,5,stage-g-merge,,,,,,
lindgren2020_cohort_t12m_paidoredu,rob:jbi6_condition_identification,unclear,extraction_rob,,,,,5,stage-g-merge,,,,,,
lindgren2020_cohort_t12m_paidoredu,rob:jbi7_condition_measurement,yes,extraction_rob,,,,,5,stage-g-merge,,,,,,
lindgren2020_cohort_t12m_paidoredu,rob:jbi8_statistical_analysis,yes,extraction_rob,,,,,5,stage-g-merge,,,,,,
lindgren2020_cohort_t12m_paidoredu,rob:jbi9_response_rate,unclear,extraction_rob,,,,,5,stage-g-merge,,,,,,
luo2019_act_t12m_paidany,rob:rob2_1_randomisation,low,extraction_rob,,,,,5,stage-g-merge,,,,,,
luo2019_act_t12m_paidany,rob:rob2_2_deviations,some_concerns,extraction_rob,,,,,5,stage-g-merge,,,,,,
luo2019_act_t12m_paidany,rob:rob2_3_missing_outcome_data,some_concerns,extraction_rob,,,,,5,stage-g-merge,,,,,,
luo2019_act_t12m_paidany,rob:rob2_4_outcome_measurement,some_concerns,extraction_rob,,,,,5,stage-g-merge,,,,,,
luo2019_act_t12m_paidany,rob:rob2_5_selective_reporting,some_concerns,extraction_rob,,,,,5,stage-g-merge,,,,,,
luo2019_act_t12m_paidany,rob:rob2_overall,high,extraction_rob,,,,,5,stage-g-merge,,,,,,
luo2019_tau_t12m_paidany,rob:rob2_1_randomisation,low,extraction_rob,,,,,5,stage-g-merge,,,,,,
luo2019_tau_t12m_paidany,rob:rob2_2_deviations,some_concerns,extraction_rob,,,,,5,stage-g-merge,,,,,,
luo2019_tau_t12m_paidany,rob:rob2_3_missing_outcome_data,some_concerns,extraction_rob,,,,,5,stage-g-merge,,,,,,
luo2019_tau_t12m_paidany,rob:rob2_4_outcome_measurement,some_concerns,extraction_rob,,,,,5,stage-g-merge,,,,,,
luo2019_tau_t12m_paidany,rob:rob2_5_selective_reporting,some_concerns,extraction_rob,,,,,5,stage-g-merge,,,,,,
luo2019_tau_t12m_paidany,rob:rob2_overall,high,extraction_rob,,,,,5,stage-g-merge,,,,,,
luo2019_act_t12m_paidcomp,rob:rob2_1_randomisation,low,extraction_rob,,,,,5,stage-g-merge,,,,,,
luo2019_act_t12m_paidcomp,rob:rob2_2_deviations,some_concerns,extraction_rob,,,,,5,stage-g-merge,,,,,,
luo2019_act_t12m_paidcomp,rob:rob2_3_missing_outcome_data,some_concerns,extraction_rob,,,,,5,stage-g-merge,,,,,,
luo2019_act_t12m_paidcomp,rob:rob2_4_outcome_measurement,some_concerns,extraction_rob,,,,,5,stage-g-merge,,,,,,
luo2019_act_t12m_paidcomp,rob:rob2_5_selective_reporting,high,extraction_rob,,,,,5,stage-g-merge,,,,,,
luo2019_act_t12m_paidcomp,rob:rob2_overall,high,extraction_rob,,,,,5,stage-g-merge,,,,,,
luo2019_act_t12m_transitional,rob:rob2_1_randomisation,low,extraction_rob,,,,,5,stage-g-merge,,,,,,
luo2019_act_t12m_transitional,rob:rob2_2_deviations,some_concerns,extraction_rob,,,,,5,stage-g-merge,,,,,,
luo2019_act_t12m_transitional,rob:rob2_3_missing_outcome_data,some_concerns,extraction_rob,,,,,5,stage-g-merge,,,,,,
luo2019_act_t12m_transitional,rob:rob2_4_outcome_measurement,some_concerns,extraction_rob,,,,,5,stage-g-merge,,,,,,
luo2019_act_t12m_transitional,rob:rob2_5_selective_reporting,high,extraction_rob,,,,,5,stage-g-merge,,,,,,
luo2019_act_t12m_transitional,rob:rob2_overall,high,extraction_rob,,,,,5,stage-g-merge,,,,,,
maguire2021_cohort_discharge_paidoreduc,rob:jbi1_sample_frame,yes,extraction_rob,,,,,5,stage-g-merge,,,,,,
maguire2021_cohort_discharge_paidoreduc,rob:jbi2_participant_sampling,yes,extraction_rob,,,,,5,stage-g-merge,,,,,,
maguire2021_cohort_discharge_paidoreduc,rob:jbi3_sample_size,yes,extraction_rob,,,,,5,stage-g-merge,,,,,,
maguire2021_cohort_discharge_paidoreduc,rob:jbi4_subjects_setting_described,yes,extraction_rob,,,,,5,stage-g-merge,,,,,,
maguire2021_cohort_discharge_paidoreduc,rob:jbi5_coverage_of_sample,unclear,extraction_rob,,,,,5,stage-g-merge,,,,,,
maguire2021_cohort_discharge_paidoreduc,rob:jbi6_condition_identification,no,extraction_rob,,,,,5,stage-g-merge,,,,,,
maguire2021_cohort_discharge_paidoreduc,rob:jbi7_condition_measurement,no,extraction_rob,,,,,5,stage-g-merge,,,,,,
maguire2021_cohort_discharge_paidoreduc,rob:jbi8_statistical_analysis,unclear,extraction_rob,,,,,5,stage-g-merge,,,,,,
maguire2021_cohort_discharge_paidoreduc,rob:jbi9_response_rate,unclear,extraction_rob,,,,,5,stage-g-merge,,,,,,
martini2017_cohort_t18m_paidthreshold30d,rob:jbi1_sample_frame,no,extraction_rob,,,,,5,stage-g-merge,,,,,,
martini2017_cohort_t18m_paidthreshold30d,rob:jbi2_participant_sampling,no,extraction_rob,,,,,5,stage-g-merge,,,,,,
martini2017_cohort_t18m_paidthreshold30d,rob:jbi3_sample_size,no,extraction_rob,,,,,5,stage-g-merge,,,,,,
martini2017_cohort_t18m_paidthreshold30d,rob:jbi4_subjects_setting_described,yes,extraction_rob,,,,,5,stage-g-merge,,,,,,
martini2017_cohort_t18m_paidthreshold30d,rob:jbi5_coverage_of_sample,unclear,extraction_rob,,,,,5,stage-g-merge,,,,,,
martini2017_cohort_t18m_paidthreshold30d,rob:jbi6_condition_identification,yes,extraction_rob,,,,,5,stage-g-merge,,,,,,
martini2017_cohort_t18m_paidthreshold30d,rob:jbi7_condition_measurement,unclear,extraction_rob,,,,,5,stage-g-merge,,,,,,
martini2017_cohort_t18m_paidthreshold30d,rob:jbi8_statistical_analysis,no,extraction_rob,,,,,5,stage-g-merge,,,,,,
martini2017_cohort_t18m_paidthreshold30d,rob:jbi9_response_rate,unclear,extraction_rob,,,,,5,stage-g-merge,,,,,,
moncrieff2025_cohort_t24m_eet,rob:jbi1_sample_frame,no,extraction_rob,,,,,5,stage-g-merge,,,,,,
moncrieff2025_cohort_t24m_eet,rob:jbi2_participant_sampling,unclear,extraction_rob,,,,,5,stage-g-merge,,,,,,
moncrieff2025_cohort_t24m_eet,rob:jbi3_sample_size,yes,extraction_rob,,,,,5,stage-g-merge,,,,,,
moncrieff2025_cohort_t24m_eet,rob:jbi4_subjects_setting_described,yes,extraction_rob,,,,,5,stage-g-merge,,,,,,
moncrieff2025_cohort_t24m_eet,rob:jbi5_coverage_of_sample,no,extraction_rob,,,,,5,stage-g-merge,,,,,,
moncrieff2025_cohort_t24m_eet,rob:jbi6_condition_identification,unclear,extraction_rob,,,,,5,stage-g-merge,,,,,,
moncrieff2025_cohort_t24m_eet,rob:jbi7_condition_measurement,unclear,extraction_rob,,,,,5,stage-g-merge,,,,,,
moncrieff2025_cohort_t24m_eet,rob:jbi8_statistical_analysis,unclear,extraction_rob,,,,,5,stage-g-merge,,,,,,
moncrieff2025_cohort_t24m_eet,rob:jbi9_response_rate,no,extraction_rob,,,,,5,stage-g-merge,,,,,,
mcgurk2016_evr_t36m_paidcomp,rob:rob2_1_randomisation,some_concerns,extraction_rob,,,,,5,stage-g-merge,,,,,,
mcgurk2016_evr_t36m_paidcomp,rob:rob2_2_deviations,some_concerns,extraction_rob,,,,,5,stage-g-merge,,,,,,
mcgurk2016_evr_t36m_paidcomp,rob:rob2_3_missing_outcome_data,some_concerns,extraction_rob,,,,,5,stage-g-merge,,,,,,
mcgurk2016_evr_t36m_paidcomp,rob:rob2_4_outcome_measurement,some_concerns,extraction_rob,,,,,5,stage-g-merge,,,,,,
mcgurk2016_evr_t36m_paidcomp,rob:rob2_5_selective_reporting,some_concerns,extraction_rob,,,,,5,stage-g-merge,,,,,,
mcgurk2016_evr_t36m_paidcomp,rob:rob2_overall,some_concerns,extraction_rob,,,,,5,stage-g-merge,,,,,,
mcgurk2016_evr_t36m_paidany,rob:rob2_1_randomisation,some_concerns,extraction_rob,,,,,5,stage-g-merge,,,,,,
mcgurk2016_evr_t36m_paidany,rob:rob2_2_deviations,some_concerns,extraction_rob,,,,,5,stage-g-merge,,,,,,
mcgurk2016_evr_t36m_paidany,rob:rob2_3_missing_outcome_data,some_concerns,extraction_rob,,,,,5,stage-g-merge,,,,,,
mcgurk2016_evr_t36m_paidany,rob:rob2_4_outcome_measurement,some_concerns,extraction_rob,,,,,5,stage-g-merge,,,,,,
mcgurk2016_evr_t36m_paidany,rob:rob2_5_selective_reporting,some_concerns,extraction_rob,,,,,5,stage-g-merge,,,,,,
mcgurk2016_evr_t36m_paidany,rob:rob2_overall,some_concerns,extraction_rob,,,,,5,stage-g-merge,,,,,,
mcgurk2016_evr_t36m_vocact,rob:rob2_1_randomisation,some_concerns,extraction_rob,,,,,5,stage-g-merge,,,,,,
mcgurk2016_evr_t36m_vocact,rob:rob2_2_deviations,some_concerns,extraction_rob,,,,,5,stage-g-merge,,,,,,
mcgurk2016_evr_t36m_vocact,rob:rob2_3_missing_outcome_data,some_concerns,extraction_rob,,,,,5,stage-g-merge,,,,,,
mcgurk2016_evr_t36m_vocact,rob:rob2_4_outcome_measurement,some_concerns,extraction_rob,,,,,5,stage-g-merge,,,,,,
mcgurk2016_evr_t36m_vocact,rob:rob2_5_selective_reporting,some_concerns,extraction_rob,,,,,5,stage-g-merge,,,,,,
mcgurk2016_evr_t36m_vocact,rob:rob2_overall,some_concerns,extraction_rob,,,,,5,stage-g-merge,,,,,,
mcgurk2016_tsw_t36m_paidcomp,rob:rob2_1_randomisation,some_concerns,extraction_rob,,,,,5,stage-g-merge,,,,,,
mcgurk2016_tsw_t36m_paidcomp,rob:rob2_2_deviations,some_concerns,extraction_rob,,,,,5,stage-g-merge,,,,,,
mcgurk2016_tsw_t36m_paidcomp,rob:rob2_3_missing_outcome_data,some_concerns,extraction_rob,,,,,5,stage-g-merge,,,,,,
mcgurk2016_tsw_t36m_paidcomp,rob:rob2_4_outcome_measurement,some_concerns,extraction_rob,,,,,5,stage-g-merge,,,,,,
mcgurk2016_tsw_t36m_paidcomp,rob:rob2_5_selective_reporting,some_concerns,extraction_rob,,,,,5,stage-g-merge,,,,,,
mcgurk2016_tsw_t36m_paidcomp,rob:rob2_overall,some_concerns,extraction_rob,,,,,5,stage-g-merge,,,,,,
mcgurk2016_tsw_t36m_paidany,rob:rob2_1_randomisation,some_concerns,extraction_rob,,,,,5,stage-g-merge,,,,,,
mcgurk2016_tsw_t36m_paidany,rob:rob2_2_deviations,some_concerns,extraction_rob,,,,,5,stage-g-merge,,,,,,
mcgurk2016_tsw_t36m_paidany,rob:rob2_3_missing_outcome_data,some_concerns,extraction_rob,,,,,5,stage-g-merge,,,,,,
mcgurk2016_tsw_t36m_paidany,rob:rob2_4_outcome_measurement,some_concerns,extraction_rob,,,,,5,stage-g-merge,,,,,,
mcgurk2016_tsw_t36m_paidany,rob:rob2_5_selective_reporting,some_concerns,extraction_rob,,,,,5,stage-g-merge,,,,,,
mcgurk2016_tsw_t36m_paidany,rob:rob2_overall,some_concerns,extraction_rob,,,,,5,stage-g-merge,,,,,,
mcgurk2016_tsw_t36m_vocact,rob:rob2_1_randomisation,some_concerns,extraction_rob,,,,,5,stage-g-merge,,,,,,
mcgurk2016_tsw_t36m_vocact,rob:rob2_2_deviations,some_concerns,extraction_rob,,,,,5,stage-g-merge,,,,,,
mcgurk2016_tsw_t36m_vocact,rob:rob2_3_missing_outcome_data,some_concerns,extraction_rob,,,,,5,stage-g-merge,,,,,,
mcgurk2016_tsw_t36m_vocact,rob:rob2_4_outcome_measurement,some_concerns,extraction_rob,,,,,5,stage-g-merge,,,,,,
mcgurk2016_tsw_t36m_vocact,rob:rob2_5_selective_reporting,some_concerns,extraction_rob,,,,,5,stage-g-merge,,,,,,
mcgurk2016_tsw_t36m_vocact,rob:rob2_overall,some_concerns,extraction_rob,,,,,5,stage-g-merge,,,,,,
mervis2017_ivip_t12m_unclear,rob:rob2_1_randomisation,some_concerns,extraction_rob,,,,,5,stage-g-merge,,,,,,
mervis2017_ivip_t12m_unclear,rob:rob2_2_deviations,some_concerns,extraction_rob,,,,,5,stage-g-merge,,,,,,
mervis2017_ivip_t12m_unclear,rob:rob2_3_missing_outcome_data,some_concerns,extraction_rob,,,,,5,stage-g-merge,,,,,,
mervis2017_ivip_t12m_unclear,rob:rob2_4_outcome_measurement,high,extraction_rob,,,,,5,stage-g-merge,,,,,,
mervis2017_ivip_t12m_unclear,rob:rob2_5_selective_reporting,some_concerns,extraction_rob,,,,,5,stage-g-merge,,,,,,
mervis2017_ivip_t12m_unclear,rob:rob2_overall,high,extraction_rob,,,,,5,stage-g-merge,,,,,,
mervis2017_sg_t12m_unclear,rob:rob2_1_randomisation,some_concerns,extraction_rob,,,,,5,stage-g-merge,,,,,,
mervis2017_sg_t12m_unclear,rob:rob2_2_deviations,some_concerns,extraction_rob,,,,,5,stage-g-merge,,,,,,
mervis2017_sg_t12m_unclear,rob:rob2_3_missing_outcome_data,some_concerns,extraction_rob,,,,,5,stage-g-merge,,,,,,
mervis2017_sg_t12m_unclear,rob:rob2_4_outcome_measurement,high,extraction_rob,,,,,5,stage-g-merge,,,,,,
mervis2017_sg_t12m_unclear,rob:rob2_5_selective_reporting,some_concerns,extraction_rob,,,,,5,stage-g-merge,,,,,,
mervis2017_sg_t12m_unclear,rob:rob2_overall,high,extraction_rob,,,,,5,stage-g-merge,,,,,,
mucci2021_cohort_t48m_working,rob:jbi1_sample_frame,yes,extraction_rob,,,,,5,stage-g-merge,,,,,,
mucci2021_cohort_t48m_working,rob:jbi2_participant_sampling,yes,extraction_rob,,,,,5,stage-g-merge,,,,,,
mucci2021_cohort_t48m_working,rob:jbi3_sample_size,yes,extraction_rob,,,,,5,stage-g-merge,,,,,,
mucci2021_cohort_t48m_working,rob:jbi4_subjects_setting_described,unclear,extraction_rob,,,,,5,stage-g-merge,,,,,,
mucci2021_cohort_t48m_working,rob:jbi5_coverage_of_sample,no,extraction_rob,,,,,5,stage-g-merge,,,,,,
mucci2021_cohort_t48m_working,rob:jbi6_condition_identification,yes,extraction_rob,,,,,5,stage-g-merge,,,,,,
mucci2021_cohort_t48m_working,rob:jbi7_condition_measurement,unclear,extraction_rob,,,,,5,stage-g-merge,,,,,,
mucci2021_cohort_t48m_working,rob:jbi8_statistical_analysis,no,extraction_rob,,,,,5,stage-g-merge,,,,,,
mucci2021_cohort_t48m_working,rob:jbi9_response_rate,no,extraction_rob,,,,,5,stage-g-merge,,,,,,
nakamura2025_cohort_t12m_paidany,rob:jbi1_sample_frame,no,extraction_rob,,,,,5,stage-g-merge,,,,,,
nakamura2025_cohort_t12m_paidany,rob:jbi2_participant_sampling,no,extraction_rob,,,,,5,stage-g-merge,,,,,,
nakamura2025_cohort_t12m_paidany,rob:jbi3_sample_size,no,extraction_rob,,,,,5,stage-g-merge,,,,,,
nakamura2025_cohort_t12m_paidany,rob:jbi4_subjects_setting_described,yes,extraction_rob,,,,,5,stage-g-merge,,,,,,
nakamura2025_cohort_t12m_paidany,rob:jbi5_coverage_of_sample,unclear,extraction_rob,,,,,5,stage-g-merge,,,,,,
nakamura2025_cohort_t12m_paidany,rob:jbi6_condition_identification,yes,extraction_rob,,,,,5,stage-g-merge,,,,,,
nakamura2025_cohort_t12m_paidany,rob:jbi7_condition_measurement,unclear,extraction_rob,,,,,5,stage-g-merge,,,,,,
nakamura2025_cohort_t12m_paidany,rob:jbi8_statistical_analysis,unclear,extraction_rob,,,,,5,stage-g-merge,,,,,,
nakamura2025_cohort_t12m_paidany,rob:jbi9_response_rate,unclear,extraction_rob,,,,,5,stage-g-merge,,,,,,
nakamura2025_cohort_t12m_vocact_composite,rob:jbi1_sample_frame,no,extraction_rob,,,,,5,stage-g-merge,,,,,,
nakamura2025_cohort_t12m_vocact_composite,rob:jbi2_participant_sampling,no,extraction_rob,,,,,5,stage-g-merge,,,,,,
nakamura2025_cohort_t12m_vocact_composite,rob:jbi3_sample_size,no,extraction_rob,,,,,5,stage-g-merge,,,,,,
nakamura2025_cohort_t12m_vocact_composite,rob:jbi4_subjects_setting_described,yes,extraction_rob,,,,,5,stage-g-merge,,,,,,
nakamura2025_cohort_t12m_vocact_composite,rob:jbi5_coverage_of_sample,unclear,extraction_rob,,,,,5,stage-g-merge,,,,,,
nakamura2025_cohort_t12m_vocact_composite,rob:jbi6_condition_identification,yes,extraction_rob,,,,,5,stage-g-merge,,,,,,
nakamura2025_cohort_t12m_vocact_composite,rob:jbi7_condition_measurement,unclear,extraction_rob,,,,,5,stage-g-merge,,,,,,
nakamura2025_cohort_t12m_vocact_composite,rob:jbi8_statistical_analysis,unclear,extraction_rob,,,,,5,stage-g-merge,,,,,,
nakamura2025_cohort_t12m_vocact_composite,rob:jbi9_response_rate,unclear,extraction_rob,,,,,5,stage-g-merge,,,,,,
nakamura2025_cohort_t12m_vocact_typeb,rob:jbi1_sample_frame,no,extraction_rob,,,,,5,stage-g-merge,,,,,,
nakamura2025_cohort_t12m_vocact_typeb,rob:jbi2_participant_sampling,no,extraction_rob,,,,,5,stage-g-merge,,,,,,
nakamura2025_cohort_t12m_vocact_typeb,rob:jbi3_sample_size,no,extraction_rob,,,,,5,stage-g-merge,,,,,,
nakamura2025_cohort_t12m_vocact_typeb,rob:jbi4_subjects_setting_described,yes,extraction_rob,,,,,5,stage-g-merge,,,,,,
nakamura2025_cohort_t12m_vocact_typeb,rob:jbi5_coverage_of_sample,unclear,extraction_rob,,,,,5,stage-g-merge,,,,,,
nakamura2025_cohort_t12m_vocact_typeb,rob:jbi6_condition_identification,yes,extraction_rob,,,,,5,stage-g-merge,,,,,,
nakamura2025_cohort_t12m_vocact_typeb,rob:jbi7_condition_measurement,unclear,extraction_rob,,,,,5,stage-g-merge,,,,,,
nakamura2025_cohort_t12m_vocact_typeb,rob:jbi8_statistical_analysis,unclear,extraction_rob,,,,,5,stage-g-merge,,,,,,
nakamura2025_cohort_t12m_vocact_typeb,rob:jbi9_response_rate,unclear,extraction_rob,,,,,5,stage-g-merge,,,,,,
pedersen2025_morpheus_t24m_paid_any_point,rob:robinsi_1_confounding,serious,extraction_rob,,,,,5,stage-g-merge,,,,,,
pedersen2025_morpheus_t24m_paid_any_point,rob:robinsi_2_selection,serious,extraction_rob,,,,,5,stage-g-merge,,,,,,
pedersen2025_morpheus_t24m_paid_any_point,rob:robinsi_3_classification,moderate,extraction_rob,,,,,5,stage-g-merge,,,,,,
pedersen2025_morpheus_t24m_paid_any_point,rob:robinsi_4_deviations,moderate,extraction_rob,,,,,5,stage-g-merge,,,,,,
pedersen2025_morpheus_t24m_paid_any_point,rob:robinsi_5_missing_data,low,extraction_rob,,,,,5,stage-g-merge,,,,,,
pedersen2025_morpheus_t24m_paid_any_point,rob:robinsi_6_outcome_measurement,low,extraction_rob,,,,,5,stage-g-merge,,,,,,
pedersen2025_morpheus_t24m_paid_any_point,rob:robinsi_7_selective_reporting,moderate,extraction_rob,,,,,5,stage-g-merge,,,,,,
pedersen2025_morpheus_t24m_paid_any_point,rob:robinsi_overall,serious,extraction_rob,,,,,5,stage-g-merge,,,,,,
pedersen2025_standard_t24m_paid_any_point,rob:robinsi_1_confounding,serious,extraction_rob,,,,,5,stage-g-merge,,,,,,
pedersen2025_standard_t24m_paid_any_point,rob:robinsi_2_selection,serious,extraction_rob,,,,,5,stage-g-merge,,,,,,
pedersen2025_standard_t24m_paid_any_point,rob:robinsi_3_classification,moderate,extraction_rob,,,,,5,stage-g-merge,,,,,,
pedersen2025_standard_t24m_paid_any_point,rob:robinsi_4_deviations,moderate,extraction_rob,,,,,5,stage-g-merge,,,,,,
pedersen2025_standard_t24m_paid_any_point,rob:robinsi_5_missing_data,low,extraction_rob,,,,,5,stage-g-merge,,,,,,
pedersen2025_standard_t24m_paid_any_point,rob:robinsi_6_outcome_measurement,low,extraction_rob,,,,,5,stage-g-merge,,,,,,
pedersen2025_standard_t24m_paid_any_point,rob:robinsi_7_selective_reporting,moderate,extraction_rob,,,,,5,stage-g-merge,,,,,,
pedersen2025_standard_t24m_paid_any_point,rob:robinsi_overall,serious,extraction_rob,,,,,5,stage-g-merge,,,,,,
pedersen2025_morpheus_t48m_paid_any_point,rob:robinsi_1_confounding,serious,extraction_rob,,,,,5,stage-g-merge,,,,,,
pedersen2025_morpheus_t48m_paid_any_point,rob:robinsi_2_selection,serious,extraction_rob,,,,,5,stage-g-merge,,,,,,
pedersen2025_morpheus_t48m_paid_any_point,rob:robinsi_3_classification,moderate,extraction_rob,,,,,5,stage-g-merge,,,,,,
pedersen2025_morpheus_t48m_paid_any_point,rob:robinsi_4_deviations,moderate,extraction_rob,,,,,5,stage-g-merge,,,,,,
pedersen2025_morpheus_t48m_paid_any_point,rob:robinsi_5_missing_data,low,extraction_rob,,,,,5,stage-g-merge,,,,,,
pedersen2025_morpheus_t48m_paid_any_point,rob:robinsi_6_outcome_measurement,low,extraction_rob,,,,,5,stage-g-merge,,,,,,
pedersen2025_morpheus_t48m_paid_any_point,rob:robinsi_7_selective_reporting,moderate,extraction_rob,,,,,5,stage-g-merge,,,,,,
pedersen2025_morpheus_t48m_paid_any_point,rob:robinsi_overall,serious,extraction_rob,,,,,5,stage-g-merge,,,,,,
pedersen2025_standard_t48m_paid_any_point,rob:robinsi_1_confounding,serious,extraction_rob,,,,,5,stage-g-merge,,,,,,
pedersen2025_standard_t48m_paid_any_point,rob:robinsi_2_selection,serious,extraction_rob,,,,,5,stage-g-merge,,,,,,
pedersen2025_standard_t48m_paid_any_point,rob:robinsi_3_classification,moderate,extraction_rob,,,,,5,stage-g-merge,,,,,,
pedersen2025_standard_t48m_paid_any_point,rob:robinsi_4_deviations,moderate,extraction_rob,,,,,5,stage-g-merge,,,,,,
pedersen2025_standard_t48m_paid_any_point,rob:robinsi_5_missing_data,low,extraction_rob,,,,,5,stage-g-merge,,,,,,
pedersen2025_standard_t48m_paid_any_point,rob:robinsi_6_outcome_measurement,low,extraction_rob,,,,,5,stage-g-merge,,,,,,
pedersen2025_standard_t48m_paid_any_point,rob:robinsi_7_selective_reporting,moderate,extraction_rob,,,,,5,stage-g-merge,,,,,,
pedersen2025_standard_t48m_paid_any_point,rob:robinsi_overall,serious,extraction_rob,,,,,5,stage-g-merge,,,,,,
pedersen2025_morpheus_t24m_paid_any_any,rob:robinsi_1_confounding,serious,extraction_rob,,,,,5,stage-g-merge,,,,,,
pedersen2025_morpheus_t24m_paid_any_any,rob:robinsi_2_selection,serious,extraction_rob,,,,,5,stage-g-merge,,,,,,
pedersen2025_morpheus_t24m_paid_any_any,rob:robinsi_3_classification,moderate,extraction_rob,,,,,5,stage-g-merge,,,,,,
pedersen2025_morpheus_t24m_paid_any_any,rob:robinsi_4_deviations,moderate,extraction_rob,,,,,5,stage-g-merge,,,,,,
pedersen2025_morpheus_t24m_paid_any_any,rob:robinsi_5_missing_data,low,extraction_rob,,,,,5,stage-g-merge,,,,,,
pedersen2025_morpheus_t24m_paid_any_any,rob:robinsi_6_outcome_measurement,low,extraction_rob,,,,,5,stage-g-merge,,,,,,
pedersen2025_morpheus_t24m_paid_any_any,rob:robinsi_7_selective_reporting,moderate,extraction_rob,,,,,5,stage-g-merge,,,,,,
pedersen2025_morpheus_t24m_paid_any_any,rob:robinsi_overall,serious,extraction_rob,,,,,5,stage-g-merge,,,,,,
pedersen2025_standard_t24m_paid_any_any,rob:robinsi_1_confounding,serious,extraction_rob,,,,,5,stage-g-merge,,,,,,
pedersen2025_standard_t24m_paid_any_any,rob:robinsi_2_selection,serious,extraction_rob,,,,,5,stage-g-merge,,,,,,
pedersen2025_standard_t24m_paid_any_any,rob:robinsi_3_classification,moderate,extraction_rob,,,,,5,stage-g-merge,,,,,,
pedersen2025_standard_t24m_paid_any_any,rob:robinsi_4_deviations,moderate,extraction_rob,,,,,5,stage-g-merge,,,,,,
pedersen2025_standard_t24m_paid_any_any,rob:robinsi_5_missing_data,low,extraction_rob,,,,,5,stage-g-merge,,,,,,
pedersen2025_standard_t24m_paid_any_any,rob:robinsi_6_outcome_measurement,low,extraction_rob,,,,,5,stage-g-merge,,,,,,
pedersen2025_standard_t24m_paid_any_any,rob:robinsi_7_selective_reporting,moderate,extraction_rob,,,,,5,stage-g-merge,,,,,,
pedersen2025_standard_t24m_paid_any_any,rob:robinsi_overall,serious,extraction_rob,,,,,5,stage-g-merge,,,,,,
pedersen2025_morpheus_t48m_paid_any_any,rob:robinsi_1_confounding,serious,extraction_rob,,,,,5,stage-g-merge,,,,,,
pedersen2025_morpheus_t48m_paid_any_any,rob:robinsi_2_selection,serious,extraction_rob,,,,,5,stage-g-merge,,,,,,
pedersen2025_morpheus_t48m_paid_any_any,rob:robinsi_3_classification,moderate,extraction_rob,,,,,5,stage-g-merge,,,,,,
pedersen2025_morpheus_t48m_paid_any_any,rob:robinsi_4_deviations,moderate,extraction_rob,,,,,5,stage-g-merge,,,,,,
pedersen2025_morpheus_t48m_paid_any_any,rob:robinsi_5_missing_data,low,extraction_rob,,,,,5,stage-g-merge,,,,,,
pedersen2025_morpheus_t48m_paid_any_any,rob:robinsi_6_outcome_measurement,low,extraction_rob,,,,,5,stage-g-merge,,,,,,
pedersen2025_morpheus_t48m_paid_any_any,rob:robinsi_7_selective_reporting,moderate,extraction_rob,,,,,5,stage-g-merge,,,,,,
pedersen2025_morpheus_t48m_paid_any_any,rob:robinsi_overall,serious,extraction_rob,,,,,5,stage-g-merge,,,,,,
pedersen2025_standard_t48m_paid_any_any,rob:robinsi_1_confounding,serious,extraction_rob,,,,,5,stage-g-merge,,,,,,
pedersen2025_standard_t48m_paid_any_any,rob:robinsi_2_selection,serious,extraction_rob,,,,,5,stage-g-merge,,,,,,
pedersen2025_standard_t48m_paid_any_any,rob:robinsi_3_classification,moderate,extraction_rob,,,,,5,stage-g-merge,,,,,,
pedersen2025_standard_t48m_paid_any_any,rob:robinsi_4_deviations,moderate,extraction_rob,,,,,5,stage-g-merge,,,,,,
pedersen2025_standard_t48m_paid_any_any,rob:robinsi_5_missing_data,low,extraction_rob,,,,,5,stage-g-merge,,,,,,
pedersen2025_standard_t48m_paid_any_any,rob:robinsi_6_outcome_measurement,low,extraction_rob,,,,,5,stage-g-merge,,,,,,
pedersen2025_standard_t48m_paid_any_any,rob:robinsi_7_selective_reporting,moderate,extraction_rob,,,,,5,stage-g-merge,,,,,,
pedersen2025_standard_t48m_paid_any_any,rob:robinsi_overall,serious,extraction_rob,,,,,5,stage-g-merge,,,,,,
pedersen2025_morpheus_t24m_edu_point,rob:robinsi_1_confounding,serious,extraction_rob,,,,,5,stage-g-merge,,,,,,
pedersen2025_morpheus_t24m_edu_point,rob:robinsi_2_selection,serious,extraction_rob,,,,,5,stage-g-merge,,,,,,
pedersen2025_morpheus_t24m_edu_point,rob:robinsi_3_classification,moderate,extraction_rob,,,,,5,stage-g-merge,,,,,,
pedersen2025_morpheus_t24m_edu_point,rob:robinsi_4_deviations,moderate,extraction_rob,,,,,5,stage-g-merge,,,,,,
pedersen2025_morpheus_t24m_edu_point,rob:robinsi_5_missing_data,low,extraction_rob,,,,,5,stage-g-merge,,,,,,
pedersen2025_morpheus_t24m_edu_point,rob:robinsi_6_outcome_measurement,low,extraction_rob,,,,,5,stage-g-merge,,,,,,
pedersen2025_morpheus_t24m_edu_point,rob:robinsi_7_selective_reporting,moderate,extraction_rob,,,,,5,stage-g-merge,,,,,,
pedersen2025_morpheus_t24m_edu_point,rob:robinsi_overall,serious,extraction_rob,,,,,5,stage-g-merge,,,,,,
pedersen2025_standard_t24m_edu_point,rob:robinsi_1_confounding,serious,extraction_rob,,,,,5,stage-g-merge,,,,,,
pedersen2025_standard_t24m_edu_point,rob:robinsi_2_selection,serious,extraction_rob,,,,,5,stage-g-merge,,,,,,
pedersen2025_standard_t24m_edu_point,rob:robinsi_3_classification,moderate,extraction_rob,,,,,5,stage-g-merge,,,,,,
pedersen2025_standard_t24m_edu_point,rob:robinsi_4_deviations,moderate,extraction_rob,,,,,5,stage-g-merge,,,,,,
pedersen2025_standard_t24m_edu_point,rob:robinsi_5_missing_data,low,extraction_rob,,,,,5,stage-g-merge,,,,,,
pedersen2025_standard_t24m_edu_point,rob:robinsi_6_outcome_measurement,low,extraction_rob,,,,,5,stage-g-merge,,,,,,
pedersen2025_standard_t24m_edu_point,rob:robinsi_7_selective_reporting,moderate,extraction_rob,,,,,5,stage-g-merge,,,,,,
pedersen2025_standard_t24m_edu_point,rob:robinsi_overall,serious,extraction_rob,,,,,5,stage-g-merge,,,,,,
pedersen2025_morpheus_t48m_edu_point,rob:robinsi_1_confounding,serious,extraction_rob,,,,,5,stage-g-merge,,,,,,
pedersen2025_morpheus_t48m_edu_point,rob:robinsi_2_selection,serious,extraction_rob,,,,,5,stage-g-merge,,,,,,
pedersen2025_morpheus_t48m_edu_point,rob:robinsi_3_classification,moderate,extraction_rob,,,,,5,stage-g-merge,,,,,,
pedersen2025_morpheus_t48m_edu_point,rob:robinsi_4_deviations,moderate,extraction_rob,,,,,5,stage-g-merge,,,,,,
pedersen2025_morpheus_t48m_edu_point,rob:robinsi_5_missing_data,low,extraction_rob,,,,,5,stage-g-merge,,,,,,
pedersen2025_morpheus_t48m_edu_point,rob:robinsi_6_outcome_measurement,low,extraction_rob,,,,,5,stage-g-merge,,,,,,
pedersen2025_morpheus_t48m_edu_point,rob:robinsi_7_selective_reporting,moderate,extraction_rob,,,,,5,stage-g-merge,,,,,,
pedersen2025_morpheus_t48m_edu_point,rob:robinsi_overall,serious,extraction_rob,,,,,5,stage-g-merge,,,,,,
pedersen2025_standard_t48m_edu_point,rob:robinsi_1_confounding,serious,extraction_rob,,,,,5,stage-g-merge,,,,,,
pedersen2025_standard_t48m_edu_point,rob:robinsi_2_selection,serious,extraction_rob,,,,,5,stage-g-merge,,,,,,
pedersen2025_standard_t48m_edu_point,rob:robinsi_3_classification,moderate,extraction_rob,,,,,5,stage-g-merge,,,,,,
pedersen2025_standard_t48m_edu_point,rob:robinsi_4_deviations,moderate,extraction_rob,,,,,5,stage-g-merge,,,,,,
pedersen2025_standard_t48m_edu_point,rob:robinsi_5_missing_data,low,extraction_rob,,,,,5,stage-g-merge,,,,,,
pedersen2025_standard_t48m_edu_point,rob:robinsi_6_outcome_measurement,low,extraction_rob,,,,,5,stage-g-merge,,,,,,
pedersen2025_standard_t48m_edu_point,rob:robinsi_7_selective_reporting,moderate,extraction_rob,,,,,5,stage-g-merge,,,,,,
pedersen2025_standard_t48m_edu_point,rob:robinsi_overall,serious,extraction_rob,,,,,5,stage-g-merge,,,,,,
pedersen2025_morpheus_t24m_noncomp_point,rob:robinsi_1_confounding,serious,extraction_rob,,,,,5,stage-g-merge,,,,,,
pedersen2025_morpheus_t24m_noncomp_point,rob:robinsi_2_selection,serious,extraction_rob,,,,,5,stage-g-merge,,,,,,
pedersen2025_morpheus_t24m_noncomp_point,rob:robinsi_3_classification,moderate,extraction_rob,,,,,5,stage-g-merge,,,,,,
pedersen2025_morpheus_t24m_noncomp_point,rob:robinsi_4_deviations,moderate,extraction_rob,,,,,5,stage-g-merge,,,,,,
pedersen2025_morpheus_t24m_noncomp_point,rob:robinsi_5_missing_data,low,extraction_rob,,,,,5,stage-g-merge,,,,,,
pedersen2025_morpheus_t24m_noncomp_point,rob:robinsi_6_outcome_measurement,low,extraction_rob,,,,,5,stage-g-merge,,,,,,
pedersen2025_morpheus_t24m_noncomp_point,rob:robinsi_7_selective_reporting,moderate,extraction_rob,,,,,5,stage-g-merge,,,,,,
pedersen2025_morpheus_t24m_noncomp_point,rob:robinsi_overall,serious,extraction_rob,,,,,5,stage-g-merge,,,,,,
pedersen2025_standard_t24m_noncomp_point,rob:robinsi_1_confounding,serious,extraction_rob,,,,,5,stage-g-merge,,,,,,
pedersen2025_standard_t24m_noncomp_point,rob:robinsi_2_selection,serious,extraction_rob,,,,,5,stage-g-merge,,,,,,
pedersen2025_standard_t24m_noncomp_point,rob:robinsi_3_classification,moderate,extraction_rob,,,,,5,stage-g-merge,,,,,,
pedersen2025_standard_t24m_noncomp_point,rob:robinsi_4_deviations,moderate,extraction_rob,,,,,5,stage-g-merge,,,,,,
pedersen2025_standard_t24m_noncomp_point,rob:robinsi_5_missing_data,low,extraction_rob,,,,,5,stage-g-merge,,,,,,
pedersen2025_standard_t24m_noncomp_point,rob:robinsi_6_outcome_measurement,low,extraction_rob,,,,,5,stage-g-merge,,,,,,
pedersen2025_standard_t24m_noncomp_point,rob:robinsi_7_selective_reporting,moderate,extraction_rob,,,,,5,stage-g-merge,,,,,,
pedersen2025_standard_t24m_noncomp_point,rob:robinsi_overall,serious,extraction_rob,,,,,5,stage-g-merge,,,,,,
pedersen2025_morpheus_t48m_noncomp_point,rob:robinsi_1_confounding,serious,extraction_rob,,,,,5,stage-g-merge,,,,,,
pedersen2025_morpheus_t48m_noncomp_point,rob:robinsi_2_selection,serious,extraction_rob,,,,,5,stage-g-merge,,,,,,
pedersen2025_morpheus_t48m_noncomp_point,rob:robinsi_3_classification,moderate,extraction_rob,,,,,5,stage-g-merge,,,,,,
pedersen2025_morpheus_t48m_noncomp_point,rob:robinsi_4_deviations,moderate,extraction_rob,,,,,5,stage-g-merge,,,,,,
pedersen2025_morpheus_t48m_noncomp_point,rob:robinsi_5_missing_data,low,extraction_rob,,,,,5,stage-g-merge,,,,,,
pedersen2025_morpheus_t48m_noncomp_point,rob:robinsi_6_outcome_measurement,low,extraction_rob,,,,,5,stage-g-merge,,,,,,
pedersen2025_morpheus_t48m_noncomp_point,rob:robinsi_7_selective_reporting,moderate,extraction_rob,,,,,5,stage-g-merge,,,,,,
pedersen2025_morpheus_t48m_noncomp_point,rob:robinsi_overall,serious,extraction_rob,,,,,5,stage-g-merge,,,,,,
pedersen2025_standard_t48m_noncomp_point,rob:robinsi_1_confounding,serious,extraction_rob,,,,,5,stage-g-merge,,,,,,
pedersen2025_standard_t48m_noncomp_point,rob:robinsi_2_selection,serious,extraction_rob,,,,,5,stage-g-merge,,,,,,
pedersen2025_standard_t48m_noncomp_point,rob:robinsi_3_classification,moderate,extraction_rob,,,,,5,stage-g-merge,,,,,,
pedersen2025_standard_t48m_noncomp_point,rob:robinsi_4_deviations,moderate,extraction_rob,,,,,5,stage-g-merge,,,,,,
pedersen2025_standard_t48m_noncomp_point,rob:robinsi_5_missing_data,low,extraction_rob,,,,,5,stage-g-merge,,,,,,
pedersen2025_standard_t48m_noncomp_point,rob:robinsi_6_outcome_measurement,low,extraction_rob,,,,,5,stage-g-merge,,,,,,
pedersen2025_standard_t48m_noncomp_point,rob:robinsi_7_selective_reporting,moderate,extraction_rob,,,,,5,stage-g-merge,,,,,,
pedersen2025_standard_t48m_noncomp_point,rob:robinsi_overall,serious,extraction_rob,,,,,5,stage-g-merge,,,,,,
peebo2022_cohort_t12m_employment_completers,rob:jbi1_sample_frame,yes,extraction_rob,,,,,5,stage-g-merge,,,,,,
peebo2022_cohort_t12m_employment_completers,rob:jbi2_participant_sampling,yes,extraction_rob,,,,,5,stage-g-merge,,,,,,
peebo2022_cohort_t12m_employment_completers,rob:jbi3_sample_size,unclear,extraction_rob,,,,,5,stage-g-merge,,,,,,
peebo2022_cohort_t12m_employment_completers,rob:jbi4_subjects_setting_described,yes,extraction_rob,,,,,5,stage-g-merge,,,,,,
peebo2022_cohort_t12m_employment_completers,rob:jbi5_coverage_of_sample,no,extraction_rob,,,,,5,stage-g-merge,,,,,,
peebo2022_cohort_t12m_employment_completers,rob:jbi6_condition_identification,unclear,extraction_rob,,,,,5,stage-g-merge,,,,,,
peebo2022_cohort_t12m_employment_completers,rob:jbi7_condition_measurement,no,extraction_rob,,,,,5,stage-g-merge,,,,,,
peebo2022_cohort_t12m_employment_completers,rob:jbi8_statistical_analysis,no,extraction_rob,,,,,5,stage-g-merge,,,,,,
peebo2022_cohort_t12m_employment_completers,rob:jbi9_response_rate,no,extraction_rob,,,,,5,stage-g-merge,,,,,,
peebo2022_cohort_t24m_employment_completers,rob:jbi1_sample_frame,yes,extraction_rob,,,,,5,stage-g-merge,,,,,,
peebo2022_cohort_t24m_employment_completers,rob:jbi2_participant_sampling,yes,extraction_rob,,,,,5,stage-g-merge,,,,,,
peebo2022_cohort_t24m_employment_completers,rob:jbi3_sample_size,unclear,extraction_rob,,,,,5,stage-g-merge,,,,,,
peebo2022_cohort_t24m_employment_completers,rob:jbi4_subjects_setting_described,yes,extraction_rob,,,,,5,stage-g-merge,,,,,,
peebo2022_cohort_t24m_employment_completers,rob:jbi5_coverage_of_sample,no,extraction_rob,,,,,5,stage-g-merge,,,,,,
peebo2022_cohort_t24m_employment_completers,rob:jbi6_condition_identification,unclear,extraction_rob,,,,,5,stage-g-merge,,,,,,
peebo2022_cohort_t24m_employment_completers,rob:jbi7_condition_measurement,no,extraction_rob,,,,,5,stage-g-merge,,,,,,
peebo2022_cohort_t24m_employment_completers,rob:jbi8_statistical_analysis,no,extraction_rob,,,,,5,stage-g-merge,,,,,,
peebo2022_cohort_t24m_employment_completers,rob:jbi9_response_rate,no,extraction_rob,,,,,5,stage-g-merge,,,,,,
peebo2022_cohort_t12m_employment_all154,rob:jbi1_sample_frame,yes,extraction_rob,,,,,5,stage-g-merge,,,,,,
peebo2022_cohort_t12m_employment_all154,rob:jbi2_participant_sampling,yes,extraction_rob,,,,,5,stage-g-merge,,,,,,
peebo2022_cohort_t12m_employment_all154,rob:jbi3_sample_size,unclear,extraction_rob,,,,,5,stage-g-merge,,,,,,
peebo2022_cohort_t12m_employment_all154,rob:jbi4_subjects_setting_described,yes,extraction_rob,,,,,5,stage-g-merge,,,,,,
peebo2022_cohort_t12m_employment_all154,rob:jbi5_coverage_of_sample,no,extraction_rob,,,,,5,stage-g-merge,,,,,,
peebo2022_cohort_t12m_employment_all154,rob:jbi6_condition_identification,unclear,extraction_rob,,,,,5,stage-g-merge,,,,,,
peebo2022_cohort_t12m_employment_all154,rob:jbi7_condition_measurement,no,extraction_rob,,,,,5,stage-g-merge,,,,,,
peebo2022_cohort_t12m_employment_all154,rob:jbi8_statistical_analysis,no,extraction_rob,,,,,5,stage-g-merge,,,,,,
peebo2022_cohort_t12m_employment_all154,rob:jbi9_response_rate,no,extraction_rob,,,,,5,stage-g-merge,,,,,,
petrakis2019_cohort_prog_vocact_any,rob:jbi1_sample_frame,no,extraction_rob,,,,,5,stage-g-merge,,,,,,
petrakis2019_cohort_prog_vocact_any,rob:jbi2_participant_sampling,yes,extraction_rob,,,,,5,stage-g-merge,,,,,,
petrakis2019_cohort_prog_vocact_any,rob:jbi3_sample_size,unclear,extraction_rob,,,,,5,stage-g-merge,,,,,,
petrakis2019_cohort_prog_vocact_any,rob:jbi4_subjects_setting_described,yes,extraction_rob,,,,,5,stage-g-merge,,,,,,
petrakis2019_cohort_prog_vocact_any,rob:jbi5_coverage_of_sample,yes,extraction_rob,,,,,5,stage-g-merge,,,,,,
petrakis2019_cohort_prog_vocact_any,rob:jbi6_condition_identification,no,extraction_rob,,,,,5,stage-g-merge,,,,,,
petrakis2019_cohort_prog_vocact_any,rob:jbi7_condition_measurement,no,extraction_rob,,,,,5,stage-g-merge,,,,,,
petrakis2019_cohort_prog_vocact_any,rob:jbi8_statistical_analysis,unclear,extraction_rob,,,,,5,stage-g-merge,,,,,,
petrakis2019_cohort_prog_vocact_any,rob:jbi9_response_rate,unclear,extraction_rob,,,,,5,stage-g-merge,,,,,,
petrakis2019_cohort_prog_paidcomp,rob:jbi1_sample_frame,no,extraction_rob,,,,,5,stage-g-merge,,,,,,
petrakis2019_cohort_prog_paidcomp,rob:jbi2_participant_sampling,yes,extraction_rob,,,,,5,stage-g-merge,,,,,,
petrakis2019_cohort_prog_paidcomp,rob:jbi3_sample_size,unclear,extraction_rob,,,,,5,stage-g-merge,,,,,,
petrakis2019_cohort_prog_paidcomp,rob:jbi4_subjects_setting_described,yes,extraction_rob,,,,,5,stage-g-merge,,,,,,
petrakis2019_cohort_prog_paidcomp,rob:jbi5_coverage_of_sample,yes,extraction_rob,,,,,5,stage-g-merge,,,,,,
petrakis2019_cohort_prog_paidcomp,rob:jbi6_condition_identification,no,extraction_rob,,,,,5,stage-g-merge,,,,,,
petrakis2019_cohort_prog_paidcomp,rob:jbi7_condition_measurement,no,extraction_rob,,,,,5,stage-g-merge,,,,,,
petrakis2019_cohort_prog_paidcomp,rob:jbi8_statistical_analysis,unclear,extraction_rob,,,,,5,stage-g-merge,,,,,,
petrakis2019_cohort_prog_paidcomp,rob:jbi9_response_rate,unclear,extraction_rob,,,,,5,stage-g-merge,,,,,,
petrakis2019_cohort_prog_vocact_noncomp,rob:jbi1_sample_frame,no,extraction_rob,,,,,5,stage-g-merge,,,,,,
petrakis2019_cohort_prog_vocact_noncomp,rob:jbi2_participant_sampling,yes,extraction_rob,,,,,5,stage-g-merge,,,,,,
petrakis2019_cohort_prog_vocact_noncomp,rob:jbi3_sample_size,unclear,extraction_rob,,,,,5,stage-g-merge,,,,,,
petrakis2019_cohort_prog_vocact_noncomp,rob:jbi4_subjects_setting_described,yes,extraction_rob,,,,,5,stage-g-merge,,,,,,
petrakis2019_cohort_prog_vocact_noncomp,rob:jbi5_coverage_of_sample,yes,extraction_rob,,,,,5,stage-g-merge,,,,,,
petrakis2019_cohort_prog_vocact_noncomp,rob:jbi6_condition_identification,no,extraction_rob,,,,,5,stage-g-merge,,,,,,
petrakis2019_cohort_prog_vocact_noncomp,rob:jbi7_condition_measurement,no,extraction_rob,,,,,5,stage-g-merge,,,,,,
petrakis2019_cohort_prog_vocact_noncomp,rob:jbi8_statistical_analysis,unclear,extraction_rob,,,,,5,stage-g-merge,,,,,,
petrakis2019_cohort_prog_vocact_noncomp,rob:jbi9_response_rate,unclear,extraction_rob,,,,,5,stage-g-merge,,,,,,
petrakis2019_cohort_prog_unclear_notspec,rob:jbi1_sample_frame,no,extraction_rob,,,,,5,stage-g-merge,,,,,,
petrakis2019_cohort_prog_unclear_notspec,rob:jbi2_participant_sampling,yes,extraction_rob,,,,,5,stage-g-merge,,,,,,
petrakis2019_cohort_prog_unclear_notspec,rob:jbi3_sample_size,unclear,extraction_rob,,,,,5,stage-g-merge,,,,,,
petrakis2019_cohort_prog_unclear_notspec,rob:jbi4_subjects_setting_described,yes,extraction_rob,,,,,5,stage-g-merge,,,,,,
petrakis2019_cohort_prog_unclear_notspec,rob:jbi5_coverage_of_sample,yes,extraction_rob,,,,,5,stage-g-merge,,,,,,
petrakis2019_cohort_prog_unclear_notspec,rob:jbi6_condition_identification,no,extraction_rob,,,,,5,stage-g-merge,,,,,,
petrakis2019_cohort_prog_unclear_notspec,rob:jbi7_condition_measurement,no,extraction_rob,,,,,5,stage-g-merge,,,,,,
petrakis2019_cohort_prog_unclear_notspec,rob:jbi8_statistical_analysis,unclear,extraction_rob,,,,,5,stage-g-merge,,,,,,
petrakis2019_cohort_prog_unclear_notspec,rob:jbi9_response_rate,unclear,extraction_rob,,,,,5,stage-g-merge,,,,,,
petrakis2019_cohort_prog_edu,rob:jbi1_sample_frame,no,extraction_rob,,,,,5,stage-g-merge,,,,,,
petrakis2019_cohort_prog_edu,rob:jbi2_participant_sampling,yes,extraction_rob,,,,,5,stage-g-merge,,,,,,
petrakis2019_cohort_prog_edu,rob:jbi3_sample_size,unclear,extraction_rob,,,,,5,stage-g-merge,,,,,,
petrakis2019_cohort_prog_edu,rob:jbi4_subjects_setting_described,yes,extraction_rob,,,,,5,stage-g-merge,,,,,,
petrakis2019_cohort_prog_edu,rob:jbi5_coverage_of_sample,yes,extraction_rob,,,,,5,stage-g-merge,,,,,,
petrakis2019_cohort_prog_edu,rob:jbi6_condition_identification,no,extraction_rob,,,,,5,stage-g-merge,,,,,,
petrakis2019_cohort_prog_edu,rob:jbi7_condition_measurement,no,extraction_rob,,,,,5,stage-g-merge,,,,,,
petrakis2019_cohort_prog_edu,rob:jbi8_statistical_analysis,unclear,extraction_rob,,,,,5,stage-g-merge,,,,,,
petrakis2019_cohort_prog_edu,rob:jbi9_response_rate,unclear,extraction_rob,,,,,5,stage-g-merge,,,,,,
ringbom2023_cohort_age28_paidany,rob:jbi1_sample_frame,yes,extraction_rob,,,,,5,stage-g-merge,,,,,,
ringbom2023_cohort_age28_paidany,rob:jbi2_participant_sampling,yes,extraction_rob,,,,,5,stage-g-merge,,,,,,
ringbom2023_cohort_age28_paidany,rob:jbi3_sample_size,yes,extraction_rob,,,,,5,stage-g-merge,,,,,,
ringbom2023_cohort_age28_paidany,rob:jbi4_subjects_setting_described,yes,extraction_rob,,,,,5,stage-g-merge,,,,,,
ringbom2023_cohort_age28_paidany,rob:jbi5_coverage_of_sample,yes,extraction_rob,,,,,5,stage-g-merge,,,,,,
ringbom2023_cohort_age28_paidany,rob:jbi6_condition_identification,unclear,extraction_rob,,,,,5,stage-g-merge,,,,,,
ringbom2023_cohort_age28_paidany,rob:jbi7_condition_measurement,yes,extraction_rob,,,,,5,stage-g-merge,,,,,,
ringbom2023_cohort_age28_paidany,rob:jbi8_statistical_analysis,yes,extraction_rob,,,,,5,stage-g-merge,,,,,,
ringbom2023_cohort_age28_paidany,rob:jbi9_response_rate,yes,extraction_rob,,,,,5,stage-g-merge,,,,,,
ringbom2023_cohort_age28_paidthresh,rob:jbi1_sample_frame,yes,extraction_rob,,,,,5,stage-g-merge,,,,,,
ringbom2023_cohort_age28_paidthresh,rob:jbi2_participant_sampling,yes,extraction_rob,,,,,5,stage-g-merge,,,,,,
ringbom2023_cohort_age28_paidthresh,rob:jbi3_sample_size,yes,extraction_rob,,,,,5,stage-g-merge,,,,,,
ringbom2023_cohort_age28_paidthresh,rob:jbi4_subjects_setting_described,yes,extraction_rob,,,,,5,stage-g-merge,,,,,,
ringbom2023_cohort_age28_paidthresh,rob:jbi5_coverage_of_sample,yes,extraction_rob,,,,,5,stage-g-merge,,,,,,
ringbom2023_cohort_age28_paidthresh,rob:jbi6_condition_identification,unclear,extraction_rob,,,,,5,stage-g-merge,,,,,,
ringbom2023_cohort_age28_paidthresh,rob:jbi7_condition_measurement,yes,extraction_rob,,,,,5,stage-g-merge,,,,,,
ringbom2023_cohort_age28_paidthresh,rob:jbi8_statistical_analysis,yes,extraction_rob,,,,,5,stage-g-merge,,,,,,
ringbom2023_cohort_age28_paidthresh,rob:jbi9_response_rate,yes,extraction_rob,,,,,5,stage-g-merge,,,,,,
ringbom2023_cohort_age28_eet,rob:jbi1_sample_frame,yes,extraction_rob,,,,,5,stage-g-merge,,,,,,
ringbom2023_cohort_age28_eet,rob:jbi2_participant_sampling,yes,extraction_rob,,,,,5,stage-g-merge,,,,,,
ringbom2023_cohort_age28_eet,rob:jbi3_sample_size,yes,extraction_rob,,,,,5,stage-g-merge,,,,,,
ringbom2023_cohort_age28_eet,rob:jbi4_subjects_setting_described,yes,extraction_rob,,,,,5,stage-g-merge,,,,,,
ringbom2023_cohort_age28_eet,rob:jbi5_coverage_of_sample,yes,extraction_rob,,,,,5,stage-g-merge,,,,,,
ringbom2023_cohort_age28_eet,rob:jbi6_condition_identification,unclear,extraction_rob,,,,,5,stage-g-merge,,,,,,
ringbom2023_cohort_age28_eet,rob:jbi7_condition_measurement,yes,extraction_rob,,,,,5,stage-g-merge,,,,,,
ringbom2023_cohort_age28_eet,rob:jbi8_statistical_analysis,yes,extraction_rob,,,,,5,stage-g-merge,,,,,,
ringbom2023_cohort_age28_eet,rob:jbi9_response_rate,yes,extraction_rob,,,,,5,stage-g-merge,,,,,,
ringbom2023_cohort_age28_training,rob:jbi1_sample_frame,yes,extraction_rob,,,,,5,stage-g-merge,,,,,,
ringbom2023_cohort_age28_training,rob:jbi2_participant_sampling,yes,extraction_rob,,,,,5,stage-g-merge,,,,,,
ringbom2023_cohort_age28_training,rob:jbi3_sample_size,yes,extraction_rob,,,,,5,stage-g-merge,,,,,,
ringbom2023_cohort_age28_training,rob:jbi4_subjects_setting_described,yes,extraction_rob,,,,,5,stage-g-merge,,,,,,
ringbom2023_cohort_age28_training,rob:jbi5_coverage_of_sample,yes,extraction_rob,,,,,5,stage-g-merge,,,,,,
ringbom2023_cohort_age28_training,rob:jbi6_condition_identification,unclear,extraction_rob,,,,,5,stage-g-merge,,,,,,
ringbom2023_cohort_age28_training,rob:jbi7_condition_measurement,yes,extraction_rob,,,,,5,stage-g-merge,,,,,,
ringbom2023_cohort_age28_training,rob:jbi8_statistical_analysis,yes,extraction_rob,,,,,5,stage-g-merge,,,,,,
ringbom2023_cohort_age28_training,rob:jbi9_response_rate,yes,extraction_rob,,,,,5,stage-g-merge,,,,,,
ringbom2023_cohort_age28_education,rob:jbi1_sample_frame,yes,extraction_rob,,,,,5,stage-g-merge,,,,,,
ringbom2023_cohort_age28_education,rob:jbi2_participant_sampling,yes,extraction_rob,,,,,5,stage-g-merge,,,,,,
ringbom2023_cohort_age28_education,rob:jbi3_sample_size,yes,extraction_rob,,,,,5,stage-g-merge,,,,,,
ringbom2023_cohort_age28_education,rob:jbi4_subjects_setting_described,yes,extraction_rob,,,,,5,stage-g-merge,,,,,,
ringbom2023_cohort_age28_education,rob:jbi5_coverage_of_sample,yes,extraction_rob,,,,,5,stage-g-merge,,,,,,
ringbom2023_cohort_age28_education,rob:jbi6_condition_identification,unclear,extraction_rob,,,,,5,stage-g-merge,,,,,,
ringbom2023_cohort_age28_education,rob:jbi7_condition_measurement,yes,extraction_rob,,,,,5,stage-g-merge,,,,,,
ringbom2023_cohort_age28_education,rob:jbi8_statistical_analysis,yes,extraction_rob,,,,,5,stage-g-merge,,,,,,
ringbom2023_cohort_age28_education,rob:jbi9_response_rate,yes,extraction_rob,,,,,5,stage-g-merge,,,,,,
ringbom2023_sz_sza_age28_paidany,rob:jbi1_sample_frame,yes,extraction_rob,,,,,5,stage-g-merge,,,,,,
ringbom2023_sz_sza_age28_paidany,rob:jbi2_participant_sampling,yes,extraction_rob,,,,,5,stage-g-merge,,,,,,
ringbom2023_sz_sza_age28_paidany,rob:jbi3_sample_size,no,extraction_rob,,,,,5,stage-g-merge,,,,,,
ringbom2023_sz_sza_age28_paidany,rob:jbi4_subjects_setting_described,yes,extraction_rob,,,,,5,stage-g-merge,,,,,,
ringbom2023_sz_sza_age28_paidany,rob:jbi5_coverage_of_sample,yes,extraction_rob,,,,,5,stage-g-merge,,,,,,
ringbom2023_sz_sza_age28_paidany,rob:jbi6_condition_identification,unclear,extraction_rob,,,,,5,stage-g-merge,,,,,,
ringbom2023_sz_sza_age28_paidany,rob:jbi7_condition_measurement,yes,extraction_rob,,,,,5,stage-g-merge,,,,,,
ringbom2023_sz_sza_age28_paidany,rob:jbi8_statistical_analysis,unclear,extraction_rob,,,,,5,stage-g-merge,,,,,,
ringbom2023_sz_sza_age28_paidany,rob:jbi9_response_rate,yes,extraction_rob,,,,,5,stage-g-merge,,,,,,
ringbom2023_sz_sza_age28_paidthresh,rob:jbi1_sample_frame,yes,extraction_rob,,,,,5,stage-g-merge,,,,,,
ringbom2023_sz_sza_age28_paidthresh,rob:jbi2_participant_sampling,yes,extraction_rob,,,,,5,stage-g-merge,,,,,,
ringbom2023_sz_sza_age28_paidthresh,rob:jbi3_sample_size,no,extraction_rob,,,,,5,stage-g-merge,,,,,,
ringbom2023_sz_sza_age28_paidthresh,rob:jbi4_subjects_setting_described,yes,extraction_rob,,,,,5,stage-g-merge,,,,,,
ringbom2023_sz_sza_age28_paidthresh,rob:jbi5_coverage_of_sample,yes,extraction_rob,,,,,5,stage-g-merge,,,,,,
ringbom2023_sz_sza_age28_paidthresh,rob:jbi6_condition_identification,unclear,extraction_rob,,,,,5,stage-g-merge,,,,,,
ringbom2023_sz_sza_age28_paidthresh,rob:jbi7_condition_measurement,yes,extraction_rob,,,,,5,stage-g-merge,,,,,,
ringbom2023_sz_sza_age28_paidthresh,rob:jbi8_statistical_analysis,unclear,extraction_rob,,,,,5,stage-g-merge,,,,,,
ringbom2023_sz_sza_age28_paidthresh,rob:jbi9_response_rate,yes,extraction_rob,,,,,5,stage-g-merge,,,,,,
ringbom2023_sz_sza_age28_eet,rob:jbi1_sample_frame,yes,extraction_rob,,,,,5,stage-g-merge,,,,,,
ringbom2023_sz_sza_age28_eet,rob:jbi2_participant_sampling,yes,extraction_rob,,,,,5,stage-g-merge,,,,,,
ringbom2023_sz_sza_age28_eet,rob:jbi3_sample_size,no,extraction_rob,,,,,5,stage-g-merge,,,,,,
ringbom2023_sz_sza_age28_eet,rob:jbi4_subjects_setting_described,yes,extraction_rob,,,,,5,stage-g-merge,,,,,,
ringbom2023_sz_sza_age28_eet,rob:jbi5_coverage_of_sample,yes,extraction_rob,,,,,5,stage-g-merge,,,,,,
ringbom2023_sz_sza_age28_eet,rob:jbi6_condition_identification,unclear,extraction_rob,,,,,5,stage-g-merge,,,,,,
ringbom2023_sz_sza_age28_eet,rob:jbi7_condition_measurement,yes,extraction_rob,,,,,5,stage-g-merge,,,,,,
ringbom2023_sz_sza_age28_eet,rob:jbi8_statistical_analysis,unclear,extraction_rob,,,,,5,stage-g-merge,,,,,,
ringbom2023_sz_sza_age28_eet,rob:jbi9_response_rate,yes,extraction_rob,,,,,5,stage-g-merge,,,,,,
ringbom2023_sz_sza_age28_training,rob:jbi1_sample_frame,yes,extraction_rob,,,,,5,stage-g-merge,,,,,,
ringbom2023_sz_sza_age28_training,rob:jbi2_participant_sampling,yes,extraction_rob,,,,,5,stage-g-merge,,,,,,
ringbom2023_sz_sza_age28_training,rob:jbi3_sample_size,no,extraction_rob,,,,,5,stage-g-merge,,,,,,
ringbom2023_sz_sza_age28_training,rob:jbi4_subjects_setting_described,yes,extraction_rob,,,,,5,stage-g-merge,,,,,,
ringbom2023_sz_sza_age28_training,rob:jbi5_coverage_of_sample,yes,extraction_rob,,,,,5,stage-g-merge,,,,,,
ringbom2023_sz_sza_age28_training,rob:jbi6_condition_identification,unclear,extraction_rob,,,,,5,stage-g-merge,,,,,,
ringbom2023_sz_sza_age28_training,rob:jbi7_condition_measurement,yes,extraction_rob,,,,,5,stage-g-merge,,,,,,
ringbom2023_sz_sza_age28_training,rob:jbi8_statistical_analysis,unclear,extraction_rob,,,,,5,stage-g-merge,,,,,,
ringbom2023_sz_sza_age28_training,rob:jbi9_response_rate,yes,extraction_rob,,,,,5,stage-g-merge,,,,,,
ringbom2023_sz_sza_age28_education,rob:jbi1_sample_frame,yes,extraction_rob,,,,,5,stage-g-merge,,,,,,
ringbom2023_sz_sza_age28_education,rob:jbi2_participant_sampling,yes,extraction_rob,,,,,5,stage-g-merge,,,,,,
ringbom2023_sz_sza_age28_education,rob:jbi3_sample_size,no,extraction_rob,,,,,5,stage-g-merge,,,,,,
ringbom2023_sz_sza_age28_education,rob:jbi4_subjects_setting_described,yes,extraction_rob,,,,,5,stage-g-merge,,,,,,
ringbom2023_sz_sza_age28_education,rob:jbi5_coverage_of_sample,yes,extraction_rob,,,,,5,stage-g-merge,,,,,,
ringbom2023_sz_sza_age28_education,rob:jbi6_condition_identification,unclear,extraction_rob,,,,,5,stage-g-merge,,,,,,
ringbom2023_sz_sza_age28_education,rob:jbi7_condition_measurement,yes,extraction_rob,,,,,5,stage-g-merge,,,,,,
ringbom2023_sz_sza_age28_education,rob:jbi8_statistical_analysis,unclear,extraction_rob,,,,,5,stage-g-merge,,,,,,
ringbom2023_sz_sza_age28_education,rob:jbi9_response_rate,yes,extraction_rob,,,,,5,stage-g-merge,,,,,,
rodriguezpulido2021_crips_t8m_paidcomp,rob:rob2_1_randomisation,some_concerns,extraction_rob,,,,,5,stage-g-merge,,,,,,
rodriguezpulido2021_crips_t8m_paidcomp,rob:rob2_2_deviations,high,extraction_rob,,,,,5,stage-g-merge,,,,,,
rodriguezpulido2021_crips_t8m_paidcomp,rob:rob2_3_missing_outcome_data,some_concerns,extraction_rob,,,,,5,stage-g-merge,,,,,,
rodriguezpulido2021_crips_t8m_paidcomp,rob:rob2_4_outcome_measurement,low,extraction_rob,,,,,5,stage-g-merge,,,,,,
rodriguezpulido2021_crips_t8m_paidcomp,rob:rob2_5_selective_reporting,some_concerns,extraction_rob,,,,,5,stage-g-merge,,,,,,
rodriguezpulido2021_crips_t8m_paidcomp,rob:rob2_overall,high,extraction_rob,,,,,5,stage-g-merge,,,,,,
rodriguezpulido2021_crips_t12m_paidcomp,rob:rob2_1_randomisation,some_concerns,extraction_rob,,,,,5,stage-g-merge,,,,,,
rodriguezpulido2021_crips_t12m_paidcomp,rob:rob2_2_deviations,high,extraction_rob,,,,,5,stage-g-merge,,,,,,
rodriguezpulido2021_crips_t12m_paidcomp,rob:rob2_3_missing_outcome_data,some_concerns,extraction_rob,,,,,5,stage-g-merge,,,,,,
rodriguezpulido2021_crips_t12m_paidcomp,rob:rob2_4_outcome_measurement,low,extraction_rob,,,,,5,stage-g-merge,,,,,,
rodriguezpulido2021_crips_t12m_paidcomp,rob:rob2_5_selective_reporting,some_concerns,extraction_rob,,,,,5,stage-g-merge,,,,,,
rodriguezpulido2021_crips_t12m_paidcomp,rob:rob2_overall,high,extraction_rob,,,,,5,stage-g-merge,,,,,,
rodriguezpulido2021_ipsonly_t8m_paidcomp,rob:rob2_1_randomisation,some_concerns,extraction_rob,,,,,5,stage-g-merge,,,,,,
rodriguezpulido2021_ipsonly_t8m_paidcomp,rob:rob2_2_deviations,high,extraction_rob,,,,,5,stage-g-merge,,,,,,
rodriguezpulido2021_ipsonly_t8m_paidcomp,rob:rob2_3_missing_outcome_data,some_concerns,extraction_rob,,,,,5,stage-g-merge,,,,,,
rodriguezpulido2021_ipsonly_t8m_paidcomp,rob:rob2_4_outcome_measurement,low,extraction_rob,,,,,5,stage-g-merge,,,,,,
rodriguezpulido2021_ipsonly_t8m_paidcomp,rob:rob2_5_selective_reporting,some_concerns,extraction_rob,,,,,5,stage-g-merge,,,,,,
rodriguezpulido2021_ipsonly_t8m_paidcomp,rob:rob2_overall,high,extraction_rob,,,,,5,stage-g-merge,,,,,,
rodriguezpulido2021_ipsonly_t12m_paidcomp,rob:rob2_1_randomisation,some_concerns,extraction_rob,,,,,5,stage-g-merge,,,,,,
rodriguezpulido2021_ipsonly_t12m_paidcomp,rob:rob2_2_deviations,high,extraction_rob,,,,,5,stage-g-merge,,,,,,
rodriguezpulido2021_ipsonly_t12m_paidcomp,rob:rob2_3_missing_outcome_data,some_concerns,extraction_rob,,,,,5,stage-g-merge,,,,,,
rodriguezpulido2021_ipsonly_t12m_paidcomp,rob:rob2_4_outcome_measurement,low,extraction_rob,,,,,5,stage-g-merge,,,,,,
rodriguezpulido2021_ipsonly_t12m_paidcomp,rob:rob2_5_selective_reporting,some_concerns,extraction_rob,,,,,5,stage-g-merge,,,,,,
rodriguezpulido2021_ipsonly_t12m_paidcomp,rob:rob2_overall,high,extraction_rob,,,,,5,stage-g-merge,,,,,,
shimada2022_gotiot_t60m_vocact,rob:rob2_1_randomisation,some_concerns,extraction_rob,,,,,5,stage-g-merge,,,,,,
shimada2022_gotiot_t60m_vocact,rob:rob2_2_deviations,some_concerns,extraction_rob,,,,,5,stage-g-merge,,,,,,
shimada2022_gotiot_t60m_vocact,rob:rob2_3_missing_outcome_data,high,extraction_rob,,,,,5,stage-g-merge,,,,,,
shimada2022_gotiot_t60m_vocact,rob:rob2_4_outcome_measurement,some_concerns,extraction_rob,,,,,5,stage-g-merge,,,,,,
shimada2022_gotiot_t60m_vocact,rob:rob2_5_selective_reporting,some_concerns,extraction_rob,,,,,5,stage-g-merge,,,,,,
shimada2022_gotiot_t60m_vocact,rob:rob2_overall,high,extraction_rob,,,,,5,stage-g-merge,,,,,,
shimada2022_gotalone_t60m_vocact,rob:rob2_1_randomisation,some_concerns,extraction_rob,,,,,5,stage-g-merge,,,,,,
shimada2022_gotalone_t60m_vocact,rob:rob2_2_deviations,some_concerns,extraction_rob,,,,,5,stage-g-merge,,,,,,
shimada2022_gotalone_t60m_vocact,rob:rob2_3_missing_outcome_data,high,extraction_rob,,,,,5,stage-g-merge,,,,,,
shimada2022_gotalone_t60m_vocact,rob:rob2_4_outcome_measurement,some_concerns,extraction_rob,,,,,5,stage-g-merge,,,,,,
shimada2022_gotalone_t60m_vocact,rob:rob2_5_selective_reporting,some_concerns,extraction_rob,,,,,5,stage-g-merge,,,,,,
shimada2022_gotalone_t60m_vocact,rob:rob2_overall,high,extraction_rob,,,,,5,stage-g-merge,,,,,,
solmi2022_cohort_t12m_paidthresh,rob:jbi1_sample_frame,yes,extraction_rob,,,,,5,stage-g-merge,,,,,,
solmi2022_cohort_t12m_paidthresh,rob:jbi2_participant_sampling,yes,extraction_rob,,,,,5,stage-g-merge,,,,,,
solmi2022_cohort_t12m_paidthresh,rob:jbi3_sample_size,yes,extraction_rob,,,,,5,stage-g-merge,,,,,,
solmi2022_cohort_t12m_paidthresh,rob:jbi4_subjects_setting_described,yes,extraction_rob,,,,,5,stage-g-merge,,,,,,
solmi2022_cohort_t12m_paidthresh,rob:jbi5_coverage_of_sample,no,extraction_rob,,,,,5,stage-g-merge,,,,,,
solmi2022_cohort_t12m_paidthresh,rob:jbi6_condition_identification,yes,extraction_rob,,,,,5,stage-g-merge,,,,,,
solmi2022_cohort_t12m_paidthresh,rob:jbi7_condition_measurement,unclear,extraction_rob,,,,,5,stage-g-merge,,,,,,
solmi2022_cohort_t12m_paidthresh,rob:jbi8_statistical_analysis,no,extraction_rob,,,,,5,stage-g-merge,,,,,,
solmi2022_cohort_t12m_paidthresh,rob:jbi9_response_rate,unclear,extraction_rob,,,,,5,stage-g-merge,,,,,,
solmi2022_cohort_t24m_paidthresh,rob:jbi1_sample_frame,yes,extraction_rob,,,,,5,stage-g-merge,,,,,,
solmi2022_cohort_t24m_paidthresh,rob:jbi2_participant_sampling,yes,extraction_rob,,,,,5,stage-g-merge,,,,,,
solmi2022_cohort_t24m_paidthresh,rob:jbi3_sample_size,yes,extraction_rob,,,,,5,stage-g-merge,,,,,,
solmi2022_cohort_t24m_paidthresh,rob:jbi4_subjects_setting_described,yes,extraction_rob,,,,,5,stage-g-merge,,,,,,
solmi2022_cohort_t24m_paidthresh,rob:jbi5_coverage_of_sample,no,extraction_rob,,,,,5,stage-g-merge,,,,,,
solmi2022_cohort_t24m_paidthresh,rob:jbi6_condition_identification,yes,extraction_rob,,,,,5,stage-g-merge,,,,,,
solmi2022_cohort_t24m_paidthresh,rob:jbi7_condition_measurement,unclear,extraction_rob,,,,,5,stage-g-merge,,,,,,
solmi2022_cohort_t24m_paidthresh,rob:jbi8_statistical_analysis,no,extraction_rob,,,,,5,stage-g-merge,,,,,,
solmi2022_cohort_t24m_paidthresh,rob:jbi9_response_rate,unclear,extraction_rob,,,,,5,stage-g-merge,,,,,,
solmi2022_cohort_t60m_paidthresh,rob:jbi1_sample_frame,yes,extraction_rob,,,,,5,stage-g-merge,,,,,,
solmi2022_cohort_t60m_paidthresh,rob:jbi2_participant_sampling,yes,extraction_rob,,,,,5,stage-g-merge,,,,,,
solmi2022_cohort_t60m_paidthresh,rob:jbi3_sample_size,yes,extraction_rob,,,,,5,stage-g-merge,,,,,,
solmi2022_cohort_t60m_paidthresh,rob:jbi4_subjects_setting_described,yes,extraction_rob,,,,,5,stage-g-merge,,,,,,
solmi2022_cohort_t60m_paidthresh,rob:jbi5_coverage_of_sample,no,extraction_rob,,,,,5,stage-g-merge,,,,,,
solmi2022_cohort_t60m_paidthresh,rob:jbi6_condition_identification,yes,extraction_rob,,,,,5,stage-g-merge,,,,,,
solmi2022_cohort_t60m_paidthresh,rob:jbi7_condition_measurement,unclear,extraction_rob,,,,,5,stage-g-merge,,,,,,
solmi2022_cohort_t60m_paidthresh,rob:jbi8_statistical_analysis,no,extraction_rob,,,,,5,stage-g-merge,,,,,,
solmi2022_cohort_t60m_paidthresh,rob:jbi9_response_rate,unclear,extraction_rob,,,,,5,stage-g-merge,,,,,,
stralin2019_cohort_t156m_paidthresh,rob:jbi1_sample_frame,yes,extraction_rob,,,,,5,stage-g-merge,,,,,,
stralin2019_cohort_t156m_paidthresh,rob:jbi2_participant_sampling,yes,extraction_rob,,,,,5,stage-g-merge,,,,,,
stralin2019_cohort_t156m_paidthresh,rob:jbi3_sample_size,yes,extraction_rob,,,,,5,stage-g-merge,,,,,,
stralin2019_cohort_t156m_paidthresh,rob:jbi4_subjects_setting_described,yes,extraction_rob,,,,,5,stage-g-merge,,,,,,
stralin2019_cohort_t156m_paidthresh,rob:jbi5_coverage_of_sample,yes,extraction_rob,,,,,5,stage-g-merge,,,,,,
stralin2019_cohort_t156m_paidthresh,rob:jbi6_condition_identification,yes,extraction_rob,,,,,5,stage-g-merge,,,,,,
stralin2019_cohort_t156m_paidthresh,rob:jbi7_condition_measurement,yes,extraction_rob,,,,,5,stage-g-merge,,,,,,
stralin2019_cohort_t156m_paidthresh,rob:jbi8_statistical_analysis,yes,extraction_rob,,,,,5,stage-g-merge,,,,,,
stralin2019_cohort_t156m_paidthresh,rob:jbi9_response_rate,no,extraction_rob,,,,,5,stage-g-merge,,,,,,
stralin2019_cohort_t156m_anyincome,rob:jbi1_sample_frame,yes,extraction_rob,,,,,5,stage-g-merge,,,,,,
stralin2019_cohort_t156m_anyincome,rob:jbi2_participant_sampling,yes,extraction_rob,,,,,5,stage-g-merge,,,,,,
stralin2019_cohort_t156m_anyincome,rob:jbi3_sample_size,yes,extraction_rob,,,,,5,stage-g-merge,,,,,,
stralin2019_cohort_t156m_anyincome,rob:jbi4_subjects_setting_described,yes,extraction_rob,,,,,5,stage-g-merge,,,,,,
stralin2019_cohort_t156m_anyincome,rob:jbi5_coverage_of_sample,yes,extraction_rob,,,,,5,stage-g-merge,,,,,,
stralin2019_cohort_t156m_anyincome,rob:jbi6_condition_identification,yes,extraction_rob,,,,,5,stage-g-merge,,,,,,
stralin2019_cohort_t156m_anyincome,rob:jbi7_condition_measurement,yes,extraction_rob,,,,,5,stage-g-merge,,,,,,
stralin2019_cohort_t156m_anyincome,rob:jbi8_statistical_analysis,yes,extraction_rob,,,,,5,stage-g-merge,,,,,,
stralin2019_cohort_t156m_anyincome,rob:jbi9_response_rate,no,extraction_rob,,,,,5,stage-g-merge,,,,,,
stouten2019_dutch_t12m_vocact,rob:jbi1_sample_frame,yes,extraction_rob,,,,,5,stage-g-merge,,,,,,
stouten2019_dutch_t12m_vocact,rob:jbi2_participant_sampling,unclear,extraction_rob,,,,,5,stage-g-merge,,,,,,
stouten2019_dutch_t12m_vocact,rob:jbi3_sample_size,unclear,extraction_rob,,,,,5,stage-g-merge,,,,,,
stouten2019_dutch_t12m_vocact,rob:jbi4_subjects_setting_described,yes,extraction_rob,,,,,5,stage-g-merge,,,,,,
stouten2019_dutch_t12m_vocact,rob:jbi5_coverage_of_sample,no,extraction_rob,,,,,5,stage-g-merge,,,,,,
stouten2019_dutch_t12m_vocact,rob:jbi6_condition_identification,yes,extraction_rob,,,,,5,stage-g-merge,,,,,,
stouten2019_dutch_t12m_vocact,rob:jbi7_condition_measurement,no,extraction_rob,,,,,5,stage-g-merge,,,,,,
stouten2019_dutch_t12m_vocact,rob:jbi8_statistical_analysis,unclear,extraction_rob,,,,,5,stage-g-merge,,,,,,
stouten2019_dutch_t12m_vocact,rob:jbi9_response_rate,unclear,extraction_rob,,,,,5,stage-g-merge,,,,,,
stouten2019_gen2_t12m_vocact,rob:jbi1_sample_frame,yes,extraction_rob,,,,,5,stage-g-merge,,,,,,
stouten2019_gen2_t12m_vocact,rob:jbi2_participant_sampling,unclear,extraction_rob,,,,,5,stage-g-merge,,,,,,
stouten2019_gen2_t12m_vocact,rob:jbi3_sample_size,unclear,extraction_rob,,,,,5,stage-g-merge,,,,,,
stouten2019_gen2_t12m_vocact,rob:jbi4_subjects_setting_described,yes,extraction_rob,,,,,5,stage-g-merge,,,,,,
stouten2019_gen2_t12m_vocact,rob:jbi5_coverage_of_sample,no,extraction_rob,,,,,5,stage-g-merge,,,,,,
stouten2019_gen2_t12m_vocact,rob:jbi6_condition_identification,yes,extraction_rob,,,,,5,stage-g-merge,,,,,,
stouten2019_gen2_t12m_vocact,rob:jbi7_condition_measurement,no,extraction_rob,,,,,5,stage-g-merge,,,,,,
stouten2019_gen2_t12m_vocact,rob:jbi8_statistical_analysis,unclear,extraction_rob,,,,,5,stage-g-merge,,,,,,
stouten2019_gen2_t12m_vocact,rob:jbi9_response_rate,unclear,extraction_rob,,,,,5,stage-g-merge,,,,,,
stouten2019_gen1_t12m_vocact,rob:jbi1_sample_frame,yes,extraction_rob,,,,,5,stage-g-merge,,,,,,
stouten2019_gen1_t12m_vocact,rob:jbi2_participant_sampling,unclear,extraction_rob,,,,,5,stage-g-merge,,,,,,
stouten2019_gen1_t12m_vocact,rob:jbi3_sample_size,unclear,extraction_rob,,,,,5,stage-g-merge,,,,,,
stouten2019_gen1_t12m_vocact,rob:jbi4_subjects_setting_described,yes,extraction_rob,,,,,5,stage-g-merge,,,,,,
stouten2019_gen1_t12m_vocact,rob:jbi5_coverage_of_sample,no,extraction_rob,,,,,5,stage-g-merge,,,,,,
stouten2019_gen1_t12m_vocact,rob:jbi6_condition_identification,yes,extraction_rob,,,,,5,stage-g-merge,,,,,,
stouten2019_gen1_t12m_vocact,rob:jbi7_condition_measurement,no,extraction_rob,,,,,5,stage-g-merge,,,,,,
stouten2019_gen1_t12m_vocact,rob:jbi8_statistical_analysis,unclear,extraction_rob,,,,,5,stage-g-merge,,,,,,
stouten2019_gen1_t12m_vocact,rob:jbi9_response_rate,unclear,extraction_rob,,,,,5,stage-g-merge,,,,,,
topor2019_instrecovery_t120m_paidany,rob:jbi1_sample_frame,yes,extraction_rob,,,,,5,stage-g-merge,,,,,,
topor2019_instrecovery_t120m_paidany,rob:jbi2_participant_sampling,no,extraction_rob,,,,,5,stage-g-merge,,,,,,
topor2019_instrecovery_t120m_paidany,rob:jbi3_sample_size,no,extraction_rob,,,,,5,stage-g-merge,,,,,,
topor2019_instrecovery_t120m_paidany,rob:jbi4_subjects_setting_described,yes,extraction_rob,,,,,5,stage-g-merge,,,,,,
topor2019_instrecovery_t120m_paidany,rob:jbi5_coverage_of_sample,no,extraction_rob,,,,,5,stage-g-merge,,,,,,
topor2019_instrecovery_t120m_paidany,rob:jbi6_condition_identification,yes,extraction_rob,,,,,5,stage-g-merge,,,,,,
topor2019_instrecovery_t120m_paidany,rob:jbi7_condition_measurement,unclear,extraction_rob,,,,,5,stage-g-merge,,,,,,
topor2019_instrecovery_t120m_paidany,rob:jbi8_statistical_analysis,no,extraction_rob,,,,,5,stage-g-merge,,,,,,
topor2019_instrecovery_t120m_paidany,rob:jbi9_response_rate,unclear,extraction_rob,,,,,5,stage-g-merge,,,,,,
topor2019_ongoinginst_t120m_paidany,rob:jbi1_sample_frame,yes,extraction_rob,,,,,5,stage-g-merge,,,,,,
topor2019_ongoinginst_t120m_paidany,rob:jbi2_participant_sampling,no,extraction_rob,,,,,5,stage-g-merge,,,,,,
topor2019_ongoinginst_t120m_paidany,rob:jbi3_sample_size,unclear,extraction_rob,,,,,5,stage-g-merge,,,,,,
topor2019_ongoinginst_t120m_paidany,rob:jbi4_subjects_setting_described,yes,extraction_rob,,,,,5,stage-g-merge,,,,,,
topor2019_ongoinginst_t120m_paidany,rob:jbi5_coverage_of_sample,no,extraction_rob,,,,,5,stage-g-merge,,,,,,
topor2019_ongoinginst_t120m_paidany,rob:jbi6_condition_identification,yes,extraction_rob,,,,,5,stage-g-merge,,,,,,
topor2019_ongoinginst_t120m_paidany,rob:jbi7_condition_measurement,unclear,extraction_rob,,,,,5,stage-g-merge,,,,,,
topor2019_ongoinginst_t120m_paidany,rob:jbi8_statistical_analysis,no,extraction_rob,,,,,5,stage-g-merge,,,,,,
topor2019_ongoinginst_t120m_paidany,rob:jbi9_response_rate,unclear,extraction_rob,,,,,5,stage-g-merge,,,,,,
tsiachristas2016_eip_t36m_unclearemp,rob:robinsi_1_confounding,serious,extraction_rob,,,,,5,stage-g-merge,,,,,,
tsiachristas2016_eip_t36m_unclearemp,rob:robinsi_2_selection,serious,extraction_rob,,,,,5,stage-g-merge,,,,,,
tsiachristas2016_eip_t36m_unclearemp,rob:robinsi_3_classification,serious,extraction_rob,,,,,5,stage-g-merge,,,,,,
tsiachristas2016_eip_t36m_unclearemp,rob:robinsi_4_deviations,no_information,extraction_rob,,,,,5,stage-g-merge,,,,,,
tsiachristas2016_eip_t36m_unclearemp,rob:robinsi_5_missing_data,serious,extraction_rob,,,,,5,stage-g-merge,,,,,,
tsiachristas2016_eip_t36m_unclearemp,rob:robinsi_6_outcome_measurement,moderate,extraction_rob,,,,,5,stage-g-merge,,,,,,
tsiachristas2016_eip_t36m_unclearemp,rob:robinsi_7_selective_reporting,serious,extraction_rob,,,,,5,stage-g-merge,,,,,,
tsiachristas2016_eip_t36m_unclearemp,rob:robinsi_overall,serious,extraction_rob,,,,,5,stage-g-merge,,,,,,
tsiachristas2016_eip_t36m_eduonly,rob:robinsi_1_confounding,serious,extraction_rob,,,,,5,stage-g-merge,,,,,,
tsiachristas2016_eip_t36m_eduonly,rob:robinsi_2_selection,serious,extraction_rob,,,,,5,stage-g-merge,,,,,,
tsiachristas2016_eip_t36m_eduonly,rob:robinsi_3_classification,serious,extraction_rob,,,,,5,stage-g-merge,,,,,,
tsiachristas2016_eip_t36m_eduonly,rob:robinsi_4_deviations,no_information,extraction_rob,,,,,5,stage-g-merge,,,,,,
tsiachristas2016_eip_t36m_eduonly,rob:robinsi_5_missing_data,serious,extraction_rob,,,,,5,stage-g-merge,,,,,,
tsiachristas2016_eip_t36m_eduonly,rob:robinsi_6_outcome_measurement,moderate,extraction_rob,,,,,5,stage-g-merge,,,,,,
tsiachristas2016_eip_t36m_eduonly,rob:robinsi_7_selective_reporting,serious,extraction_rob,,,,,5,stage-g-merge,,,,,,
tsiachristas2016_eip_t36m_eduonly,rob:robinsi_overall,serious,extraction_rob,,,,,5,stage-g-merge,,,,,,
turner2019_cohort_t18m_paidoredu_status,rob:jbi1_sample_frame,no,extraction_rob,,,,,5,stage-g-merge,,,,,,
turner2019_cohort_t18m_paidoredu_status,rob:jbi2_participant_sampling,no,extraction_rob,,,,,5,stage-g-merge,,,,,,
turner2019_cohort_t18m_paidoredu_status,rob:jbi3_sample_size,no,extraction_rob,,,,,5,stage-g-merge,,,,,,
turner2019_cohort_t18m_paidoredu_status,rob:jbi4_subjects_setting_described,yes,extraction_rob,,,,,5,stage-g-merge,,,,,,
turner2019_cohort_t18m_paidoredu_status,rob:jbi5_coverage_of_sample,no,extraction_rob,,,,,5,stage-g-merge,,,,,,
turner2019_cohort_t18m_paidoredu_status,rob:jbi6_condition_identification,yes,extraction_rob,,,,,5,stage-g-merge,,,,,,
turner2019_cohort_t18m_paidoredu_status,rob:jbi7_condition_measurement,no,extraction_rob,,,,,5,stage-g-merge,,,,,,
turner2019_cohort_t18m_paidoredu_status,rob:jbi8_statistical_analysis,no,extraction_rob,,,,,5,stage-g-merge,,,,,,
turner2019_cohort_t18m_paidoredu_status,rob:jbi9_response_rate,unclear,extraction_rob,,,,,5,stage-g-merge,,,,,,
turner2019_cohort_t18m_paidthresh_participation,rob:jbi1_sample_frame,no,extraction_rob,,,,,5,stage-g-merge,,,,,,
turner2019_cohort_t18m_paidthresh_participation,rob:jbi2_participant_sampling,no,extraction_rob,,,,,5,stage-g-merge,,,,,,
turner2019_cohort_t18m_paidthresh_participation,rob:jbi3_sample_size,no,extraction_rob,,,,,5,stage-g-merge,,,,,,
turner2019_cohort_t18m_paidthresh_participation,rob:jbi4_subjects_setting_described,yes,extraction_rob,,,,,5,stage-g-merge,,,,,,
turner2019_cohort_t18m_paidthresh_participation,rob:jbi5_coverage_of_sample,no,extraction_rob,,,,,5,stage-g-merge,,,,,,
turner2019_cohort_t18m_paidthresh_participation,rob:jbi6_condition_identification,yes,extraction_rob,,,,,5,stage-g-merge,,,,,,
turner2019_cohort_t18m_paidthresh_participation,rob:jbi7_condition_measurement,unclear,extraction_rob,,,,,5,stage-g-merge,,,,,,
turner2019_cohort_t18m_paidthresh_participation,rob:jbi8_statistical_analysis,no,extraction_rob,,,,,5,stage-g-merge,,,,,,
turner2019_cohort_t18m_paidthresh_participation,rob:jbi9_response_rate,unclear,extraction_rob,,,,,5,stage-g-merge,,,,,,
turner2019_cohort_t18m_eduonly_participation,rob:jbi1_sample_frame,no,extraction_rob,,,,,5,stage-g-merge,,,,,,
turner2019_cohort_t18m_eduonly_participation,rob:jbi2_participant_sampling,no,extraction_rob,,,,,5,stage-g-merge,,,,,,
turner2019_cohort_t18m_eduonly_participation,rob:jbi3_sample_size,no,extraction_rob,,,,,5,stage-g-merge,,,,,,
turner2019_cohort_t18m_eduonly_participation,rob:jbi4_subjects_setting_described,yes,extraction_rob,,,,,5,stage-g-merge,,,,,,
turner2019_cohort_t18m_eduonly_participation,rob:jbi5_coverage_of_sample,no,extraction_rob,,,,,5,stage-g-merge,,,,,,
turner2019_cohort_t18m_eduonly_participation,rob:jbi6_condition_identification,yes,extraction_rob,,,,,5,stage-g-merge,,,,,,
turner2019_cohort_t18m_eduonly_participation,rob:jbi7_condition_measurement,no,extraction_rob,,,,,5,stage-g-merge,,,,,,
turner2019_cohort_t18m_eduonly_participation,rob:jbi8_statistical_analysis,no,extraction_rob,,,,,5,stage-g-merge,,,,,,
turner2019_cohort_t18m_eduonly_participation,rob:jbi9_response_rate,unclear,extraction_rob,,,,,5,stage-g-merge,,,,,,
turner2019_cohort_t18m_paidoredu_participation,rob:jbi1_sample_frame,no,extraction_rob,,,,,5,stage-g-merge,,,,,,
turner2019_cohort_t18m_paidoredu_participation,rob:jbi2_participant_sampling,no,extraction_rob,,,,,5,stage-g-merge,,,,,,
turner2019_cohort_t18m_paidoredu_participation,rob:jbi3_sample_size,no,extraction_rob,,,,,5,stage-g-merge,,,,,,
turner2019_cohort_t18m_paidoredu_participation,rob:jbi4_subjects_setting_described,yes,extraction_rob,,,,,5,stage-g-merge,,,,,,
turner2019_cohort_t18m_paidoredu_participation,rob:jbi5_coverage_of_sample,no,extraction_rob,,,,,5,stage-g-merge,,,,,,
turner2019_cohort_t18m_paidoredu_participation,rob:jbi6_condition_identification,yes,extraction_rob,,,,,5,stage-g-merge,,,,,,
turner2019_cohort_t18m_paidoredu_participation,rob:jbi7_condition_measurement,no,extraction_rob,,,,,5,stage-g-merge,,,,,,
turner2019_cohort_t18m_paidoredu_participation,rob:jbi8_statistical_analysis,no,extraction_rob,,,,,5,stage-g-merge,,,,,,
turner2019_cohort_t18m_paidoredu_participation,rob:jbi9_response_rate,unclear,extraction_rob,,,,,5,stage-g-merge,,,,,,
turner2019_unoccupied_t1_t18m_paidoredu_attained,rob:jbi1_sample_frame,no,extraction_rob,,,,,5,stage-g-merge,,,,,,
turner2019_unoccupied_t1_t18m_paidoredu_attained,rob:jbi2_participant_sampling,no,extraction_rob,,,,,5,stage-g-merge,,,,,,
turner2019_unoccupied_t1_t18m_paidoredu_attained,rob:jbi3_sample_size,no,extraction_rob,,,,,5,stage-g-merge,,,,,,
turner2019_unoccupied_t1_t18m_paidoredu_attained,rob:jbi4_subjects_setting_described,yes,extraction_rob,,,,,5,stage-g-merge,,,,,,
turner2019_unoccupied_t1_t18m_paidoredu_attained,rob:jbi5_coverage_of_sample,no,extraction_rob,,,,,5,stage-g-merge,,,,,,
turner2019_unoccupied_t1_t18m_paidoredu_attained,rob:jbi6_condition_identification,yes,extraction_rob,,,,,5,stage-g-merge,,,,,,
turner2019_unoccupied_t1_t18m_paidoredu_attained,rob:jbi7_condition_measurement,no,extraction_rob,,,,,5,stage-g-merge,,,,,,
turner2019_unoccupied_t1_t18m_paidoredu_attained,rob:jbi8_statistical_analysis,no,extraction_rob,,,,,5,stage-g-merge,,,,,,
turner2019_unoccupied_t1_t18m_paidoredu_attained,rob:jbi9_response_rate,no,extraction_rob,,,,,5,stage-g-merge,,,,,,
xu2020_cohort_t125m_paidany,rob:jbi1_sample_frame,unclear,extraction_rob,,,,,5,stage-g-merge,,,,,,
xu2020_cohort_t125m_paidany,rob:jbi2_participant_sampling,yes,extraction_rob,,,,,5,stage-g-merge,,,,,,
xu2020_cohort_t125m_paidany,rob:jbi3_sample_size,unclear,extraction_rob,,,,,5,stage-g-merge,,,,,,
xu2020_cohort_t125m_paidany,rob:jbi4_subjects_setting_described,yes,extraction_rob,,,,,5,stage-g-merge,,,,,,
xu2020_cohort_t125m_paidany,rob:jbi5_coverage_of_sample,no,extraction_rob,,,,,5,stage-g-merge,,,,,,
xu2020_cohort_t125m_paidany,rob:jbi6_condition_identification,yes,extraction_rob,,,,,5,stage-g-merge,,,,,,
xu2020_cohort_t125m_paidany,rob:jbi7_condition_measurement,no,extraction_rob,,,,,5,stage-g-merge,,,,,,
xu2020_cohort_t125m_paidany,rob:jbi8_statistical_analysis,unclear,extraction_rob,,,,,5,stage-g-merge,,,,,,
xu2020_cohort_t125m_paidany,rob:jbi9_response_rate,no,extraction_rob,,,,,5,stage-g-merge,,,,,,
xu2020_cohort_t125m_eduonly,rob:jbi1_sample_frame,unclear,extraction_rob,,,,,5,stage-g-merge,,,,,,
xu2020_cohort_t125m_eduonly,rob:jbi2_participant_sampling,yes,extraction_rob,,,,,5,stage-g-merge,,,,,,
xu2020_cohort_t125m_eduonly,rob:jbi3_sample_size,unclear,extraction_rob,,,,,5,stage-g-merge,,,,,,
xu2020_cohort_t125m_eduonly,rob:jbi4_subjects_setting_described,yes,extraction_rob,,,,,5,stage-g-merge,,,,,,
xu2020_cohort_t125m_eduonly,rob:jbi5_coverage_of_sample,no,extraction_rob,,,,,5,stage-g-merge,,,,,,
xu2020_cohort_t125m_eduonly,rob:jbi6_condition_identification,yes,extraction_rob,,,,,5,stage-g-merge,,,,,,
xu2020_cohort_t125m_eduonly,rob:jbi7_condition_measurement,no,extraction_rob,,,,,5,stage-g-merge,,,,,,
xu2020_cohort_t125m_eduonly,rob:jbi8_statistical_analysis,unclear,extraction_rob,,,,,5,stage-g-merge,,,,,,
xu2020_cohort_t125m_eduonly,rob:jbi9_response_rate,no,extraction_rob,,,,,5,stage-g-merge,,,,,,
xu2020_cohort_t125m_selfsufficient,rob:jbi1_sample_frame,unclear,extraction_rob,,,,,5,stage-g-merge,,,,,,
xu2020_cohort_t125m_selfsufficient,rob:jbi2_participant_sampling,yes,extraction_rob,,,,,5,stage-g-merge,,,,,,
xu2020_cohort_t125m_selfsufficient,rob:jbi3_sample_size,unclear,extraction_rob,,,,,5,stage-g-merge,,,,,,
xu2020_cohort_t125m_selfsufficient,rob:jbi4_subjects_setting_described,yes,extraction_rob,,,,,5,stage-g-merge,,,,,,
xu2020_cohort_t125m_selfsufficient,rob:jbi5_coverage_of_sample,no,extraction_rob,,,,,5,stage-g-merge,,,,,,
xu2020_cohort_t125m_selfsufficient,rob:jbi6_condition_identification,yes,extraction_rob,,,,,5,stage-g-merge,,,,,,
xu2020_cohort_t125m_selfsufficient,rob:jbi7_condition_measurement,no,extraction_rob,,,,,5,stage-g-merge,,,,,,
xu2020_cohort_t125m_selfsufficient,rob:jbi8_statistical_analysis,unclear,extraction_rob,,,,,5,stage-g-merge,,,,,,
xu2020_cohort_t125m_selfsufficient,rob:jbi9_response_rate,no,extraction_rob,,,,,5,stage-g-merge,,,,,,
yamaguchi2020_low_fidelity_t12m_paidcomp,rob:jbi1_sample_frame,no,extraction_rob,,,,,5,stage-g-merge,,,,,,
yamaguchi2020_low_fidelity_t12m_paidcomp,rob:jbi2_participant_sampling,unclear,extraction_rob,,,,,5,stage-g-merge,,,,,,
yamaguchi2020_low_fidelity_t12m_paidcomp,rob:jbi3_sample_size,no,extraction_rob,,,,,5,stage-g-merge,,,,,,
yamaguchi2020_low_fidelity_t12m_paidcomp,rob:jbi4_subjects_setting_described,yes,extraction_rob,,,,,5,stage-g-merge,,,,,,
yamaguchi2020_low_fidelity_t12m_paidcomp,rob:jbi5_coverage_of_sample,no,extraction_rob,,,,,5,stage-g-merge,,,,,,
yamaguchi2020_low_fidelity_t12m_paidcomp,rob:jbi6_condition_identification,unclear,extraction_rob,,,,,5,stage-g-merge,,,,,,
yamaguchi2020_low_fidelity_t12m_paidcomp,rob:jbi7_condition_measurement,yes,extraction_rob,,,,,5,stage-g-merge,,,,,,
yamaguchi2020_low_fidelity_t12m_paidcomp,rob:jbi8_statistical_analysis,yes,extraction_rob,,,,,5,stage-g-merge,,,,,,
yamaguchi2020_low_fidelity_t12m_paidcomp,rob:jbi9_response_rate,no,extraction_rob,,,,,5,stage-g-merge,,,,,,
yamaguchi2020_high_fidelity_t12m_paidcomp,rob:jbi1_sample_frame,no,extraction_rob,,,,,5,stage-g-merge,,,,,,
yamaguchi2020_high_fidelity_t12m_paidcomp,rob:jbi2_participant_sampling,unclear,extraction_rob,,,,,5,stage-g-merge,,,,,,
yamaguchi2020_high_fidelity_t12m_paidcomp,rob:jbi3_sample_size,no,extraction_rob,,,,,5,stage-g-merge,,,,,,
yamaguchi2020_high_fidelity_t12m_paidcomp,rob:jbi4_subjects_setting_described,yes,extraction_rob,,,,,5,stage-g-merge,,,,,,
yamaguchi2020_high_fidelity_t12m_paidcomp,rob:jbi5_coverage_of_sample,no,extraction_rob,,,,,5,stage-g-merge,,,,,,
yamaguchi2020_high_fidelity_t12m_paidcomp,rob:jbi6_condition_identification,unclear,extraction_rob,,,,,5,stage-g-merge,,,,,,
yamaguchi2020_high_fidelity_t12m_paidcomp,rob:jbi7_condition_measurement,yes,extraction_rob,,,,,5,stage-g-merge,,,,,,
yamaguchi2020_high_fidelity_t12m_paidcomp,rob:jbi8_statistical_analysis,yes,extraction_rob,,,,,5,stage-g-merge,,,,,,
yamaguchi2020_high_fidelity_t12m_paidcomp,rob:jbi9_response_rate,no,extraction_rob,,,,,5,stage-g-merge,,,,,,
zhang2017_ise_t15m_paidthresh,rob:rob2_1_randomisation,some_concerns,extraction_rob,,,,,5,stage-g-merge,,,,,,
zhang2017_ise_t15m_paidthresh,rob:rob2_2_deviations,some_concerns,extraction_rob,,,,,5,stage-g-merge,,,,,,
zhang2017_ise_t15m_paidthresh,rob:rob2_3_missing_outcome_data,high,extraction_rob,,,,,5,stage-g-merge,,,,,,
zhang2017_ise_t15m_paidthresh,rob:rob2_4_outcome_measurement,some_concerns,extraction_rob,,,,,5,stage-g-merge,,,,,,
zhang2017_ise_t15m_paidthresh,rob:rob2_5_selective_reporting,high,extraction_rob,,,,,5,stage-g-merge,,,,,,
zhang2017_ise_t15m_paidthresh,rob:rob2_overall,high,extraction_rob,,,,,5,stage-g-merge,,,,,,
zhang2017_ips_t15m_paidthresh,rob:rob2_1_randomisation,some_concerns,extraction_rob,,,,,5,stage-g-merge,,,,,,
zhang2017_ips_t15m_paidthresh,rob:rob2_2_deviations,some_concerns,extraction_rob,,,,,5,stage-g-merge,,,,,,
zhang2017_ips_t15m_paidthresh,rob:rob2_3_missing_outcome_data,high,extraction_rob,,,,,5,stage-g-merge,,,,,,
zhang2017_ips_t15m_paidthresh,rob:rob2_4_outcome_measurement,some_concerns,extraction_rob,,,,,5,stage-g-merge,,,,,,
zhang2017_ips_t15m_paidthresh,rob:rob2_5_selective_reporting,high,extraction_rob,,,,,5,stage-g-merge,,,,,,
zhang2017_ips_t15m_paidthresh,rob:rob2_overall,high,extraction_rob,,,,,5,stage-g-merge,,,,,,
zhang2017_tvr_t15m_paidthresh,rob:rob2_1_randomisation,some_concerns,extraction_rob,,,,,5,stage-g-merge,,,,,,
zhang2017_tvr_t15m_paidthresh,rob:rob2_2_deviations,some_concerns,extraction_rob,,,,,5,stage-g-merge,,,,,,
zhang2017_tvr_t15m_paidthresh,rob:rob2_3_missing_outcome_data,high,extraction_rob,,,,,5,stage-g-merge,,,,,,
zhang2017_tvr_t15m_paidthresh,rob:rob2_4_outcome_measurement,some_concerns,extraction_rob,,,,,5,stage-g-merge,,,,,,
zhang2017_tvr_t15m_paidthresh,rob:rob2_5_selective_reporting,high,extraction_rob,,,,,5,stage-g-merge,,,,,,
zhang2017_tvr_t15m_paidthresh,rob:rob2_overall,high,extraction_rob,,,,,5,stage-g-merge,,,,,,
